kernel,representation,variant,flags_variant,status,n_reps,time_ns_min,time_ns_median,rsd_pct,v2_time_ns_min,noparens_over_default_min,moved_gt_5pct,code_identical_to_default,asm_lines_changed_vs_default,same_mnemonics_as_default,n_vec_optimized,vec_report,first_missed,asm_counts,perf_cycles,perf_instructions,perf_gated_reps,ghz_measured,elements_per_call,cycles_per_element,instructions_per_element,ipc,slurm_job,node,compiler_version,source_sha256,notes,compile_argv,perf_raw,time_ns_all
tsvc_2_s3111,c,,,ok,30,123759108,124002957,0.19,126491207,,,,,,,,,,12072847731,18024497257,30,3.2473,200000000,2.012,3.004,1.493,normal/4990019,nid005527,gcc-14 (SUSE Linux) 14.2.0 [/usr/bin/gcc-14],602202884f12da8ba64ed621878ebde844dfb44bc22edb714f5e7bf3302726cf,,,"12072847731,,cycles,3717773664,100.00,, | 18024497257,,instructions,3717773664,100.00,1.49,insn per cycle",123993660 124001661 124200471 124236565 123802627 124129337 124066554 123966141 123759108 123959006 124061403 123961150 124006397 124182615 124718535 124046395 123882944 123909087 124044859 124962208 123975677 124168792 124071066 123946974 123999004 124128281 123885760 123796035 123898335 124004253
tsvc_2_s3111,fortran,,,ok,30,720312997,721606894,0.33,728596290,0.1012,yes,False,120,False,0,,opt_reports/fparens/default/tsvc_2_s3111/fortran/tsvc_2_s3111_fp64.f90.optreport.txt:4: tsvc_2_s3111_fp64.f90:2:28: missed: not vectorized: unsupported use in stmt.,fadd_scalar=1,70245108697,42133777641,30,3.2478,200000000,11.708,7.022,0.600,normal/4990019,nid005527,GNU Fortran (SUSE Linux) 13.3.1 20250313 [revision 4ef1d8c84faeebffeb0cc01ee22e891b41e5c4e0] [/users/lhulsbergen/bin/gfortran],142b5857d12db8f719480b2ed6c5f2e11586a536061bb7b0a8246aff8af97fc0,,/users/lhulsbergen/bin/gfortran -O3 -march=native -fopenmp -fno-math-errno -fno-trapping-math -fno-signed-zeros -ffp-contract=fast -fstrict-aliasing -fPIC -ftree-parallelize-loops=1 -Wall -Wextra -ffree-form -ffree-line-length-none -std=f2018 -fPIC -c /capstor/scratch/cscs/lhulsbergen/bachelorThesisArtifacts-followup/llr40Matrix/v2/followup/opt_reports/fparens/default/tsvc_2_s3111/fortran/tsvc_2_s3111_fp64.f90 -o /capstor/scratch/cscs/lhulsbergen/bachelorThesisArtifacts-followup/llr40Matrix/v2/followup/opt_reports/fparens/default/tsvc_2_s3111/fortran/build/tsvc_2_s3111_fp64.f90.o -fopt-info-vec-optimized -fopt-info-vec-missed -fopt-info-loop-optimized,"70245108697,,cycles,21628188992,100.00,, | 42133777641,,instructions,21628188992,100.00,0.60,insn per cycle",730498329 721862679 720362083 721531137 722493603 721279080 721159019 721402885 721906134 723015700 721229385 730913868 721528193 721627806 721585983 723259886 722988309 721437539 720312997 720780150 721213481 722813883 722389698 722649879 722089991 722731667 721475738 721290687 720591700 722111975
tsvc_2_s3111,fortran,fno-protect-parens,-fno-protect-parens,ok,30,72874214,73253788,0.33,728596290,0.1012,yes,False,120,False,2,opt_reports/fparens/noparens/tsvc_2_s3111/fortran/tsvc_2_s3111_fp64.f90.optreport.txt:3: tsvc_2_s3111_fp64.f90:10:13: optimized: loop vectorized using 16 byte vectors,,fadd_scalar=4 fadd_vector=10 faddp=3,7130605336,13515903578,30,3.2467,200000000,1.188,2.253,1.895,normal/4990019,nid005527,GNU Fortran (SUSE Linux) 13.3.1 20250313 [revision 4ef1d8c84faeebffeb0cc01ee22e891b41e5c4e0] [/users/lhulsbergen/bin/gfortran],142b5857d12db8f719480b2ed6c5f2e11586a536061bb7b0a8246aff8af97fc0,,/users/lhulsbergen/bin/gfortran -O3 -march=native -fopenmp -fno-math-errno -fno-trapping-math -fno-signed-zeros -ffp-contract=fast -fno-protect-parens -fstrict-aliasing -fPIC -ftree-parallelize-loops=1 -Wall -Wextra -ffree-form -ffree-line-length-none -std=f2018 -fPIC -c /capstor/scratch/cscs/lhulsbergen/bachelorThesisArtifacts-followup/llr40Matrix/v2/followup/opt_reports/fparens/noparens/tsvc_2_s3111/fortran/tsvc_2_s3111_fp64.f90 -o /capstor/scratch/cscs/lhulsbergen/bachelorThesisArtifacts-followup/llr40Matrix/v2/followup/opt_reports/fparens/noparens/tsvc_2_s3111/fortran/build/tsvc_2_s3111_fp64.f90.o -fopt-info-vec-optimized -fopt-info-vec-missed -fopt-info-loop-optimized,"7130605336,,cycles,2196258880,100.00,, | 13515903578,,instructions,2196258880,100.00,1.90,insn per cycle",73573874 73284443 73427191 73983655 73410231 73122656 73424342 73301018 73420631 73076033 73268379 73171486 73363673 73245148 73316090 73163518 73354808 73074818 73847019 73037474 73675248 73198494 73262428 72874214 73214525 73184830 73127072 73048066 73161823 72958148
tsvc_2_s311,c,,,ok,30,138542774,138843997,0.88,135537428,,,,,,,,,,13272307372,16531388131,30,3.1875,220000000,2.011,2.505,1.246,normal/4990019,nid005683,gcc-14 (SUSE Linux) 14.2.0 [/usr/bin/gcc-14],c94e603a089b8fc28f66920bcd9a63203e1cdb4b4e2c018b4d43578126db166a,,,"13272307372,,cycles,4163807328,100.00,, | 16531388131,,instructions,4163807328,100.00,1.25,insn per cycle",138662898 138886796 138594133 139320831 138747280 138847597 139458043 140440734 138626036 138997577 138783215 138984073 138730161 138840398 138689906 138542774 138942891 138725488 138832430 138885708 138779120 145467179 138796847 138859693 138578997 138950890 138867372 138855405 138691058 138924746
tsvc_2_s311,fortran,,,ok,30,138586868,138828942,0.11,135397009,0.5515,yes,False,72,False,0,,opt_reports/fparens/default/tsvc_2_s311/fortran/tsvc_2_s311_fp64.f90.optreport.txt:4: tsvc_2_s311_fp64.f90:11:61: missed: not vectorized: unsupported use in stmt.,fadd_scalar=1,13269172699,33024856997,30,3.1879,220000000,2.010,5.004,2.489,normal/4990019,nid005683,GNU Fortran (SUSE Linux) 13.3.1 20250313 [revision 4ef1d8c84faeebffeb0cc01ee22e891b41e5c4e0] [/users/lhulsbergen/bin/gfortran],5c49e125ced370112b66247219b9aed6df26669076455f41e502d71288f75512,,/users/lhulsbergen/bin/gfortran -O3 -march=native -fopenmp -fno-math-errno -fno-trapping-math -fno-signed-zeros -ffp-contract=fast -fstrict-aliasing -fPIC -ftree-parallelize-loops=1 -Wall -Wextra -ffree-form -ffree-line-length-none -std=f2018 -fPIC -c /capstor/scratch/cscs/lhulsbergen/bachelorThesisArtifacts-followup/llr40Matrix/v2/followup/opt_reports/fparens/default/tsvc_2_s311/fortran/tsvc_2_s311_fp64.f90 -o /capstor/scratch/cscs/lhulsbergen/bachelorThesisArtifacts-followup/llr40Matrix/v2/followup/opt_reports/fparens/default/tsvc_2_s311/fortran/build/tsvc_2_s311_fp64.f90.o -fopt-info-vec-optimized -fopt-info-vec-missed -fopt-info-loop-optimized,"13269172699,,cycles,4162420320,100.00,, | 33024856997,,instructions,4162420320,100.00,2.49,insn per cycle",139015848 138637716 138738129 138700498 138888908 138586868 138832781 138790448 138884396 138608468 138994953 138762000 138672722 138863725 138948587 138874221 138622259 139004521 138722577 139204451 138724081 138677298 138793551 139047208 139207779 138709234 138831246 138902315 138856237 138826638
tsvc_2_s311,fortran,fno-protect-parens,-fno-protect-parens,ok,30,76429816,76683217,0.35,135397009,0.5515,yes,False,72,False,2,opt_reports/fparens/noparens/tsvc_2_s311/fortran/tsvc_2_s311_fp64.f90.optreport.txt:3: tsvc_2_s311_fp64.f90:10:13: optimized: loop vectorized using 16 byte vectors,,fadd_scalar=3 fadd_vector=10 faddp=2,7331681098,8265762943,30,3.1877,220000000,1.111,1.252,1.127,normal/4990019,nid005683,GNU Fortran (SUSE Linux) 13.3.1 20250313 [revision 4ef1d8c84faeebffeb0cc01ee22e891b41e5c4e0] [/users/lhulsbergen/bin/gfortran],5c49e125ced370112b66247219b9aed6df26669076455f41e502d71288f75512,,/users/lhulsbergen/bin/gfortran -O3 -march=native -fopenmp -fno-math-errno -fno-trapping-math -fno-signed-zeros -ffp-contract=fast -fno-protect-parens -fstrict-aliasing -fPIC -ftree-parallelize-loops=1 -Wall -Wextra -ffree-form -ffree-line-length-none -std=f2018 -fPIC -c /capstor/scratch/cscs/lhulsbergen/bachelorThesisArtifacts-followup/llr40Matrix/v2/followup/opt_reports/fparens/noparens/tsvc_2_s311/fortran/tsvc_2_s311_fp64.f90 -o /capstor/scratch/cscs/lhulsbergen/bachelorThesisArtifacts-followup/llr40Matrix/v2/followup/opt_reports/fparens/noparens/tsvc_2_s311/fortran/build/tsvc_2_s311_fp64.f90.o -fopt-info-vec-optimized -fopt-info-vec-missed -fopt-info-loop-optimized,"7331681098,,cycles,2299994368,100.00,, | 8265762943,,instructions,2299994368,100.00,1.13,insn per cycle",76790351 76678418 76758478 76583572 76661138 76788749 76688017 76581844 76618292 76429816 76791598 76661425 76722672 76566709 76674865 76718704 76702608 76490071 76982600 76620530 77704179 76718736 76712208 76606739 76764495 76596083 77535608 77160707 76606899 76648082
tsvc_2_s319,c,,,ok,30,75386208,75595546,0.19,75015751,,,,,,,,,,7221004525,20539417288,30,3.1860,57000000,4.223,12.011,2.844,normal/4990019,nid005696,gcc-14 (SUSE Linux) 14.2.0 [/usr/bin/gcc-14],bcd194d8c4b49fdff23f0660417b2363d6162b56b99bae8b2f977b8d558337c1,,,"7221004525,,cycles,2266458048,100.00,, | 20539417288,,instructions,2266458048,100.00,2.84,insn per cycle",75681944 75712342 75741589 75752053 75415327 75409120 75386208 75690775 75617401 75685751 75531356 75618617 75434815 75474110 75414143 75550875 75421791 75509949 75680535 75780052 75573691 75932016 75459486 75805715 75570106 75668312 75626233 75833906 75468510 75466398
tsvc_2_s319,fortran,,,ok,30,75156776,75439391,2.72,74760586,0.9660,no,False,80,False,0,,opt_reports/fparens/default/tsvc_2_s319/fortran/tsvc_2_s319_fp64.f90.optreport.txt:4: tsvc_2_s319_fp64.f90:15:43: missed: not vectorized: unsupported use in stmt.,fadd_scalar=4,7214260556,20547223128,30,3.1858,57000000,4.219,12.016,2.848,normal/4990019,nid005696,GNU Fortran (SUSE Linux) 13.3.1 20250313 [revision 4ef1d8c84faeebffeb0cc01ee22e891b41e5c4e0] [/users/lhulsbergen/bin/gfortran],5f73757191d4f98196367591e88c94645fa2ad1ebe40d50461482574f242324d,,/users/lhulsbergen/bin/gfortran -O3 -march=native -fopenmp -fno-math-errno -fno-trapping-math -fno-signed-zeros -ffp-contract=fast -fstrict-aliasing -fPIC -ftree-parallelize-loops=1 -Wall -Wextra -ffree-form -ffree-line-length-none -std=f2018 -fPIC -c /capstor/scratch/cscs/lhulsbergen/bachelorThesisArtifacts-followup/llr40Matrix/v2/followup/opt_reports/fparens/default/tsvc_2_s319/fortran/tsvc_2_s319_fp64.f90 -o /capstor/scratch/cscs/lhulsbergen/bachelorThesisArtifacts-followup/llr40Matrix/v2/followup/opt_reports/fparens/default/tsvc_2_s319/fortran/build/tsvc_2_s319_fp64.f90.o -fopt-info-vec-optimized -fopt-info-vec-missed -fopt-info-loop-optimized,"7214260556,,cycles,2264472288,100.00,, | 20547223128,,instructions,2264472288,100.00,2.85,insn per cycle",75318211 75404160 75439359 75657528 75202150 75671287 75603610 75308643 75541179 75316195 75433055 75669271 75183975 75515997 75416864 75459902 75170023 75439423 75331170 86894487 75190247 75472062 75156776 75565147 75438206 75487645 75322146 75482590 75745461 75599001
tsvc_2_s319,fortran,fno-protect-parens,-fno-protect-parens,ok,30,72600248,72798193,0.30,74760586,0.9660,no,False,80,False,2,opt_reports/fparens/noparens/tsvc_2_s319/fortran/tsvc_2_s319_fp64.f90.optreport.txt:3: tsvc_2_s319_fp64.f90:13:13: optimized: loop vectorized using 16 byte vectors,,fadd_scalar=4 fadd_vector=13 faddp=2,6963330126,9851673433,30,3.1868,57000000,4.072,5.761,1.415,normal/4990019,nid005696,GNU Fortran (SUSE Linux) 13.3.1 20250313 [revision 4ef1d8c84faeebffeb0cc01ee22e891b41e5c4e0] [/users/lhulsbergen/bin/gfortran],5f73757191d4f98196367591e88c94645fa2ad1ebe40d50461482574f242324d,,/users/lhulsbergen/bin/gfortran -O3 -march=native -fopenmp -fno-math-errno -fno-trapping-math -fno-signed-zeros -ffp-contract=fast -fno-protect-parens -fstrict-aliasing -fPIC -ftree-parallelize-loops=1 -Wall -Wextra -ffree-form -ffree-line-length-none -std=f2018 -fPIC -c /capstor/scratch/cscs/lhulsbergen/bachelorThesisArtifacts-followup/llr40Matrix/v2/followup/opt_reports/fparens/noparens/tsvc_2_s319/fortran/tsvc_2_s319_fp64.f90 -o /capstor/scratch/cscs/lhulsbergen/bachelorThesisArtifacts-followup/llr40Matrix/v2/followup/opt_reports/fparens/noparens/tsvc_2_s319/fortran/build/tsvc_2_s319_fp64.f90.o -fopt-info-vec-optimized -fopt-info-vec-missed -fopt-info-loop-optimized,"6963330126,,cycles,2185038848,100.00,, | 9851673433,,instructions,2185038848,100.00,1.41,insn per cycle",73077193 72703605 72670166 72817489 72915534 72600248 72962349 72672502 72668822 72973804 73020715 72967757 72720500 73035562 72714260 72686613 72916462 73207173 73592760 72610935 72778898 72765490 72705684 72640055 72972652 72714388 73078473 72699221 73108360 73047626
quasi_affine_reduce_odd,c,,,ok,30,63494979,63778860,0.30,63753833,,,,,,,,,,6148168920,13513886562,30,3.2153,90000000,2.277,5.005,2.198,normal/4990019,nid005761,gcc-14 (SUSE Linux) 14.2.0 [/usr/bin/gcc-14],7378ea181ef1104fdffa0399831abc8529093f19b7307c469546922e6591f862,,,"6148168920,,cycles,1912137248,100.00,, | 13513886562,,instructions,1912137248,100.00,2.20,insn per cycle",63844667 63916601 63502051 63918041 63686239 63893114 63621505 63903898 63630401 63851930 63538499 63814011 64113075 63628161 63567650 63928857 63620193 63771261 64383981 63969528 63775229 63958839 63494979 63772573 63616993 63695198 63782492 64039701 63628192 63809148
quasi_affine_reduce_odd,fortran,,,ok,30,63216152,63560991,3.32,63571983,0.9970,no,False,2,True,0,,opt_reports/fparens/default/quasi_affine_reduce_odd/fortran/quasi_affine_reduce_odd_fp64.f90.optreport.txt:4: quasi_affine_reduce_odd_fp64.f90:11:53: missed: not vectorized: unsupported use in stmt.,fadd_scalar=1,6139023923,13520720014,30,3.2148,90000000,2.274,5.008,2.202,normal/4990019,nid005761,GNU Fortran (SUSE Linux) 13.3.1 20250313 [revision 4ef1d8c84faeebffeb0cc01ee22e891b41e5c4e0] [/users/lhulsbergen/bin/gfortran],b09a9ec8ee5ac297f6f5cbd6f296f89b080bfce5045911cd14c23b0fc6ab345a,,/users/lhulsbergen/bin/gfortran -O3 -march=native -fopenmp -fno-math-errno -fno-trapping-math -fno-signed-zeros -ffp-contract=fast -fstrict-aliasing -fPIC -ftree-parallelize-loops=1 -Wall -Wextra -ffree-form -ffree-line-length-none -std=f2018 -fPIC -c /capstor/scratch/cscs/lhulsbergen/bachelorThesisArtifacts-followup/llr40Matrix/v2/followup/opt_reports/fparens/default/quasi_affine_reduce_odd/fortran/quasi_affine_reduce_odd_fp64.f90 -o /capstor/scratch/cscs/lhulsbergen/bachelorThesisArtifacts-followup/llr40Matrix/v2/followup/opt_reports/fparens/default/quasi_affine_reduce_odd/fortran/build/quasi_affine_reduce_odd_fp64.f90.o -fopt-info-vec-optimized -fopt-info-vec-missed -fopt-info-loop-optimized,"6139023923,,cycles,1909598976,100.00,, | 13520720014,,instructions,1909598976,100.00,2.20,insn per cycle",63649132 63568559 63556143 63422834 63722475 63534704 63589743 63814696 63633741 63472466 63662285 63809064 63553199 63589519 63356820 63306773 63698187 63436915 63564591 63216152 63533168 63631309 63557391 75319965 63335316 63510193 63533808 63389044 63612333 64782895
quasi_affine_reduce_odd,fortran,fno-protect-parens,-fno-protect-parens,ok,30,63027089,63461077,0.48,63571983,0.9970,no,False,2,True,0,,opt_reports/fparens/noparens/quasi_affine_reduce_odd/fortran/quasi_affine_reduce_odd_fp64.f90.optreport.txt:4: quasi_affine_reduce_odd_fp64.f90:10:13: missed: Loop costings may not be worthwhile.,fadd_scalar=1,6123473944,13514289877,30,3.2155,90000000,2.268,5.005,2.207,normal/4990019,nid005761,GNU Fortran (SUSE Linux) 13.3.1 20250313 [revision 4ef1d8c84faeebffeb0cc01ee22e891b41e5c4e0] [/users/lhulsbergen/bin/gfortran],b09a9ec8ee5ac297f6f5cbd6f296f89b080bfce5045911cd14c23b0fc6ab345a,,/users/lhulsbergen/bin/gfortran -O3 -march=native -fopenmp -fno-math-errno -fno-trapping-math -fno-signed-zeros -ffp-contract=fast -fno-protect-parens -fstrict-aliasing -fPIC -ftree-parallelize-loops=1 -Wall -Wextra -ffree-form -ffree-line-length-none -std=f2018 -fPIC -c /capstor/scratch/cscs/lhulsbergen/bachelorThesisArtifacts-followup/llr40Matrix/v2/followup/opt_reports/fparens/noparens/quasi_affine_reduce_odd/fortran/quasi_affine_reduce_odd_fp64.f90 -o /capstor/scratch/cscs/lhulsbergen/bachelorThesisArtifacts-followup/llr40Matrix/v2/followup/opt_reports/fparens/noparens/quasi_affine_reduce_odd/fortran/build/quasi_affine_reduce_odd_fp64.f90.o -fopt-info-vec-optimized -fopt-info-vec-missed -fopt-info-loop-optimized,"6123473944,,cycles,1904337984,100.00,, | 13514289877,,instructions,1904337984,100.00,2.21,insn per cycle",63285513 63774269 63284329 63952568 63167724 63775197 63162956 63762045 63281962 64277999 63247530 63581282 63274569 63865370 63405799 63915864 63101037 63774461 63280874 63749917 63027089 63830843 63397414 63516355 63224012 63574050 63379015 63578018 63141228 63789692
segment_reduce_ragged,c,,,ok,30,38543725,38685545,0.47,38998515,,,,,,,,,,3765597395,7478165264,30,3.2438,60000000,2.092,4.155,1.986,normal/4990019,nid005776,gcc-14 (SUSE Linux) 14.2.0 [/usr/bin/gcc-14],74b40dbc4c4d5c1845bf548c107adb0a1de33328f5044a2c12c4c918f815dd6f,,,"3765597395,,cycles,1160844288,100.00,, | 7478165264,,instructions,1160844288,100.00,1.99,insn per cycle",39561966 38720488 38717737 38611723 38786310 38618411 38693193 38631402 38851076 38739592 38625355 38574252 38678633 38923426 38692457 38698537 38876419 38707208 38543885 38698761 38596589 38809061 38624139 38543725 38756871 38653099 38594157 38625515 38614059 38589197
segment_reduce_ragged,fortran,,,ok,30,39408723,39532095,0.28,39790682,1.0266,no,False,100,False,0,,opt_reports/fparens/default/segment_reduce_ragged/fortran/segment_reduce_ragged_fp64.f90.optreport.txt:4: segment_reduce_ragged_fp64.f90:11:13: missed: not vectorized: control flow in loop.,fmul_scalar=1 fadd_scalar=1,3849706320,13288019110,30,3.2442,60000000,2.139,7.382,3.452,normal/4990019,nid005776,GNU Fortran (SUSE Linux) 13.3.1 20250313 [revision 4ef1d8c84faeebffeb0cc01ee22e891b41e5c4e0] [/users/lhulsbergen/bin/gfortran],fd6596435f8eb8de26a67616ec68e1a120dfe6a43319c7acb4256fb30ac246b5,,/users/lhulsbergen/bin/gfortran -O3 -march=native -fopenmp -fno-math-errno -fno-trapping-math -fno-signed-zeros -ffp-contract=fast -fstrict-aliasing -fPIC -ftree-parallelize-loops=1 -Wall -Wextra -ffree-form -ffree-line-length-none -std=f2018 -fPIC -c /capstor/scratch/cscs/lhulsbergen/bachelorThesisArtifacts-followup/llr40Matrix/v2/followup/opt_reports/fparens/default/segment_reduce_ragged/fortran/segment_reduce_ragged_fp64.f90 -o /capstor/scratch/cscs/lhulsbergen/bachelorThesisArtifacts-followup/llr40Matrix/v2/followup/opt_reports/fparens/default/segment_reduce_ragged/fortran/build/segment_reduce_ragged_fp64.f90.o -fopt-info-vec-optimized -fopt-info-vec-missed -fopt-info-loop-optimized,"3849706320,,cycles,1186637120,100.00,, | 13288019110,,instructions,1186637120,100.00,3.45,insn per cycle",39624556 39453393 39754632 39510511 39408723 39590413 39483345 39413075 39439857 39492624 39437426 39419250 39536814 39653611 39537423 39466321 39486096 39839909 39634604 39792742 39602157 39603181 39482801 39686826 39610636 39456753 39593358 39635788 39527376 39525295
segment_reduce_ragged,fortran,fno-protect-parens,-fno-protect-parens,ok,30,40456630,40645615,0.27,39790682,1.0266,no,False,100,False,2,opt_reports/fparens/noparens/segment_reduce_ragged/fortran/segment_reduce_ragged_fp64.f90.optreport.txt:5: segment_reduce_ragged_fp64.f90:13:17: optimized: loop vectorized using 16 byte vectors,,fmadd=2 fmla_vec=7 fadd_vector=3 faddp=2,3956758439,5870379202,30,3.2445,60000000,2.198,3.261,1.484,normal/4990019,nid005776,GNU Fortran (SUSE Linux) 13.3.1 20250313 [revision 4ef1d8c84faeebffeb0cc01ee22e891b41e5c4e0] [/users/lhulsbergen/bin/gfortran],fd6596435f8eb8de26a67616ec68e1a120dfe6a43319c7acb4256fb30ac246b5,,/users/lhulsbergen/bin/gfortran -O3 -march=native -fopenmp -fno-math-errno -fno-trapping-math -fno-signed-zeros -ffp-contract=fast -fno-protect-parens -fstrict-aliasing -fPIC -ftree-parallelize-loops=1 -Wall -Wextra -ffree-form -ffree-line-length-none -std=f2018 -fPIC -c /capstor/scratch/cscs/lhulsbergen/bachelorThesisArtifacts-followup/llr40Matrix/v2/followup/opt_reports/fparens/noparens/segment_reduce_ragged/fortran/segment_reduce_ragged_fp64.f90 -o /capstor/scratch/cscs/lhulsbergen/bachelorThesisArtifacts-followup/llr40Matrix/v2/followup/opt_reports/fparens/noparens/segment_reduce_ragged/fortran/build/segment_reduce_ragged_fp64.f90.o -fopt-info-vec-optimized -fopt-info-vec-missed -fopt-info-loop-optimized,"3956758439,,cycles,1219524096,100.00,, | 5870379202,,instructions,1219524096,100.00,1.48,insn per cycle",40551794 40800490 40690446 40563378 40865673 40690671 40543315 40565234 40456630 40763052 40695022 40620240 40686127 40761997 40639536 40618928 40648943 40829162 40696846 40543699 40531156 40564306 40706222 40495509 40566162 40895304 40642288 40607825 40705934 40741261
scan_affine_decay,c,,,ok,30,116648679,116955885,0.18,118237756,,,,,,,,,,11522531760,19972836735,30,3.2865,94999999,4.043,7.008,1.733,normal/4990019,nid005979,gcc-14 (SUSE Linux) 14.2.0 [/usr/bin/gcc-14],466ca55c50f18ff004e575fe247df6a2c05dbc60fda80035a89c3fb765758688,,,"11522531760,,cycles,3506051840,100.00,, | 19972836735,,instructions,3506051840,100.00,1.73,insn per cycle",116848161 117378320 117114584 117141880 117061626 116965949 116871104 116685702 117015899 117233204 117506957 117424462 117147832 116945822 116757060 116830433 117034075 116835969 116972540 116803394 117324722 116995036 117134008 116865408 116648679 116878208 116855937 116834145 116904511 116935678
scan_affine_decay,fortran,,,ok,30,145160549,145518250,1.18,148016625,0.8019,yes,False,3,False,0,,"opt_reports/fparens/default/scan_affine_decay/fortran/scan_affine_decay_fp64.f90.optreport.txt:4: scan_affine_decay_fp64.f90:11:79: missed: not vectorized, possible dependence between data-refs (*y_14(D))[_2] and (*y_14(D))[i_l0_20]",fmul_scalar=1 fadd_scalar=1,14341625944,22834475846,30,3.2861,94999999,5.032,8.012,1.592,normal/4990019,nid005979,GNU Fortran (SUSE Linux) 13.3.1 20250313 [revision 4ef1d8c84faeebffeb0cc01ee22e891b41e5c4e0] [/users/lhulsbergen/bin/gfortran],fc28754a308603a608eaf7d32584286799bc79f1e4d679969d034812634bae1d,,/users/lhulsbergen/bin/gfortran -O3 -march=native -fopenmp -fno-math-errno -fno-trapping-math -fno-signed-zeros -ffp-contract=fast -fstrict-aliasing -fPIC -ftree-parallelize-loops=1 -Wall -Wextra -ffree-form -ffree-line-length-none -std=f2018 -fPIC -c /capstor/scratch/cscs/lhulsbergen/bachelorThesisArtifacts-followup/llr40Matrix/v2/followup/opt_reports/fparens/default/scan_affine_decay/fortran/scan_affine_decay_fp64.f90 -o /capstor/scratch/cscs/lhulsbergen/bachelorThesisArtifacts-followup/llr40Matrix/v2/followup/opt_reports/fparens/default/scan_affine_decay/fortran/build/scan_affine_decay_fp64.f90.o -fopt-info-vec-optimized -fopt-info-vec-missed -fopt-info-loop-optimized,"14341625944,,cycles,4364321568,100.00,, | 22834475846,,instructions,4364321568,100.00,1.59,insn per cycle",145199748 145672789 145902925 155090636 145853008 145734035 145423740 145583128 145566393 145289505 145565432 145418909 145460571 145690548 145488827 145477947 145462780 145980075 145513274 145510235 145608887 145275841 145554105 145316064 145492026 145640406 145160549 145662165 145523226 145396062
scan_affine_decay,fortran,fno-protect-parens,-fno-protect-parens,ok,30,116398031,116787043,0.15,148016625,0.8019,yes,False,3,False,0,,"opt_reports/fparens/noparens/scan_affine_decay/fortran/scan_affine_decay_fp64.f90.optreport.txt:4: scan_affine_decay_fp64.f90:11:79: missed: not vectorized, possible dependence between data-refs (*y_12(D))[_2] and (*y_12(D))[i_l0_18]",fmadd=1,11507287703,19973141948,30,3.2866,94999999,4.038,7.008,1.736,normal/4990019,nid005979,GNU Fortran (SUSE Linux) 13.3.1 20250313 [revision 4ef1d8c84faeebffeb0cc01ee22e891b41e5c4e0] [/users/lhulsbergen/bin/gfortran],fc28754a308603a608eaf7d32584286799bc79f1e4d679969d034812634bae1d,,/users/lhulsbergen/bin/gfortran -O3 -march=native -fopenmp -fno-math-errno -fno-trapping-math -fno-signed-zeros -ffp-contract=fast -fno-protect-parens -fstrict-aliasing -fPIC -ftree-parallelize-loops=1 -Wall -Wextra -ffree-form -ffree-line-length-none -std=f2018 -fPIC -c /capstor/scratch/cscs/lhulsbergen/bachelorThesisArtifacts-followup/llr40Matrix/v2/followup/opt_reports/fparens/noparens/scan_affine_decay/fortran/scan_affine_decay_fp64.f90 -o /capstor/scratch/cscs/lhulsbergen/bachelorThesisArtifacts-followup/llr40Matrix/v2/followup/opt_reports/fparens/noparens/scan_affine_decay/fortran/build/scan_affine_decay_fp64.f90.o -fopt-info-vec-optimized -fopt-info-vec-missed -fopt-info-loop-optimized,"11507287703,,cycles,3501301952,100.00,, | 19973141948,,instructions,3501301952,100.00,1.74,insn per cycle",116518379 116787843 116553546 116844961 116640327 116811010 116963997 116875968 116742500 116978620 116839137 116785218 116699589 116647207 116398031 116786243 116628488 116888831 116566026 116995772 116742148 117302706 116997852 116951933 116746404 116981372 116780227 116605352 116810722 116949725
versioned_distance_update,c,,,ok,30,298820577,299354784,12.43,302923986,,,,,,,,,,28927369849,25702898344,30,3.2249,94999999,10.150,9.019,0.889,normal/4990019,nid005980,gcc-14 (SUSE Linux) 14.2.0 [/usr/bin/gcc-14],4ce0822dd1d9fcd732f80ac3c426175548ea84b0da67e226be82d3f81780991b,,,"28927369849,,cycles,8969912064,100.00,, | 25702898344,,instructions,8969912064,100.00,0.89,insn per cycle",299198166 299782084 299603146 298994844 299690631 299253332 511498087 299499501 298928190 299218869 299043002 299517933 299167830 299374033 298820577 299460269 298876287 299369456 299894913 299722278 298982012 299490765 299513100 299626921 299004444 299036155 298986204 300531277 299043194 299340113
versioned_distance_update,fortran,,,ok,30,327668038,330173723,0.64,330803736,0.9116,yes,False,22,False,2,opt_reports/fparens/default/versioned_distance_update/fortran/versioned_distance_update_fp64.f90.optreport.txt:3: versioned_distance_update_fp64.f90:11:13: optimized: loop vectorized using 16 byte vectors,,fmla_vec=1 fmul_scalar=4 fadd_scalar=2,31910364684,28555736582,30,3.2257,94999999,11.197,10.020,0.895,normal/4990019,nid005980,GNU Fortran (SUSE Linux) 13.3.1 20250313 [revision 4ef1d8c84faeebffeb0cc01ee22e891b41e5c4e0] [/users/lhulsbergen/bin/gfortran],459be34eb302b4ddd69cc352bbf209d2fbad244756cc4dcbf11e55f88e6be389,,/users/lhulsbergen/bin/gfortran -O3 -march=native -fopenmp -fno-math-errno -fno-trapping-math -fno-signed-zeros -ffp-contract=fast -fstrict-aliasing -fPIC -ftree-parallelize-loops=1 -Wall -Wextra -ffree-form -ffree-line-length-none -std=f2018 -fPIC -c /capstor/scratch/cscs/lhulsbergen/bachelorThesisArtifacts-followup/llr40Matrix/v2/followup/opt_reports/fparens/default/versioned_distance_update/fortran/versioned_distance_update_fp64.f90 -o /capstor/scratch/cscs/lhulsbergen/bachelorThesisArtifacts-followup/llr40Matrix/v2/followup/opt_reports/fparens/default/versioned_distance_update/fortran/build/versioned_distance_update_fp64.f90.o -fopt-info-vec-optimized -fopt-info-vec-missed -fopt-info-loop-optimized,"31910364684,,cycles,9892558880,100.00,, | 28555736582,,instructions,9892558880,100.00,0.89,insn per cycle",327873600 333070245 328522604 333087941 328139960 332127073 327854305 332225119 327940062 332186432 328222774 332301596 327668038 332105890 328075482 332063939 327890848 332135458 328320851 331824843 327851553 332065284 328195350 332064772 328506925 332637138 327980957 331937384 327955934 331979782
versioned_distance_update,fortran,fno-protect-parens,-fno-protect-parens,ok,30,298694520,299531871,12.44,330803736,0.9116,yes,False,22,False,2,opt_reports/fparens/noparens/versioned_distance_update/fortran/versioned_distance_update_fp64.f90.optreport.txt:3: versioned_distance_update_fp64.f90:11:13: optimized: loop vectorized using 16 byte vectors,,fmadd=2 fmla_vec=1 fmul_scalar=2,28952215182,25707628825,30,3.2252,94999999,10.159,9.020,0.888,normal/4990019,nid005980,GNU Fortran (SUSE Linux) 13.3.1 20250313 [revision 4ef1d8c84faeebffeb0cc01ee22e891b41e5c4e0] [/users/lhulsbergen/bin/gfortran],459be34eb302b4ddd69cc352bbf209d2fbad244756cc4dcbf11e55f88e6be389,,/users/lhulsbergen/bin/gfortran -O3 -march=native -fopenmp -fno-math-errno -fno-trapping-math -fno-signed-zeros -ffp-contract=fast -fno-protect-parens -fstrict-aliasing -fPIC -ftree-parallelize-loops=1 -Wall -Wextra -ffree-form -ffree-line-length-none -std=f2018 -fPIC -c /capstor/scratch/cscs/lhulsbergen/bachelorThesisArtifacts-followup/llr40Matrix/v2/followup/opt_reports/fparens/noparens/versioned_distance_update/fortran/versioned_distance_update_fp64.f90 -o /capstor/scratch/cscs/lhulsbergen/bachelorThesisArtifacts-followup/llr40Matrix/v2/followup/opt_reports/fparens/noparens/versioned_distance_update/fortran/build/versioned_distance_update_fp64.f90.o -fopt-info-vec-optimized -fopt-info-vec-missed -fopt-info-loop-optimized,"28952215182,,cycles,8976841120,100.00,, | 25707628825,,instructions,8976841120,100.00,0.89,insn per cycle",299309446 299547039 299031726 299986258 298805940 300180940 298846452 299808470 298694520 299840374 299207624 300109422 298926673 299808599 298755766 299948594 298870099 299897012 298717431 299789495 312382689 299889332 512291600 299417987 299262632 299888917 299213225 299800247 299308070 299516704
tsvc_2_s323,c,,,ok,30,80398784,80818069,0.32,83030315,,,,,,,,,,7966889177,17120951383,30,3.2886,56999999,4.659,10.012,2.149,normal/4990019,nid005994,gcc-14 (SUSE Linux) 14.2.0 [/usr/bin/gcc-14],2e209364bef8e49b58b0dfb24c313d77533eba98770913b9bc0cf25322c5dc0c,,,"7966889177,,cycles,2422562176,100.00,, | 17120951383,,instructions,2422562176,100.00,2.15,insn per cycle",80587226 81054729 80944045 80905678 80732436 81101255 80863408 81187812 80922990 80922766 80398784 80741844 80796402 80708117 80893739 80912866 80804230 80604204 80472849 80662187 80831653 80972415 80897634 81830369 80546863 80508656 81071676 80804486 80730952 80788326
tsvc_2_s323,fortran,,,ok,30,77752978,78502359,0.82,80143872,1.0995,yes,False,12,False,0,,"opt_reports/fparens/default/tsvc_2_s323/fortran/tsvc_2_s323_fp64.f90.optreport.txt:4: tsvc_2_s323_fp64.f90:13:79: missed: not vectorized, possible dependence between data-refs (*b_18(D))[_1] and (*b_18(D))[i_l0_28]",fmul_scalar=2 fadd_scalar=2,7751191705,20539872069,30,3.2889,56999999,4.533,12.012,2.650,normal/4990019,nid005994,GNU Fortran (SUSE Linux) 13.3.1 20250313 [revision 4ef1d8c84faeebffeb0cc01ee22e891b41e5c4e0] [/users/lhulsbergen/bin/gfortran],ad2cd278e2e7fb8e40b750965fcca990c6ca28991fa19c777848e1eeccb817ab,,/users/lhulsbergen/bin/gfortran -O3 -march=native -fopenmp -fno-math-errno -fno-trapping-math -fno-signed-zeros -ffp-contract=fast -fstrict-aliasing -fPIC -ftree-parallelize-loops=1 -Wall -Wextra -ffree-form -ffree-line-length-none -std=f2018 -fPIC -c /capstor/scratch/cscs/lhulsbergen/bachelorThesisArtifacts-followup/llr40Matrix/v2/followup/opt_reports/fparens/default/tsvc_2_s323/fortran/tsvc_2_s323_fp64.f90 -o /capstor/scratch/cscs/lhulsbergen/bachelorThesisArtifacts-followup/llr40Matrix/v2/followup/opt_reports/fparens/default/tsvc_2_s323/fortran/build/tsvc_2_s323_fp64.f90.o -fopt-info-vec-optimized -fopt-info-vec-missed -fopt-info-loop-optimized,"7751191705,,cycles,2356801216,100.00,, | 20539872069,,instructions,2356801216,100.00,2.65,insn per cycle",79809993 78109318 79530579 78151716 79084962 77965578 78806860 78077926 78827116 78197858 79074915 77875790 78819756 78084391 79042437 78168099 79139713 78134181 79271516 77752978 79245117 78031944 79518068 78136740 79507636 77848591 79124322 77895661 79459574 77762642
tsvc_2_s323,fortran,fno-protect-parens,-fno-protect-parens,ok,30,85491531,85895853,0.23,80143872,1.0995,yes,False,12,False,0,,"opt_reports/fparens/noparens/tsvc_2_s323/fortran/tsvc_2_s323_fp64.f90.optreport.txt:4: tsvc_2_s323_fp64.f90:13:79: missed: not vectorized, possible dependence between data-refs (*b_14(D))[_1] and (*b_14(D))[i_l0_24]",fmadd=2,8471094330,17121178142,30,3.2892,56999999,4.954,10.012,2.021,normal/4990019,nid005994,GNU Fortran (SUSE Linux) 13.3.1 20250313 [revision 4ef1d8c84faeebffeb0cc01ee22e891b41e5c4e0] [/users/lhulsbergen/bin/gfortran],ad2cd278e2e7fb8e40b750965fcca990c6ca28991fa19c777848e1eeccb817ab,,/users/lhulsbergen/bin/gfortran -O3 -march=native -fopenmp -fno-math-errno -fno-trapping-math -fno-signed-zeros -ffp-contract=fast -fno-protect-parens -fstrict-aliasing -fPIC -ftree-parallelize-loops=1 -Wall -Wextra -ffree-form -ffree-line-length-none -std=f2018 -fPIC -c /capstor/scratch/cscs/lhulsbergen/bachelorThesisArtifacts-followup/llr40Matrix/v2/followup/opt_reports/fparens/noparens/tsvc_2_s323/fortran/tsvc_2_s323_fp64.f90 -o /capstor/scratch/cscs/lhulsbergen/bachelorThesisArtifacts-followup/llr40Matrix/v2/followup/opt_reports/fparens/noparens/tsvc_2_s323/fortran/build/tsvc_2_s323_fp64.f90.o -fopt-info-vec-optimized -fopt-info-vec-missed -fopt-info-loop-optimized,"8471094330,,cycles,2575441184,100.00,, | 17121178142,,instructions,2575441184,100.00,2.02,insn per cycle",85765474 86083383 86265328 85935484 85660038 86018265 85690501 85715364 86112341 85976987 86362061 85491531 85869087 85681893 85932380 85806689 86200691 85714500 85938204 85636550 86094934 85953852 85879102 85876478 86121685 85869886 86107254 85721123 85912604 85770561
argmax_with_index,fortran,,,ok,30,72958171,79333712,1.92,71737544,0.9937,no,True,0,True,0,,opt_reports/fparens/default/argmax_with_index/fortran/argmax_with_index_fp64.f90.optreport.txt:4: argmax_with_index_fp64.f90:2:33: missed: not vectorized: unsupported use in stmt.,none,7141696808,32418514994,30,3.3177,,,,4.539,normal/4990019,nid006367,GNU Fortran (SUSE Linux) 13.3.1 20250313 [revision 4ef1d8c84faeebffeb0cc01ee22e891b41e5c4e0] [/users/lhulsbergen/bin/gfortran],42fd8cf2ca198c8d71bbe255b2f87ff85cfa3548a4af7d77df67b0e07bbe64d2,,/users/lhulsbergen/bin/gfortran -O3 -march=native -fopenmp -fno-math-errno -fno-trapping-math -fno-signed-zeros -ffp-contract=fast -fstrict-aliasing -fPIC -ftree-parallelize-loops=1 -Wall -Wextra -ffree-form -ffree-line-length-none -std=f2018 -fPIC -c /capstor/scratch/cscs/lhulsbergen/bachelorThesisArtifacts-followup/llr40Matrix/v2/followup/opt_reports/fparens/default/argmax_with_index/fortran/argmax_with_index_fp64.f90 -o /capstor/scratch/cscs/lhulsbergen/bachelorThesisArtifacts-followup/llr40Matrix/v2/followup/opt_reports/fparens/default/argmax_with_index/fortran/build/argmax_with_index_fp64.f90.o -fopt-info-vec-optimized -fopt-info-vec-missed -fopt-info-loop-optimized,"7141696808,,cycles,2152610528,100.00,, | 32418514994,,instructions,2152610528,100.00,4.54,insn per cycle",72958171 75902259 76148334 76026833 79705432 79356832 79634874 79449501 79810292 79503228 79697847 79581178 79899986 79310593 79626201 79495324 79645977 79464061 79796373 79596986 78829709 78261978 78668080 78451126 78548723 78343288 78464693 78615026 78852620 78542963
argmax_with_index,fortran,fno-protect-parens,-fno-protect-parens,ok,30,72499963,78510303,2.74,71737544,0.9937,no,True,0,True,0,,opt_reports/fparens/noparens/argmax_with_index/fortran/argmax_with_index_fp64.f90.optreport.txt:4: argmax_with_index_fp64.f90:2:33: missed: not vectorized: unsupported use in stmt.,none,7137184961,32418681749,30,3.3176,,,,4.542,normal/4990019,nid006367,GNU Fortran (SUSE Linux) 13.3.1 20250313 [revision 4ef1d8c84faeebffeb0cc01ee22e891b41e5c4e0] [/users/lhulsbergen/bin/gfortran],42fd8cf2ca198c8d71bbe255b2f87ff85cfa3548a4af7d77df67b0e07bbe64d2,,/users/lhulsbergen/bin/gfortran -O3 -march=native -fopenmp -fno-math-errno -fno-trapping-math -fno-signed-zeros -ffp-contract=fast -fno-protect-parens -fstrict-aliasing -fPIC -ftree-parallelize-loops=1 -Wall -Wextra -ffree-form -ffree-line-length-none -std=f2018 -fPIC -c /capstor/scratch/cscs/lhulsbergen/bachelorThesisArtifacts-followup/llr40Matrix/v2/followup/opt_reports/fparens/noparens/argmax_with_index/fortran/argmax_with_index_fp64.f90 -o /capstor/scratch/cscs/lhulsbergen/bachelorThesisArtifacts-followup/llr40Matrix/v2/followup/opt_reports/fparens/noparens/argmax_with_index/fortran/build/argmax_with_index_fp64.f90.o -fopt-info-vec-optimized -fopt-info-vec-missed -fopt-info-loop-optimized,"7137184961,,cycles,2151299392,100.00,, | 32418681749,,instructions,2151299392,100.00,4.54,insn per cycle",78486453 79052166 78602034 79767157 79262753 79702261 76783327 76837310 76529349 77040793 77259124 73214936 72889586 72499963 72588185 75757164 79495601 79635790 79482418 78374156 78388716 78748195 78640966 78566440 78741059 78587655 78351373 78380908 78534153 78631878
compact_threshold_pack,fortran,,,ok,30,111465303,112716264,0.42,111102432,1.0063,no,True,0,True,0,,opt_reports/fparens/default/compact_threshold_pack/fortran/compact_threshold_pack_fp64.f90.optreport.txt:4: compact_threshold_pack_fp64.f90:2:38: missed: not vectorized: unsupported use in stmt.,fmul_scalar=1,10915860140,25824977051,30,3.2313,,,,2.366,normal/4990019,nid006373,GNU Fortran (SUSE Linux) 13.3.1 20250313 [revision 4ef1d8c84faeebffeb0cc01ee22e891b41e5c4e0] [/users/lhulsbergen/bin/gfortran],4fa6c9c56d43f866d8306e0660aa4425889769865d76574da25c534b910bdeb3,,/users/lhulsbergen/bin/gfortran -O3 -march=native -fopenmp -fno-math-errno -fno-trapping-math -fno-signed-zeros -ffp-contract=fast -fstrict-aliasing -fPIC -ftree-parallelize-loops=1 -Wall -Wextra -ffree-form -ffree-line-length-none -std=f2018 -fPIC -c /capstor/scratch/cscs/lhulsbergen/bachelorThesisArtifacts-followup/llr40Matrix/v2/followup/opt_reports/fparens/default/compact_threshold_pack/fortran/compact_threshold_pack_fp64.f90 -o /capstor/scratch/cscs/lhulsbergen/bachelorThesisArtifacts-followup/llr40Matrix/v2/followup/opt_reports/fparens/default/compact_threshold_pack/fortran/build/compact_threshold_pack_fp64.f90.o -fopt-info-vec-optimized -fopt-info-vec-missed -fopt-info-loop-optimized,"10915860140,,cycles,3378176160,100.00,, | 25824977051,,instructions,3378176160,100.00,2.37,insn per cycle",113785310 112499326 112462399 113083407 112711928 111796879 112702840 112679801 112289827 112725784 113073168 112627162 113088527 112900596 113004434 112138534 112664250 112633178 113128910 112841589 112920339 112093160 112639642 112788279 113062096 112014921 113153870 111465303 113378376 112720601
compact_threshold_pack,fortran,fno-protect-parens,-fno-protect-parens,ok,30,112164358,112838549,0.35,111102432,1.0063,no,True,0,True,0,,opt_reports/fparens/noparens/compact_threshold_pack/fortran/compact_threshold_pack_fp64.f90.optreport.txt:4: compact_threshold_pack_fp64.f90:2:38: missed: not vectorized: unsupported use in stmt.,fmul_scalar=1,10927056965,25825164517,30,3.2312,,,,2.363,normal/4990019,nid006373,GNU Fortran (SUSE Linux) 13.3.1 20250313 [revision 4ef1d8c84faeebffeb0cc01ee22e891b41e5c4e0] [/users/lhulsbergen/bin/gfortran],4fa6c9c56d43f866d8306e0660aa4425889769865d76574da25c534b910bdeb3,,/users/lhulsbergen/bin/gfortran -O3 -march=native -fopenmp -fno-math-errno -fno-trapping-math -fno-signed-zeros -ffp-contract=fast -fno-protect-parens -fstrict-aliasing -fPIC -ftree-parallelize-loops=1 -Wall -Wextra -ffree-form -ffree-line-length-none -std=f2018 -fPIC -c /capstor/scratch/cscs/lhulsbergen/bachelorThesisArtifacts-followup/llr40Matrix/v2/followup/opt_reports/fparens/noparens/compact_threshold_pack/fortran/compact_threshold_pack_fp64.f90 -o /capstor/scratch/cscs/lhulsbergen/bachelorThesisArtifacts-followup/llr40Matrix/v2/followup/opt_reports/fparens/noparens/compact_threshold_pack/fortran/build/compact_threshold_pack_fp64.f90.o -fopt-info-vec-optimized -fopt-info-vec-missed -fopt-info-loop-optimized,"10927056965,,cycles,3381755648,100.00,, | 25825164517,,instructions,3381755648,100.00,2.36,insn per cycle",112298242 112517021 112413504 113108655 112567387 113147502 112164358 112849749 112518557 112830389 112377345 112945907 112328482 112732024 112851861 113666369 112471902 113460871 112692153 113461670 112575515 112846710 113055120 112898740 113153165 113474726 112349281 112997713 112543548 113317162
ext_break_capture,fortran,,,ok,30,67042810,67316513,0.24,66867880,0.9989,no,True,0,True,0,,opt_reports/fparens/default/ext_break_capture/fortran/ext_break_capture_fp64.f90.optreport.txt:4: ext_break_capture_fp64.f90:14:12: missed: not vectorized: control flow in loop.,none,6553859009,30299348767,30,3.2468,,,,4.623,normal/4990019,nid005527,GNU Fortran (SUSE Linux) 13.3.1 20250313 [revision 4ef1d8c84faeebffeb0cc01ee22e891b41e5c4e0] [/users/lhulsbergen/bin/gfortran],48745b652d4e715cd56538bfceda78ce78855e3c0848983e6b93bacf7b4538b2,,/users/lhulsbergen/bin/gfortran -O3 -march=native -fopenmp -fno-math-errno -fno-trapping-math -fno-signed-zeros -ffp-contract=fast -fstrict-aliasing -fPIC -ftree-parallelize-loops=1 -Wall -Wextra -ffree-form -ffree-line-length-none -std=f2018 -fPIC -c /capstor/scratch/cscs/lhulsbergen/bachelorThesisArtifacts-followup/llr40Matrix/v2/followup/opt_reports/fparens/default/ext_break_capture/fortran/ext_break_capture_fp64.f90 -o /capstor/scratch/cscs/lhulsbergen/bachelorThesisArtifacts-followup/llr40Matrix/v2/followup/opt_reports/fparens/default/ext_break_capture/fortran/build/ext_break_capture_fp64.f90.o -fopt-info-vec-optimized -fopt-info-vec-missed -fopt-info-loop-optimized,"6553859009,,cycles,2018579488,100.00,, | 30299348767,,instructions,2018579488,100.00,4.62,insn per cycle",67536171 67624904 67380272 67534890 67580426 67430606 67295570 67617160 67591881 67378736 67491117 67304210 67311601 67401775 67094233 67321425 67216116 67288915 67042810 67381520 67298610 67442830 67045434 67252787 67107256 67250996 67098552 67415663 67221300 67297874
ext_break_capture,fortran,fno-protect-parens,-fno-protect-parens,ok,30,66969473,67204858,0.29,66867880,0.9989,no,True,0,True,0,,opt_reports/fparens/noparens/ext_break_capture/fortran/ext_break_capture_fp64.f90.optreport.txt:4: ext_break_capture_fp64.f90:14:12: missed: not vectorized: control flow in loop.,none,6542982046,30299630359,30,3.2471,,,,4.631,normal/4990019,nid005527,GNU Fortran (SUSE Linux) 13.3.1 20250313 [revision 4ef1d8c84faeebffeb0cc01ee22e891b41e5c4e0] [/users/lhulsbergen/bin/gfortran],48745b652d4e715cd56538bfceda78ce78855e3c0848983e6b93bacf7b4538b2,,/users/lhulsbergen/bin/gfortran -O3 -march=native -fopenmp -fno-math-errno -fno-trapping-math -fno-signed-zeros -ffp-contract=fast -fno-protect-parens -fstrict-aliasing -fPIC -ftree-parallelize-loops=1 -Wall -Wextra -ffree-form -ffree-line-length-none -std=f2018 -fPIC -c /capstor/scratch/cscs/lhulsbergen/bachelorThesisArtifacts-followup/llr40Matrix/v2/followup/opt_reports/fparens/noparens/ext_break_capture/fortran/ext_break_capture_fp64.f90 -o /capstor/scratch/cscs/lhulsbergen/bachelorThesisArtifacts-followup/llr40Matrix/v2/followup/opt_reports/fparens/noparens/ext_break_capture/fortran/build/ext_break_capture_fp64.f90.o -fopt-info-vec-optimized -fopt-info-vec-missed -fopt-info-loop-optimized,"6542982046,,cycles,2015012160,100.00,, | 30299630359,,instructions,2015012160,100.00,4.63,insn per cycle",67457458 67159899 67485393 67146876 67451603 67022368 67474195 67926340 67303159 67262840 67277527 67036959 67321782 67347286 67207706 67112029 67202010 67008704 67170715 66969473 67194618 67067454 67349366 67089149 67258937 67191355 67068030 67453363 67239449 67062718
ext_war_unit,fortran,,,ok,30,61015521,61436756,0.98,60447386,1.0000,no,False,4,True,1,opt_reports/fparens/default/ext_war_unit/fortran/ext_war_unit_fp64.f90.optreport.txt:3: ext_war_unit_fp64.f90:9:13: optimized: loop vectorized using 16 byte vectors,,fadd_scalar=1 fadd_vector=1,5877921496,11413815680,30,3.1872,,,,1.942,normal/4990019,nid005683,GNU Fortran (SUSE Linux) 13.3.1 20250313 [revision 4ef1d8c84faeebffeb0cc01ee22e891b41e5c4e0] [/users/lhulsbergen/bin/gfortran],070fc39a385d1865e8a172f0de53001b604102eeca360b560467deb325d76317,,/users/lhulsbergen/bin/gfortran -O3 -march=native -fopenmp -fno-math-errno -fno-trapping-math -fno-signed-zeros -ffp-contract=fast -fstrict-aliasing -fPIC -ftree-parallelize-loops=1 -Wall -Wextra -ffree-form -ffree-line-length-none -std=f2018 -fPIC -c /capstor/scratch/cscs/lhulsbergen/bachelorThesisArtifacts-followup/llr40Matrix/v2/followup/opt_reports/fparens/default/ext_war_unit/fortran/ext_war_unit_fp64.f90 -o /capstor/scratch/cscs/lhulsbergen/bachelorThesisArtifacts-followup/llr40Matrix/v2/followup/opt_reports/fparens/default/ext_war_unit/fortran/build/ext_war_unit_fp64.f90.o -fopt-info-vec-optimized -fopt-info-vec-missed -fopt-info-loop-optimized,"5877921496,,cycles,1844220768,100.00,, | 11413815680,,instructions,1844220768,100.00,1.94,insn per cycle",62021892 61574161 61807370 61324792 61547313 61256698 61742412 64427326 61452468 61421045 61495475 61603343 61406646 61015521 61401846 61802921 61414902 61055039 61482483 61068959 61383510 61187964 61308408 61170844 61533362 61503410 61316984 62487926 61566001 61294201
ext_war_unit,fortran,fno-protect-parens,-fno-protect-parens,ok,30,61017869,61258112,0.86,60447386,1.0000,no,False,4,True,1,opt_reports/fparens/noparens/ext_war_unit/fortran/ext_war_unit_fp64.f90.optreport.txt:3: ext_war_unit_fp64.f90:9:13: optimized: loop vectorized using 16 byte vectors,,fadd_scalar=1 fadd_vector=1,5857897711,11413379176,30,3.1871,,,,1.948,normal/4990019,nid005683,GNU Fortran (SUSE Linux) 13.3.1 20250313 [revision 4ef1d8c84faeebffeb0cc01ee22e891b41e5c4e0] [/users/lhulsbergen/bin/gfortran],070fc39a385d1865e8a172f0de53001b604102eeca360b560467deb325d76317,,/users/lhulsbergen/bin/gfortran -O3 -march=native -fopenmp -fno-math-errno -fno-trapping-math -fno-signed-zeros -ffp-contract=fast -fno-protect-parens -fstrict-aliasing -fPIC -ftree-parallelize-loops=1 -Wall -Wextra -ffree-form -ffree-line-length-none -std=f2018 -fPIC -c /capstor/scratch/cscs/lhulsbergen/bachelorThesisArtifacts-followup/llr40Matrix/v2/followup/opt_reports/fparens/noparens/ext_war_unit/fortran/ext_war_unit_fp64.f90 -o /capstor/scratch/cscs/lhulsbergen/bachelorThesisArtifacts-followup/llr40Matrix/v2/followup/opt_reports/fparens/noparens/ext_war_unit/fortran/build/ext_war_unit_fp64.f90.o -fopt-info-vec-optimized -fopt-info-vec-missed -fopt-info-loop-optimized,"5857897711,,cycles,1837984672,100.00,, | 11413379176,,instructions,1837984672,100.00,1.95,insn per cycle",61443041 61308644 64047764 61468991 61260006 61017869 61251686 61313316 61344036 61159081 61221287 61186248 61296665 61147517 61972645 61195132 61591792 61174012 61235002 61256218 61274297 61065504 61175548 61127229 61569905 61150557 61322744 61092415 61327320 61305272
fuse_diamond,fortran,,,ok,30,168710362,173298604,1.71,167842498,0.9960,no,False,4,True,7,opt_reports/fparens/default/fuse_diamond/fortran/fuse_diamond_fp64.f90.optreport.txt:3: fuse_diamond_fp64.f90:20:13: optimized: loop vectorized using 16 byte vectors,,fmul_scalar=2 fadd_scalar=1 fadd_vector=6,16464203409,25742946930,30,3.1863,,,,1.564,normal/4990019,nid005696,GNU Fortran (SUSE Linux) 13.3.1 20250313 [revision 4ef1d8c84faeebffeb0cc01ee22e891b41e5c4e0] [/users/lhulsbergen/bin/gfortran],1cdc65122276f426fa0f2b3d37155c5da9e4af80f91242d0b42157982336481b,,/users/lhulsbergen/bin/gfortran -O3 -march=native -fopenmp -fno-math-errno -fno-trapping-math -fno-signed-zeros -ffp-contract=fast -fstrict-aliasing -fPIC -ftree-parallelize-loops=1 -Wall -Wextra -ffree-form -ffree-line-length-none -std=f2018 -fPIC -c /capstor/scratch/cscs/lhulsbergen/bachelorThesisArtifacts-followup/llr40Matrix/v2/followup/opt_reports/fparens/default/fuse_diamond/fortran/fuse_diamond_fp64.f90 -o /capstor/scratch/cscs/lhulsbergen/bachelorThesisArtifacts-followup/llr40Matrix/v2/followup/opt_reports/fparens/default/fuse_diamond/fortran/build/fuse_diamond_fp64.f90.o -fopt-info-vec-optimized -fopt-info-vec-missed -fopt-info-loop-optimized,"16464203409,,cycles,5167219552,100.00,, | 25742946930,,instructions,5167219552,100.00,1.56,insn per cycle",174898427 168710362 174478088 169120782 173814621 169665437 173973815 169039281 173435272 169317863 174887163 169201259 174040117 169261769 173748766 169154701 173161937 169610623 174056661 169536096 174434345 169563168 178582632 172032019 176584423 171295371 177063416 170783387 175027159 178149398
fuse_diamond,fortran,fno-protect-parens,-fno-protect-parens,ok,30,168039151,174861963,2.37,167842498,0.9960,no,False,4,True,7,opt_reports/fparens/noparens/fuse_diamond/fortran/fuse_diamond_fp64.f90.optreport.txt:3: fuse_diamond_fp64.f90:20:13: optimized: loop vectorized using 16 byte vectors,,fmul_scalar=2 fadd_scalar=1 fadd_vector=6,16461473222,25743920538,30,3.1865,,,,1.564,normal/4990019,nid005696,GNU Fortran (SUSE Linux) 13.3.1 20250313 [revision 4ef1d8c84faeebffeb0cc01ee22e891b41e5c4e0] [/users/lhulsbergen/bin/gfortran],1cdc65122276f426fa0f2b3d37155c5da9e4af80f91242d0b42157982336481b,,/users/lhulsbergen/bin/gfortran -O3 -march=native -fopenmp -fno-math-errno -fno-trapping-math -fno-signed-zeros -ffp-contract=fast -fno-protect-parens -fstrict-aliasing -fPIC -ftree-parallelize-loops=1 -Wall -Wextra -ffree-form -ffree-line-length-none -std=f2018 -fPIC -c /capstor/scratch/cscs/lhulsbergen/bachelorThesisArtifacts-followup/llr40Matrix/v2/followup/opt_reports/fparens/noparens/fuse_diamond/fortran/fuse_diamond_fp64.f90 -o /capstor/scratch/cscs/lhulsbergen/bachelorThesisArtifacts-followup/llr40Matrix/v2/followup/opt_reports/fparens/noparens/fuse_diamond/fortran/build/fuse_diamond_fp64.f90.o -fopt-info-vec-optimized -fopt-info-vec-missed -fopt-info-loop-optimized,"16461473222,,cycles,5166053088,100.00,, | 25743920538,,instructions,5166053088,100.00,1.56,insn per cycle",178248979 168265737 175734976 168039151 175563847 168639132 175854014 169316392 175392875 168954866 176072631 168413828 175080565 168543360 175705953 168946067 176207986 169214730 174643362 168708474 177992731 168753753 175616004 168862261 175348845 184143005 176399981 170792570 175811615 170360199
fuse_move_ifs,fortran,,,ok,30,67544936,67763266,0.20,67528946,0.9971,no,True,0,True,4,opt_reports/fparens/default/fuse_move_ifs/fortran/fuse_move_ifs_fp64.f90.optreport.txt:5: fuse_move_ifs_fp64.f90:21:21: optimized: loop vectorized using 16 byte vectors,,fadd_scalar=2 fadd_vector=6,6533940675,9595667645,30,3.2146,,,,1.469,normal/4990019,nid005761,GNU Fortran (SUSE Linux) 13.3.1 20250313 [revision 4ef1d8c84faeebffeb0cc01ee22e891b41e5c4e0] [/users/lhulsbergen/bin/gfortran],e451211e77193bf2b2cea6415ea544249fdbc937a9c8911a444bf550069c408b,,/users/lhulsbergen/bin/gfortran -O3 -march=native -fopenmp -fno-math-errno -fno-trapping-math -fno-signed-zeros -ffp-contract=fast -fstrict-aliasing -fPIC -ftree-parallelize-loops=1 -Wall -Wextra -ffree-form -ffree-line-length-none -std=f2018 -fPIC -c /capstor/scratch/cscs/lhulsbergen/bachelorThesisArtifacts-followup/llr40Matrix/v2/followup/opt_reports/fparens/default/fuse_move_ifs/fortran/fuse_move_ifs_fp64.f90 -o /capstor/scratch/cscs/lhulsbergen/bachelorThesisArtifacts-followup/llr40Matrix/v2/followup/opt_reports/fparens/default/fuse_move_ifs/fortran/build/fuse_move_ifs_fp64.f90.o -fopt-info-vec-optimized -fopt-info-vec-missed -fopt-info-loop-optimized,"6533940675,,cycles,2032572032,100.00,, | 9595667645,,instructions,2032572032,100.00,1.47,insn per cycle",67769090 67712580 67656837 67544936 67628262 67857344 67661253 67824449 67757443 67562088 67733827 67870399 67670661 67600327 67843456 67854657 67729987 67755523 67805409 67975581 67750530 68142520 67994108 67810145 67717092 67883008 67739203 67918495 67860768 67974557
fuse_move_ifs,fortran,fno-protect-parens,-fno-protect-parens,ok,30,67351628,67755362,0.35,67528946,0.9971,no,True,0,True,4,opt_reports/fparens/noparens/fuse_move_ifs/fortran/fuse_move_ifs_fp64.f90.optreport.txt:5: fuse_move_ifs_fp64.f90:21:21: optimized: loop vectorized using 16 byte vectors,,fadd_scalar=2 fadd_vector=6,6534870655,9595950055,30,3.2150,,,,1.468,normal/4990019,nid005761,GNU Fortran (SUSE Linux) 13.3.1 20250313 [revision 4ef1d8c84faeebffeb0cc01ee22e891b41e5c4e0] [/users/lhulsbergen/bin/gfortran],e451211e77193bf2b2cea6415ea544249fdbc937a9c8911a444bf550069c408b,,/users/lhulsbergen/bin/gfortran -O3 -march=native -fopenmp -fno-math-errno -fno-trapping-math -fno-signed-zeros -ffp-contract=fast -fno-protect-parens -fstrict-aliasing -fPIC -ftree-parallelize-loops=1 -Wall -Wextra -ffree-form -ffree-line-length-none -std=f2018 -fPIC -c /capstor/scratch/cscs/lhulsbergen/bachelorThesisArtifacts-followup/llr40Matrix/v2/followup/opt_reports/fparens/noparens/fuse_move_ifs/fortran/fuse_move_ifs_fp64.f90 -o /capstor/scratch/cscs/lhulsbergen/bachelorThesisArtifacts-followup/llr40Matrix/v2/followup/opt_reports/fparens/noparens/fuse_move_ifs/fortran/build/fuse_move_ifs_fp64.f90.o -fopt-info-vec-optimized -fopt-info-vec-missed -fopt-info-loop-optimized,"6534870655,,cycles,2032610944,100.00,, | 9595950055,,instructions,2032610944,100.00,1.47,insn per cycle",68382290 67351628 67718275 67466282 67975389 67446186 67746658 67420171 67879711 67764066 67779969 67707844 67950972 67555399 67883518 68175863 67991068 67856288 67613989 67704547 68098745 67741795 67713827 67647525 68036443 67715171 67932190 67814369 68170743 67695940
fuse_stencil_through_transient,fortran,,,ok,30,120265380,121390880,0.93,114404612,0.9315,yes,False,4,True,2,opt_reports/fparens/default/fuse_stencil_through_transient/fortran/fuse_stencil_through_transient_fp64.f90.optreport.txt:3: fuse_stencil_through_transient_fp64.f90:12:13: optimized: loop vectorized using 16 byte vectors,,fmul_scalar=1 fadd_scalar=2 fadd_vector=2,11791705982,28905376737,30,3.2449,,,,2.451,normal/4990019,nid005776,GNU Fortran (SUSE Linux) 13.3.1 20250313 [revision 4ef1d8c84faeebffeb0cc01ee22e891b41e5c4e0] [/users/lhulsbergen/bin/gfortran],03566ed6f216d854018cfa0a9443965ed7e3ffd6e9334f107e159176546b707a,,/users/lhulsbergen/bin/gfortran -O3 -march=native -fopenmp -fno-math-errno -fno-trapping-math -fno-signed-zeros -ffp-contract=fast -fstrict-aliasing -fPIC -ftree-parallelize-loops=1 -Wall -Wextra -ffree-form -ffree-line-length-none -std=f2018 -fPIC -c /capstor/scratch/cscs/lhulsbergen/bachelorThesisArtifacts-followup/llr40Matrix/v2/followup/opt_reports/fparens/default/fuse_stencil_through_transient/fortran/fuse_stencil_through_transient_fp64.f90 -o /capstor/scratch/cscs/lhulsbergen/bachelorThesisArtifacts-followup/llr40Matrix/v2/followup/opt_reports/fparens/default/fuse_stencil_through_transient/fortran/build/fuse_stencil_through_transient_fp64.f90.o -fopt-info-vec-optimized -fopt-info-vec-missed -fopt-info-loop-optimized,"11791705982,,cycles,3633962144,100.00,, | 28905376737,,instructions,3633962144,100.00,2.45,insn per cycle",126240682 122099210 122345379 121178791 121497757 120548827 121766325 120779443 121697527 120476925 121633818 120426431 121874770 123805141 121401696 121037004 121215335 121312003 121571803 120774036 121685240 120481054 121390305 120509917 121391456 120513692 121466590 120265380 121435359 121040428
fuse_stencil_through_transient,fortran,fno-protect-parens,-fno-protect-parens,ok,30,112021639,117146264,3.81,114404612,0.9315,yes,False,4,True,2,opt_reports/fparens/noparens/fuse_stencil_through_transient/fortran/fuse_stencil_through_transient_fp64.f90.optreport.txt:3: fuse_stencil_through_transient_fp64.f90:12:13: optimized: loop vectorized using 16 byte vectors,,fmul_scalar=1 fadd_scalar=2 fadd_vector=2,11358973985,28257535262,30,3.2451,,,,2.488,normal/4990019,nid005776,GNU Fortran (SUSE Linux) 13.3.1 20250313 [revision 4ef1d8c84faeebffeb0cc01ee22e891b41e5c4e0] [/users/lhulsbergen/bin/gfortran],03566ed6f216d854018cfa0a9443965ed7e3ffd6e9334f107e159176546b707a,,/users/lhulsbergen/bin/gfortran -O3 -march=native -fopenmp -fno-math-errno -fno-trapping-math -fno-signed-zeros -ffp-contract=fast -fno-protect-parens -fstrict-aliasing -fPIC -ftree-parallelize-loops=1 -Wall -Wextra -ffree-form -ffree-line-length-none -std=f2018 -fPIC -c /capstor/scratch/cscs/lhulsbergen/bachelorThesisArtifacts-followup/llr40Matrix/v2/followup/opt_reports/fparens/noparens/fuse_stencil_through_transient/fortran/fuse_stencil_through_transient_fp64.f90 -o /capstor/scratch/cscs/lhulsbergen/bachelorThesisArtifacts-followup/llr40Matrix/v2/followup/opt_reports/fparens/noparens/fuse_stencil_through_transient/fortran/build/fuse_stencil_through_transient_fp64.f90.o -fopt-info-vec-optimized -fopt-info-vec-missed -fopt-info-loop-optimized,"11358973985,,cycles,3500375264,100.00,, | 28257535262,,instructions,3500375264,100.00,2.49,insn per cycle",123355207 112420891 120944466 112278943 120901460 112722865 120706138 112475385 121469059 112566966 120934675 112535544 121072878 113586391 120760376 112368156 121512545 112388188 121081166 112397243 121857974 112021639 120937875 112108101 121277544 112125444 121193547 112552279 121573534 112210754
scatter_accum_dup,fortran,,,ok,30,362882086,363756155,2.05,371434339,0.9995,no,True,0,True,0,,opt_reports/fparens/default/scatter_accum_dup/fortran/scatter_accum_dup_fp64.f90.optreport.txt:4: scatter_accum_dup_fp64.f90:2:33: missed: possible alias involving gather/scatter between (*bins_13(D))[_3] and (*bins_13(D))[_3],fadd_scalar=1,35826178522,18786449798,30,3.2865,,,,0.524,normal/4990019,nid005979,GNU Fortran (SUSE Linux) 13.3.1 20250313 [revision 4ef1d8c84faeebffeb0cc01ee22e891b41e5c4e0] [/users/lhulsbergen/bin/gfortran],d608176efc4d45597f209cc6f7769ea4599e71c5f9d50a0aa42a1b3653ff0feb,,/users/lhulsbergen/bin/gfortran -O3 -march=native -fopenmp -fno-math-errno -fno-trapping-math -fno-signed-zeros -ffp-contract=fast -fstrict-aliasing -fPIC -ftree-parallelize-loops=1 -Wall -Wextra -ffree-form -ffree-line-length-none -std=f2018 -fPIC -c /capstor/scratch/cscs/lhulsbergen/bachelorThesisArtifacts-followup/llr40Matrix/v2/followup/opt_reports/fparens/default/scatter_accum_dup/fortran/scatter_accum_dup_fp64.f90 -o /capstor/scratch/cscs/lhulsbergen/bachelorThesisArtifacts-followup/llr40Matrix/v2/followup/opt_reports/fparens/default/scatter_accum_dup/fortran/build/scatter_accum_dup_fp64.f90.o -fopt-info-vec-optimized -fopt-info-vec-missed -fopt-info-loop-optimized,"35826178522,,cycles,10901072544,100.00,, | 18786449798,,instructions,10901072544,100.00,0.52,insn per cycle",363625198 363670318 363975171 363428533 363936773 363815561 364336665 363550641 364180637 363281370 364209020 363933445 363986692 404686662 362882086 364291994 363620846 363672461 363353686 364357111 364022978 363756939 363624367 363705644 363755371 363302809 363728140 372808814 363964420 363333912
scatter_accum_dup,fortran,fno-protect-parens,-fno-protect-parens,ok,30,362693387,363404053,1.99,371434339,0.9995,no,True,0,True,0,,opt_reports/fparens/noparens/scatter_accum_dup/fortran/scatter_accum_dup_fp64.f90.optreport.txt:4: scatter_accum_dup_fp64.f90:2:33: missed: possible alias involving gather/scatter between (*bins_12(D))[_3] and (*bins_12(D))[_3],fadd_scalar=1,35793126007,18786949094,30,3.2863,,,,0.525,normal/4990019,nid005979,GNU Fortran (SUSE Linux) 13.3.1 20250313 [revision 4ef1d8c84faeebffeb0cc01ee22e891b41e5c4e0] [/users/lhulsbergen/bin/gfortran],d608176efc4d45597f209cc6f7769ea4599e71c5f9d50a0aa42a1b3653ff0feb,,/users/lhulsbergen/bin/gfortran -O3 -march=native -fopenmp -fno-math-errno -fno-trapping-math -fno-signed-zeros -ffp-contract=fast -fno-protect-parens -fstrict-aliasing -fPIC -ftree-parallelize-loops=1 -Wall -Wextra -ffree-form -ffree-line-length-none -std=f2018 -fPIC -c /capstor/scratch/cscs/lhulsbergen/bachelorThesisArtifacts-followup/llr40Matrix/v2/followup/opt_reports/fparens/noparens/scatter_accum_dup/fortran/scatter_accum_dup_fp64.f90 -o /capstor/scratch/cscs/lhulsbergen/bachelorThesisArtifacts-followup/llr40Matrix/v2/followup/opt_reports/fparens/noparens/scatter_accum_dup/fortran/build/scatter_accum_dup_fp64.f90.o -fopt-info-vec-optimized -fopt-info-vec-missed -fopt-info-loop-optimized,"35793126007,,cycles,10891602848,100.00,, | 18786949094,,instructions,10891602848,100.00,0.52,insn per cycle",363504102 363369641 363110673 366634512 363219707 363263897 403074040 363308728 365763212 363736620 363606096 363246011 363303801 363464564 363051264 363312249 363506034 363040577 363864071 362953380 363751659 372614132 363600847 362693387 363385494 363982947 363422613 363254042 362813800 363756747
tsvc_2_s115,fortran,,,incorrect,30,83763157,84790984,0.59,84344739,1.0047,no,False,19,False,2,opt_reports/fparens/default/tsvc_2_s115/fortran/tsvc_2_s115_fp64.f90.optreport.txt:5: tsvc_2_s115_fp64.f90:10:17: optimized: loop vectorized using 16 byte vectors,,fmla_vec=1 fmul_scalar=2,8180065989,25197917978,30,3.2249,,,,3.080,normal/4990019,nid005980,GNU Fortran (SUSE Linux) 13.3.1 20250313 [revision 4ef1d8c84faeebffeb0cc01ee22e891b41e5c4e0] [/users/lhulsbergen/bin/gfortran],bb79d25f3e82d3800a2b8377656f548c71f3ba1abaec28176d4aeae82cb4d2a1,output did not match the NumPy reference,/users/lhulsbergen/bin/gfortran -O3 -march=native -fopenmp -fno-math-errno -fno-trapping-math -fno-signed-zeros -ffp-contract=fast -fstrict-aliasing -fPIC -ftree-parallelize-loops=1 -Wall -Wextra -ffree-form -ffree-line-length-none -std=f2018 -fPIC -c /capstor/scratch/cscs/lhulsbergen/bachelorThesisArtifacts-followup/llr40Matrix/v2/followup/opt_reports/fparens/default/tsvc_2_s115/fortran/tsvc_2_s115_fp64.f90 -o /capstor/scratch/cscs/lhulsbergen/bachelorThesisArtifacts-followup/llr40Matrix/v2/followup/opt_reports/fparens/default/tsvc_2_s115/fortran/build/tsvc_2_s115_fp64.f90.o -fopt-info-vec-optimized -fopt-info-vec-missed -fopt-info-loop-optimized,"8180065989,,cycles,2536530048,100.00,, | 25197917978,,instructions,2536530048,100.00,3.08,insn per cycle",84363940 85180812 84558590 85080175 84357188 85110574 84860534 85059247 84217544 85132525 84215625 84823863 83858227 85000754 84047694 85051151 84053677 85472515 84381251 84758105 84053357 84951699 83830708 85011601 83763157 85204747 84023278 85178252 84081837 84884597
tsvc_2_s115,fortran,fno-protect-parens,-fno-protect-parens,incorrect,30,84153451,84426898,0.60,84344739,1.0047,no,False,19,False,2,opt_reports/fparens/noparens/tsvc_2_s115/fortran/tsvc_2_s115_fp64.f90.optreport.txt:5: tsvc_2_s115_fp64.f90:10:17: optimized: loop vectorized using 16 byte vectors,,fmsub=2 fmla_vec=1,8175118308,25197870655,30,3.2251,,,,3.082,normal/4990019,nid005980,GNU Fortran (SUSE Linux) 13.3.1 20250313 [revision 4ef1d8c84faeebffeb0cc01ee22e891b41e5c4e0] [/users/lhulsbergen/bin/gfortran],bb79d25f3e82d3800a2b8377656f548c71f3ba1abaec28176d4aeae82cb4d2a1,output did not match the NumPy reference,/users/lhulsbergen/bin/gfortran -O3 -march=native -fopenmp -fno-math-errno -fno-trapping-math -fno-signed-zeros -ffp-contract=fast -fno-protect-parens -fstrict-aliasing -fPIC -ftree-parallelize-loops=1 -Wall -Wextra -ffree-form -ffree-line-length-none -std=f2018 -fPIC -c /capstor/scratch/cscs/lhulsbergen/bachelorThesisArtifacts-followup/llr40Matrix/v2/followup/opt_reports/fparens/noparens/tsvc_2_s115/fortran/tsvc_2_s115_fp64.f90 -o /capstor/scratch/cscs/lhulsbergen/bachelorThesisArtifacts-followup/llr40Matrix/v2/followup/opt_reports/fparens/noparens/tsvc_2_s115/fortran/build/tsvc_2_s115_fp64.f90.o -fopt-info-vec-optimized -fopt-info-vec-missed -fopt-info-loop-optimized,"8175118308,,cycles,2534873536,100.00,, | 25197870655,,instructions,2534873536,100.00,3.08,insn per cycle",84352036 84829814 86867065 84337893 84641660 84973361 84299142 84661883 84255463 84913716 84153451 84406435 84957139 85176715 84395492 84488545 84294982 84832309 84308102 84203336 84469473 84746585 84240904 84444994 84318085 84797143 84408803 84230280 84268327 85015057
tsvc_2_s119,fortran,,,ok,30,69264901,69636424,0.88,70037411,1.0032,no,True,0,True,2,opt_reports/fparens/default/tsvc_2_s119/fortran/tsvc_2_s119_fp64.f90.optreport.txt:5: tsvc_2_s119_fp64.f90:10:17: optimized: loop vectorized using 16 byte vectors,,fadd_scalar=2 fadd_vector=1,6864571348,12603776950,30,3.2885,,,,1.836,normal/4990019,nid005994,GNU Fortran (SUSE Linux) 13.3.1 20250313 [revision 4ef1d8c84faeebffeb0cc01ee22e891b41e5c4e0] [/users/lhulsbergen/bin/gfortran],53bf4f9f2a5eb92b87e91152634b7a6026144cba6fec042bffbbbe3fd818d4d2,,/users/lhulsbergen/bin/gfortran -O3 -march=native -fopenmp -fno-math-errno -fno-trapping-math -fno-signed-zeros -ffp-contract=fast -fstrict-aliasing -fPIC -ftree-parallelize-loops=1 -Wall -Wextra -ffree-form -ffree-line-length-none -std=f2018 -fPIC -c /capstor/scratch/cscs/lhulsbergen/bachelorThesisArtifacts-followup/llr40Matrix/v2/followup/opt_reports/fparens/default/tsvc_2_s119/fortran/tsvc_2_s119_fp64.f90 -o /capstor/scratch/cscs/lhulsbergen/bachelorThesisArtifacts-followup/llr40Matrix/v2/followup/opt_reports/fparens/default/tsvc_2_s119/fortran/build/tsvc_2_s119_fp64.f90.o -fopt-info-vec-optimized -fopt-info-vec-missed -fopt-info-loop-optimized,"6864571348,,cycles,2087420576,100.00,, | 12603776950,,instructions,2087420576,100.00,1.84,insn per cycle",72645933 69431680 69585242 69552763 69547963 69511324 69772851 69360866 69813233 69264901 69687606 69705654 69724053 69386112 69831889 69422687 69719125 69478814 69795090 69467230 69999755 69448575 69866512 69323843 70909131 69724661 69878672 69423328 69814450 69537596
tsvc_2_s119,fortran,fno-protect-parens,-fno-protect-parens,ok,30,69484733,69694390,0.28,70037411,1.0032,no,True,0,True,2,opt_reports/fparens/noparens/tsvc_2_s119/fortran/tsvc_2_s119_fp64.f90.optreport.txt:5: tsvc_2_s119_fp64.f90:10:17: optimized: loop vectorized using 16 byte vectors,,fadd_scalar=2 fadd_vector=1,6876055898,12603996764,30,3.2889,,,,1.833,normal/4990019,nid005994,GNU Fortran (SUSE Linux) 13.3.1 20250313 [revision 4ef1d8c84faeebffeb0cc01ee22e891b41e5c4e0] [/users/lhulsbergen/bin/gfortran],53bf4f9f2a5eb92b87e91152634b7a6026144cba6fec042bffbbbe3fd818d4d2,,/users/lhulsbergen/bin/gfortran -O3 -march=native -fopenmp -fno-math-errno -fno-trapping-math -fno-signed-zeros -ffp-contract=fast -fno-protect-parens -fstrict-aliasing -fPIC -ftree-parallelize-loops=1 -Wall -Wextra -ffree-form -ffree-line-length-none -std=f2018 -fPIC -c /capstor/scratch/cscs/lhulsbergen/bachelorThesisArtifacts-followup/llr40Matrix/v2/followup/opt_reports/fparens/noparens/tsvc_2_s119/fortran/tsvc_2_s119_fp64.f90 -o /capstor/scratch/cscs/lhulsbergen/bachelorThesisArtifacts-followup/llr40Matrix/v2/followup/opt_reports/fparens/noparens/tsvc_2_s119/fortran/build/tsvc_2_s119_fp64.f90.o -fopt-info-vec-optimized -fopt-info-vec-missed -fopt-info-loop-optimized,"6876055898,,cycles,2090688896,100.00,, | 12603996764,,instructions,2090688896,100.00,1.83,insn per cycle",69589017 69640760 69626008 69864272 69506845 69605369 69690550 69484733 69541627 69993356 69518940 69931821 69592186 69627961 70317152 69804467 69684310 69640568 69643767 70042889 69918222 70045801 69901038 69682166 69803506 70077001 69721237 69773139 69870448 69698230
tsvc_2_s1232,fortran,,,ok,30,51487067,66449582,17.17,55642251,1.2471,yes,True,0,True,0,,opt_reports/fparens/default/tsvc_2_s1232/fortran/tsvc_2_s1232_fp64.f90.optreport.txt:4: tsvc_2_s1232_fp64.f90:11:13: missed: not vectorized: control flow in loop.,fadd_scalar=1,6090981462,2287452471,30,3.3167,,,,0.376,normal/4990019,nid006367,GNU Fortran (SUSE Linux) 13.3.1 20250313 [revision 4ef1d8c84faeebffeb0cc01ee22e891b41e5c4e0] [/users/lhulsbergen/bin/gfortran],8cb3f94dc0fbb451fe0755f9d1394f955dcd190f0d6e0523ab48a431592b0561,,/users/lhulsbergen/bin/gfortran -O3 -march=native -fopenmp -fno-math-errno -fno-trapping-math -fno-signed-zeros -ffp-contract=fast -fstrict-aliasing -fPIC -ftree-parallelize-loops=1 -Wall -Wextra -ffree-form -ffree-line-length-none -std=f2018 -fPIC -c /capstor/scratch/cscs/lhulsbergen/bachelorThesisArtifacts-followup/llr40Matrix/v2/followup/opt_reports/fparens/default/tsvc_2_s1232/fortran/tsvc_2_s1232_fp64.f90 -o /capstor/scratch/cscs/lhulsbergen/bachelorThesisArtifacts-followup/llr40Matrix/v2/followup/opt_reports/fparens/default/tsvc_2_s1232/fortran/build/tsvc_2_s1232_fp64.f90.o -fopt-info-vec-optimized -fopt-info-vec-missed -fopt-info-loop-optimized,"6090981462,,cycles,1836435744,100.00,, | 2287452471,,instructions,1836435744,100.00,0.38,insn per cycle",51845843 72523067 53773315 80168065 61039346 79067932 51882449 72786773 51559225 81013228 58405203 78509609 57883519 79344245 51487067 78967486 60045675 78319278 59402331 80461082 51952591 76849969 57896319 78043893 58642765 79406995 58205879 80220448 53112595 71859819
tsvc_2_s1232,fortran,fno-protect-parens,-fno-protect-parens,ok,30,64208613,72051959,8.60,55642251,1.2471,yes,True,0,True,0,,opt_reports/fparens/noparens/tsvc_2_s1232/fortran/tsvc_2_s1232_fp64.f90.optreport.txt:4: tsvc_2_s1232_fp64.f90:11:13: missed: not vectorized: control flow in loop.,fadd_scalar=1,6712820101,2293976775,30,3.3153,,,,0.342,normal/4990019,nid006367,GNU Fortran (SUSE Linux) 13.3.1 20250313 [revision 4ef1d8c84faeebffeb0cc01ee22e891b41e5c4e0] [/users/lhulsbergen/bin/gfortran],8cb3f94dc0fbb451fe0755f9d1394f955dcd190f0d6e0523ab48a431592b0561,,/users/lhulsbergen/bin/gfortran -O3 -march=native -fopenmp -fno-math-errno -fno-trapping-math -fno-signed-zeros -ffp-contract=fast -fno-protect-parens -fstrict-aliasing -fPIC -ftree-parallelize-loops=1 -Wall -Wextra -ffree-form -ffree-line-length-none -std=f2018 -fPIC -c /capstor/scratch/cscs/lhulsbergen/bachelorThesisArtifacts-followup/llr40Matrix/v2/followup/opt_reports/fparens/noparens/tsvc_2_s1232/fortran/tsvc_2_s1232_fp64.f90 -o /capstor/scratch/cscs/lhulsbergen/bachelorThesisArtifacts-followup/llr40Matrix/v2/followup/opt_reports/fparens/noparens/tsvc_2_s1232/fortran/build/tsvc_2_s1232_fp64.f90.o -fopt-info-vec-optimized -fopt-info-vec-missed -fopt-info-loop-optimized,"6712820101,,cycles,2024788576,100.00,, | 2293976775,,instructions,2024788576,100.00,0.34,insn per cycle",64697497 72073734 65430535 72106181 64259396 79235352 70425742 78152946 70215507 93477276 72030184 79086811 67315098 71786701 65818846 79444787 73182699 78908927 71943561 78070388 71347320 81997748 68759830 71661872 64208613 79374612 72213602 77122571 70649289 78423148
tsvc_2_s1244,fortran,,,ok,30,53403143,54213203,0.93,53625520,0.9829,no,False,9,False,0,,"opt_reports/fparens/default/tsvc_2_s1244/fortran/tsvc_2_s1244_fp64.f90.optreport.txt:4: tsvc_2_s1244_fp64.f90:13:23: missed: not vectorized, possible dependence between data-refs (*a_24(D))[i_l0_30] and (*a_24(D))[_13]",fmul_scalar=2 fadd_scalar=4,5260632894,19755777533,30,3.2444,,,,3.755,normal/4990019,nid006373,GNU Fortran (SUSE Linux) 13.3.1 20250313 [revision 4ef1d8c84faeebffeb0cc01ee22e891b41e5c4e0] [/users/lhulsbergen/bin/gfortran],de5c22c53845558f382603167ece06f48d80ebc33b01a55c749a5d46b5d9d1dc,,/users/lhulsbergen/bin/gfortran -O3 -march=native -fopenmp -fno-math-errno -fno-trapping-math -fno-signed-zeros -ffp-contract=fast -fstrict-aliasing -fPIC -ftree-parallelize-loops=1 -Wall -Wextra -ffree-form -ffree-line-length-none -std=f2018 -fPIC -c /capstor/scratch/cscs/lhulsbergen/bachelorThesisArtifacts-followup/llr40Matrix/v2/followup/opt_reports/fparens/default/tsvc_2_s1244/fortran/tsvc_2_s1244_fp64.f90 -o /capstor/scratch/cscs/lhulsbergen/bachelorThesisArtifacts-followup/llr40Matrix/v2/followup/opt_reports/fparens/default/tsvc_2_s1244/fortran/build/tsvc_2_s1244_fp64.f90.o -fopt-info-vec-optimized -fopt-info-vec-missed -fopt-info-loop-optimized,"5260632894,,cycles,1621466400,100.00,, | 19755777533,,instructions,1621466400,100.00,3.76,insn per cycle",53538468 55038208 53641346 54580683 53524421 54384401 53820254 54722088 53489829 54402768 53403143 54634538 53758559 54405968 53585443 54138229 53569571 54458062 53455046 54750311 54288178 54316498 53449191 54572203 53546051 54296978 53413767 54805286 53769663 54326257
tsvc_2_s1244,fortran,fno-protect-parens,-fno-protect-parens,ok,30,52487293,53236523,1.49,53625520,0.9829,no,False,9,False,0,,"opt_reports/fparens/noparens/tsvc_2_s1244/fortran/tsvc_2_s1244_fp64.f90.optreport.txt:4: tsvc_2_s1244_fp64.f90:13:23: missed: not vectorized, possible dependence between data-refs (*a_18(D))[i_l0_24] and (*a_18(D))[_8]",fmadd=1 fmul_scalar=1 fadd_scalar=3,5176197662,18345267090,30,3.2382,,,,3.544,normal/4990019,nid006373,GNU Fortran (SUSE Linux) 13.3.1 20250313 [revision 4ef1d8c84faeebffeb0cc01ee22e891b41e5c4e0] [/users/lhulsbergen/bin/gfortran],de5c22c53845558f382603167ece06f48d80ebc33b01a55c749a5d46b5d9d1dc,,/users/lhulsbergen/bin/gfortran -O3 -march=native -fopenmp -fno-math-errno -fno-trapping-math -fno-signed-zeros -ffp-contract=fast -fno-protect-parens -fstrict-aliasing -fPIC -ftree-parallelize-loops=1 -Wall -Wextra -ffree-form -ffree-line-length-none -std=f2018 -fPIC -c /capstor/scratch/cscs/lhulsbergen/bachelorThesisArtifacts-followup/llr40Matrix/v2/followup/opt_reports/fparens/noparens/tsvc_2_s1244/fortran/tsvc_2_s1244_fp64.f90 -o /capstor/scratch/cscs/lhulsbergen/bachelorThesisArtifacts-followup/llr40Matrix/v2/followup/opt_reports/fparens/noparens/tsvc_2_s1244/fortran/build/tsvc_2_s1244_fp64.f90.o -fopt-info-vec-optimized -fopt-info-vec-missed -fopt-info-loop-optimized,"5176197662,,cycles,1598501952,100.00,, | 18345267090,,instructions,1598501952,100.00,3.54,insn per cycle",53827709 53054832 53778431 52834965 54270067 52771030 53656577 52666841 53567075 52964818 53686753 52872149 53418215 52497597 55871917 52664217 55554741 52780246 53718912 52703352 53476069 52666809 53969114 52722264 53901436 52487293 53655937 52988017 53503973 53002290
tsvc_2_s152,fortran,,,ok,30,63759490,64236963,0.61,62562994,0.9945,no,False,11,False,2,opt_reports/fparens/default/tsvc_2_s152/fortran/tsvc_2_s152_fp64.f90.optreport.txt:3: tsvc_2_s152_fp64.f90:15:13: optimized: loop vectorized using 16 byte vectors,,fmla_vec=1 fmul_scalar=3 fadd_scalar=1,6250268450,9198429017,30,3.2462,,,,1.472,normal/4990019,nid005527,GNU Fortran (SUSE Linux) 13.3.1 20250313 [revision 4ef1d8c84faeebffeb0cc01ee22e891b41e5c4e0] [/users/lhulsbergen/bin/gfortran],012c1c0130f15853a5c954575ab8bb89c046542d0efd7e507edd6fd09a1d215f,,/users/lhulsbergen/bin/gfortran -O3 -march=native -fopenmp -fno-math-errno -fno-trapping-math -fno-signed-zeros -ffp-contract=fast -fstrict-aliasing -fPIC -ftree-parallelize-loops=1 -Wall -Wextra -ffree-form -ffree-line-length-none -std=f2018 -fPIC -c /capstor/scratch/cscs/lhulsbergen/bachelorThesisArtifacts-followup/llr40Matrix/v2/followup/opt_reports/fparens/default/tsvc_2_s152/fortran/tsvc_2_s152_fp64.f90 -o /capstor/scratch/cscs/lhulsbergen/bachelorThesisArtifacts-followup/llr40Matrix/v2/followup/opt_reports/fparens/default/tsvc_2_s152/fortran/build/tsvc_2_s152_fp64.f90.o -fopt-info-vec-optimized -fopt-info-vec-missed -fopt-info-loop-optimized,"6250268450,,cycles,1925415136,100.00,, | 9198429017,,instructions,1925415136,100.00,1.47,insn per cycle",64736292 64173109 64143223 64197236 64223699 63942332 66077244 64183381 63937245 64335664 64269586 64413102 63759490 64173461 64264883 64564842 64313745 64089367 64255411 64345520 64733860 64146710 64342064 64048248 64476780 64250227 64429837 64061849 64180084 64097143
tsvc_2_s152,fortran,fno-protect-parens,-fno-protect-parens,ok,30,63408077,63681476,0.38,62562994,0.9945,no,False,11,False,2,opt_reports/fparens/noparens/tsvc_2_s152/fortran/tsvc_2_s152_fp64.f90.optreport.txt:3: tsvc_2_s152_fp64.f90:15:13: optimized: loop vectorized using 16 byte vectors,,fmadd=1 fmla_vec=1 fmul_scalar=2,6200896107,9198170118,30,3.2460,,,,1.483,normal/4990019,nid005527,GNU Fortran (SUSE Linux) 13.3.1 20250313 [revision 4ef1d8c84faeebffeb0cc01ee22e891b41e5c4e0] [/users/lhulsbergen/bin/gfortran],012c1c0130f15853a5c954575ab8bb89c046542d0efd7e507edd6fd09a1d215f,,/users/lhulsbergen/bin/gfortran -O3 -march=native -fopenmp -fno-math-errno -fno-trapping-math -fno-signed-zeros -ffp-contract=fast -fno-protect-parens -fstrict-aliasing -fPIC -ftree-parallelize-loops=1 -Wall -Wextra -ffree-form -ffree-line-length-none -std=f2018 -fPIC -c /capstor/scratch/cscs/lhulsbergen/bachelorThesisArtifacts-followup/llr40Matrix/v2/followup/opt_reports/fparens/noparens/tsvc_2_s152/fortran/tsvc_2_s152_fp64.f90 -o /capstor/scratch/cscs/lhulsbergen/bachelorThesisArtifacts-followup/llr40Matrix/v2/followup/opt_reports/fparens/noparens/tsvc_2_s152/fortran/build/tsvc_2_s152_fp64.f90.o -fopt-info-vec-optimized -fopt-info-vec-missed -fopt-info-loop-optimized,"6200896107,,cycles,1910291008,100.00,, | 9198170118,,instructions,1910291008,100.00,1.48,insn per cycle",63519177 63700036 63960220 63519689 63408077 63599782 63806016 63653316 63713251 63513737 63655429 63662916 64107512 63892573 64082744 64667814 63561383 63769313 63759137 63968219 63492489 63507273 63701411 63623814 63724771 63629285 63852351 63648644 63614118 63951324
tsvc_2_s2233,fortran,,,ok,30,428419324,431677421,0.66,422000881,0.9930,no,False,4,True,2,opt_reports/fparens/default/tsvc_2_s2233/fortran/tsvc_2_s2233_fp64.f90.optreport.txt:5: tsvc_2_s2233_fp64.f90:14:17: optimized: loop vectorized using 16 byte vectors,,fadd_scalar=3 fadd_vector=1,41240668462,18542135900,30,3.1877,,,,0.450,normal/4990019,nid005683,GNU Fortran (SUSE Linux) 13.3.1 20250313 [revision 4ef1d8c84faeebffeb0cc01ee22e891b41e5c4e0] [/users/lhulsbergen/bin/gfortran],54b770181fb345f25bfe0546b21d87bda90e22d61a1015f17165f8050e8dbca9,,/users/lhulsbergen/bin/gfortran -O3 -march=native -fopenmp -fno-math-errno -fno-trapping-math -fno-signed-zeros -ffp-contract=fast -fstrict-aliasing -fPIC -ftree-parallelize-loops=1 -Wall -Wextra -ffree-form -ffree-line-length-none -std=f2018 -fPIC -c /capstor/scratch/cscs/lhulsbergen/bachelorThesisArtifacts-followup/llr40Matrix/v2/followup/opt_reports/fparens/default/tsvc_2_s2233/fortran/tsvc_2_s2233_fp64.f90 -o /capstor/scratch/cscs/lhulsbergen/bachelorThesisArtifacts-followup/llr40Matrix/v2/followup/opt_reports/fparens/default/tsvc_2_s2233/fortran/build/tsvc_2_s2233_fp64.f90.o -fopt-info-vec-optimized -fopt-info-vec-missed -fopt-info-loop-optimized,"41240668462,,cycles,12937536736,100.00,, | 18542135900,,instructions,12937536736,100.00,0.45,insn per cycle",434925886 430692250 431866391 429696534 430946930 431088526 432555876 429800083 434499403 430691034 433253135 430956882 434228979 431828249 433467241 430715545 431946325 445174293 429968654 429316386 432299211 431627071 432688896 431640766 431966165 431714076 433921979 431105582 431173163 428419324
tsvc_2_s2233,fortran,fno-protect-parens,-fno-protect-parens,ok,30,425414838,427872512,0.72,422000881,0.9930,no,False,4,True,2,opt_reports/fparens/noparens/tsvc_2_s2233/fortran/tsvc_2_s2233_fp64.f90.optreport.txt:5: tsvc_2_s2233_fp64.f90:14:17: optimized: loop vectorized using 16 byte vectors,,fadd_scalar=3 fadd_vector=1,40916230495,18545767353,30,3.1874,,,,0.453,normal/4990019,nid005683,GNU Fortran (SUSE Linux) 13.3.1 20250313 [revision 4ef1d8c84faeebffeb0cc01ee22e891b41e5c4e0] [/users/lhulsbergen/bin/gfortran],54b770181fb345f25bfe0546b21d87bda90e22d61a1015f17165f8050e8dbca9,,/users/lhulsbergen/bin/gfortran -O3 -march=native -fopenmp -fno-math-errno -fno-trapping-math -fno-signed-zeros -ffp-contract=fast -fno-protect-parens -fstrict-aliasing -fPIC -ftree-parallelize-loops=1 -Wall -Wextra -ffree-form -ffree-line-length-none -std=f2018 -fPIC -c /capstor/scratch/cscs/lhulsbergen/bachelorThesisArtifacts-followup/llr40Matrix/v2/followup/opt_reports/fparens/noparens/tsvc_2_s2233/fortran/tsvc_2_s2233_fp64.f90 -o /capstor/scratch/cscs/lhulsbergen/bachelorThesisArtifacts-followup/llr40Matrix/v2/followup/opt_reports/fparens/noparens/tsvc_2_s2233/fortran/build/tsvc_2_s2233_fp64.f90.o -fopt-info-vec-optimized -fopt-info-vec-missed -fopt-info-loop-optimized,"40916230495,,cycles,12836931872,100.00,, | 18545767353,,instructions,12836931872,100.00,0.45,insn per cycle",428691512 427876528 430777212 427394077 427868496 425607729 432502858 427826160 427430300 425414838 431713281 426316476 427973613 430102607 433596490 426127618 428574203 427438459 430738116 441383843 426716333 427223902 430113802 428362845 426056833 429884145 429799508 427621778 426224827 426514643
tsvc_2_s2275,fortran,,,ok,30,698675329,883955628,14.37,684133325,1.1603,yes,False,28,False,0,,opt_reports/fparens/default/tsvc_2_s2275/fortran/tsvc_2_s2275_fp64.f90.optreport.txt:4: tsvc_2_s2275_fp64.f90:17:26: missed: not vectorized: not suitable for strided load _6 = (*aa_28(D))[_5];,fmul_scalar=2 fadd_scalar=2,77143766527,22889586554,30,3.1868,,,,0.297,normal/4990019,nid005696,GNU Fortran (SUSE Linux) 13.3.1 20250313 [revision 4ef1d8c84faeebffeb0cc01ee22e891b41e5c4e0] [/users/lhulsbergen/bin/gfortran],c71a90443ebad2715866b90fcb4186d596a3b6c82c8e286d3614118982a44cde,,/users/lhulsbergen/bin/gfortran -O3 -march=native -fopenmp -fno-math-errno -fno-trapping-math -fno-signed-zeros -ffp-contract=fast -fstrict-aliasing -fPIC -ftree-parallelize-loops=1 -Wall -Wextra -ffree-form -ffree-line-length-none -std=f2018 -fPIC -c /capstor/scratch/cscs/lhulsbergen/bachelorThesisArtifacts-followup/llr40Matrix/v2/followup/opt_reports/fparens/default/tsvc_2_s2275/fortran/tsvc_2_s2275_fp64.f90 -o /capstor/scratch/cscs/lhulsbergen/bachelorThesisArtifacts-followup/llr40Matrix/v2/followup/opt_reports/fparens/default/tsvc_2_s2275/fortran/build/tsvc_2_s2275_fp64.f90.o -fopt-info-vec-optimized -fopt-info-vec-missed -fopt-info-loop-optimized,"77143766527,,cycles,24207291008,100.00,, | 22889586554,,instructions,24207291008,100.00,0.30,insn per cycle",701960258 941321522 699923329 943083643 700305717 942653672 700327349 941452878 700158362 940405710 875237103 942292468 700149754 942915648 700188025 957808531 700655786 940299049 700478377 943182575 699650435 892674154 699196561 943298444 699576294 942537923 698675329 942701823 698893050 944358571
tsvc_2_s2275,fortran,fno-protect-parens,-fno-protect-parens,ok,30,810642262,944242718,4.10,684133325,1.1603,yes,False,28,False,0,,opt_reports/fparens/noparens/tsvc_2_s2275/fortran/tsvc_2_s2275_fp64.f90.optreport.txt:4: tsvc_2_s2275_fp64.f90:17:26: missed: not vectorized: not suitable for strided load _6 = (*aa_24(D))[_5];,fmadd=2,88622658006,20649486980,30,3.1865,,,,0.233,normal/4990019,nid005696,GNU Fortran (SUSE Linux) 13.3.1 20250313 [revision 4ef1d8c84faeebffeb0cc01ee22e891b41e5c4e0] [/users/lhulsbergen/bin/gfortran],c71a90443ebad2715866b90fcb4186d596a3b6c82c8e286d3614118982a44cde,,/users/lhulsbergen/bin/gfortran -O3 -march=native -fopenmp -fno-math-errno -fno-trapping-math -fno-signed-zeros -ffp-contract=fast -fno-protect-parens -fstrict-aliasing -fPIC -ftree-parallelize-loops=1 -Wall -Wextra -ffree-form -ffree-line-length-none -std=f2018 -fPIC -c /capstor/scratch/cscs/lhulsbergen/bachelorThesisArtifacts-followup/llr40Matrix/v2/followup/opt_reports/fparens/noparens/tsvc_2_s2275/fortran/tsvc_2_s2275_fp64.f90 -o /capstor/scratch/cscs/lhulsbergen/bachelorThesisArtifacts-followup/llr40Matrix/v2/followup/opt_reports/fparens/noparens/tsvc_2_s2275/fortran/build/tsvc_2_s2275_fp64.f90.o -fopt-info-vec-optimized -fopt-info-vec-missed -fopt-info-loop-optimized,"88622658006,,cycles,27812219872,100.00,, | 20649486980,,instructions,27812219872,100.00,0.23,insn per cycle",938612829 966989102 1106829189 949218197 947467146 939836791 953712969 947613637 949779139 948074136 937902418 950204022 955675564 945163954 942924567 938926515 938249672 944247118 946096949 944238319 939512033 810642262 940695131 943200975 943364585 946159955 942182350 943481830 950600554 942094675
tsvc_2_s231,fortran,,,ok,30,509783748,749368709,8.24,706686699,1.2291,yes,True,0,True,0,,opt_reports/fparens/default/tsvc_2_s231/fortran/tsvc_2_s231_fp64.f90.optreport.txt:4: tsvc_2_s231_fp64.f90:10:17: missed: not vectorized: control flow in loop.,fadd_scalar=1,69589864003,25288793456,30,3.2154,,,,0.363,normal/4990019,nid005761,GNU Fortran (SUSE Linux) 13.3.1 20250313 [revision 4ef1d8c84faeebffeb0cc01ee22e891b41e5c4e0] [/users/lhulsbergen/bin/gfortran],430d9061eca4f58d6e72564e2d66033e29bbfaa32e99a5af4a63c64e8bd0dc59,,/users/lhulsbergen/bin/gfortran -O3 -march=native -fopenmp -fno-math-errno -fno-trapping-math -fno-signed-zeros -ffp-contract=fast -fstrict-aliasing -fPIC -ftree-parallelize-loops=1 -Wall -Wextra -ffree-form -ffree-line-length-none -std=f2018 -fPIC -c /capstor/scratch/cscs/lhulsbergen/bachelorThesisArtifacts-followup/llr40Matrix/v2/followup/opt_reports/fparens/default/tsvc_2_s231/fortran/tsvc_2_s231_fp64.f90 -o /capstor/scratch/cscs/lhulsbergen/bachelorThesisArtifacts-followup/llr40Matrix/v2/followup/opt_reports/fparens/default/tsvc_2_s231/fortran/build/tsvc_2_s231_fp64.f90.o -fopt-info-vec-optimized -fopt-info-vec-missed -fopt-info-loop-optimized,"69589864003,,cycles,21642506720,100.00,, | 25288793456,,instructions,21642506720,100.00,0.36,insn per cycle",782014130 718770466 779966952 691730178 782381609 695654747 783530380 695166121 781000077 696031570 782886300 692286611 783051319 509783748 781396771 673570459 783734534 698423124 794257908 695296997 780280800 697724678 781933877 692531502 793555110 692439567 780517562 694575992 781950645 697621705
tsvc_2_s231,fortran,fno-protect-parens,-fno-protect-parens,ok,30,626554277,763680225,7.58,706686699,1.2291,yes,True,0,True,0,,opt_reports/fparens/noparens/tsvc_2_s231/fortran/tsvc_2_s231_fp64.f90.optreport.txt:4: tsvc_2_s231_fp64.f90:10:17: missed: not vectorized: control flow in loop.,fadd_scalar=1,69871367956,25320453347,30,3.2148,,,,0.362,normal/4990019,nid005761,GNU Fortran (SUSE Linux) 13.3.1 20250313 [revision 4ef1d8c84faeebffeb0cc01ee22e891b41e5c4e0] [/users/lhulsbergen/bin/gfortran],430d9061eca4f58d6e72564e2d66033e29bbfaa32e99a5af4a63c64e8bd0dc59,,/users/lhulsbergen/bin/gfortran -O3 -march=native -fopenmp -fno-math-errno -fno-trapping-math -fno-signed-zeros -ffp-contract=fast -fno-protect-parens -fstrict-aliasing -fPIC -ftree-parallelize-loops=1 -Wall -Wextra -ffree-form -ffree-line-length-none -std=f2018 -fPIC -c /capstor/scratch/cscs/lhulsbergen/bachelorThesisArtifacts-followup/llr40Matrix/v2/followup/opt_reports/fparens/noparens/tsvc_2_s231/fortran/tsvc_2_s231_fp64.f90 -o /capstor/scratch/cscs/lhulsbergen/bachelorThesisArtifacts-followup/llr40Matrix/v2/followup/opt_reports/fparens/noparens/tsvc_2_s231/fortran/build/tsvc_2_s231_fp64.f90.o -fopt-info-vec-optimized -fopt-info-vec-missed -fopt-info-loop-optimized,"69871367956,,cycles,21734495776,100.00,, | 25320453347,,instructions,21734495776,100.00,0.36,insn per cycle",784515397 682658518 782941006 693834260 686522066 689427559 783159336 697560820 784739135 697454934 781931431 695914910 785641031 746034539 782784593 891658601 781714573 687888463 796607051 692355035 782186017 693859796 781325912 692803215 784343337 690279665 783315652 626554277 784320234 686512722
tsvc_2_s233,fortran,,,ok,30,710446598,720938768,2.47,657113998,1.0018,no,True,0,True,0,,opt_reports/fparens/default/tsvc_2_s233/fortran/tsvc_2_s233_fp64.f90.optreport.txt:4: tsvc_2_s233_fp64.f90:10:13: missed: not vectorized: loop nest containing two or more consecutive inner loops cannot be vectorized,fadd_scalar=2,68798763583,24738690979,30,3.2458,,,,0.360,normal/4990019,nid005776,GNU Fortran (SUSE Linux) 13.3.1 20250313 [revision 4ef1d8c84faeebffeb0cc01ee22e891b41e5c4e0] [/users/lhulsbergen/bin/gfortran],db4f4ae15d0e7f2a59e202e31932b274e2f48f8c0a2f00452e1e81ef08df3b0e,,/users/lhulsbergen/bin/gfortran -O3 -march=native -fopenmp -fno-math-errno -fno-trapping-math -fno-signed-zeros -ffp-contract=fast -fstrict-aliasing -fPIC -ftree-parallelize-loops=1 -Wall -Wextra -ffree-form -ffree-line-length-none -std=f2018 -fPIC -c /capstor/scratch/cscs/lhulsbergen/bachelorThesisArtifacts-followup/llr40Matrix/v2/followup/opt_reports/fparens/default/tsvc_2_s233/fortran/tsvc_2_s233_fp64.f90 -o /capstor/scratch/cscs/lhulsbergen/bachelorThesisArtifacts-followup/llr40Matrix/v2/followup/opt_reports/fparens/default/tsvc_2_s233/fortran/build/tsvc_2_s233_fp64.f90.o -fopt-info-vec-optimized -fopt-info-vec-missed -fopt-info-loop-optimized,"68798763583,,cycles,21196082784,100.00,, | 24738690979,,instructions,21196082784,100.00,0.36,insn per cycle",729129825 724660460 717400590 716902557 752806242 714118131 715171315 724976291 724172667 730370074 725694444 725123646 715358381 713288526 716069847 716024665 810973875 720817700 717753603 731462585 729641681 726727212 721059836 713866523 714906460 719603305 710446598 723739273 717710628 729308764
tsvc_2_s233,fortran,fno-protect-parens,-fno-protect-parens,ok,30,711706372,721487459,1.11,657113998,1.0018,no,True,0,True,0,,opt_reports/fparens/noparens/tsvc_2_s233/fortran/tsvc_2_s233_fp64.f90.optreport.txt:4: tsvc_2_s233_fp64.f90:10:13: missed: not vectorized: loop nest containing two or more consecutive inner loops cannot be vectorized,fadd_scalar=2,69443800224,24750533752,30,3.2456,,,,0.356,normal/4990019,nid005776,GNU Fortran (SUSE Linux) 13.3.1 20250313 [revision 4ef1d8c84faeebffeb0cc01ee22e891b41e5c4e0] [/users/lhulsbergen/bin/gfortran],db4f4ae15d0e7f2a59e202e31932b274e2f48f8c0a2f00452e1e81ef08df3b0e,,/users/lhulsbergen/bin/gfortran -O3 -march=native -fopenmp -fno-math-errno -fno-trapping-math -fno-signed-zeros -ffp-contract=fast -fno-protect-parens -fstrict-aliasing -fPIC -ftree-parallelize-loops=1 -Wall -Wextra -ffree-form -ffree-line-length-none -std=f2018 -fPIC -c /capstor/scratch/cscs/lhulsbergen/bachelorThesisArtifacts-followup/llr40Matrix/v2/followup/opt_reports/fparens/noparens/tsvc_2_s233/fortran/tsvc_2_s233_fp64.f90 -o /capstor/scratch/cscs/lhulsbergen/bachelorThesisArtifacts-followup/llr40Matrix/v2/followup/opt_reports/fparens/noparens/tsvc_2_s233/fortran/build/tsvc_2_s233_fp64.f90.o -fopt-info-vec-optimized -fopt-info-vec-missed -fopt-info-loop-optimized,"69443800224,,cycles,21396409824,100.00,, | 24750533752,,instructions,21396409824,100.00,0.36,insn per cycle",720252570 722796331 719945028 712943518 750193332 722959205 713543307 711706372 722112320 715274741 724383769 723918503 722921414 714355410 730290689 724665553 719513329 714357650 716366995 724465846 724327931 723412887 720862599 716328372 729245505 725603731 718194330 713975101 739615901 713405104
tsvc_2_s235,fortran,,,ok,30,540733759,734207718,17.05,539444596,1.3815,yes,False,23,False,0,,opt_reports/fparens/default/tsvc_2_s235/fortran/tsvc_2_s235_fp64.f90.optreport.txt:4: tsvc_2_s235_fp64.f90:13:73: missed: not vectorized: control flow in loop.,fmul_scalar=2 fadd_scalar=2,64574614404,28447730399,30,3.2606,,,,0.441,debug/4990145,nid006547,GNU Fortran (SUSE Linux) 13.3.1 20250313 [revision 4ef1d8c84faeebffeb0cc01ee22e891b41e5c4e0] [/users/lhulsbergen/bin/gfortran],40aa4b9b6667b4a796de2abab1ef87e6a0f13e476ac20273d59cd1224d2f370d,,/users/lhulsbergen/bin/gfortran -O3 -march=native -fopenmp -fno-math-errno -fno-trapping-math -fno-signed-zeros -ffp-contract=fast -fstrict-aliasing -fPIC -ftree-parallelize-loops=1 -Wall -Wextra -ffree-form -ffree-line-length-none -std=f2018 -fPIC -c /capstor/scratch/cscs/lhulsbergen/bachelorThesisArtifacts-followup/llr40Matrix/v2/followup/opt_reports/fparens/default/tsvc_2_s235/fortran/tsvc_2_s235_fp64.f90 -o /capstor/scratch/cscs/lhulsbergen/bachelorThesisArtifacts-followup/llr40Matrix/v2/followup/opt_reports/fparens/default/tsvc_2_s235/fortran/build/tsvc_2_s235_fp64.f90.o -fopt-info-vec-optimized -fopt-info-vec-missed -fopt-info-loop-optimized,"64574614404,,cycles,19804363872,100.00,, | 28447730399,,instructions,19804363872,100.00,0.44,insn per cycle",777521166 548770698 778533103 551943433 779580367 593120386 781005988 861929121 783409306 547328374 782236574 547544495 780395287 550470230 782229599 540733759 783334109 552531735 780547762 558268009 690894270 568813607 781160318 561505382 783725585 547014655 784352734 546503951 781925160 554009259
tsvc_2_s235,fortran,fno-protect-parens,-fno-protect-parens,ok,30,747002411,781079737,2.70,539444596,1.3815,yes,False,23,False,0,,opt_reports/fparens/noparens/tsvc_2_s235/fortran/tsvc_2_s235_fp64.f90.optreport.txt:4: tsvc_2_s235_fp64.f90:13:73: missed: not vectorized: control flow in loop.,fmadd=2,75150946440,25314066064,30,3.2607,,,,0.337,debug/4990145,nid006547,GNU Fortran (SUSE Linux) 13.3.1 20250313 [revision 4ef1d8c84faeebffeb0cc01ee22e891b41e5c4e0] [/users/lhulsbergen/bin/gfortran],40aa4b9b6667b4a796de2abab1ef87e6a0f13e476ac20273d59cd1224d2f370d,,/users/lhulsbergen/bin/gfortran -O3 -march=native -fopenmp -fno-math-errno -fno-trapping-math -fno-signed-zeros -ffp-contract=fast -fno-protect-parens -fstrict-aliasing -fPIC -ftree-parallelize-loops=1 -Wall -Wextra -ffree-form -ffree-line-length-none -std=f2018 -fPIC -c /capstor/scratch/cscs/lhulsbergen/bachelorThesisArtifacts-followup/llr40Matrix/v2/followup/opt_reports/fparens/noparens/tsvc_2_s235/fortran/tsvc_2_s235_fp64.f90 -o /capstor/scratch/cscs/lhulsbergen/bachelorThesisArtifacts-followup/llr40Matrix/v2/followup/opt_reports/fparens/noparens/tsvc_2_s235/fortran/build/tsvc_2_s235_fp64.f90.o -fopt-info-vec-optimized -fopt-info-vec-missed -fopt-info-loop-optimized,"75150946440,,cycles,23047557408,100.00,, | 25314066064,,instructions,23047557408,100.00,0.34,insn per cycle",780180870 793301166 777713586 795475147 781174471 842400954 794661220 782113418 781761684 779182245 780159270 779635223 780258211 780985004 778835247 782266181 747002411 782081707 782800980 780066665 782310979 780848081 780946350 780812274 779717780 783181640 796436557 875082564 791106674 780055945
tsvc_2_s252,fortran,,,ok,30,85781545,87306571,1.36,85632109,1.0020,no,True,0,True,0,,"opt_reports/fparens/default/tsvc_2_s252/fortran/tsvc_2_s252_fp64.f90.optreport.txt:4: tsvc_2_s252_fp64.f90:2:27: missed: not vectorized: relevant phi not supported: t_21 = PHI <s_13(6), 0.0(5)>",fmul_scalar=1 fadd_scalar=1,8536456585,27018932082,30,3.2599,,,,3.165,debug/4990145,nid006547,GNU Fortran (SUSE Linux) 13.3.1 20250313 [revision 4ef1d8c84faeebffeb0cc01ee22e891b41e5c4e0] [/users/lhulsbergen/bin/gfortran],1e8139b7060dccc76289e325e65caf86594e276b58269cb37a094a750b9a966c,,/users/lhulsbergen/bin/gfortran -O3 -march=native -fopenmp -fno-math-errno -fno-trapping-math -fno-signed-zeros -ffp-contract=fast -fstrict-aliasing -fPIC -ftree-parallelize-loops=1 -Wall -Wextra -ffree-form -ffree-line-length-none -std=f2018 -fPIC -c /capstor/scratch/cscs/lhulsbergen/bachelorThesisArtifacts-followup/llr40Matrix/v2/followup/opt_reports/fparens/default/tsvc_2_s252/fortran/tsvc_2_s252_fp64.f90 -o /capstor/scratch/cscs/lhulsbergen/bachelorThesisArtifacts-followup/llr40Matrix/v2/followup/opt_reports/fparens/default/tsvc_2_s252/fortran/build/tsvc_2_s252_fp64.f90.o -fopt-info-vec-optimized -fopt-info-vec-missed -fopt-info-loop-optimized,"8536456585,,cycles,2618588224,100.00,, | 27018932082,,instructions,2618588224,100.00,3.17,insn per cycle",86350968 88124226 86202204 88552981 86071328 88264702 86168382 88376603 86033314 88295005 86297562 88236063 86204764 88275837 86299450 88203904 86007522 88800717 86235100 88942889 85781545 88949480 85878855 88796141 86488916 89021991 86485108 88320924 86178078 88431032
tsvc_2_s252,fortran,fno-protect-parens,-fno-protect-parens,ok,30,85954647,87595473,2.69,85632109,1.0020,no,True,0,True,0,,"opt_reports/fparens/noparens/tsvc_2_s252/fortran/tsvc_2_s252_fp64.f90.optreport.txt:4: tsvc_2_s252_fp64.f90:2:27: missed: not vectorized: relevant phi not supported: t_19 = PHI <s_11(6), 0.0(5)>",fmul_scalar=1 fadd_scalar=1,8522942607,27025524447,30,3.2596,,,,3.171,debug/4990145,nid006547,GNU Fortran (SUSE Linux) 13.3.1 20250313 [revision 4ef1d8c84faeebffeb0cc01ee22e891b41e5c4e0] [/users/lhulsbergen/bin/gfortran],1e8139b7060dccc76289e325e65caf86594e276b58269cb37a094a750b9a966c,,/users/lhulsbergen/bin/gfortran -O3 -march=native -fopenmp -fno-math-errno -fno-trapping-math -fno-signed-zeros -ffp-contract=fast -fno-protect-parens -fstrict-aliasing -fPIC -ftree-parallelize-loops=1 -Wall -Wextra -ffree-form -ffree-line-length-none -std=f2018 -fPIC -c /capstor/scratch/cscs/lhulsbergen/bachelorThesisArtifacts-followup/llr40Matrix/v2/followup/opt_reports/fparens/noparens/tsvc_2_s252/fortran/tsvc_2_s252_fp64.f90 -o /capstor/scratch/cscs/lhulsbergen/bachelorThesisArtifacts-followup/llr40Matrix/v2/followup/opt_reports/fparens/noparens/tsvc_2_s252/fortran/build/tsvc_2_s252_fp64.f90.o -fopt-info-vec-optimized -fopt-info-vec-missed -fopt-info-loop-optimized,"8522942607,,cycles,2614740896,100.00,, | 27025524447,,instructions,2614740896,100.00,3.17,insn per cycle",87867544 99416577 87722173 85954647 87927159 86223918 88180463 87247948 87702622 86124241 87908663 86636705 88119281 86036148 87847225 86378601 88116657 85968759 87737981 86197327 87516804 86099250 87844537 86482565 87686751 86145617 87890680 86400296 87674143 86267405
tsvc_2_s255,fortran,,,ok,30,75631064,77643056,6.30,77747878,0.9850,no,True,0,True,0,,opt_reports/fparens/default/tsvc_2_s255/fortran/tsvc_2_s255_fp64.f90.optreport.txt:4: tsvc_2_s255_fp64.f90:13:68: missed: not vectorized: unsupported use in stmt.,fmul_scalar=1 fadd_scalar=2,7667503009,39015613613,30,3.2889,,,,5.088,normal/4990019,nid005994,GNU Fortran (SUSE Linux) 13.3.1 20250313 [revision 4ef1d8c84faeebffeb0cc01ee22e891b41e5c4e0] [/users/lhulsbergen/bin/gfortran],7e803f56b374e96310bf40f84fd1b76b76a8632d7aa3169c6abcc3a8fa825b23,,/users/lhulsbergen/bin/gfortran -O3 -march=native -fopenmp -fno-math-errno -fno-trapping-math -fno-signed-zeros -ffp-contract=fast -fstrict-aliasing -fPIC -ftree-parallelize-loops=1 -Wall -Wextra -ffree-form -ffree-line-length-none -std=f2018 -fPIC -c /capstor/scratch/cscs/lhulsbergen/bachelorThesisArtifacts-followup/llr40Matrix/v2/followup/opt_reports/fparens/default/tsvc_2_s255/fortran/tsvc_2_s255_fp64.f90 -o /capstor/scratch/cscs/lhulsbergen/bachelorThesisArtifacts-followup/llr40Matrix/v2/followup/opt_reports/fparens/default/tsvc_2_s255/fortran/build/tsvc_2_s255_fp64.f90.o -fopt-info-vec-optimized -fopt-info-vec-missed -fopt-info-loop-optimized,"7667503009,,cycles,2331354720,100.00,, | 39015613613,,instructions,2331354720,100.00,5.09,insn per cycle",77376474 78117343 78432628 76882124 77025159 75631064 78030722 77542389 77325756 77640720 79619434 76692690 77707982 76300704 76161222 76793487 79324404 78277722 79150171 78061922 77490454 76901035 77974980 78674027 79554764 77645392 104765258 78703627 76961609 77469015
tsvc_2_s255,fortran,fno-protect-parens,-fno-protect-parens,ok,30,74494368,77465831,1.56,77747878,0.9850,no,True,0,True,0,,opt_reports/fparens/noparens/tsvc_2_s255/fortran/tsvc_2_s255_fp64.f90.optreport.txt:4: tsvc_2_s255_fp64.f90:2:27: missed: not vectorized: unsupported use in stmt.,fmul_scalar=1 fadd_scalar=2,7629844227,39015506473,30,3.2890,,,,5.114,normal/4990019,nid005994,GNU Fortran (SUSE Linux) 13.3.1 20250313 [revision 4ef1d8c84faeebffeb0cc01ee22e891b41e5c4e0] [/users/lhulsbergen/bin/gfortran],7e803f56b374e96310bf40f84fd1b76b76a8632d7aa3169c6abcc3a8fa825b23,,/users/lhulsbergen/bin/gfortran -O3 -march=native -fopenmp -fno-math-errno -fno-trapping-math -fno-signed-zeros -ffp-contract=fast -fno-protect-parens -fstrict-aliasing -fPIC -ftree-parallelize-loops=1 -Wall -Wextra -ffree-form -ffree-line-length-none -std=f2018 -fPIC -c /capstor/scratch/cscs/lhulsbergen/bachelorThesisArtifacts-followup/llr40Matrix/v2/followup/opt_reports/fparens/noparens/tsvc_2_s255/fortran/tsvc_2_s255_fp64.f90 -o /capstor/scratch/cscs/lhulsbergen/bachelorThesisArtifacts-followup/llr40Matrix/v2/followup/opt_reports/fparens/noparens/tsvc_2_s255/fortran/build/tsvc_2_s255_fp64.f90.o -fopt-info-vec-optimized -fopt-info-vec-missed -fopt-info-loop-optimized,"7629844227,,cycles,2319782592,100.00,, | 39015506473,,instructions,2319782592,100.00,5.11,insn per cycle",77247615 79422897 77582898 77517909 78731689 77375354 76707634 76530040 76064201 78201084 77413753 76694002 76700146 78234043 76956649 78374710 74494368 78053250 78514225 81025272 77590354 77351131 77790443 77194592 78885925 75745876 78494226 76202693 76646356 77864809
tsvc_2_s2710,fortran,,,ok,30,230758237,233935873,1.12,225108763,0.9925,no,False,341,False,0,,"opt_reports/fparens/default/tsvc_2_s2710/fortran/tsvc_2_s2710_fp64.f90.optreport.txt:5: tsvc_2_s2710_fp64.f90:23:16: missed: not vectorized: relevant stmt not supported: _62 = .MASK_LOAD (_131, 64B, _128);",fmul_scalar=44 fadd_scalar=55,21501009065,26303469589,30,3.3170,,,,1.223,normal/4990019,nid006367,GNU Fortran (SUSE Linux) 13.3.1 20250313 [revision 4ef1d8c84faeebffeb0cc01ee22e891b41e5c4e0] [/users/lhulsbergen/bin/gfortran],2e8727c086d28ff5fc83041fe57afd97659b19bca622dadbf766120dbe0291ea,,/users/lhulsbergen/bin/gfortran -O3 -march=native -fopenmp -fno-math-errno -fno-trapping-math -fno-signed-zeros -ffp-contract=fast -fstrict-aliasing -fPIC -ftree-parallelize-loops=1 -Wall -Wextra -ffree-form -ffree-line-length-none -std=f2018 -fPIC -c /capstor/scratch/cscs/lhulsbergen/bachelorThesisArtifacts-followup/llr40Matrix/v2/followup/opt_reports/fparens/default/tsvc_2_s2710/fortran/tsvc_2_s2710_fp64.f90 -o /capstor/scratch/cscs/lhulsbergen/bachelorThesisArtifacts-followup/llr40Matrix/v2/followup/opt_reports/fparens/default/tsvc_2_s2710/fortran/build/tsvc_2_s2710_fp64.f90.o -fopt-info-vec-optimized -fopt-info-vec-missed -fopt-info-loop-optimized,"21501009065,,cycles,6482106720,100.00,, | 26303469589,,instructions,6482106720,100.00,1.22,insn per cycle",233424957 231554058 235126901 231975008 244765356 232787469 232617489 234447780 233728694 235147060 235711750 231540491 236665135 233044550 232928713 234301672 234143052 235662056 235885729 231287441 236527986 230758237 236482611 232653264 232240474 234737502 233340991 235340783 236274841 231375375
tsvc_2_s2710,fortran,fno-protect-parens,-fno-protect-parens,ok,30,229036103,233732901,11.79,225108763,0.9925,no,False,341,False,0,,"opt_reports/fparens/noparens/tsvc_2_s2710/fortran/tsvc_2_s2710_fp64.f90.optreport.txt:5: tsvc_2_s2710_fp64.f90:23:16: missed: not vectorized: relevant stmt not supported: _40 = .MASK_LOAD (_104, 64B, _101);",fmadd=33 fmul_scalar=11 fadd_scalar=22,21365705976,24050334014,30,3.3171,,,,1.126,normal/4990019,nid006367,GNU Fortran (SUSE Linux) 13.3.1 20250313 [revision 4ef1d8c84faeebffeb0cc01ee22e891b41e5c4e0] [/users/lhulsbergen/bin/gfortran],2e8727c086d28ff5fc83041fe57afd97659b19bca622dadbf766120dbe0291ea,,/users/lhulsbergen/bin/gfortran -O3 -march=native -fopenmp -fno-math-errno -fno-trapping-math -fno-signed-zeros -ffp-contract=fast -fno-protect-parens -fstrict-aliasing -fPIC -ftree-parallelize-loops=1 -Wall -Wextra -ffree-form -ffree-line-length-none -std=f2018 -fPIC -c /capstor/scratch/cscs/lhulsbergen/bachelorThesisArtifacts-followup/llr40Matrix/v2/followup/opt_reports/fparens/noparens/tsvc_2_s2710/fortran/tsvc_2_s2710_fp64.f90 -o /capstor/scratch/cscs/lhulsbergen/bachelorThesisArtifacts-followup/llr40Matrix/v2/followup/opt_reports/fparens/noparens/tsvc_2_s2710/fortran/build/tsvc_2_s2710_fp64.f90.o -fopt-info-vec-optimized -fopt-info-vec-missed -fopt-info-loop-optimized,"21365705976,,cycles,6441098080,100.00,, | 24050334014,,instructions,6441098080,100.00,1.13,insn per cycle",240561809 235672359 230175916 231708519 229036103 234308936 229961553 231325808 233506715 235198259 230125645 234919801 233954352 230985592 233744853 235289328 230316777 232665807 388998674 235494699 229911218 235251793 234168620 231520300 233720950 235920737 229868403 232477268 233997872 234164044
tsvc_2_s275,fortran,,,ok,30,711447768,744090462,11.96,545746239,1.1131,yes,False,11,False,0,,opt_reports/fparens/default/tsvc_2_s275/fortran/tsvc_2_s275_fp64.f90.optreport.txt:4: tsvc_2_s275_fp64.f90:11:12: missed: not vectorized: control flow in loop.,fmul_scalar=1 fadd_scalar=1,77186758532,22636987027,30,3.2472,,,,0.293,normal/4990019,nid006373,GNU Fortran (SUSE Linux) 13.3.1 20250313 [revision 4ef1d8c84faeebffeb0cc01ee22e891b41e5c4e0] [/users/lhulsbergen/bin/gfortran],10d01e278e3453018746d67ebdb43a9a2fb3cb92cd519de623ed34a0521ca358,,/users/lhulsbergen/bin/gfortran -O3 -march=native -fopenmp -fno-math-errno -fno-trapping-math -fno-signed-zeros -ffp-contract=fast -fstrict-aliasing -fPIC -ftree-parallelize-loops=1 -Wall -Wextra -ffree-form -ffree-line-length-none -std=f2018 -fPIC -c /capstor/scratch/cscs/lhulsbergen/bachelorThesisArtifacts-followup/llr40Matrix/v2/followup/opt_reports/fparens/default/tsvc_2_s275/fortran/tsvc_2_s275_fp64.f90 -o /capstor/scratch/cscs/lhulsbergen/bachelorThesisArtifacts-followup/llr40Matrix/v2/followup/opt_reports/fparens/default/tsvc_2_s275/fortran/build/tsvc_2_s275_fp64.f90.o -fopt-info-vec-optimized -fopt-info-vec-missed -fopt-info-loop-optimized,"77186758532,,cycles,23770437664,100.00,, | 22636987027,,instructions,23770437664,100.00,0.29,insn per cycle",712965460 1018312751 714854247 893878242 723014181 894121628 713567717 893740580 712021578 895542585 711653715 903101766 711447768 893401389 712732857 894325367 711911776 893806237 712373429 893795804 716717327 893308649 712593712 893568194 712237753 894550507 713321568 894079669 711933184 765166744
tsvc_2_s275,fortran,fno-protect-parens,-fno-protect-parens,ok,30,791911900,878075977,6.44,545746239,1.1131,yes,False,11,False,0,,opt_reports/fparens/noparens/tsvc_2_s275/fortran/tsvc_2_s275_fp64.f90.optreport.txt:4: tsvc_2_s275_fp64.f90:11:12: missed: not vectorized: control flow in loop.,fmadd=1,81805567563,20413884412,30,3.2452,,,,0.250,normal/4990019,nid006373,GNU Fortran (SUSE Linux) 13.3.1 20250313 [revision 4ef1d8c84faeebffeb0cc01ee22e891b41e5c4e0] [/users/lhulsbergen/bin/gfortran],10d01e278e3453018746d67ebdb43a9a2fb3cb92cd519de623ed34a0521ca358,,/users/lhulsbergen/bin/gfortran -O3 -march=native -fopenmp -fno-math-errno -fno-trapping-math -fno-signed-zeros -ffp-contract=fast -fno-protect-parens -fstrict-aliasing -fPIC -ftree-parallelize-loops=1 -Wall -Wextra -ffree-form -ffree-line-length-none -std=f2018 -fPIC -c /capstor/scratch/cscs/lhulsbergen/bachelorThesisArtifacts-followup/llr40Matrix/v2/followup/opt_reports/fparens/noparens/tsvc_2_s275/fortran/tsvc_2_s275_fp64.f90 -o /capstor/scratch/cscs/lhulsbergen/bachelorThesisArtifacts-followup/llr40Matrix/v2/followup/opt_reports/fparens/noparens/tsvc_2_s275/fortran/build/tsvc_2_s275_fp64.f90.o -fopt-info-vec-optimized -fopt-info-vec-missed -fopt-info-loop-optimized,"81805567563,,cycles,25207895328,100.00,, | 20413884412,,instructions,25207895328,100.00,0.25,insn per cycle",794032825 900446705 795480598 896762568 798103160 898571677 798925699 898203494 804922037 897364255 823378736 896835580 793900749 896746941 796771529 989551803 792237397 897475724 792780136 898141084 791911900 896512323 795506023 898414389 860575449 896142028 793019650 897021782 794066249 895576505
tsvc_2_s3110,fortran,,,ok,30,120438625,121004923,20.56,121467252,0.9987,no,False,20,False,0,,opt_reports/fparens/default/tsvc_2_s3110/fortran/tsvc_2_s3110_fp64.f90.optreport.txt:4: tsvc_2_s3110_fp64.f90:19:16: missed: not vectorized: complicated access pattern.,fadd_scalar=3,13850221067,63674615884,30,3.2475,,,,4.597,normal/4990019,nid005527,GNU Fortran (SUSE Linux) 13.3.1 20250313 [revision 4ef1d8c84faeebffeb0cc01ee22e891b41e5c4e0] [/users/lhulsbergen/bin/gfortran],2826f2bbc16e65f0172eaa0792f49905fa3812b7c52ffbdec223a38f70e5384c,,/users/lhulsbergen/bin/gfortran -O3 -march=native -fopenmp -fno-math-errno -fno-trapping-math -fno-signed-zeros -ffp-contract=fast -fstrict-aliasing -fPIC -ftree-parallelize-loops=1 -Wall -Wextra -ffree-form -ffree-line-length-none -std=f2018 -fPIC -c /capstor/scratch/cscs/lhulsbergen/bachelorThesisArtifacts-followup/llr40Matrix/v2/followup/opt_reports/fparens/default/tsvc_2_s3110/fortran/tsvc_2_s3110_fp64.f90 -o /capstor/scratch/cscs/lhulsbergen/bachelorThesisArtifacts-followup/llr40Matrix/v2/followup/opt_reports/fparens/default/tsvc_2_s3110/fortran/build/tsvc_2_s3110_fp64.f90.o -fopt-info-vec-optimized -fopt-info-vec-missed -fopt-info-loop-optimized,"13850221067,,cycles,4264857344,100.00,, | 63674615884,,instructions,4264857344,100.00,4.60,insn per cycle",120578836 121005671 120846860 157854866 186505364 183933377 183452144 152920999 168154781 122029031 120682393 120658362 120610492 120944274 120448769 120667961 120831861 121004176 120541693 121046831 121049967 190172769 185845636 189516437 185515405 189615698 120438625 120870195 120634139 120862067
tsvc_2_s3110,fortran,fno-protect-parens,-fno-protect-parens,ok,30,120280357,121137227,16.99,121467252,0.9987,no,False,20,False,0,,opt_reports/fparens/noparens/tsvc_2_s3110/fortran/tsvc_2_s3110_fp64.f90.optreport.txt:4: tsvc_2_s3110_fp64.f90:19:16: missed: not vectorized: complicated access pattern.,fadd_scalar=2,13185679432,63680756813,30,3.2471,,,,4.830,normal/4990019,nid005527,GNU Fortran (SUSE Linux) 13.3.1 20250313 [revision 4ef1d8c84faeebffeb0cc01ee22e891b41e5c4e0] [/users/lhulsbergen/bin/gfortran],2826f2bbc16e65f0172eaa0792f49905fa3812b7c52ffbdec223a38f70e5384c,,/users/lhulsbergen/bin/gfortran -O3 -march=native -fopenmp -fno-math-errno -fno-trapping-math -fno-signed-zeros -ffp-contract=fast -fno-protect-parens -fstrict-aliasing -fPIC -ftree-parallelize-loops=1 -Wall -Wextra -ffree-form -ffree-line-length-none -std=f2018 -fPIC -c /capstor/scratch/cscs/lhulsbergen/bachelorThesisArtifacts-followup/llr40Matrix/v2/followup/opt_reports/fparens/noparens/tsvc_2_s3110/fortran/tsvc_2_s3110_fp64.f90 -o /capstor/scratch/cscs/lhulsbergen/bachelorThesisArtifacts-followup/llr40Matrix/v2/followup/opt_reports/fparens/noparens/tsvc_2_s3110/fortran/build/tsvc_2_s3110_fp64.f90.o -fopt-info-vec-optimized -fopt-info-vec-missed -fopt-info-loop-optimized,"13185679432,,cycles,4060714944,100.00,, | 63680756813,,instructions,4060714944,100.00,4.83,insn per cycle",120883667 127852640 120280357 121577918 120701753 121186506 120657978 121157771 120340739 121419171 179116655 174595705 151075361 154644820 165929567 166450063 187440596 171881451 120392323 121132908 120769974 120978288 120487359 121141547 120420449 120770679 120496895 121124652 120468576 175797141
tsvc_2_s3112,fortran,,,ok,30,81958283,82180517,0.42,79758630,1.0015,no,True,0,True,0,,opt_reports/fparens/default/tsvc_2_s3112/fortran/tsvc_2_s3112_fp64.f90.optreport.txt:4: tsvc_2_s3112_fp64.f90:11:35: missed: not vectorized: unsupported use in stmt.,fadd_scalar=1,7857789057,23415958880,30,3.1877,,,,2.980,normal/4990019,nid005683,GNU Fortran (SUSE Linux) 13.3.1 20250313 [revision 4ef1d8c84faeebffeb0cc01ee22e891b41e5c4e0] [/users/lhulsbergen/bin/gfortran],0761bcd6a16a58d93e11e912804d76cbb565582edb839f8b61a7f5de971133aa,,/users/lhulsbergen/bin/gfortran -O3 -march=native -fopenmp -fno-math-errno -fno-trapping-math -fno-signed-zeros -ffp-contract=fast -fstrict-aliasing -fPIC -ftree-parallelize-loops=1 -Wall -Wextra -ffree-form -ffree-line-length-none -std=f2018 -fPIC -c /capstor/scratch/cscs/lhulsbergen/bachelorThesisArtifacts-followup/llr40Matrix/v2/followup/opt_reports/fparens/default/tsvc_2_s3112/fortran/tsvc_2_s3112_fp64.f90 -o /capstor/scratch/cscs/lhulsbergen/bachelorThesisArtifacts-followup/llr40Matrix/v2/followup/opt_reports/fparens/default/tsvc_2_s3112/fortran/build/tsvc_2_s3112_fp64.f90.o -fopt-info-vec-optimized -fopt-info-vec-missed -fopt-info-loop-optimized,"7857789057,,cycles,2465053632,100.00,, | 23415958880,,instructions,2465053632,100.00,2.98,insn per cycle",82255779 82127463 82184741 81958283 82169797 82089063 82196836 82030761 82135431 82176293 82229027 82192836 82338848 82283298 82292610 82199652 82364127 82075144 82271010 82162438 82375071 82137029 82129446 82045384 84026063 82061225 82250370 82135782 82366944 82092007
tsvc_2_s3112,fortran,fno-protect-parens,-fno-protect-parens,ok,30,82082254,82225146,0.10,79758630,1.0015,no,True,0,True,0,,opt_reports/fparens/noparens/tsvc_2_s3112/fortran/tsvc_2_s3112_fp64.f90.optreport.txt:4: tsvc_2_s3112_fp64.f90:11:35: missed: not vectorized: unsupported use in stmt.,fadd_scalar=1,7860328862,23416492319,30,3.1878,,,,2.979,normal/4990019,nid005683,GNU Fortran (SUSE Linux) 13.3.1 20250313 [revision 4ef1d8c84faeebffeb0cc01ee22e891b41e5c4e0] [/users/lhulsbergen/bin/gfortran],0761bcd6a16a58d93e11e912804d76cbb565582edb839f8b61a7f5de971133aa,,/users/lhulsbergen/bin/gfortran -O3 -march=native -fopenmp -fno-math-errno -fno-trapping-math -fno-signed-zeros -ffp-contract=fast -fno-protect-parens -fstrict-aliasing -fPIC -ftree-parallelize-loops=1 -Wall -Wextra -ffree-form -ffree-line-length-none -std=f2018 -fPIC -c /capstor/scratch/cscs/lhulsbergen/bachelorThesisArtifacts-followup/llr40Matrix/v2/followup/opt_reports/fparens/noparens/tsvc_2_s3112/fortran/tsvc_2_s3112_fp64.f90 -o /capstor/scratch/cscs/lhulsbergen/bachelorThesisArtifacts-followup/llr40Matrix/v2/followup/opt_reports/fparens/noparens/tsvc_2_s3112/fortran/build/tsvc_2_s3112_fp64.f90.o -fopt-info-vec-optimized -fopt-info-vec-missed -fopt-info-loop-optimized,"7860328862,,cycles,2465763168,100.00,, | 23416492319,,instructions,2465763168,100.00,2.98,insn per cycle",82186155 82202443 82133453 82193835 82309863 82424932 82320264 82253065 82195179 82258153 82277288 82161932 82139213 82182571 82144428 82151309 82082254 82147533 82302824 82408644 82188491 82288041 82260041 82218346 82297576 82281576 82359654 82164364 82231946 82250057
tsvc_2_s316,fortran,,,ok,30,80131060,80490601,0.24,80220555,1.0024,no,True,0,True,0,,opt_reports/fparens/default/tsvc_2_s316/fortran/tsvc_2_s316_fp64.f90.optreport.txt:4: tsvc_2_s316_fp64.f90:2:27: missed: not vectorized: unsupported use in stmt.,none,7690074739,36016741686,30,3.1862,,,,4.684,normal/4990019,nid005696,GNU Fortran (SUSE Linux) 13.3.1 20250313 [revision 4ef1d8c84faeebffeb0cc01ee22e891b41e5c4e0] [/users/lhulsbergen/bin/gfortran],f1f253d6f7375ca831eed0d962fff73c1e3f681eeed0cca7781d968c3b55068a,,/users/lhulsbergen/bin/gfortran -O3 -march=native -fopenmp -fno-math-errno -fno-trapping-math -fno-signed-zeros -ffp-contract=fast -fstrict-aliasing -fPIC -ftree-parallelize-loops=1 -Wall -Wextra -ffree-form -ffree-line-length-none -std=f2018 -fPIC -c /capstor/scratch/cscs/lhulsbergen/bachelorThesisArtifacts-followup/llr40Matrix/v2/followup/opt_reports/fparens/default/tsvc_2_s316/fortran/tsvc_2_s316_fp64.f90 -o /capstor/scratch/cscs/lhulsbergen/bachelorThesisArtifacts-followup/llr40Matrix/v2/followup/opt_reports/fparens/default/tsvc_2_s316/fortran/build/tsvc_2_s316_fp64.f90.o -fopt-info-vec-optimized -fopt-info-vec-missed -fopt-info-loop-optimized,"7690074739,,cycles,2413558112,100.00,, | 36016741686,,instructions,2413558112,100.00,4.68,insn per cycle",80593510 80459658 80541863 80703074 80567111 80760417 80734593 80833246 80714114 80788799 80164691 80782752 80503177 80330702 80380364 80599078 80439531 80557223 80279504 80225905 80380460 80661860 80419627 80568999 80181939 80390317 80395724 80322383 80131060 80478026
tsvc_2_s316,fortran,fno-protect-parens,-fno-protect-parens,ok,30,80322030,80599797,2.48,80220555,1.0024,no,True,0,True,0,,opt_reports/fparens/noparens/tsvc_2_s316/fortran/tsvc_2_s316_fp64.f90.optreport.txt:4: tsvc_2_s316_fp64.f90:2:27: missed: not vectorized: unsupported use in stmt.,none,7739898996,36017163745,30,3.1864,,,,4.653,normal/4990019,nid005696,GNU Fortran (SUSE Linux) 13.3.1 20250313 [revision 4ef1d8c84faeebffeb0cc01ee22e891b41e5c4e0] [/users/lhulsbergen/bin/gfortran],f1f253d6f7375ca831eed0d962fff73c1e3f681eeed0cca7781d968c3b55068a,,/users/lhulsbergen/bin/gfortran -O3 -march=native -fopenmp -fno-math-errno -fno-trapping-math -fno-signed-zeros -ffp-contract=fast -fno-protect-parens -fstrict-aliasing -fPIC -ftree-parallelize-loops=1 -Wall -Wextra -ffree-form -ffree-line-length-none -std=f2018 -fPIC -c /capstor/scratch/cscs/lhulsbergen/bachelorThesisArtifacts-followup/llr40Matrix/v2/followup/opt_reports/fparens/noparens/tsvc_2_s316/fortran/tsvc_2_s316_fp64.f90 -o /capstor/scratch/cscs/lhulsbergen/bachelorThesisArtifacts-followup/llr40Matrix/v2/followup/opt_reports/fparens/noparens/tsvc_2_s316/fortran/build/tsvc_2_s316_fp64.f90.o -fopt-info-vec-optimized -fopt-info-vec-missed -fopt-info-loop-optimized,"7739898996,,cycles,2429072736,100.00,, | 36017163745,,instructions,2429072736,100.00,4.65,insn per cycle",80504040 80738562 80586694 80545288 80399660 80540839 80430411 80830687 80411180 81039129 80520072 80631557 80795391 80925340 80527912 80892348 91759821 80934619 80612901 81018872 80864445 80813439 80322030 80520424 80388108 80922620 80388844 80634405 80396716 80495881
tsvc_2_s318,fortran,,,ok,30,79347388,79835903,0.33,79990482,1.0032,no,True,0,True,0,,opt_reports/fparens/default/tsvc_2_s318/fortran/tsvc_2_s318_fp64.f90.optreport.txt:5: tsvc_2_s318_fp64.f90:2:27: missed: not vectorized: unsupported use in stmt.,fadd_scalar=1,7700665467,42016491651,30,3.2154,,,,5.456,normal/4990019,nid005761,GNU Fortran (SUSE Linux) 13.3.1 20250313 [revision 4ef1d8c84faeebffeb0cc01ee22e891b41e5c4e0] [/users/lhulsbergen/bin/gfortran],cd95757c2db9c5138036f83235c3e61651b5d045ca246d4de4025607a95ab063,,/users/lhulsbergen/bin/gfortran -O3 -march=native -fopenmp -fno-math-errno -fno-trapping-math -fno-signed-zeros -ffp-contract=fast -fstrict-aliasing -fPIC -ftree-parallelize-loops=1 -Wall -Wextra -ffree-form -ffree-line-length-none -std=f2018 -fPIC -c /capstor/scratch/cscs/lhulsbergen/bachelorThesisArtifacts-followup/llr40Matrix/v2/followup/opt_reports/fparens/default/tsvc_2_s318/fortran/tsvc_2_s318_fp64.f90 -o /capstor/scratch/cscs/lhulsbergen/bachelorThesisArtifacts-followup/llr40Matrix/v2/followup/opt_reports/fparens/default/tsvc_2_s318/fortran/build/tsvc_2_s318_fp64.f90.o -fopt-info-vec-optimized -fopt-info-vec-missed -fopt-info-loop-optimized,"7700665467,,cycles,2394907584,100.00,, | 42016491651,,instructions,2394907584,100.00,5.46,insn per cycle",79777073 79991371 79738930 80151815 79812112 80299203 79719474 80243684 79671828 80137927 79840176 79831631 79636341 80029482 79579126 80015275 80348002 79774961 79526743 80063689 79556246 79952364 79347388 80010122 79719602 79901518 79386395 80320387 79751121 80044298
tsvc_2_s318,fortran,fno-protect-parens,-fno-protect-parens,ok,30,79601191,80011148,0.29,79990482,1.0032,no,True,0,True,0,,opt_reports/fparens/noparens/tsvc_2_s318/fortran/tsvc_2_s318_fp64.f90.optreport.txt:5: tsvc_2_s318_fp64.f90:2:27: missed: not vectorized: unsupported use in stmt.,fadd_scalar=1,7711716516,42017089925,30,3.2150,,,,5.448,normal/4990019,nid005761,GNU Fortran (SUSE Linux) 13.3.1 20250313 [revision 4ef1d8c84faeebffeb0cc01ee22e891b41e5c4e0] [/users/lhulsbergen/bin/gfortran],cd95757c2db9c5138036f83235c3e61651b5d045ca246d4de4025607a95ab063,,/users/lhulsbergen/bin/gfortran -O3 -march=native -fopenmp -fno-math-errno -fno-trapping-math -fno-signed-zeros -ffp-contract=fast -fno-protect-parens -fstrict-aliasing -fPIC -ftree-parallelize-loops=1 -Wall -Wextra -ffree-form -ffree-line-length-none -std=f2018 -fPIC -c /capstor/scratch/cscs/lhulsbergen/bachelorThesisArtifacts-followup/llr40Matrix/v2/followup/opt_reports/fparens/noparens/tsvc_2_s318/fortran/tsvc_2_s318_fp64.f90 -o /capstor/scratch/cscs/lhulsbergen/bachelorThesisArtifacts-followup/llr40Matrix/v2/followup/opt_reports/fparens/noparens/tsvc_2_s318/fortran/build/tsvc_2_s318_fp64.f90.o -fopt-info-vec-optimized -fopt-info-vec-missed -fopt-info-loop-optimized,"7711716516,,cycles,2398702400,100.00,, | 42017089925,,instructions,2398702400,100.00,5.45,insn per cycle",80085467 79888192 80170040 79898879 80267061 79971197 80474928 79951902 80363188 80045179 80325908 79798914 80057147 79789570 80249271 80252310 80177400 79713636 80123866 79881408 80178424 79634406 79984861 79679653 80037436 79699620 79801506 79601191 80192695 79777762
tsvc_2_s4112,fortran,,,ok,30,475440600,476721249,0.64,486178766,1.0026,no,True,0,True,1,opt_reports/fparens/default/tsvc_2_s4112/fortran/tsvc_2_s4112_fp64.f90.optreport.txt:3: tsvc_2_s4112_fp64.f90:10:13: optimized: loop vectorized using variable length vectors,,fmad_vec=1,46625251423,11003131026,30,3.2606,,,,0.236,debug/4990145,nid006547,GNU Fortran (SUSE Linux) 13.3.1 20250313 [revision 4ef1d8c84faeebffeb0cc01ee22e891b41e5c4e0] [/users/lhulsbergen/bin/gfortran],a43d7591754a337be7fadde29be4a7e6aae1c1b4f83cdf6a3b5a869787c8b725,,/users/lhulsbergen/bin/gfortran -O3 -march=native -fopenmp -fno-math-errno -fno-trapping-math -fno-signed-zeros -ffp-contract=fast -fstrict-aliasing -fPIC -ftree-parallelize-loops=1 -Wall -Wextra -ffree-form -ffree-line-length-none -std=f2018 -fPIC -c /capstor/scratch/cscs/lhulsbergen/bachelorThesisArtifacts-followup/llr40Matrix/v2/followup/opt_reports/fparens/default/tsvc_2_s4112/fortran/tsvc_2_s4112_fp64.f90 -o /capstor/scratch/cscs/lhulsbergen/bachelorThesisArtifacts-followup/llr40Matrix/v2/followup/opt_reports/fparens/default/tsvc_2_s4112/fortran/build/tsvc_2_s4112_fp64.f90.o -fopt-info-vec-optimized -fopt-info-vec-missed -fopt-info-loop-optimized,"46625251423,,cycles,14299591264,100.00,, | 11003131026,,instructions,14299591264,100.00,0.24,insn per cycle",477834232 478667859 476943626 477757841 478203588 477196706 476230208 476762608 476286173 476010822 477445882 476378267 476679890 475840491 476206592 477660852 475992423 478518011 475558260 476499287 475440600 489837442 476247264 476073605 476255487 475871051 477226817 476809358 477090053 487189107
tsvc_2_s4112,fortran,fno-protect-parens,-fno-protect-parens,ok,30,476683060,477684325,3.93,486178766,1.0026,no,True,0,True,1,opt_reports/fparens/noparens/tsvc_2_s4112/fortran/tsvc_2_s4112_fp64.f90.optreport.txt:3: tsvc_2_s4112_fp64.f90:10:13: optimized: loop vectorized using variable length vectors,,fmad_vec=1,46692836750,10998578547,30,3.2606,,,,0.236,debug/4990145,nid006547,GNU Fortran (SUSE Linux) 13.3.1 20250313 [revision 4ef1d8c84faeebffeb0cc01ee22e891b41e5c4e0] [/users/lhulsbergen/bin/gfortran],a43d7591754a337be7fadde29be4a7e6aae1c1b4f83cdf6a3b5a869787c8b725,,/users/lhulsbergen/bin/gfortran -O3 -march=native -fopenmp -fno-math-errno -fno-trapping-math -fno-signed-zeros -ffp-contract=fast -fno-protect-parens -fstrict-aliasing -fPIC -ftree-parallelize-loops=1 -Wall -Wextra -ffree-form -ffree-line-length-none -std=f2018 -fPIC -c /capstor/scratch/cscs/lhulsbergen/bachelorThesisArtifacts-followup/llr40Matrix/v2/followup/opt_reports/fparens/noparens/tsvc_2_s4112/fortran/tsvc_2_s4112_fp64.f90 -o /capstor/scratch/cscs/lhulsbergen/bachelorThesisArtifacts-followup/llr40Matrix/v2/followup/opt_reports/fparens/noparens/tsvc_2_s4112/fortran/build/tsvc_2_s4112_fp64.f90.o -fopt-info-vec-optimized -fopt-info-vec-missed -fopt-info-loop-optimized,"46692836750,,cycles,14320350848,100.00,, | 10998578547,,instructions,14320350848,100.00,0.24,insn per cycle",478864847 478876175 478724692 477844303 477567736 477922318 477534554 479114631 476977932 478663606 479189893 478522298 476818193 477642198 583019298 476683060 477906317 477185189 477432509 477305537 476999434 477726452 477029034 478754067 477826896 477368767 477497275 477124902 478456636 476867727
tsvc_2_vag,fortran,,,ok,30,455242641,456246545,0.17,464596039,0.9985,no,True,0,True,0,,opt_reports/fparens/default/tsvc_2_vag/fortran/tsvc_2_vag_fp64.f90.optreport.txt:4: tsvc_2_vag_fp64.f90:10:13: missed: Loop costings may not be worthwhile.,none,44936137372,15672175163,30,3.2864,,,,0.349,normal/4990019,nid005979,GNU Fortran (SUSE Linux) 13.3.1 20250313 [revision 4ef1d8c84faeebffeb0cc01ee22e891b41e5c4e0] [/users/lhulsbergen/bin/gfortran],229530196987f1029251d1c9727eec2d5b8f560e72ea41de0db88e774c3faa11,,/users/lhulsbergen/bin/gfortran -O3 -march=native -fopenmp -fno-math-errno -fno-trapping-math -fno-signed-zeros -ffp-contract=fast -fstrict-aliasing -fPIC -ftree-parallelize-loops=1 -Wall -Wextra -ffree-form -ffree-line-length-none -std=f2018 -fPIC -c /capstor/scratch/cscs/lhulsbergen/bachelorThesisArtifacts-followup/llr40Matrix/v2/followup/opt_reports/fparens/default/tsvc_2_vag/fortran/tsvc_2_vag_fp64.f90 -o /capstor/scratch/cscs/lhulsbergen/bachelorThesisArtifacts-followup/llr40Matrix/v2/followup/opt_reports/fparens/default/tsvc_2_vag/fortran/build/tsvc_2_vag_fp64.f90.o -fopt-info-vec-optimized -fopt-info-vec-missed -fopt-info-loop-optimized,"44936137372,,cycles,13673402688,100.00,, | 15672175163,,instructions,13673402688,100.00,0.35,insn per cycle",457379246 456030169 458361679 456731458 456907101 455242641 456429004 456163220 456300145 456364750 456206291 457313200 455551496 456112502 456003033 456384622 455617126 455981498 456398861 455486666 456050232 456286800 458653157 455884446 456502730 455787136 455592390 456464395 455832959 457347087
tsvc_2_vag,fortran,fno-protect-parens,-fno-protect-parens,ok,30,454554423,455419067,2.29,464596039,0.9985,no,True,0,True,0,,opt_reports/fparens/noparens/tsvc_2_vag/fortran/tsvc_2_vag_fp64.f90.optreport.txt:4: tsvc_2_vag_fp64.f90:10:13: missed: Loop costings may not be worthwhile.,none,44862194032,15673104269,30,3.2864,,,,0.349,normal/4990019,nid005979,GNU Fortran (SUSE Linux) 13.3.1 20250313 [revision 4ef1d8c84faeebffeb0cc01ee22e891b41e5c4e0] [/users/lhulsbergen/bin/gfortran],229530196987f1029251d1c9727eec2d5b8f560e72ea41de0db88e774c3faa11,,/users/lhulsbergen/bin/gfortran -O3 -march=native -fopenmp -fno-math-errno -fno-trapping-math -fno-signed-zeros -ffp-contract=fast -fno-protect-parens -fstrict-aliasing -fPIC -ftree-parallelize-loops=1 -Wall -Wextra -ffree-form -ffree-line-length-none -std=f2018 -fPIC -c /capstor/scratch/cscs/lhulsbergen/bachelorThesisArtifacts-followup/llr40Matrix/v2/followup/opt_reports/fparens/noparens/tsvc_2_vag/fortran/tsvc_2_vag_fp64.f90 -o /capstor/scratch/cscs/lhulsbergen/bachelorThesisArtifacts-followup/llr40Matrix/v2/followup/opt_reports/fparens/noparens/tsvc_2_vag/fortran/build/tsvc_2_vag_fp64.f90.o -fopt-info-vec-optimized -fopt-info-vec-missed -fopt-info-loop-optimized,"44862194032,,cycles,13650962688,100.00,, | 15673104269,,instructions,13650962688,100.00,0.35,insn per cycle",455652564 455245505 455047015 455934411 497268083 456203458 456030152 456166884 455560919 455425115 455251393 455345982 455557591 455413020 455992616 455574262 454883052 458158821 455340222 454554423 454752400 455093637 497877151 455088710 457505561 454969802 454734577 454846126 455115781 455991657
tsvc_2_vpvts,fortran,,,ok,30,87880616,88315515,0.81,89607445,1.0020,no,False,17,False,1,opt_reports/fparens/default/tsvc_2_vpvts/fortran/tsvc_2_vpvts_fp64.f90.optreport.txt:3: tsvc_2_vpvts_fp64.f90:10:13: optimized: loop vectorized using 16 byte vectors,,fmla_vec=1 fmul_scalar=1 fadd_scalar=1,8548256229,16122647274,30,3.2242,,,,1.886,normal/4990019,nid005980,GNU Fortran (SUSE Linux) 13.3.1 20250313 [revision 4ef1d8c84faeebffeb0cc01ee22e891b41e5c4e0] [/users/lhulsbergen/bin/gfortran],77fc0ad949ad5ba25c554b7f7c9294f29e5d464bc7aa414f7bf89a7182c1b1b9,,/users/lhulsbergen/bin/gfortran -O3 -march=native -fopenmp -fno-math-errno -fno-trapping-math -fno-signed-zeros -ffp-contract=fast -fstrict-aliasing -fPIC -ftree-parallelize-loops=1 -Wall -Wextra -ffree-form -ffree-line-length-none -std=f2018 -fPIC -c /capstor/scratch/cscs/lhulsbergen/bachelorThesisArtifacts-followup/llr40Matrix/v2/followup/opt_reports/fparens/default/tsvc_2_vpvts/fortran/tsvc_2_vpvts_fp64.f90 -o /capstor/scratch/cscs/lhulsbergen/bachelorThesisArtifacts-followup/llr40Matrix/v2/followup/opt_reports/fparens/default/tsvc_2_vpvts/fortran/build/tsvc_2_vpvts_fp64.f90.o -fopt-info-vec-optimized -fopt-info-vec-missed -fopt-info-loop-optimized,"8548256229,,cycles,2651251104,100.00,, | 16122647274,,instructions,2651251104,100.00,1.89,insn per cycle",88685168 88407384 88405081 88582035 88611154 88141568 88307547 91985003 88360282 88226046 88677328 87880616 88193406 88114753 88498389 88078722 88265053 88082466 88613522 88129120 88345786 88419224 88280764 88323483 89509430 88093762 88256573 88113249 88347290 88250557
tsvc_2_vpvts,fortran,fno-protect-parens,-fno-protect-parens,ok,30,88052132,88632801,2.86,89607445,1.0020,no,False,17,False,1,opt_reports/fparens/noparens/tsvc_2_vpvts/fortran/tsvc_2_vpvts_fp64.f90.optreport.txt:3: tsvc_2_vpvts_fp64.f90:10:13: optimized: loop vectorized using 16 byte vectors,,fmadd=1 fmla_vec=1,8583744117,16130629871,30,3.2240,,,,1.879,normal/4990019,nid005980,GNU Fortran (SUSE Linux) 13.3.1 20250313 [revision 4ef1d8c84faeebffeb0cc01ee22e891b41e5c4e0] [/users/lhulsbergen/bin/gfortran],77fc0ad949ad5ba25c554b7f7c9294f29e5d464bc7aa414f7bf89a7182c1b1b9,,/users/lhulsbergen/bin/gfortran -O3 -march=native -fopenmp -fno-math-errno -fno-trapping-math -fno-signed-zeros -ffp-contract=fast -fno-protect-parens -fstrict-aliasing -fPIC -ftree-parallelize-loops=1 -Wall -Wextra -ffree-form -ffree-line-length-none -std=f2018 -fPIC -c /capstor/scratch/cscs/lhulsbergen/bachelorThesisArtifacts-followup/llr40Matrix/v2/followup/opt_reports/fparens/noparens/tsvc_2_vpvts/fortran/tsvc_2_vpvts_fp64.f90 -o /capstor/scratch/cscs/lhulsbergen/bachelorThesisArtifacts-followup/llr40Matrix/v2/followup/opt_reports/fparens/noparens/tsvc_2_vpvts/fortran/build/tsvc_2_vpvts_fp64.f90.o -fopt-info-vec-optimized -fopt-info-vec-missed -fopt-info-loop-optimized,"8583744117,,cycles,2662482784,100.00,, | 16130629871,,instructions,2662482784,100.00,1.88,insn per cycle",89082659 88574771 88581715 88447703 88795373 88297980 88711247 88052132 88803148 88493110 102805762 88819244 89099075 88602578 88771661 88526165 88929000 88645681 88493110 88674896 89037989 88619922 88768173 88481014 88590611 88502710 88863370 88597107 88895786 88583155
tsvc_2_vtvtv,fortran,,,ok,30,96561846,97251447,1.97,95827894,1.0031,no,True,0,True,1,opt_reports/fparens/default/tsvc_2_vtvtv/fortran/tsvc_2_vtvtv_fp64.f90.optreport.txt:3: tsvc_2_vtvtv_fp64.f90:10:13: optimized: loop vectorized using 16 byte vectors,,fmul_scalar=2,9534923735,15021836196,30,3.2592,,,,1.575,debug/4990145,nid006547,GNU Fortran (SUSE Linux) 13.3.1 20250313 [revision 4ef1d8c84faeebffeb0cc01ee22e891b41e5c4e0] [/users/lhulsbergen/bin/gfortran],d267eb5fdb62557f682a29a360fea0c6d5889c8d1ad58885605e28f34474ecb7,,/users/lhulsbergen/bin/gfortran -O3 -march=native -fopenmp -fno-math-errno -fno-trapping-math -fno-signed-zeros -ffp-contract=fast -fstrict-aliasing -fPIC -ftree-parallelize-loops=1 -Wall -Wextra -ffree-form -ffree-line-length-none -std=f2018 -fPIC -c /capstor/scratch/cscs/lhulsbergen/bachelorThesisArtifacts-followup/llr40Matrix/v2/followup/opt_reports/fparens/default/tsvc_2_vtvtv/fortran/tsvc_2_vtvtv_fp64.f90 -o /capstor/scratch/cscs/lhulsbergen/bachelorThesisArtifacts-followup/llr40Matrix/v2/followup/opt_reports/fparens/default/tsvc_2_vtvtv/fortran/build/tsvc_2_vtvtv_fp64.f90.o -fopt-info-vec-optimized -fopt-info-vec-missed -fopt-info-loop-optimized,"9534923735,,cycles,2925502880,100.00,, | 15021836196,,instructions,2925502880,100.00,1.58,insn per cycle",97300301 97258446 97554469 97331436 97333388 97301229 97646467 97132626 97493927 97399818 97222127 97375915 97238319 97180386 97026855 97423003 96561846 97080485 96876524 97108100 107845197 97133155 97418523 98124003 96953929 97490520 97244448 96938665 96989064 97057542
tsvc_2_vtvtv,fortran,fno-protect-parens,-fno-protect-parens,ok,30,96859482,97311052,0.26,95827894,1.0031,no,True,0,True,1,opt_reports/fparens/noparens/tsvc_2_vtvtv/fortran/tsvc_2_vtvtv_fp64.f90.optreport.txt:3: tsvc_2_vtvtv_fp64.f90:10:13: optimized: loop vectorized using 16 byte vectors,,fmul_scalar=2,9505551540,15019814550,30,3.2593,,,,1.580,debug/4990145,nid006547,GNU Fortran (SUSE Linux) 13.3.1 20250313 [revision 4ef1d8c84faeebffeb0cc01ee22e891b41e5c4e0] [/users/lhulsbergen/bin/gfortran],d267eb5fdb62557f682a29a360fea0c6d5889c8d1ad58885605e28f34474ecb7,,/users/lhulsbergen/bin/gfortran -O3 -march=native -fopenmp -fno-math-errno -fno-trapping-math -fno-signed-zeros -ffp-contract=fast -fno-protect-parens -fstrict-aliasing -fPIC -ftree-parallelize-loops=1 -Wall -Wextra -ffree-form -ffree-line-length-none -std=f2018 -fPIC -c /capstor/scratch/cscs/lhulsbergen/bachelorThesisArtifacts-followup/llr40Matrix/v2/followup/opt_reports/fparens/noparens/tsvc_2_vtvtv/fortran/tsvc_2_vtvtv_fp64.f90 -o /capstor/scratch/cscs/lhulsbergen/bachelorThesisArtifacts-followup/llr40Matrix/v2/followup/opt_reports/fparens/noparens/tsvc_2_vtvtv/fortran/build/tsvc_2_vtvtv_fp64.f90.o -fopt-info-vec-optimized -fopt-info-vec-missed -fopt-info-loop-optimized,"9505551540,,cycles,2916453216,100.00,, | 15019814550,,instructions,2916453216,100.00,1.58,insn per cycle",97545605 97253455 97558981 97335020 97459335 97287085 97589060 96993814 97539622 97162769 97421033 96984982 97373579 97568869 97516966 97152274 97597156 96953335 97713248 97507110 97072628 96868378 97367531 96859482 97179825 96963319 97468264 96953271 97183440 97021846
wf_diff_skew,fortran,,,ok,30,61578705,64365821,2.36,60083936,1.0253,no,True,0,True,2,opt_reports/fparens/default/wf_diff_skew/fortran/wf_diff_skew_fp64.f90.optreport.txt:5: wf_diff_skew_fp64.f90:9:17: optimized: loop vectorized using 16 byte vectors,,fadd_scalar=4 fadd_vector=2,5929562076,22670006456,30,3.3167,,,,3.823,normal/4990019,nid006367,GNU Fortran (SUSE Linux) 13.3.1 20250313 [revision 4ef1d8c84faeebffeb0cc01ee22e891b41e5c4e0] [/users/lhulsbergen/bin/gfortran],d0ce69099f9c5b6f3f3e11804b155daeacbbfdea616b7e76f8ec693c0f703e50,,/users/lhulsbergen/bin/gfortran -O3 -march=native -fopenmp -fno-math-errno -fno-trapping-math -fno-signed-zeros -ffp-contract=fast -fstrict-aliasing -fPIC -ftree-parallelize-loops=1 -Wall -Wextra -ffree-form -ffree-line-length-none -std=f2018 -fPIC -c /capstor/scratch/cscs/lhulsbergen/bachelorThesisArtifacts-followup/llr40Matrix/v2/followup/opt_reports/fparens/default/wf_diff_skew/fortran/wf_diff_skew_fp64.f90 -o /capstor/scratch/cscs/lhulsbergen/bachelorThesisArtifacts-followup/llr40Matrix/v2/followup/opt_reports/fparens/default/wf_diff_skew/fortran/build/wf_diff_skew_fp64.f90.o -fopt-info-vec-optimized -fopt-info-vec-missed -fopt-info-loop-optimized,"5929562076,,cycles,1787814176,100.00,, | 22670006456,,instructions,1787814176,100.00,3.82,insn per cycle",64170225 67797082 63533281 63777884 64204241 66355357 64722821 63712829 66355357 64527401 65101755 67631070 63515202 63734141 64768387 63702845 64780451 63629566 66266943 64621799 63787227 66584216 64984895 63694397 67404548 63386533 63584128 67664221 63515298 61578705
wf_diff_skew,fortran,fno-protect-parens,-fno-protect-parens,ok,30,63138122,63752059,2.55,60083936,1.0253,no,True,0,True,2,opt_reports/fparens/noparens/wf_diff_skew/fortran/wf_diff_skew_fp64.f90.optreport.txt:5: wf_diff_skew_fp64.f90:9:17: optimized: loop vectorized using 16 byte vectors,,fadd_scalar=4 fadd_vector=2,5927618560,22669557737,30,3.3169,,,,3.824,normal/4990019,nid006367,GNU Fortran (SUSE Linux) 13.3.1 20250313 [revision 4ef1d8c84faeebffeb0cc01ee22e891b41e5c4e0] [/users/lhulsbergen/bin/gfortran],d0ce69099f9c5b6f3f3e11804b155daeacbbfdea616b7e76f8ec693c0f703e50,,/users/lhulsbergen/bin/gfortran -O3 -march=native -fopenmp -fno-math-errno -fno-trapping-math -fno-signed-zeros -ffp-contract=fast -fno-protect-parens -fstrict-aliasing -fPIC -ftree-parallelize-loops=1 -Wall -Wextra -ffree-form -ffree-line-length-none -std=f2018 -fPIC -c /capstor/scratch/cscs/lhulsbergen/bachelorThesisArtifacts-followup/llr40Matrix/v2/followup/opt_reports/fparens/noparens/wf_diff_skew/fortran/wf_diff_skew_fp64.f90 -o /capstor/scratch/cscs/lhulsbergen/bachelorThesisArtifacts-followup/llr40Matrix/v2/followup/opt_reports/fparens/noparens/wf_diff_skew/fortran/build/wf_diff_skew_fp64.f90.o -fopt-info-vec-optimized -fopt-info-vec-missed -fopt-info-loop-optimized,"5927618560,,cycles,1787111104,100.00,, | 22669557737,,instructions,1787111104,100.00,3.82,insn per cycle",63579776 67722620 63977463 63235017 64787395 63634431 67550720 63323654 63640191 67741563 63276392 67767067 63571040 63151243 64520553 63725692 66205344 63460387 63673246 67387940 63138122 63676030 63778427 63224360 64604679 63667550 66234464 64634854 63881753 67585887
wf_triangular,fortran,,,ok,30,98544103,99809728,0.56,99464481,0.9999,no,True,0,True,0,,opt_reports/fparens/default/wf_triangular/fortran/wf_triangular_fp64.f90.optreport.txt:5: wf_triangular_fp64.f90:8:13: missed: not vectorized: inner-loop count not invariant.,fadd_scalar=2,9740542717,36388033853,30,3.2602,,,,3.736,debug/4990145,nid006547,GNU Fortran (SUSE Linux) 13.3.1 20250313 [revision 4ef1d8c84faeebffeb0cc01ee22e891b41e5c4e0] [/users/lhulsbergen/bin/gfortran],6c9a92a349d932181dfcaedae06fb85d8f78ec540d48794125156114b0912d8b,,/users/lhulsbergen/bin/gfortran -O3 -march=native -fopenmp -fno-math-errno -fno-trapping-math -fno-signed-zeros -ffp-contract=fast -fstrict-aliasing -fPIC -ftree-parallelize-loops=1 -Wall -Wextra -ffree-form -ffree-line-length-none -std=f2018 -fPIC -c /capstor/scratch/cscs/lhulsbergen/bachelorThesisArtifacts-followup/llr40Matrix/v2/followup/opt_reports/fparens/default/wf_triangular/fortran/wf_triangular_fp64.f90 -o /capstor/scratch/cscs/lhulsbergen/bachelorThesisArtifacts-followup/llr40Matrix/v2/followup/opt_reports/fparens/default/wf_triangular/fortran/build/wf_triangular_fp64.f90.o -fopt-info-vec-optimized -fopt-info-vec-missed -fopt-info-loop-optimized,"9740542717,,cycles,2987742976,100.00,, | 36388033853,,instructions,2987742976,100.00,3.74,insn per cycle",99415308 100110519 99040888 100320400 99503562 100341168 100085784 99467499 100093271 100026618 99696004 99591815 100300113 100689989 98544103 99560584 99402188 99493642 98620100 98931387 99466987 99923453 99963483 100134498 100008572 99003996 100388305 100145144 100232885 98776003
wf_triangular,fortran,fno-protect-parens,-fno-protect-parens,ok,30,98538088,99592949,0.42,99464481,0.9999,no,True,0,True,0,,opt_reports/fparens/noparens/wf_triangular/fortran/wf_triangular_fp64.f90.optreport.txt:5: wf_triangular_fp64.f90:8:13: missed: not vectorized: inner-loop count not invariant.,fadd_scalar=2,9729420487,36388228801,30,3.2600,,,,3.740,debug/4990145,nid006547,GNU Fortran (SUSE Linux) 13.3.1 20250313 [revision 4ef1d8c84faeebffeb0cc01ee22e891b41e5c4e0] [/users/lhulsbergen/bin/gfortran],6c9a92a349d932181dfcaedae06fb85d8f78ec540d48794125156114b0912d8b,,/users/lhulsbergen/bin/gfortran -O3 -march=native -fopenmp -fno-math-errno -fno-trapping-math -fno-signed-zeros -ffp-contract=fast -fno-protect-parens -fstrict-aliasing -fPIC -ftree-parallelize-loops=1 -Wall -Wextra -ffree-form -ffree-line-length-none -std=f2018 -fPIC -c /capstor/scratch/cscs/lhulsbergen/bachelorThesisArtifacts-followup/llr40Matrix/v2/followup/opt_reports/fparens/noparens/wf_triangular/fortran/wf_triangular_fp64.f90 -o /capstor/scratch/cscs/lhulsbergen/bachelorThesisArtifacts-followup/llr40Matrix/v2/followup/opt_reports/fparens/noparens/wf_triangular/fortran/build/wf_triangular_fp64.f90.o -fopt-info-vec-optimized -fopt-info-vec-missed -fopt-info-loop-optimized,"9729420487,,cycles,2984524000,100.00,, | 36388228801,,instructions,2984524000,100.00,3.74,insn per cycle",99977384 100174914 99320670 99861356 99843468 99561430 99968297 98985191 99156866 99258624 100078885 99866541 99598613 99553558 99715057 99587285 99077989 99495319 98990408 99720387 99760898 98540295 98538088 99509641 100051640 99681188 99810272 99966139 99273937 99571367
