kernel,round,position,representation,status,n_reps,time_ns_min,time_ns_median,rsd_pct,frac_within15_kernel_gcc_fastest,frac_within15_own_fastest,round_rank_all6,round_rank_gcc,ratio_to_round_best_gcc,perf_cycles,perf_instructions,ipc,ghz_counter_enabled,perf_gated_reps,vmstat_delta,slurm_job,node,timestamp,compiler_version,notes,time_ns_all
tsvc_2_s1232,1,1,c,ok,30,48757356,63933235,21.96,0.000,0.300,3,2,1.281,6209756774,2285532551,0.368,3.248,30,compact_stall=0 compact_fail=0 compact_success=0 pgmigrate_success=0 pgmigrate_fail=0 thp_fault_alloc=162 thp_fault_fallback=0 thp_collapse_alloc=4 numa_pages_migrated=0 pgfault=1360175 pgmajfault=250,normal/4982638,nid005390,2026-10-05T11:24:53+0200,gcc-14 (SUSE Linux) 14.2.0 [/usr/bin/gcc-14],,48891783 77711010 49203519 77510631 49792751 77950394 50497883 77862589 48906151 78125237 48757356 77501159 48919591 77831422 50299616 78126454 49488695 76771388 49060612 77619556 51095082 77767199 50839857 77675650 49634387 77856221 50900912 78390823 50479392 77733017
tsvc_2_s1232,1,2,c_reference,ok,30,56349312,70790022,18.84,0.000,0.000,5,4,1.480,6905629052,2285517092,0.331,3.248,30,compact_stall=0 compact_fail=0 compact_success=0 pgmigrate_success=0 pgmigrate_fail=0 thp_fault_alloc=161 thp_fault_fallback=0 thp_collapse_alloc=3 numa_pages_migrated=0 pgfault=1363972 pgmajfault=0,normal/4982638,nid005390,2026-10-05T11:25:19+0200,gcc-14 (SUSE Linux) 14.2.0 [/usr/bin/gcc-14],source=tsvc_2_s1232_reference.c sha256=455109e4e2c80bee,56476988 83290978 57732186 84133034 56725206 84448898 58966840 84886774 57709819 83734837 58015634 84774073 56623896 82613204 56462397 84857335 58765054 83852593 58020178 84297703 58685472 84628157 57475585 84740826 56349312 84394083 56978670 85105328 58569732 83918417
tsvc_2_s1232,1,3,cpp,ok,30,52919742,58100720,5.56,0.000,0.000,4,3,1.390,5497429891,2291083349,0.417,3.246,30,compact_stall=0 compact_fail=0 compact_success=0 pgmigrate_success=0 pgmigrate_fail=0 thp_fault_alloc=194 thp_fault_fallback=0 thp_collapse_alloc=6 numa_pages_migrated=0 pgfault=1095224 pgmajfault=68,normal/4982638,nid005390,2026-10-05T11:25:45+0200,g++ (SUSE Linux) 13.3.1 20250313 [revision 4ef1d8c84faeebffeb0cc01ee22e891b41e5c4e0] [/users/lhulsbergen/bin/g++],,53795398 58585187 53672458 58607682 54074846 60112666 54578448 59364750 67352596 58055537 53555371 59176306 53821348 58265004 53919234 59287664 52919742 59113940 53949921 58653281 53645066 58209549 53772614 59303599 53914275 58145903 53978753 58212109 54340823 58621698
tsvc_2_s1232,1,4,fortran,ok,30,38061715,54201805,30.63,0.500,0.500,2,1,1.000,5356180919,2291448600,0.428,3.247,30,compact_stall=0 compact_fail=0 compact_success=0 pgmigrate_success=0 pgmigrate_fail=0 thp_fault_alloc=194 thp_fault_fallback=0 thp_collapse_alloc=3 numa_pages_migrated=0 pgfault=1088136 pgmajfault=37,normal/4982638,nid005390,2026-10-05T11:26:11+0200,GNU Fortran (SUSE Linux) 13.3.1 20250313 [revision 4ef1d8c84faeebffeb0cc01ee22e891b41e5c4e0] [/users/lhulsbergen/bin/gfortran],,69344420 38615555 71496744 38500871 83325148 38321612 70741949 38586212 71320238 38494759 70043890 39031608 71088691 38527814 71567014 38463271 71576678 38210703 70732093 38392042 69903189 38122962 71346508 38061715 73876165 39059191 71344844 38163632 71761632 38209647
tsvc_2_s1232,1,5,numba,ok,30,73809063,78362520,5.52,0.000,0.000,6,,1.939,7661630426,5116359763,0.668,3.248,30,compact_stall=0 compact_fail=0 compact_success=0 pgmigrate_success=0 pgmigrate_fail=0 thp_fault_alloc=182 thp_fault_fallback=0 thp_collapse_alloc=6 numa_pages_migrated=0 pgfault=1188195 pgmajfault=13,normal/4982638,nid005390,2026-10-05T11:26:38+0200,numba 0.67.0,,82701773 74482836 83450616 74828875 84351776 73977347 83377563 74056128 82969606 73908677 81448913 75276127 83543030 73967235 82590800 74133310 83805966 74456181 83537206 74273114 81932643 73809063 82271417 74660655 83076323 75268638 82701101 74640240 83014532 74055872
tsvc_2_s1232,1,6,agent,ok,30,12269191,12372052,0.56,1.000,1.000,1,,0.322,1209513616,1017726453,0.841,3.247,30,compact_stall=0 compact_fail=0 compact_success=0 pgmigrate_success=0 pgmigrate_fail=0 thp_fault_alloc=162 thp_fault_fallback=0 thp_collapse_alloc=3 numa_pages_migrated=0 pgfault=1353979 pgmajfault=0,normal/4982638,nid005390,2026-10-05T11:27:02+0200,GNU Fortran (SUSE Linux) 13.3.1 20250313 [revision 4ef1d8c84faeebffeb0cc01ee22e891b41e5c4e0] [/users/lhulsbergen/bin/gfortran],rank=2 arm=llr40v10-qwen38-fortran job=621385 seq=1 lang=fortran campaign_speedup=169.757 sha256=6440021a759f92e9,12316358 12344261 12316422 12383013 12334373 12557632 12269191 12440130 12269768 12376165 12345350 12453059 12404612 12405251 12329446 12405635 12364645 12342662 12367525 12373092 12525792 12470018 12393636 12454723 12354213 12371012 12295783 12440067 12490497 12345668
tsvc_2_s1232,2,6,c,ok,30,56242299,69632999,17.01,0.000,0.000,5,4,1.316,6749021174,2285231163,0.339,3.249,30,compact_stall=0 compact_fail=0 compact_success=0 pgmigrate_success=0 pgmigrate_fail=0 thp_fault_alloc=162 thp_fault_fallback=0 thp_collapse_alloc=3 numa_pages_migrated=0 pgfault=1357506 pgmajfault=0,normal/4982638,nid005390,2026-10-05T11:29:37+0200,gcc-14 (SUSE Linux) 14.2.0 [/usr/bin/gcc-14],,56752170 81387594 57924133 80586340 58854855 80871675 58927012 80065173 57485299 81042389 57251835 81694304 59200826 82827515 58523345 80459368 56774538 80823324 57426612 81284589 56999139 81092116 56467221 80761982 56888102 80457992 56242299 81257262 57319448 81279309
tsvc_2_s1232,2,1,c_reference,ok,30,49388910,62009481,16.45,0.000,0.000,3,2,1.155,6015273154,2284012934,0.380,3.248,30,compact_stall=0 compact_fail=0 compact_success=0 pgmigrate_success=0 pgmigrate_fail=0 thp_fault_alloc=163 thp_fault_fallback=0 thp_collapse_alloc=4 numa_pages_migrated=0 pgfault=1347591 pgmajfault=0,normal/4982638,nid005390,2026-10-05T11:27:30+0200,gcc-14 (SUSE Linux) 14.2.0 [/usr/bin/gcc-14],source=tsvc_2_s1232_reference.c sha256=455109e4e2c80bee,51800202 71592827 51373686 72281672 50793478 71249189 52259901 71669337 51089214 71201542 51128252 72289415 49388910 72985524 51621646 71888211 51816073 72638814 50720552 71516957 52850252 71452095 51890311 72999988 52770254 71168711 52842572 71776886 52151199 71716696
tsvc_2_s1232,2,2,cpp,ok,30,54088169,56748094,3.50,0.000,0.000,4,3,1.265,5533151429,2284020693,0.413,3.248,30,compact_stall=0 compact_fail=0 compact_success=0 pgmigrate_success=0 pgmigrate_fail=0 thp_fault_alloc=194 thp_fault_fallback=0 thp_collapse_alloc=3 numa_pages_migrated=0 pgfault=1094862 pgmajfault=0,normal/4982638,nid005390,2026-10-05T11:27:55+0200,g++ (SUSE Linux) 13.3.1 20250313 [revision 4ef1d8c84faeebffeb0cc01ee22e891b41e5c4e0] [/users/lhulsbergen/bin/g++],,56202445 58089913 54549020 58846339 54751063 58707207 54234757 57439563 55917334 58898626 54465950 59375828 54926641 59391347 54809845 57061045 54409728 60083456 54166919 59814631 54584347 58516908 55236425 56858363 56141552 58698567 54088169 58517325 56637825 58696487
tsvc_2_s1232,2,3,fortran,ok,30,42752263,59618033,26.78,0.200,0.200,2,1,1.000,5831571225,2285432865,0.392,3.248,30,compact_stall=0 compact_fail=0 compact_success=0 pgmigrate_success=0 pgmigrate_fail=0 thp_fault_alloc=194 thp_fault_fallback=0 thp_collapse_alloc=3 numa_pages_migrated=0 pgfault=1092581 pgmajfault=0,normal/4982638,nid005390,2026-10-05T11:28:21+0200,GNU Fortran (SUSE Linux) 13.3.1 20250313 [revision 4ef1d8c84faeebffeb0cc01ee22e891b41e5c4e0] [/users/lhulsbergen/bin/gfortran],,76159973 44428438 77580378 43877381 75500889 43792168 75709490 43754218 76146278 43554543 74753902 43527888 75672244 44219676 75480378 44251547 75773648 44482164 77093162 43741513 75673427 42752263 74787342 43734986 76262498 43873062 75553143 43974084 76566073 43990915
tsvc_2_s1232,2,4,numba,ok,30,60815822,74647185,18.02,0.000,0.500,6,,1.423,7292576612,5116289028,0.702,3.249,30,compact_stall=0 compact_fail=0 compact_success=0 pgmigrate_success=0 pgmigrate_fail=0 thp_fault_alloc=194 thp_fault_fallback=0 thp_collapse_alloc=4 numa_pages_migrated=0 pgfault=1094549 pgmajfault=0,normal/4982638,nid005390,2026-10-05T11:28:47+0200,numba 0.67.0,,88459959 61490074 88090242 61228001 89560470 61729746 87882152 61186754 87564625 61408508 88954984 61235553 88276669 61364189 87887848 61348062 88750318 61607574 88039171 60815822 87566098 61596374 89091140 61416732 88103970 61607030 88129632 61157028 88909993 61598295
tsvc_2_s1232,2,5,agent,ok,30,12224390,12373937,0.78,1.000,1.000,1,,0.286,1209298747,1018107760,0.842,3.247,30,compact_stall=0 compact_fail=0 compact_success=0 pgmigrate_success=0 pgmigrate_fail=0 thp_fault_alloc=162 thp_fault_fallback=0 thp_collapse_alloc=6 numa_pages_migrated=0 pgfault=1353991 pgmajfault=0,normal/4982638,nid005390,2026-10-05T11:29:11+0200,GNU Fortran (SUSE Linux) 13.3.1 20250313 [revision 4ef1d8c84faeebffeb0cc01ee22e891b41e5c4e0] [/users/lhulsbergen/bin/gfortran],rank=2 arm=llr40v10-qwen38-fortran job=621385 seq=1 lang=fortran campaign_speedup=169.757 sha256=6440021a759f92e9,12315523 12436543 12319587 12464447 12377537 12515741 12284516 12339842 12224390 12506366 12306147 12464991 12247077 12323299 12279460 12370338 12340610 12526653 12244869 12399297 12399968 12493118 12353026 12544797 12288452 12363106 12481407 12578375 12464715 12401420
tsvc_2_s1232,3,5,c,ok,30,50503149,64934607,15.19,0.000,0.000,3,2,1.315,5940155574,2291194196,0.386,3.247,30,compact_stall=0 compact_fail=0 compact_success=0 pgmigrate_success=0 pgmigrate_fail=0 thp_fault_alloc=164 thp_fault_fallback=0 thp_collapse_alloc=5 numa_pages_migrated=0 pgfault=1341116 pgmajfault=0,normal/4982638,nid005390,2026-10-05T11:31:50+0200,gcc-14 (SUSE Linux) 14.2.0 [/usr/bin/gcc-14],,51085498 70033683 51221719 70539043 50912416 70329898 51343282 70854489 64290467 70768092 51877378 70785020 53257463 70675582 50503149 70922743 52393201 65578747 51077819 70793723 51353555 70490596 51472846 70443238 51307316 71583843 51449135 69627039 51079163 70191438
tsvc_2_s1232,3,6,c_reference,ok,30,38405025,53824598,29.05,0.500,0.500,2,1,1.000,5285979606,2283951249,0.432,3.248,30,compact_stall=0 compact_fail=0 compact_success=0 pgmigrate_success=0 pgmigrate_fail=0 thp_fault_alloc=194 thp_fault_fallback=0 thp_collapse_alloc=2 numa_pages_migrated=0 pgfault=1095020 pgmajfault=0,normal/4982638,nid005390,2026-10-05T11:32:15+0200,gcc-14 (SUSE Linux) 14.2.0 [/usr/bin/gcc-14],source=tsvc_2_s1232_reference.c sha256=455109e4e2c80bee,69305545 38423489 69619583 39008366 71816028 38682040 70343177 38452288 70329001 38469055 71351946 38680984 70711998 38445152 70135151 38472575 70434759 38405025 70291754 38604282 69894423 38550460 68950516 38437983 68640830 38415776 69601984 38541853 69504034 38406369
tsvc_2_s1232,3,1,cpp,ok,30,53109543,59345716,9.91,0.000,0.000,4,3,1.383,5828099972,2291152046,0.393,3.247,30,compact_stall=0 compact_fail=0 compact_success=0 pgmigrate_success=0 pgmigrate_fail=0 thp_fault_alloc=182 thp_fault_fallback=0 thp_collapse_alloc=3 numa_pages_migrated=0 pgfault=1193531 pgmajfault=0,normal/4982638,nid005390,2026-10-05T11:30:05+0200,g++ (SUSE Linux) 13.3.1 20250313 [revision 4ef1d8c84faeebffeb0cc01ee22e891b41e5c4e0] [/users/lhulsbergen/bin/g++],,66065075 54066508 65534466 54681403 65773596 54817046 63942640 53420031 63841107 53336449 65974198 54497440 65534018 54864982 65919799 54567870 65710813 54440514 63621241 53109543 72070758 53844147 66178128 54573278 65575905 54672858 65972086 55070191 65438789 53616794
tsvc_2_s1232,3,2,fortran,ok,30,57741736,67707082,12.47,0.000,0.000,5,4,1.503,6620753718,2286323548,0.345,3.248,30,compact_stall=0 compact_fail=0 compact_success=0 pgmigrate_success=0 pgmigrate_fail=0 thp_fault_alloc=163 thp_fault_fallback=0 thp_collapse_alloc=4 numa_pages_migrated=0 pgfault=1346858 pgmajfault=0,normal/4982638,nid005390,2026-10-05T11:30:32+0200,GNU Fortran (SUSE Linux) 13.3.1 20250313 [revision 4ef1d8c84faeebffeb0cc01ee22e891b41e5c4e0] [/users/lhulsbergen/bin/gfortran],,59861064 76580045 60241373 76811302 59608240 76465553 59468597 76738408 58195739 75691432 60617553 76320341 60227580 76163258 59319641 76822277 59792843 77233498 59435477 76845253 60583058 76855269 57741736 76891971 59777259 76257591 59148862 74796611 58943780 76067804
tsvc_2_s1232,3,3,numba,ok,30,80089315,80904202,0.67,0.000,0.000,6,,2.085,7863596681,5117943493,0.651,3.248,30,compact_stall=0 compact_fail=0 compact_success=0 pgmigrate_success=0 pgmigrate_fail=0 thp_fault_alloc=193 thp_fault_fallback=0 thp_collapse_alloc=6 numa_pages_migrated=0 pgfault=1098109 pgmajfault=0,normal/4982638,nid005390,2026-10-05T11:31:00+0200,numba 0.67.0,,80265501 81330429 80325691 81240256 81833166 81074661 80241790 81373595 80258110 81325469 80096610 81078437 80089315 81167266 80662386 81419931 80612114 81264735 80350650 81259423 80472855 82004873 80396281 80900779 80162849 81103044 80163392 81239295 80173088 80907625
tsvc_2_s1232,3,4,agent,ok,30,12207144,12388247,0.74,1.000,1.000,1,,0.318,1208593931,1018450507,0.843,3.246,30,compact_stall=0 compact_fail=0 compact_success=0 pgmigrate_success=0 pgmigrate_fail=0 thp_fault_alloc=182 thp_fault_fallback=0 thp_collapse_alloc=3 numa_pages_migrated=0 pgfault=1188792 pgmajfault=0,normal/4982638,nid005390,2026-10-05T11:31:24+0200,GNU Fortran (SUSE Linux) 13.3.1 20250313 [revision 4ef1d8c84faeebffeb0cc01ee22e891b41e5c4e0] [/users/lhulsbergen/bin/gfortran],rank=2 arm=llr40v10-qwen38-fortran job=621385 seq=1 lang=fortran campaign_speedup=169.757 sha256=6440021a759f92e9,12305978 12364088 12394583 12404182 12242843 12443829 12380087 12355576 12388886 12462517 12403126 12387608 12385975 12302873 12380598 12618993 12291718 12474208 12340035 12418658 12207144 12608379 12534078 12420929 12236391 12398019 12422401 12333156 12339140 12438401
tsvc_2_s1232,4,4,c,ok,30,43312567,59766113,27.77,0.267,0.500,3,2,1.011,5897652179,2285539673,0.388,3.248,30,compact_stall=0 compact_fail=0 compact_success=0 pgmigrate_success=0 pgmigrate_fail=0 thp_fault_alloc=194 thp_fault_fallback=0 thp_collapse_alloc=6 numa_pages_migrated=0 pgfault=1093682 pgmajfault=0,normal/4982638,nid005390,2026-10-05T11:34:01+0200,gcc-14 (SUSE Linux) 14.2.0 [/usr/bin/gcc-14],,80046454 43839879 77753500 43774089 75089230 44442996 77978198 43634637 76138477 43639662 77418246 44153949 80188594 43575982 76196621 43388277 75250505 44069248 76655550 43893765 75505121 43702378 78266925 43312567 80369772 44020641 76608767 43761737 76705596 43711403
tsvc_2_s1232,4,5,c_reference,ok,30,42842022,58944858,27.41,0.467,0.500,2,1,1.000,5822700436,2284297128,0.392,3.248,30,compact_stall=0 compact_fail=0 compact_success=0 pgmigrate_success=0 pgmigrate_fail=0 thp_fault_alloc=194 thp_fault_fallback=0 thp_collapse_alloc=3 numa_pages_migrated=0 pgfault=1095011 pgmajfault=0,normal/4982638,nid005390,2026-10-05T11:34:26+0200,gcc-14 (SUSE Linux) 14.2.0 [/usr/bin/gcc-14],source=tsvc_2_s1232_reference.c sha256=455109e4e2c80bee,76458532 43354774 76265610 43421140 75868406 43661324 76429349 43275160 76209132 43217786 75443426 43793224 76373222 43224857 78117745 43647341 76030513 43497969 74096492 43190106 75745754 43708107 76332744 43468626 76682493 43539663 76485027 42842022 75890165 43339862
tsvc_2_s1232,4,6,cpp,ok,30,52823276,58717847,8.85,0.000,0.000,5,4,1.233,5749758679,2284328145,0.397,3.248,30,compact_stall=0 compact_fail=0 compact_success=0 pgmigrate_success=0 pgmigrate_fail=0 thp_fault_alloc=182 thp_fault_fallback=0 thp_collapse_alloc=6 numa_pages_migrated=0 pgfault=1192160 pgmajfault=0,normal/4982638,nid005390,2026-10-05T11:34:52+0200,g++ (SUSE Linux) 13.3.1 20250313 [revision 4ef1d8c84faeebffeb0cc01ee22e891b41e5c4e0] [/users/lhulsbergen/bin/g++],,64141456 53229887 64133425 52823276 64197870 54248352 64543588 53754511 64152176 53958761 64401449 54253760 65452169 53278333 64332170 53184576 65195824 53203072 63929302 53751151 64193518 54070277 64261837 54716849 62540194 53985672 63954454 54895501 64307499 54623284
tsvc_2_s1232,4,1,fortran,ok,30,46856540,58458087,4.06,0.000,0.000,4,3,1.094,5670475739,2288361171,0.404,3.248,30,compact_stall=0 compact_fail=0 compact_success=0 pgmigrate_success=0 pgmigrate_fail=0 thp_fault_alloc=193 thp_fault_fallback=0 thp_collapse_alloc=4 numa_pages_migrated=0 pgfault=1096653 pgmajfault=0,normal/4982638,nid005390,2026-10-05T11:32:43+0200,GNU Fortran (SUSE Linux) 13.3.1 20250313 [revision 4ef1d8c84faeebffeb0cc01ee22e891b41e5c4e0] [/users/lhulsbergen/bin/gfortran],,58116786 57391753 58591171 57264686 58361322 57527269 59235374 58272781 59594947 58616610 59236270 46856540 58236942 58464743 58290732 58100082 60819067 58020918 61419944 58573668 59744126 58584323 61603906 57878938 57917368 58528421 59248014 58451431 58915224 58437896
tsvc_2_s1232,4,2,numba,ok,30,75359787,82237661,7.56,0.000,0.000,6,,1.759,8017191705,5124043115,0.639,3.248,30,compact_stall=0 compact_fail=0 compact_success=0 pgmigrate_success=0 pgmigrate_fail=0 thp_fault_alloc=163 thp_fault_fallback=0 thp_collapse_alloc=5 numa_pages_migrated=0 pgfault=1345447 pgmajfault=0,normal/4982638,nid005390,2026-10-05T11:33:11+0200,numba 0.67.0,,76494243 88407811 76056977 89167051 76267088 88502209 76636069 87412930 77062393 94778277 76887966 87537502 75359787 88552063 76618374 88481858 76585991 87451585 76220786 88186571 76010872 88430692 76347855 87855541 76889566 88393029 76257233 88102157 76307280 88171339
tsvc_2_s1232,4,3,agent,ok,30,12279183,12368937,6.21,1.000,0.967,1,,0.287,1213674234,1022555281,0.843,3.244,30,compact_stall=0 compact_fail=0 compact_success=0 pgmigrate_success=0 pgmigrate_fail=0 thp_fault_alloc=193 thp_fault_fallback=0 thp_collapse_alloc=3 numa_pages_migrated=0 pgfault=1100059 pgmajfault=0,normal/4982638,nid005390,2026-10-05T11:33:35+0200,GNU Fortran (SUSE Linux) 13.3.1 20250313 [revision 4ef1d8c84faeebffeb0cc01ee22e891b41e5c4e0] [/users/lhulsbergen/bin/gfortran],rank=2 arm=llr40v10-qwen38-fortran job=621385 seq=1 lang=fortran campaign_speedup=169.757 sha256=6440021a759f92e9,12313807 12556423 12360717 12366349 12546632 12398444 12279183 12313998 12337294 12565384 12322606 12342478 12467300 12503779 12322153 12350823 16702947 12389765 12371526 12446981 12305769 12395142 12405734 12378502 12353895 12430437 12315816 12525634 12289289 12354567
tsvc_2_s1232,5,3,c,ok,30,43915812,51971961,10.48,0.000,0.500,3,2,1.035,5054820851,2290488114,0.453,3.247,30,compact_stall=0 compact_fail=0 compact_success=0 pgmigrate_success=0 pgmigrate_fail=0 thp_fault_alloc=184 thp_fault_fallback=0 thp_collapse_alloc=6 numa_pages_migrated=0 pgfault=1175231 pgmajfault=0,normal/4982638,nid005390,2026-10-05T11:36:11+0200,gcc-14 (SUSE Linux) 14.2.0 [/usr/bin/gcc-14],,56018762 47925160 56795091 47553426 56805361 46768780 65272329 43915812 57012971 47546419 56636247 47447990 56855728 46463477 56786899 46634767 56868848 46696941 56435262 47824842 56775250 46396983 56551930 46858952 56637560 47666927 56558554 46648655 57209062 46804970
tsvc_2_s1232,5,4,c_reference,ok,30,58738124,70620244,13.21,0.000,0.000,5,4,1.385,6691409124,2288562340,0.342,3.248,30,compact_stall=0 compact_fail=0 compact_success=0 pgmigrate_success=0 pgmigrate_fail=0 thp_fault_alloc=163 thp_fault_fallback=0 thp_collapse_alloc=4 numa_pages_migrated=0 pgfault=1349301 pgmajfault=0,normal/4982638,nid005390,2026-10-05T11:36:37+0200,gcc-14 (SUSE Linux) 14.2.0 [/usr/bin/gcc-14],source=tsvc_2_s1232_reference.c sha256=455109e4e2c80bee,59128224 77584912 64425824 79150721 58772587 78575155 59440918 77610608 59834859 77966853 59318266 77958373 58738124 78037859 59236701 77375255 59202238 77458836 59602770 77780267 59921512 77394903 60253214 79114851 59713839 76814664 59451255 77659534 59768109 77405878
tsvc_2_s1232,5,5,cpp,ok,30,42416459,59313672,27.97,0.467,0.500,2,1,1.000,5843896124,2284152224,0.391,3.248,30,compact_stall=0 compact_fail=0 compact_success=0 pgmigrate_success=0 pgmigrate_fail=0 thp_fault_alloc=194 thp_fault_fallback=0 thp_collapse_alloc=3 numa_pages_migrated=0 pgfault=1095233 pgmajfault=0,normal/4982638,nid005390,2026-10-05T11:37:03+0200,g++ (SUSE Linux) 13.3.1 20250313 [revision 4ef1d8c84faeebffeb0cc01ee22e891b41e5c4e0] [/users/lhulsbergen/bin/g++],,77507612 43579430 76480828 43497897 77240325 43696963 76441630 42416459 76626168 43708067 76352384 43092214 76787635 43213810 76386239 42696034 76897775 43232433 78974446 42762880 78761716 43452395 76460477 42797439 76147527 43845534 75346048 43092085 74781810 43345966
tsvc_2_s1232,5,6,fortran,ok,30,46270482,51049516,67.40,0.000,0.000,4,3,1.091,4836929120,2283311878,0.472,3.248,30,compact_stall=0 compact_fail=0 compact_success=0 pgmigrate_success=0 pgmigrate_fail=0 thp_fault_alloc=194 thp_fault_fallback=0 thp_collapse_alloc=5 numa_pages_migrated=0 pgfault=1092209 pgmajfault=0,normal/4982638,nid005390,2026-10-05T11:37:28+0200,GNU Fortran (SUSE Linux) 13.3.1 20250313 [revision 4ef1d8c84faeebffeb0cc01ee22e891b41e5c4e0] [/users/lhulsbergen/bin/gfortran],,49037051 51584747 47517003 51222134 48223156 51158073 47265202 54338900 48238836 52061180 46270482 52272118 47405198 52064892 46360752 51501165 47329553 51776804 263061973 51882818 47230772 50940959 47713988 51396081 47285714 52651529 48496236 51894081 47335089 51530349
tsvc_2_s1232,5,1,numba,ok,30,80461467,81042634,0.36,0.000,0.000,6,,1.897,7893335118,5116966229,0.648,3.248,30,compact_stall=0 compact_fail=0 compact_success=0 pgmigrate_success=0 pgmigrate_fail=0 thp_fault_alloc=193 thp_fault_fallback=0 thp_collapse_alloc=2 numa_pages_migrated=0 pgfault=1096399 pgmajfault=0,normal/4982638,nid005390,2026-10-05T11:35:21+0200,numba 0.67.0,,81099336 81197829 80893518 81277442 80485819 81513500 80629430 81204356 80729907 80950285 81058730 81257508 80920078 81132231 80717108 81252163 81026538 81286083 80783602 80830320 81019339 81264643 81154727 80928589 80722964 81271202 81363105 81004875 80461467 81767827
tsvc_2_s1232,5,2,agent,ok,30,12206755,12382413,0.94,1.000,1.000,1,,0.288,1209485402,1017951790,0.842,3.247,30,compact_stall=0 compact_fail=0 compact_success=0 pgmigrate_success=0 pgmigrate_fail=0 thp_fault_alloc=194 thp_fault_fallback=0 thp_collapse_alloc=4 numa_pages_migrated=0 pgfault=1093591 pgmajfault=0,normal/4982638,nid005390,2026-10-05T11:35:45+0200,GNU Fortran (SUSE Linux) 13.3.1 20250313 [revision 4ef1d8c84faeebffeb0cc01ee22e891b41e5c4e0] [/users/lhulsbergen/bin/gfortran],rank=2 arm=llr40v10-qwen38-fortran job=621385 seq=1 lang=fortran campaign_speedup=169.757 sha256=6440021a759f92e9,12436771 12444546 12238281 12511744 12224425 12569407 12382206 12431196 12417532 12362814 12365470 12548088 12253569 12337086 12279648 12601334 12388893 12381374 12362174 12503225 12206755 12382621 12240578 12494073 12256737 12491098 12284768 12610230 12234370 12421852
tsvc_2_s1232,6,2,c,ok,30,56108156,69801349,16.60,0.000,0.000,5,4,1.157,6754681082,2285490208,0.338,3.248,30,compact_stall=0 compact_fail=0 compact_success=0 pgmigrate_success=0 pgmigrate_fail=0 thp_fault_alloc=162 thp_fault_fallback=0 thp_collapse_alloc=4 numa_pages_migrated=0 pgfault=1357400 pgmajfault=0,normal/4982638,nid005390,2026-10-05T11:38:20+0200,gcc-14 (SUSE Linux) 14.2.0 [/usr/bin/gcc-14],,57976963 80331089 58871623 80708421 59219740 81109592 57414228 80538410 56707049 80941405 58554097 80747011 57098589 81361040 56108156 80776163 57277016 80783458 58273945 81245875 59077441 81459950 59271610 80488139 57003681 81036538 56771176 80875455 58785929 80929566
tsvc_2_s1232,6,3,c_reference,ok,30,55798181,63977817,11.45,0.000,0.000,4,3,1.151,6238990912,2285498124,0.366,3.248,30,compact_stall=0 compact_fail=0 compact_success=0 pgmigrate_success=0 pgmigrate_fail=0 thp_fault_alloc=184 thp_fault_fallback=0 thp_collapse_alloc=4 numa_pages_migrated=0 pgfault=1175575 pgmajfault=0,normal/4982638,nid005390,2026-10-05T11:38:46+0200,gcc-14 (SUSE Linux) 14.2.0 [/usr/bin/gcc-14],source=tsvc_2_s1232_reference.c sha256=455109e4e2c80bee,56460978 71469442 57860806 72322088 57063262 71463074 57241657 71791063 56707945 71743354 55798181 71270728 57445106 71411396 56372020 71563455 55948992 70094828 57335862 71131340 56612620 71468738 56308438 71106605 57584878 70966193 56642283 71323974 55891234 71546399
tsvc_2_s1232,6,4,cpp,ok,30,48498227,56248288,12.73,0.000,0.167,2,1,1.000,5473855087,2284606944,0.417,3.248,30,compact_stall=0 compact_fail=0 compact_success=0 pgmigrate_success=0 pgmigrate_fail=0 thp_fault_alloc=187 thp_fault_fallback=0 thp_collapse_alloc=2 numa_pages_migrated=0 pgfault=1155640 pgmajfault=0,normal/4982638,nid005390,2026-10-05T11:39:11+0200,g++ (SUSE Linux) 13.3.1 20250313 [revision 4ef1d8c84faeebffeb0cc01ee22e891b41e5c4e0] [/users/lhulsbergen/bin/g++],,48498227 63104330 49390903 63692856 49621776 63264933 50108896 63138089 48562736 63057260 48920678 63566075 48961189 63393889 49011234 63722295 48698669 63129801 49426454 63714455 48745323 63459295 49417462 62387681 48600752 63930352 49000675 63231302 49000771 63410848
tsvc_2_s1232,6,5,fortran,ok,30,53354331,57731890,5.59,0.000,0.000,3,2,1.100,5538908013,2291682835,0.414,3.246,30,compact_stall=0 compact_fail=0 compact_success=0 pgmigrate_success=0 pgmigrate_fail=0 thp_fault_alloc=194 thp_fault_fallback=0 thp_collapse_alloc=4 numa_pages_migrated=0 pgfault=1092892 pgmajfault=0,normal/4982638,nid005390,2026-10-05T11:39:36+0200,GNU Fortran (SUSE Linux) 13.3.1 20250313 [revision 4ef1d8c84faeebffeb0cc01ee22e891b41e5c4e0] [/users/lhulsbergen/bin/gfortran],,54428153 58703892 54449464 59684405 54000967 59353728 54380186 59044457 54326973 58486619 53354331 58450684 54472632 59807857 54530710 58830960 54275486 58844623 54217376 57477690 68382532 60407678 54774735 59335936 54708049 57986090 53811501 58946573 54694993 60723412
tsvc_2_s1232,6,6,numba,ok,30,75745534,82441010,7.82,0.000,0.000,6,,1.562,8052742613,5117509405,0.635,3.249,30,compact_stall=0 compact_fail=0 compact_success=0 pgmigrate_success=0 pgmigrate_fail=0 thp_fault_alloc=163 thp_fault_fallback=0 thp_collapse_alloc=2 numa_pages_migrated=0 pgfault=1343467 pgmajfault=0,normal/4982638,nid005390,2026-10-05T11:40:02+0200,numba 0.67.0,,76460136 90471666 75856891 89359157 76186800 89377461 75745534 88501264 76048694 88740616 76385931 89004672 76226000 90708555 76288242 89377931 76409725 88234415 76562521 89149810 76247330 88312844 76148198 88737951 76651158 90073333 76513818 88980599 76105767 88230862
tsvc_2_s1232,6,1,agent,ok,30,12218726,12405409,0.57,1.000,1.000,1,,0.252,1208477920,1017720665,0.842,3.246,30,compact_stall=0 compact_fail=0 compact_success=0 pgmigrate_success=0 pgmigrate_fail=0 thp_fault_alloc=194 thp_fault_fallback=0 thp_collapse_alloc=3 numa_pages_migrated=0 pgfault=1090183 pgmajfault=0,normal/4982638,nid005390,2026-10-05T11:37:54+0200,GNU Fortran (SUSE Linux) 13.3.1 20250313 [revision 4ef1d8c84faeebffeb0cc01ee22e891b41e5c4e0] [/users/lhulsbergen/bin/gfortran],rank=2 arm=llr40v10-qwen38-fortran job=621385 seq=1 lang=fortran campaign_speedup=169.757 sha256=6440021a759f92e9,12434948 12410373 12333927 12431268 12289349 12390626 12294820 12403745 12265349 12442240 12342371 12447200 12218726 12414145 12401473 12494782 12317379 12494526 12400065 12425313 12407073 12278789 12270918 12425984 12349475 12460991 12388674 12440960 12418785 12437312
tsvc_2_s231,1,1,c,ok,30,712624651,807417535,14.02,0.000,0.000,6,4,1.079,78896944760,28458168906,0.361,3.205,30,compact_stall=0 compact_fail=0 compact_success=0 pgmigrate_success=0 pgmigrate_fail=0 thp_fault_alloc=26 thp_fault_fallback=0 thp_collapse_alloc=7 numa_pages_migrated=0 pgfault=1159646 pgmajfault=261,normal/4982638,nid005443,2026-10-05T11:25:17+0200,gcc-14 (SUSE Linux) 14.2.0 [/usr/bin/gcc-14],,715623936 957647541 716706438 956991014 735725935 959348556 712892260 958057931 712899140 957918638 712661482 957955150 714913171 958232007 819127229 959765985 715297673 958794041 716647272 958142185 715640192 958522976 728569984 959493671 714939634 795707841 712624651 962352833 712905572 961712753
tsvc_2_s231,1,2,c_reference,ok,30,675216184,751664332,6.30,0.000,0.500,4,2,1.022,71181294911,28445726838,0.400,3.205,30,compact_stall=0 compact_fail=0 compact_success=0 pgmigrate_success=0 pgmigrate_fail=0 thp_fault_alloc=46 thp_fault_fallback=0 thp_collapse_alloc=5 numa_pages_migrated=0 pgfault=989046 pgmajfault=1,normal/4982638,nid005443,2026-10-05T11:26:00+0200,gcc-14 (SUSE Linux) 14.2.0 [/usr/bin/gcc-14],source=tsvc_2_s231_reference.c sha256=9f1ad23b84e1aa3a,712759251 784142040 713715833 785368215 723604352 785194854 713860103 785989969 675216184 783001378 714763247 781853632 712903297 782139704 715228515 780698431 713920197 779724313 714670930 920633254 711890619 780734558 712290417 783352120 710836985 781147219 712892289 784302238 722937362 780734655
tsvc_2_s231,1,3,cpp,ok,30,660554531,784539741,3.13,0.000,0.000,3,1,1.000,73228616354,28456211847,0.389,3.205,30,compact_stall=0 compact_fail=0 compact_success=0 pgmigrate_success=0 pgmigrate_fail=0 thp_fault_alloc=55 thp_fault_fallback=0 thp_collapse_alloc=8 numa_pages_migrated=0 pgfault=915530 pgmajfault=68,normal/4982638,nid005443,2026-10-05T11:26:44+0200,g++ (SUSE Linux) 13.3.1 20250313 [revision 4ef1d8c84faeebffeb0cc01ee22e891b41e5c4e0] [/users/lhulsbergen/bin/g++],,787159601 787900477 786585665 792673501 791157093 740527929 783836010 779735097 779474208 784662548 786224650 780502948 796241788 781362573 780017138 782589324 660554531 787408683 782533966 783675343 779252134 784887726 808190490 785460159 783779308 786609504 781965950 796696512 784416935 786999459
tsvc_2_s231,1,4,fortran,ok,30,710396922,768625836,5.64,0.000,0.000,5,3,1.075,71216216702,25292703518,0.355,3.206,30,compact_stall=0 compact_fail=0 compact_success=0 pgmigrate_success=0 pgmigrate_fail=0 thp_fault_alloc=46 thp_fault_fallback=0 thp_collapse_alloc=8 numa_pages_migrated=0 pgfault=986377 pgmajfault=37,normal/4982638,nid005443,2026-10-05T11:27:27+0200,GNU Fortran (SUSE Linux) 13.3.1 20250313 [revision 4ef1d8c84faeebffeb0cc01ee22e891b41e5c4e0] [/users/lhulsbergen/bin/gfortran],,712914903 780499663 765578365 784874426 713575686 784267147 715229146 798153017 714063512 785531209 716435575 788166179 714498989 886845568 716076419 784260267 713652579 784246380 715594736 783935989 714103320 786541487 714694664 797109653 716937228 771673307 712415428 785271056 710396922 785676293
tsvc_2_s231,1,5,numba,ok,30,430807888,588826258,15.93,0.500,0.033,2,,0.652,56412632624,25265215068,0.448,3.206,30,compact_stall=0 compact_fail=0 compact_success=0 pgmigrate_success=0 pgmigrate_fail=0 thp_fault_alloc=78 thp_fault_fallback=0 thp_collapse_alloc=6 numa_pages_migrated=0 pgfault=712591 pgmajfault=3,normal/4982638,nid005443,2026-10-05T11:28:03+0200,numba 0.67.0,,673549295 504035250 680636371 430807888 681561338 502611403 676652515 502413443 675822073 503634434 676880989 502441923 674578139 502867671 676483655 501962097 749027283 503804542 674783221 503304845 680040454 503899867 690495274 503196783 677626856 504103222 676116881 502288743 680598200 503652962
tsvc_2_s231,1,6,agent,ok,30,69478367,69753607,0.31,1.000,1.000,1,,0.105,6705488233,11031260897,1.645,3.206,30,compact_stall=0 compact_fail=0 compact_success=0 pgmigrate_success=0 pgmigrate_fail=0 thp_fault_alloc=78 thp_fault_fallback=0 thp_collapse_alloc=2 numa_pages_migrated=0 pgfault=713348 pgmajfault=1,normal/4982638,nid005443,2026-10-05T11:28:21+0200,gcc-14 (SUSE Linux) 14.2.0 [/usr/bin/gcc-14],rank=1 arm=llr40v10-qwen38-c job=621016 seq=2 lang=c campaign_speedup=96.274 sha256=04ed18204f6a6fb8,69992210 69647802 69490015 69855509 69618299 69504926 69748664 69478367 69595068 69848501 69624283 70621759 69683609 69698585 69614459 69728728 69628091 69955890 69838965 69659738 69899348 69883444 69843861 69937394 69749815 69795926 70051376 69902484 69930258 69757400
tsvc_2_s231,2,6,c,ok,30,713105576,762001913,4.61,0.000,0.000,6,4,1.085,71424993979,28452685236,0.398,3.205,30,compact_stall=0 compact_fail=0 compact_success=0 pgmigrate_success=0 pgmigrate_fail=0 thp_fault_alloc=46 thp_fault_fallback=0 thp_collapse_alloc=6 numa_pages_migrated=0 pgfault=988484 pgmajfault=0,normal/4982638,nid005443,2026-10-05T11:32:07+0200,gcc-14 (SUSE Linux) 14.2.0 [/usr/bin/gcc-14],,713105576 786515130 714335109 784728300 713336321 785116769 715085328 785068899 714347589 783348466 715358632 785839597 714966387 787890035 715281962 786672789 740655361 784356470 715435014 785645842 725393614 784790538 715490340 790477195 713724822 784090750 714970547 786200751 715824611 785206635
tsvc_2_s231,2,1,c_reference,ok,30,710091817,759036390,7.72,0.000,0.500,5,3,1.081,71972776903,28460352274,0.395,3.205,30,compact_stall=0 compact_fail=0 compact_success=0 pgmigrate_success=0 pgmigrate_fail=0 thp_fault_alloc=46 thp_fault_fallback=0 thp_collapse_alloc=8 numa_pages_migrated=0 pgfault=988477 pgmajfault=0,normal/4982638,nid005443,2026-10-05T11:29:05+0200,gcc-14 (SUSE Linux) 14.2.0 [/usr/bin/gcc-14],source=tsvc_2_s231_reference.c sha256=9f1ad23b84e1aa3a,714586140 783817345 713216609 784847108 715485251 787441759 712450837 973926832 713206497 783903583 710203506 781621661 712653749 785021137 710091817 785482693 713249298 799330822 716201760 894898642 717153350 785831739 736451120 785960439 718849367 784833879 712246797 786965979 715854538 785523940
tsvc_2_s231,2,2,cpp,ok,30,693440183,773920356,5.97,0.000,0.000,4,2,1.055,70845723395,28436945871,0.401,3.205,30,compact_stall=0 compact_fail=0 compact_success=0 pgmigrate_success=0 pgmigrate_fail=0 thp_fault_alloc=78 thp_fault_fallback=0 thp_collapse_alloc=7 numa_pages_migrated=0 pgfault=726551 pgmajfault=0,normal/4982638,nid005443,2026-10-05T11:29:47+0200,g++ (SUSE Linux) 13.3.1 20250313 [revision 4ef1d8c84faeebffeb0cc01ee22e891b41e5c4e0] [/users/lhulsbergen/bin/g++],,781537169 700058111 780426896 699344019 780536621 693440183 785277290 767413816 788361205 722473844 787108407 703234886 788136283 701022244 787349329 699185911 786277710 702050727 838720292 701135489 788194970 702567610 789168286 700457940 787359312 701137216 790769939 700927559 790225569 698064662
tsvc_2_s231,2,3,fortran,ok,30,657158981,782981080,7.20,0.000,0.000,3,1,1.000,70327499342,25309092339,0.360,3.206,30,compact_stall=0 compact_fail=0 compact_success=0 pgmigrate_success=0 pgmigrate_fail=0 thp_fault_alloc=78 thp_fault_fallback=0 thp_collapse_alloc=8 numa_pages_migrated=0 pgfault=723852 pgmajfault=0,normal/4982638,nid005443,2026-10-05T11:30:29+0200,GNU Fortran (SUSE Linux) 13.3.1 20250313 [revision 4ef1d8c84faeebffeb0cc01ee22e891b41e5c4e0] [/users/lhulsbergen/bin/gfortran],,785574714 696791479 785750805 696712345 784196804 680622495 657158981 696556925 789591200 690190526 783173475 690803724 782788686 695073227 786630010 692725617 787923059 892400797 784515002 697233449 787253352 697062766 787351749 697913300 785879281 736148016 786263173 698659070 785526620 797204314
tsvc_2_s231,2,4,numba,ok,30,622793321,630524652,4.61,0.000,0.000,2,,0.948,60043763624,25290242347,0.421,3.205,30,compact_stall=0 compact_fail=0 compact_success=0 pgmigrate_success=0 pgmigrate_fail=0 thp_fault_alloc=49 thp_fault_fallback=0 thp_collapse_alloc=9 numa_pages_migrated=0 pgfault=954943 pgmajfault=0,normal/4982638,nid005443,2026-10-05T11:31:07+0200,numba 0.67.0,,624907508 623562364 624631452 634316951 635010114 633110531 655495331 635276049 626437861 623332795 625640795 633112589 634413737 660279648 622793321 636223991 625072363 625832470 625982674 787423107 634402927 624449185 624649435 636702664 633882655 624915730 627938774 637532271 634019642 623496253
tsvc_2_s231,2,5,agent,ok,30,68908413,69451468,1.38,1.000,1.000,1,,0.105,6662353673,11039395773,1.657,3.204,30,compact_stall=0 compact_fail=0 compact_success=0 pgmigrate_success=0 pgmigrate_fail=0 thp_fault_alloc=56 thp_fault_fallback=0 thp_collapse_alloc=2 numa_pages_migrated=0 pgfault=894725 pgmajfault=0,normal/4982638,nid005443,2026-10-05T11:31:24+0200,gcc-14 (SUSE Linux) 14.2.0 [/usr/bin/gcc-14],rank=1 arm=llr40v10-qwen38-c job=621016 seq=2 lang=c campaign_speedup=96.274 sha256=04ed18204f6a6fb8,69717220 69360495 69484523 68908413 69160405 69041528 69781026 69002202 69940925 69267570 69505834 68963387 69427693 69189780 69416141 69223666 69581960 69475243 69765922 69515018 69398253 69160597 69499403 69393742 69794082 69329232 69838977 69478988 74558095 69530538
tsvc_2_s231,3,5,c,ok,30,545328125,717960271,6.89,0.033,0.033,3,1,1.000,71002284938,28444467106,0.401,3.205,30,compact_stall=0 compact_fail=0 compact_success=0 pgmigrate_success=0 pgmigrate_fail=0 thp_fault_alloc=46 thp_fault_fallback=0 thp_collapse_alloc=9 numa_pages_migrated=0 pgfault=982843 pgmajfault=0,normal/4982638,nid005443,2026-10-05T11:35:15+0200,gcc-14 (SUSE Linux) 14.2.0 [/usr/bin/gcc-14],,717130359 785565334 715594341 787144935 717886465 785574390 717651848 786768145 718034077 545328125 715090719 797151585 713491277 786040993 714360756 787967018 715799530 784848836 714737513 783574057 705279673 785773897 715642831 787143362 715142909 795756297 717204418 786726734 716143936 785847016
tsvc_2_s231,3,6,c_reference,ok,30,675969711,715270590,1.77,0.000,0.967,5,3,1.240,68416342748,28433622781,0.416,3.205,30,compact_stall=0 compact_fail=0 compact_success=0 pgmigrate_success=0 pgmigrate_fail=0 thp_fault_alloc=49 thp_fault_fallback=0 thp_collapse_alloc=10 numa_pages_migrated=0 pgfault=957090 pgmajfault=0,normal/4982638,nid005443,2026-10-05T11:35:56+0200,gcc-14 (SUSE Linux) 14.2.0 [/usr/bin/gcc-14],source=tsvc_2_s231_reference.c sha256=9f1ad23b84e1aa3a,715527527 716615046 718488976 714852698 714929337 716894239 716049176 715143474 721022534 675969711 715397706 711394815 723626392 710915597 716274705 713895798 716409709 713087278 715710721 713419204 771333026 716066454 714269612 716527721 713747930 714703326 715119634 716498219 714190286 714435750
tsvc_2_s231,3,1,cpp,ok,30,747388113,785753692,2.95,0.000,0.000,6,4,1.371,74290578855,28475967918,0.383,3.205,30,compact_stall=0 compact_fail=0 compact_success=0 pgmigrate_success=0 pgmigrate_fail=0 thp_fault_alloc=56 thp_fault_fallback=0 thp_collapse_alloc=8 numa_pages_migrated=0 pgfault=907118 pgmajfault=0,normal/4982638,nid005443,2026-10-05T11:32:53+0200,g++ (SUSE Linux) 13.3.1 20250313 [revision 4ef1d8c84faeebffeb0cc01ee22e891b41e5c4e0] [/users/lhulsbergen/bin/g++],,785993653 790955077 784829111 798570794 783778293 786216174 784591485 893205848 785063056 785513731 783484830 785182092 789855301 793100872 790577041 788672519 784924372 794873588 747388113 792794481 790270489 788301266 783727319 785488227 784825015 786273293 783960656 785294090 783491709 847780699
tsvc_2_s231,3,2,fortran,ok,30,653241062,850029157,14.53,0.000,0.000,4,2,1.198,79417787480,25332334838,0.319,3.206,30,compact_stall=0 compact_fail=0 compact_success=0 pgmigrate_success=0 pgmigrate_fail=0 thp_fault_alloc=26 thp_fault_fallback=0 thp_collapse_alloc=9 numa_pages_migrated=0 pgfault=1144967 pgmajfault=0,normal/4982638,nid005443,2026-10-05T11:33:39+0200,GNU Fortran (SUSE Linux) 13.3.1 20250313 [revision 4ef1d8c84faeebffeb0cc01ee22e891b41e5c4e0] [/users/lhulsbergen/bin/gfortran],,716319351 958055355 734504209 957625416 653241062 958141432 713687461 960545935 714984543 960677387 717082304 968749175 719870028 961981796 769518290 958579307 716361909 959466064 716856294 970238475 716024672 959611435 717133790 960123484 717828105 930540024 717713005 956731362 717792618 955988152
tsvc_2_s231,3,3,numba,ok,30,502760935,557882575,14.34,0.533,0.000,2,,0.922,55765492481,25276891112,0.453,3.205,30,compact_stall=0 compact_fail=0 compact_success=0 pgmigrate_success=0 pgmigrate_fail=0 thp_fault_alloc=78 thp_fault_fallback=0 thp_collapse_alloc=5 numa_pages_migrated=0 pgfault=718650 pgmajfault=0,normal/4982638,nid005443,2026-10-05T11:34:15+0200,numba 0.67.0,,676250511 503135510 600840242 503829410 680651147 503545622 674898951 514924908 680512807 503755723 676067686 505201889 677712376 502760935 673376211 504384601 637006980 503941285 676170275 504685424 682388817 503227258 681887104 502994785 682263829 510398029 678682619 504368783 681761883 503678193
tsvc_2_s231,3,4,agent,ok,30,69088747,69990560,0.90,1.000,1.000,1,,0.127,6715515211,11033384265,1.643,3.205,30,compact_stall=0 compact_fail=0 compact_success=0 pgmigrate_success=0 pgmigrate_fail=0 thp_fault_alloc=26 thp_fault_fallback=0 thp_collapse_alloc=4 numa_pages_migrated=0 pgfault=1140813 pgmajfault=0,normal/4982638,nid005443,2026-10-05T11:34:33+0200,gcc-14 (SUSE Linux) 14.2.0 [/usr/bin/gcc-14],rank=1 arm=llr40v10-qwen38-c job=621016 seq=2 lang=c campaign_speedup=96.274 sha256=04ed18204f6a6fb8,70020303 69350563 70153515 69088747 70619005 69180008 70185994 69544861 71933877 69198439 70292711 69120970 70285575 69762294 70420547 69349859 70585182 69590172 70414307 69509118 70349733 69406306 70603869 69960817 70480065 69402530 70371620 69288677 70459426 69482943
tsvc_2_s231,4,4,c,ok,30,668035132,705997640,6.22,0.000,0.000,5,3,1.260,70281615391,28433176698,0.405,3.206,30,compact_stall=0 compact_fail=0 compact_success=0 pgmigrate_success=0 pgmigrate_fail=0 thp_fault_alloc=78 thp_fault_fallback=0 thp_collapse_alloc=6 numa_pages_migrated=0 pgfault=725969 pgmajfault=0,normal/4982638,nid005443,2026-10-05T11:38:09+0200,gcc-14 (SUSE Linux) 14.2.0 [/usr/bin/gcc-14],,782032316 695033009 782518061 702709227 783553102 696892538 786174399 692651001 785024226 703130750 668035132 701294869 777284299 691073896 781412207 675571994 783182777 700847971 783062749 708864530 778890138 698825407 788786833 699573225 786173056 689452665 784759498 700610250 785564242 670702509
tsvc_2_s231,4,5,c_reference,ok,30,713437850,765813870,4.54,0.000,0.467,6,4,1.345,71328491969,28449947418,0.399,3.206,30,compact_stall=0 compact_fail=0 compact_success=0 pgmigrate_success=0 pgmigrate_fail=0 thp_fault_alloc=46 thp_fault_fallback=0 thp_collapse_alloc=9 numa_pages_migrated=0 pgfault=981808 pgmajfault=0,normal/4982638,nid005443,2026-10-05T11:38:52+0200,gcc-14 (SUSE Linux) 14.2.0 [/usr/bin/gcc-14],source=tsvc_2_s231_reference.c sha256=9f1ad23b84e1aa3a,716399532 786910688 714930806 787207512 730449200 787032381 734114086 786377904 717125548 747316508 716211013 787972979 716164327 784880656 716739222 787538559 717121514 785193158 715645367 787053358 797170685 784311232 713877612 785754069 714232033 785134535 715946061 784956429 713437850 787160266
tsvc_2_s231,4,6,cpp,ok,30,660969895,744568766,7.14,0.000,0.000,4,2,1.246,70307115361,28448055117,0.405,3.206,30,compact_stall=0 compact_fail=0 compact_success=0 pgmigrate_success=0 pgmigrate_fail=0 thp_fault_alloc=78 thp_fault_fallback=0 thp_collapse_alloc=6 numa_pages_migrated=0 pgfault=727937 pgmajfault=0,normal/4982638,nid005443,2026-10-05T11:39:34+0200,g++ (SUSE Linux) 13.3.1 20250313 [revision 4ef1d8c84faeebffeb0cc01ee22e891b41e5c4e0] [/users/lhulsbergen/bin/g++],,787594430 704886171 787001200 700877812 785732662 699319875 786601595 701251593 660969895 701678940 784251362 702725629 791171090 701056494 791618339 700606365 788093423 696951530 791356747 871186433 786230561 692163822 786803057 689317153 784295994 675939083 786627894 673339927 787245539 690143242
tsvc_2_s231,4,1,fortran,ok,30,530380437,677533698,15.92,0.467,0.467,3,1,1.000,59938341823,25281876840,0.422,3.205,30,compact_stall=0 compact_fail=0 compact_success=0 pgmigrate_success=0 pgmigrate_fail=0 thp_fault_alloc=76 thp_fault_fallback=0 thp_collapse_alloc=5 numa_pages_migrated=0 pgfault=739835 pgmajfault=0,normal/4982638,nid005443,2026-10-05T11:36:36+0200,GNU Fortran (SUSE Linux) 13.3.1 20250313 [revision 4ef1d8c84faeebffeb0cc01ee22e891b41e5c4e0] [/users/lhulsbergen/bin/gfortran],,530568407 716484171 534448453 716256785 531977294 716199475 539433395 896459500 533137689 715875180 537012478 716034695 535616286 716629390 534902990 715202456 531111198 715294230 536392003 727587081 639864941 723490978 531008769 717615408 535242116 715489968 530380437 715578060 532694927 715370131
tsvc_2_s231,4,2,numba,ok,30,419067986,548827426,21.60,0.533,0.467,2,,0.790,52080671556,25272617259,0.485,3.206,30,compact_stall=0 compact_fail=0 compact_success=0 pgmigrate_success=0 pgmigrate_fail=0 thp_fault_alloc=75 thp_fault_fallback=0 thp_collapse_alloc=7 numa_pages_migrated=0 pgfault=742884 pgmajfault=0,normal/4982638,nid005443,2026-10-05T11:37:11+0200,numba 0.67.0,,430611100 673795681 430168073 674800388 433835772 676572302 429189062 675984160 427057317 675109306 419067986 686691139 435354160 675191415 497068014 676708107 435909600 674963710 423244214 676405844 426428632 674567114 434516008 675209591 434149747 675762950 432930808 675467440 436010780 600586839
tsvc_2_s231,4,3,agent,ok,30,69191105,69474505,0.34,1.000,1.000,1,,0.130,6679259967,11030832597,1.652,3.206,30,compact_stall=0 compact_fail=0 compact_success=0 pgmigrate_success=0 pgmigrate_fail=0 thp_fault_alloc=78 thp_fault_fallback=0 thp_collapse_alloc=2 numa_pages_migrated=0 pgfault=714502 pgmajfault=0,normal/4982638,nid005443,2026-10-05T11:37:28+0200,gcc-14 (SUSE Linux) 14.2.0 [/usr/bin/gcc-14],rank=1 arm=llr40v10-qwen38-c job=621016 seq=2 lang=c campaign_speedup=96.274 sha256=04ed18204f6a6fb8,69571318 69328605 69760944 69478361 69465273 69483096 69470649 69404987 69776944 69303678 69817647 69191105 70455452 69366556 69375804 69373691 69845742 69531511 69439449 69488952 69540087 69454937 69502327 69276542 69724337 69382267 69483257 69324604 69606741 69425210
tsvc_2_s231,5,3,c,ok,30,626333436,749186667,7.75,0.000,0.033,5,3,1.185,69895566951,28442441914,0.407,3.205,30,compact_stall=0 compact_fail=0 compact_success=0 pgmigrate_success=0 pgmigrate_fail=0 thp_fault_alloc=78 thp_fault_fallback=0 thp_collapse_alloc=6 numa_pages_migrated=0 pgfault=724640 pgmajfault=0,normal/4982638,nid005443,2026-10-05T11:41:15+0200,gcc-14 (SUSE Linux) 14.2.0 [/usr/bin/gcc-14],,785188631 699657901 783201714 694455782 785335059 700597393 780536161 698586797 782030676 700264059 641919089 717837173 782094258 682273581 780815576 686357236 783710594 699554288 782305708 685122297 781677503 888857195 783544295 626333436 786298455 683579110 785005629 696707492 787089695 692159530
tsvc_2_s231,5,4,c_reference,ok,30,642715524,696958476,7.64,0.000,0.567,6,4,1.216,68903228657,28433536568,0.413,3.206,30,compact_stall=0 compact_fail=0 compact_success=0 pgmigrate_success=0 pgmigrate_fail=0 thp_fault_alloc=77 thp_fault_fallback=0 thp_collapse_alloc=5 numa_pages_migrated=0 pgfault=732797 pgmajfault=0,normal/4982638,nid005443,2026-10-05T11:41:56+0200,gcc-14 (SUSE Linux) 14.2.0 [/usr/bin/gcc-14],source=tsvc_2_s231_reference.c sha256=9f1ad23b84e1aa3a,786073245 696396685 786074109 648848868 785838084 678591322 783832895 692665595 786639532 710143960 697520268 653257443 786427154 659677606 782838844 687181723 785542444 692016558 788991455 670507443 787640259 675151467 642715524 684637012 784087915 693354292 787696673 674496893 784341860 664998805
tsvc_2_s231,5,5,cpp,ok,30,533884960,956276410,16.60,0.033,0.033,3,2,1.010,80763635974,28473673004,0.353,3.206,30,compact_stall=0 compact_fail=0 compact_success=0 pgmigrate_success=0 pgmigrate_fail=0 thp_fault_alloc=26 thp_fault_fallback=0 thp_collapse_alloc=12 numa_pages_migrated=0 pgfault=1155672 pgmajfault=0,normal/4982638,nid005443,2026-10-05T11:42:43+0200,g++ (SUSE Linux) 13.3.1 20250313 [revision 4ef1d8c84faeebffeb0cc01ee22e891b41e5c4e0] [/users/lhulsbergen/bin/g++],,729548141 956150702 716485613 958370668 729057147 957245710 715473866 956823162 982716705 956988149 717284693 958286575 716995262 957442760 717839973 957183471 742643948 1152006485 716108024 956402118 715957725 958465737 716353712 958442442 716052634 983850784 715266032 957635746 533884960 956923927
tsvc_2_s231,5,6,fortran,ok,30,528526387,780722638,7.49,0.033,0.033,2,1,1.000,70992950844,25308031883,0.356,3.206,30,compact_stall=0 compact_fail=0 compact_success=0 pgmigrate_success=0 pgmigrate_fail=0 thp_fault_alloc=46 thp_fault_fallback=0 thp_collapse_alloc=9 numa_pages_migrated=0 pgfault=986362 pgmajfault=0,normal/4982638,nid005443,2026-10-05T11:43:26+0200,GNU Fortran (SUSE Linux) 13.3.1 20250313 [revision 4ef1d8c84faeebffeb0cc01ee22e891b41e5c4e0] [/users/lhulsbergen/bin/gfortran],,725285782 784592653 711849790 868303803 715737164 785004193 714941764 784234425 716164000 782750755 736558987 784573070 717035174 786279228 778694522 785677678 715452596 785294489 715367992 784377716 716402841 785213243 716784622 785910758 714698443 786207903 528526387 785999684 722987577 785169308
tsvc_2_s231,5,1,numba,ok,30,597049861,679245008,3.70,0.033,0.000,4,,1.130,63789736025,25288953401,0.396,3.206,30,compact_stall=0 compact_fail=0 compact_success=0 pgmigrate_success=0 pgmigrate_fail=0 thp_fault_alloc=55 thp_fault_fallback=0 thp_collapse_alloc=8 numa_pages_migrated=0 pgfault=908512 pgmajfault=0,normal/4982638,nid005443,2026-10-05T11:40:17+0200,numba 0.67.0,,674306099 679223457 676486451 677014339 740453003 677674607 679572151 680627320 691691152 678657875 680284706 680050378 679724915 682259559 679266560 679150692 677312314 597049861 681592572 680279138 681655065 675370771 678610323 675263063 680035786 676529170 680163589 677316666 678911147 771052929
tsvc_2_s231,5,2,agent,ok,30,69201982,69830571,1.29,1.000,1.000,1,,0.131,6701051470,11038456020,1.647,3.205,30,compact_stall=0 compact_fail=0 compact_success=0 pgmigrate_success=0 pgmigrate_fail=0 thp_fault_alloc=55 thp_fault_fallback=0 thp_collapse_alloc=5 numa_pages_migrated=0 pgfault=905880 pgmajfault=0,normal/4982638,nid005443,2026-10-05T11:40:34+0200,gcc-14 (SUSE Linux) 14.2.0 [/usr/bin/gcc-14],rank=1 arm=llr40v10-qwen38-c job=621016 seq=2 lang=c campaign_speedup=96.274 sha256=04ed18204f6a6fb8,74615677 69763469 69517652 69201982 69612177 69311739 69764941 69405399 69445111 69624593 70035749 69625073 69566963 69838795 69832747 69942376 69823467 69651632 69828395 69935592 69969671 69779340 70081764 70136226 70112322 70048580 69948935 69965255 70030533 70022181
tsvc_2_s231,6,2,c,ok,30,714074736,777258728,5.80,0.000,0.000,5,3,1.346,71846585998,28433505037,0.396,3.206,30,compact_stall=0 compact_fail=0 compact_success=0 pgmigrate_success=0 pgmigrate_fail=0 thp_fault_alloc=46 thp_fault_fallback=0 thp_collapse_alloc=8 numa_pages_migrated=0 pgfault=987496 pgmajfault=0,normal/4982638,nid005443,2026-10-05T11:44:29+0200,gcc-14 (SUSE Linux) 14.2.0 [/usr/bin/gcc-14],,792012029 714074736 766053229 715308779 792738921 715925721 790345486 714220555 792267510 715507526 788922839 714906327 790766338 893617214 788464228 717123704 793491442 716089974 789671009 717432847 790271567 714969045 789495910 717174422 788598784 723398178 793604079 715942906 791876738 715070387
tsvc_2_s231,6,3,c_reference,ok,30,778094129,785449540,3.84,0.000,0.000,6,4,1.466,75266597694,28444956671,0.378,3.206,30,compact_stall=0 compact_fail=0 compact_success=0 pgmigrate_success=0 pgmigrate_fail=0 thp_fault_alloc=55 thp_fault_fallback=0 thp_collapse_alloc=6 numa_pages_migrated=0 pgfault=915109 pgmajfault=0,normal/4982638,nid005443,2026-10-05T11:45:12+0200,gcc-14 (SUSE Linux) 14.2.0 [/usr/bin/gcc-14],source=tsvc_2_s231_reference.c sha256=9f1ad23b84e1aa3a,782480913 784578005 782989826 786585531 783522740 785085574 778094129 786525757 782538256 787465377 786101961 786840947 780071511 786035114 782724298 799023187 782539647 788012554 782507818 785516083 782386830 953143113 785382998 785142237 782320240 787301215 788103495 787406299 788150469 786910602
tsvc_2_s231,6,4,cpp,ok,30,530670709,858342767,16.29,0.033,0.033,2,1,1.000,79527646181,28465685495,0.358,3.206,30,compact_stall=0 compact_fail=0 compact_success=0 pgmigrate_success=0 pgmigrate_fail=0 thp_fault_alloc=26 thp_fault_fallback=0 thp_collapse_alloc=10 numa_pages_migrated=0 pgfault=1155519 pgmajfault=0,normal/4982638,nid005443,2026-10-05T11:45:58+0200,g++ (SUSE Linux) 13.3.1 20250313 [revision 4ef1d8c84faeebffeb0cc01ee22e891b41e5c4e0] [/users/lhulsbergen/bin/g++],,744027025 955758492 727498676 955269930 718154534 956038644 714875046 1129193576 718091496 956241166 716200224 955858297 719396226 955146222 716166400 956600484 718359968 955511811 530670709 956497926 718110791 955920439 717931820 955371975 719249158 955583361 717868335 956529158 761539313 957188627
tsvc_2_s231,6,5,fortran,ok,30,653443699,716701110,1.84,0.000,0.000,3,2,1.231,67508640772,25284963843,0.375,3.206,30,compact_stall=0 compact_fail=0 compact_success=0 pgmigrate_success=0 pgmigrate_fail=0 thp_fault_alloc=49 thp_fault_fallback=0 thp_collapse_alloc=5 numa_pages_migrated=0 pgfault=962085 pgmajfault=0,normal/4982638,nid005443,2026-10-05T11:46:38+0200,GNU Fortran (SUSE Linux) 13.3.1 20250313 [revision 4ef1d8c84faeebffeb0cc01ee22e891b41e5c4e0] [/users/lhulsbergen/bin/gfortran],,715275712 715532057 716588538 717944690 718321735 713586706 714125826 716997518 717043308 717157929 716821107 717442849 714610771 713504916 717216935 717826998 681265412 716855122 715579799 729767864 714072708 716813683 716449214 718676221 717059212 713998917 717667066 714927274 653443699 715901709
tsvc_2_s231,6,6,numba,ok,30,674101820,685759590,3.81,0.000,0.000,4,,1.270,64743562844,25314965072,0.391,3.205,30,compact_stall=0 compact_fail=0 compact_success=0 pgmigrate_success=0 pgmigrate_fail=0 thp_fault_alloc=55 thp_fault_fallback=0 thp_collapse_alloc=8 numa_pages_migrated=0 pgfault=908566 pgmajfault=0,normal/4982638,nid005443,2026-10-05T11:47:18+0200,numba 0.67.0,,688517008 675167415 687747079 674710309 685734689 720029845 707931159 676769577 724223801 674452972 687086202 674183636 686378607 675279956 687042107 676191545 687013052 814168905 685771686 675156957 687685869 678426494 687280601 675525875 685747494 674101820 687345271 676215391 686973635 675544082
tsvc_2_s231,6,1,agent,ok,30,68865857,69531117,0.51,1.000,1.000,1,,0.130,6685513899,11030448000,1.650,3.206,30,compact_stall=0 compact_fail=0 compact_success=0 pgmigrate_success=0 pgmigrate_fail=0 thp_fault_alloc=46 thp_fault_fallback=0 thp_collapse_alloc=1 numa_pages_migrated=0 pgfault=978005 pgmajfault=0,normal/4982638,nid005443,2026-10-05T11:43:46+0200,gcc-14 (SUSE Linux) 14.2.0 [/usr/bin/gcc-14],rank=1 arm=llr40v10-qwen38-c job=621016 seq=2 lang=c campaign_speedup=96.274 sha256=04ed18204f6a6fb8,68902496 69489967 68987421 69496302 68865857 69573900 69014493 69585451 69524493 69742247 69152024 69926753 69205239 69846339 69808581 69729639 69126425 69952833 69301076 70065309 69461807 69937441 69454064 69706152 69537741 70218457 69391633 69966912 69457583 69931489
tsvc_2_s235,1,1,c,ok,30,597366270,705930595,12.23,0.067,0.067,4,2,1.111,67259717492,28432751559,0.423,3.216,30,compact_stall=0 compact_fail=0 compact_success=0 pgmigrate_success=0 pgmigrate_fail=0 thp_fault_alloc=78 thp_fault_fallback=0 thp_collapse_alloc=5 numa_pages_migrated=0 pgfault=730805 pgmajfault=262,normal/4982638,nid005901,2026-10-05T11:25:09+0200,gcc-14 (SUSE Linux) 14.2.0 [/usr/bin/gcc-14],,780467791 623036485 788405038 629459215 784450366 627822973 808373110 620554060 782339770 616687609 798452400 618233262 786046481 599057071 781926790 620382449 785465025 623295678 840906491 628317231 780467247 597366270 781899174 627176720 785174346 626476132 783492153 631393944 786796060 608545153
tsvc_2_s235,1,2,c_reference,ok,30,706418187,710547084,2.15,0.000,0.000,5,3,1.314,68130422622,28434570624,0.417,3.216,30,compact_stall=0 compact_fail=0 compact_success=0 pgmigrate_success=0 pgmigrate_fail=0 thp_fault_alloc=57 thp_fault_fallback=0 thp_collapse_alloc=4 numa_pages_migrated=0 pgfault=897975 pgmajfault=1,normal/4982638,nid005901,2026-10-05T11:25:50+0200,gcc-14 (SUSE Linux) 14.2.0 [/usr/bin/gcc-14],source=tsvc_2_s235_reference.c sha256=2b951a54990630ee,710764683 706418187 710522909 707027486 710571259 708783052 779841942 712105552 710697976 710171558 710623354 711344837 711470466 711525120 725657688 711034478 710702360 710638873 759624264 711433667 708182814 709407003 708750286 708523348 707819303 708806444 709823248 708946088 707832679 708668304
tsvc_2_s235,1,3,cpp,ok,30,537787486,672687944,16.74,0.467,0.500,2,1,1.000,63613922755,28438390331,0.447,3.216,30,compact_stall=0 compact_fail=0 compact_success=0 pgmigrate_success=0 pgmigrate_fail=0 thp_fault_alloc=73 thp_fault_fallback=0 thp_collapse_alloc=9 numa_pages_migrated=0 pgfault=759031 pgmajfault=67,normal/4982638,nid005901,2026-10-05T11:26:30+0200,g++ (SUSE Linux) 13.3.1 20250313 [revision 4ef1d8c84faeebffeb0cc01ee22e891b41e5c4e0] [/users/lhulsbergen/bin/g++],,567388774 795354886 564972106 786195397 566917843 782837762 613478758 785198113 550380863 784603762 559121132 783405715 557991627 781180145 563299448 781513640 548101887 785090116 549480952 731897131 537787486 785923213 555298774 785172652 554676678 784416975 561328329 796187330 544422217 783569725
tsvc_2_s235,1,4,fortran,ok,30,775830310,780798665,4.12,0.000,0.000,6,4,1.443,74410828130,28451875007,0.382,3.216,30,compact_stall=0 compact_fail=0 compact_success=0 pgmigrate_success=0 pgmigrate_fail=0 thp_fault_alloc=57 thp_fault_fallback=0 thp_collapse_alloc=8 numa_pages_migrated=0 pgfault=896319 pgmajfault=38,normal/4982638,nid005901,2026-10-05T11:27:13+0200,GNU Fortran (SUSE Linux) 13.3.1 20250313 [revision 4ef1d8c84faeebffeb0cc01ee22e891b41e5c4e0] [/users/lhulsbergen/bin/gfortran],,781141680 781752478 778567512 782336493 777358747 778364670 781841947 895774752 780455651 775830310 782004439 781549220 781353545 781455558 794133087 776850761 778999308 778101574 791980157 783522157 776976389 783310130 778128357 796050921 778923311 778648886 778659157 778791378 779459167 923515919
tsvc_2_s235,1,5,numba,ok,30,554433286,660496510,4.56,0.033,0.000,3,,1.031,61996598214,28430789979,0.459,3.216,30,compact_stall=0 compact_fail=0 compact_success=0 pgmigrate_success=0 pgmigrate_fail=0 thp_fault_alloc=48 thp_fault_fallback=0 thp_collapse_alloc=11 numa_pages_migrated=0 pgfault=967225 pgmajfault=3,normal/4982638,nid005901,2026-10-05T11:27:53+0200,numba 0.67.0,,633689217 682588311 632166476 684586495 638667763 683258084 554433286 682490344 633672743 684426503 645146401 683839640 634871333 684335402 636939179 683053487 631535589 683136716 637667830 675846619 637784563 684296907 637697013 684743646 638565437 683923414 632508137 683944086 639501794 683894902
tsvc_2_s235,1,6,agent,ok,30,57264327,58003474,1.20,1.000,1.000,1,,0.106,5588528654,14569772053,2.607,3.215,30,compact_stall=0 compact_fail=0 compact_success=0 pgmigrate_success=0 pgmigrate_fail=0 thp_fault_alloc=57 thp_fault_fallback=0 thp_collapse_alloc=4 numa_pages_migrated=0 pgfault=879475 pgmajfault=1,normal/4982638,nid005901,2026-10-05T11:28:10+0200,GNU Fortran (SUSE Linux) 13.3.1 20250313 [revision 4ef1d8c84faeebffeb0cc01ee22e891b41e5c4e0] [/users/lhulsbergen/bin/gfortran],rank=1 arm=llr40v10-kimi27sglang-fortran job=621022 seq=2 lang=fortran campaign_speedup=32.223 sha256=a769df14b4e33607,57652157 60596201 57618174 58196909 57818007 58286923 57481953 58147631 57689627 58225740 58012946 60261939 57647933 58209293 57942068 58070576 58254636 58213132 57411684 57994002 57616445 58443622 57921333 58014643 57527680 57943764 57708123 58309963 57264327 58310218
tsvc_2_s235,2,6,c,ok,30,521216390,751069511,7.88,0.033,0.033,3,1,1.000,70301949899,28443495583,0.405,3.216,30,compact_stall=0 compact_fail=0 compact_success=0 pgmigrate_success=0 pgmigrate_fail=0 thp_fault_alloc=48 thp_fault_fallback=0 thp_collapse_alloc=8 numa_pages_migrated=0 pgfault=970705 pgmajfault=0,normal/4982638,nid005901,2026-10-05T11:31:47+0200,gcc-14 (SUSE Linux) 14.2.0 [/usr/bin/gcc-14],,708869075 871786799 710890488 782483605 709293798 781075934 710127438 779916544 709016110 792889287 710733596 782993894 709535071 521216390 710809786 781435764 710022353 781727403 709914740 787252427 709927508 781438004 712020247 779819043 785799285 781555344 722319979 784877231 710072527 781806569
tsvc_2_s235,2,1,c_reference,ok,30,708148167,710698478,0.99,0.000,0.000,6,4,1.359,67928682537,28452264953,0.419,3.216,30,compact_stall=0 compact_fail=0 compact_success=0 pgmigrate_success=0 pgmigrate_fail=0 thp_fault_alloc=57 thp_fault_fallback=0 thp_collapse_alloc=4 numa_pages_migrated=0 pgfault=899660 pgmajfault=0,normal/4982638,nid005901,2026-10-05T11:28:53+0200,gcc-14 (SUSE Linux) 14.2.0 [/usr/bin/gcc-14],source=tsvc_2_s235_reference.c sha256=2b951a54990630ee,711179248 710743741 710653216 711058323 709992275 710757116 708190918 711718402 711821022 711089715 726544861 708148167 709291110 708420447 709562943 708592603 709919380 709856822 709356324 745296004 710614881 710505764 720878716 710578914 712160085 711368907 713482990 709901077 713067707 711011093
tsvc_2_s235,2,2,cpp,ok,30,538263697,659766746,18.71,0.500,0.500,5,3,1.033,63363039637,28437028108,0.449,3.216,30,compact_stall=0 compact_fail=0 compact_success=0 pgmigrate_success=0 pgmigrate_fail=0 thp_fault_alloc=73 thp_fault_fallback=0 thp_collapse_alloc=7 numa_pages_migrated=0 pgfault=766372 pgmajfault=0,normal/4982638,nid005901,2026-10-05T11:29:32+0200,g++ (SUSE Linux) 13.3.1 20250313 [revision 4ef1d8c84faeebffeb0cc01ee22e891b41e5c4e0] [/users/lhulsbergen/bin/g++],,538263697 783533826 560086468 784592516 547399309 785413389 559151998 784078611 540639662 784798718 552352352 754820724 551035654 782881877 538988796 784096850 553878708 787489969 542339741 784527846 553971186 783789947 541882346 948015442 551691347 794691716 547561640 778825545 564712768 780531736
tsvc_2_s235,2,3,fortran,ok,30,532113023,712762894,5.77,0.033,0.033,4,2,1.021,67276701093,28427981691,0.423,3.216,30,compact_stall=0 compact_fail=0 compact_success=0 pgmigrate_success=0 pgmigrate_fail=0 thp_fault_alloc=57 thp_fault_fallback=0 thp_collapse_alloc=10 numa_pages_migrated=0 pgfault=888867 pgmajfault=0,normal/4982638,nid005901,2026-10-05T11:30:13+0200,GNU Fortran (SUSE Linux) 13.3.1 20250313 [revision 4ef1d8c84faeebffeb0cc01ee22e891b41e5c4e0] [/users/lhulsbergen/bin/gfortran],,718020674 635296832 715196726 712561124 719606515 711374088 715036794 712419272 718463924 712422728 714322288 711132718 714605799 532113023 713250479 710301703 714644038 712347626 713437290 711048305 712951992 711035218 712573796 711277098 712976599 822222532 713721665 709394658 714162804 709459904
tsvc_2_s235,2,4,numba,ok,30,419227698,604720008,21.85,0.500,0.467,2,,0.804,53211125410,28415622771,0.534,3.216,30,compact_stall=0 compact_fail=0 compact_success=0 pgmigrate_success=0 pgmigrate_fail=0 thp_fault_alloc=78 thp_fault_fallback=0 thp_collapse_alloc=5 numa_pages_migrated=0 pgfault=719672 pgmajfault=0,normal/4982638,nid005901,2026-10-05T11:30:48+0200,numba 0.67.0,,677000754 419227698 699671277 610645072 688535946 434770680 678403722 435466116 685941428 435077263 689808198 437202994 678455720 434162634 686701758 433239779 686808059 434275174 598794944 429955649 685004686 433011913 687062804 433570586 687771968 433899377 687492424 435443365 686817306 431984072
tsvc_2_s235,2,5,agent,ok,30,57160961,57562885,0.54,1.000,1.000,1,,0.110,5555207161,14546857800,2.619,3.216,30,compact_stall=0 compact_fail=0 compact_success=0 pgmigrate_success=0 pgmigrate_fail=0 thp_fault_alloc=48 thp_fault_fallback=0 thp_collapse_alloc=1 numa_pages_migrated=0 pgfault=958870 pgmajfault=0,normal/4982638,nid005901,2026-10-05T11:31:05+0200,GNU Fortran (SUSE Linux) 13.3.1 20250313 [revision 4ef1d8c84faeebffeb0cc01ee22e891b41e5c4e0] [/users/lhulsbergen/bin/gfortran],rank=1 arm=llr40v10-kimi27sglang-fortran job=621022 seq=2 lang=fortran campaign_speedup=32.223 sha256=a769df14b4e33607,58320671 57243390 57983401 57160961 57582133 57218847 57954889 57415418 57944490 57493911 57712721 57310301 58243266 57543638 57604948 57254014 57697074 57369434 58229186 57465432 57717425 57542647 57830894 57384667 57642707 57471704 58037288 57540694 57832366 57516343
tsvc_2_s235,3,5,c,ok,30,536392377,661819684,15.85,0.467,0.467,3,1,1.000,60061453492,28431613129,0.473,3.216,30,compact_stall=0 compact_fail=0 compact_success=0 pgmigrate_success=0 pgmigrate_fail=0 thp_fault_alloc=74 thp_fault_fallback=0 thp_collapse_alloc=9 numa_pages_migrated=0 pgfault=757653 pgmajfault=0,normal/4982638,nid005901,2026-10-05T11:34:48+0200,gcc-14 (SUSE Linux) 14.2.0 [/usr/bin/gcc-14],,584633820 711740101 543538473 851362020 544827108 736953032 557545105 708509348 563025298 708410056 555719590 710991740 539400193 710055158 558538100 710747746 615229312 709792478 540598334 709181904 538729909 708920088 548053093 708981526 536392377 708994390 565993531 710801121 568790441 950170725
tsvc_2_s235,3,6,c_reference,ok,30,538881605,682048142,14.46,0.467,0.467,4,2,1.005,60663955446,28425426308,0.469,3.216,30,compact_stall=0 compact_fail=0 compact_success=0 pgmigrate_success=0 pgmigrate_fail=0 thp_fault_alloc=74 thp_fault_fallback=0 thp_collapse_alloc=9 numa_pages_migrated=0 pgfault=756295 pgmajfault=0,normal/4982638,nid005901,2026-10-05T11:35:26+0200,gcc-14 (SUSE Linux) 14.2.0 [/usr/bin/gcc-14],source=tsvc_2_s235_reference.c sha256=2b951a54990630ee,557356054 713378934 567048956 712997569 557441716 712960482 573516942 929209056 552099936 710541863 540532021 711521130 538881605 709966552 558474405 711182868 538983490 711942685 562886626 710933179 655995245 708101039 562265972 709707808 546997047 709338762 546331210 711124981 551931493 709399945
tsvc_2_s235,3,1,cpp,ok,30,652397149,783896315,5.71,0.000,0.000,5,3,1.216,71580458419,28463922561,0.398,3.215,30,compact_stall=0 compact_fail=0 compact_success=0 pgmigrate_success=0 pgmigrate_fail=0 thp_fault_alloc=48 thp_fault_fallback=0 thp_collapse_alloc=9 numa_pages_migrated=0 pgfault=972605 pgmajfault=0,normal/4982638,nid005901,2026-10-05T11:32:33+0200,g++ (SUSE Linux) 13.3.1 20250313 [revision 4ef1d8c84faeebffeb0cc01ee22e891b41e5c4e0] [/users/lhulsbergen/bin/g++],,708932450 785195044 712448251 786256037 708993088 784986027 710239292 785506875 795589684 784263328 711560756 788141870 710694318 785192453 712047142 783529302 710395960 827034361 712535289 786518782 652397149 788854906 710890792 784716115 708973761 790617862 722330617 785119015 710043489 787459234
tsvc_2_s235,3,2,fortran,ok,30,709446162,713005926,5.19,0.000,0.000,6,4,1.323,68311185436,28467841976,0.417,3.216,30,compact_stall=0 compact_fail=0 compact_success=0 pgmigrate_success=0 pgmigrate_fail=0 thp_fault_alloc=49 thp_fault_fallback=0 thp_collapse_alloc=9 numa_pages_migrated=0 pgfault=953400 pgmajfault=0,normal/4982638,nid005901,2026-10-05T11:33:14+0200,GNU Fortran (SUSE Linux) 13.3.1 20250313 [revision 4ef1d8c84faeebffeb0cc01ee22e891b41e5c4e0] [/users/lhulsbergen/bin/gfortran],,709446162 712334334 712593783 724592278 711060163 713777236 711616947 897456007 713709750 710355224 712075173 710067457 763818025 714503126 714972487 713564465 713586384 712359155 714211358 808251801 713678094 713423317 711658920 713418069 711955392 710957150 714231165 709718977 712445521 712462065
tsvc_2_s235,3,3,numba,ok,30,508817537,682851237,4.75,0.033,0.000,2,,0.949,64726723963,28435506948,0.439,3.216,30,compact_stall=0 compact_fail=0 compact_success=0 pgmigrate_success=0 pgmigrate_fail=0 thp_fault_alloc=47 thp_fault_fallback=0 thp_collapse_alloc=7 numa_pages_migrated=0 pgfault=977035 pgmajfault=0,normal/4982638,nid005901,2026-10-05T11:33:54+0200,numba 0.67.0,,681466718 684403783 684026578 684237996 684213581 682703449 682972177 684183150 508817537 683321767 681889009 682992657 681291042 685781919 682462112 682730297 680719059 681667543 681874449 686486538 715224320 682151145 683974740 682578621 680546040 686277873 698820481 682670234 681295331 683568000
tsvc_2_s235,3,4,agent,ok,30,56958853,57349769,0.30,1.000,1.000,1,,0.106,5525844776,14546390992,2.632,3.215,30,compact_stall=0 compact_fail=0 compact_success=0 pgmigrate_success=0 pgmigrate_fail=0 thp_fault_alloc=49 thp_fault_fallback=0 thp_collapse_alloc=1 numa_pages_migrated=0 pgfault=950657 pgmajfault=0,normal/4982638,nid005901,2026-10-05T11:34:10+0200,GNU Fortran (SUSE Linux) 13.3.1 20250313 [revision 4ef1d8c84faeebffeb0cc01ee22e891b41e5c4e0] [/users/lhulsbergen/bin/gfortran],rank=1 arm=llr40v10-kimi27sglang-fortran job=621022 seq=2 lang=fortran campaign_speedup=32.223 sha256=a769df14b4e33607,57539892 57567316 57589267 57394360 57342618 57227261 57355610 57398232 57316795 57089409 57284252 57038403 57403896 57488406 57200733 57152896 57026884 57675921 57252892 56958853 57415416 57248093 57420024 57343929 57170335 57356090 57181726 57416184 57479157 57513044
tsvc_2_s235,4,4,c,ok,30,550808077,781982028,13.92,0.200,0.200,4,2,1.029,66342321314,28437836236,0.429,3.216,30,compact_stall=0 compact_fail=0 compact_success=0 pgmigrate_success=0 pgmigrate_fail=0 thp_fault_alloc=78 thp_fault_fallback=0 thp_collapse_alloc=12 numa_pages_migrated=0 pgfault=724611 pgmajfault=0,normal/4982638,nid005901,2026-10-05T11:37:43+0200,gcc-14 (SUSE Linux) 14.2.0 [/usr/bin/gcc-14],,783774788 593677789 782078698 575511989 784397381 582147218 786859100 845135015 787776577 610707975 787774689 586681931 782244325 611355924 781885359 611532783 788800867 550808077 785026866 613031106 785711326 611977922 785462054 612489650 783799606 609841953 784806009 627181410 783992721 562398680
tsvc_2_s235,4,5,c_reference,ok,30,535354996,631824072,18.61,0.500,0.500,3,1,1.000,61162064670,28429328471,0.465,3.216,30,compact_stall=0 compact_fail=0 compact_success=0 pgmigrate_success=0 pgmigrate_fail=0 thp_fault_alloc=78 thp_fault_fallback=0 thp_collapse_alloc=6 numa_pages_migrated=0 pgfault=726481 pgmajfault=0,normal/4982638,nid005901,2026-10-05T11:38:21+0200,gcc-14 (SUSE Linux) 14.2.0 [/usr/bin/gcc-14],source=tsvc_2_s235_reference.c sha256=2b951a54990630ee,711069592 555807034 707841110 554170250 708563777 539340576 710858014 536624783 708488548 547381171 1094607178 542276521 712510413 539591224 710720546 537944360 710717858 535354996 711849408 536127806 710975002 540164551 713795015 538968682 713072252 536803722 711994460 541702458 709474279 535729130
tsvc_2_s235,4,6,cpp,ok,30,780055803,787412785,2.35,0.000,0.000,6,4,1.457,75149374572,28462073867,0.379,3.215,30,compact_stall=0 compact_fail=0 compact_success=0 pgmigrate_success=0 pgmigrate_fail=0 thp_fault_alloc=57 thp_fault_fallback=0 thp_collapse_alloc=9 numa_pages_migrated=0 pgfault=898901 pgmajfault=0,normal/4982638,nid005901,2026-10-05T11:39:04+0200,g++ (SUSE Linux) 13.3.1 20250313 [revision 4ef1d8c84faeebffeb0cc01ee22e891b41e5c4e0] [/users/lhulsbergen/bin/g++],,790807102 784544759 790108754 784227968 785069222 788561088 784626452 785920270 789905784 782504178 783777197 785495770 790788350 785604791 789563650 782584048 787526943 782705036 787505919 780055803 787319652 886711760 792253235 810365404 787598236 800936211 786244676 786086697 788547424 788992756
tsvc_2_s235,4,1,fortran,ok,30,777090945,780532332,4.88,0.000,0.000,5,3,1.452,75074516075,28445041023,0.379,3.216,30,compact_stall=0 compact_fail=0 compact_success=0 pgmigrate_success=0 pgmigrate_fail=0 thp_fault_alloc=55 thp_fault_fallback=0 thp_collapse_alloc=5 numa_pages_migrated=0 pgfault=912658 pgmajfault=0,normal/4982638,nid005901,2026-10-05T11:36:12+0200,GNU Fortran (SUSE Linux) 13.3.1 20250313 [revision 4ef1d8c84faeebffeb0cc01ee22e891b41e5c4e0] [/users/lhulsbergen/bin/gfortran],,779312062 781688856 780012906 785058229 779240065 781592123 782386307 781270852 780282017 778327995 780960013 780083751 782402627 778500630 778581953 780312260 779828593 988761888 782226796 783701633 779357119 779877712 785342705 780423104 780563452 777090945 780960528 780501213 841206331 780579740
tsvc_2_s235,4,2,numba,ok,30,402119207,495329966,22.60,0.533,0.500,2,,0.751,49753102373,28414155476,0.571,3.216,30,compact_stall=0 compact_fail=0 compact_success=0 pgmigrate_success=0 pgmigrate_fail=0 thp_fault_alloc=78 thp_fault_fallback=0 thp_collapse_alloc=6 numa_pages_migrated=0 pgfault=717925 pgmajfault=0,normal/4982638,nid005901,2026-10-05T11:36:46+0200,numba 0.67.0,,640511269 402206949 632466033 402311041 656897094 403105002 655247382 404163403 586238617 403831829 636171108 402671959 642287314 404407299 642529355 403579132 634581043 402119207 635075460 402389566 642133462 404421315 644322198 402909072 633121406 402992909 634077218 402560697 644754921 404332550
tsvc_2_s235,4,3,agent,ok,30,57020827,57355201,3.32,1.000,0.967,1,,0.107,5542311477,14552835329,2.626,3.214,30,compact_stall=0 compact_fail=0 compact_success=0 pgmigrate_success=0 pgmigrate_fail=0 thp_fault_alloc=49 thp_fault_fallback=0 thp_collapse_alloc=4 numa_pages_migrated=0 pgfault=952068 pgmajfault=0,normal/4982638,nid005901,2026-10-05T11:37:02+0200,GNU Fortran (SUSE Linux) 13.3.1 20250313 [revision 4ef1d8c84faeebffeb0cc01ee22e891b41e5c4e0] [/users/lhulsbergen/bin/gfortran],rank=1 arm=llr40v10-kimi27sglang-fortran job=621022 seq=2 lang=fortran campaign_speedup=32.223 sha256=a769df14b4e33607,57519532 57251892 57104697 57362257 57567339 57634249 57020827 57428463 57348145 57650313 57188886 57203574 57236085 57223157 57306419 57470574 67967419 57510732 57237461 57479854 57258196 57125336 57130615 58097084 57418384 57455790 57058490 57893921 57610314 57333650
tsvc_2_s235,5,3,c,ok,30,555087626,683568503,13.39,0.233,0.233,2,1,1.000,65380564544,28430151069,0.435,3.216,30,compact_stall=0 compact_fail=0 compact_success=0 pgmigrate_success=0 pgmigrate_fail=0 thp_fault_alloc=78 thp_fault_fallback=0 thp_collapse_alloc=6 numa_pages_migrated=0 pgfault=723877 pgmajfault=0,normal/4982638,nid005901,2026-10-05T11:40:43+0200,gcc-14 (SUSE Linux) 14.2.0 [/usr/bin/gcc-14],,785950115 781949689 784136024 555087626 788350300 569458657 786114686 598200304 787721775 584743294 781914106 621718265 788076452 567682550 644483672 621164329 789046824 620692076 788819425 622189656 790216279 625126017 783429503 584902974 798979416 617537921 722653334 603280035 785064751 597156823
tsvc_2_s235,5,4,c_reference,ok,30,682299637,784266967,3.01,0.000,0.000,5,3,1.229,73674132409,28450370205,0.386,3.216,30,compact_stall=0 compact_fail=0 compact_success=0 pgmigrate_success=0 pgmigrate_fail=0 thp_fault_alloc=55 thp_fault_fallback=0 thp_collapse_alloc=7 numa_pages_migrated=0 pgfault=914782 pgmajfault=0,normal/4982638,nid005901,2026-10-05T11:41:26+0200,gcc-14 (SUSE Linux) 14.2.0 [/usr/bin/gcc-14],source=tsvc_2_s235_reference.c sha256=2b951a54990630ee,797705180 779873031 682299637 782096294 786946328 784567806 784667931 781985194 784464577 782595768 795025163 783029419 787632995 782087943 785091599 780755054 785049584 782464987 784157802 783992431 782159333 786516965 784376132 785473859 703361163 788029721 784721721 783451647 783619674 785493731
tsvc_2_s235,5,5,cpp,ok,30,706619317,757464311,5.75,0.000,0.000,6,4,1.273,71645091876,28442038077,0.397,3.216,30,compact_stall=0 compact_fail=0 compact_success=0 pgmigrate_success=0 pgmigrate_fail=0 thp_fault_alloc=48 thp_fault_fallback=0 thp_collapse_alloc=7 numa_pages_migrated=0 pgfault=972253 pgmajfault=0,normal/4982638,nid005901,2026-10-05T11:42:09+0200,g++ (SUSE Linux) 13.3.1 20250313 [revision 4ef1d8c84faeebffeb0cc01ee22e891b41e5c4e0] [/users/lhulsbergen/bin/g++],,787308512 707131463 793347119 707016139 788952560 707772788 787423964 706824399 792803967 707772851 791702656 728040611 792462825 718091942 786888012 706619317 788331682 718811025 787278208 706676692 788055177 717218400 805183861 708221382 819062784 708220839 817936576 707644888 817291891 719907473
tsvc_2_s235,5,6,fortran,ok,30,671270774,713421030,1.59,0.000,0.000,4,2,1.209,67871983530,28443556436,0.419,3.216,30,compact_stall=0 compact_fail=0 compact_success=0 pgmigrate_success=0 pgmigrate_fail=0 thp_fault_alloc=57 thp_fault_fallback=0 thp_collapse_alloc=4 numa_pages_migrated=0 pgfault=896610 pgmajfault=0,normal/4982638,nid005901,2026-10-05T11:42:49+0200,GNU Fortran (SUSE Linux) 13.3.1 20250313 [revision 4ef1d8c84faeebffeb0cc01ee22e891b41e5c4e0] [/users/lhulsbergen/bin/gfortran],,715848872 712146996 715292856 712675301 714638123 727072159 716225533 712678309 714436081 712310319 671492984 711510599 714259894 715221562 714861829 712289520 725864131 712313423 714333556 711206831 713488259 712639167 671270774 712086543 714924509 711562718 715256851 713353802 717517905 712084559
tsvc_2_s235,5,1,numba,ok,30,577285466,661238490,4.43,0.033,0.000,3,,1.040,62510729156,28445630831,0.455,3.216,30,compact_stall=0 compact_fail=0 compact_success=0 pgmigrate_success=0 pgmigrate_fail=0 thp_fault_alloc=48 thp_fault_fallback=0 thp_collapse_alloc=7 numa_pages_migrated=0 pgfault=965510 pgmajfault=0,normal/4982638,nid005901,2026-10-05T11:39:46+0200,numba 0.67.0,,682050182 642399768 683108935 639485038 682402876 640119515 681665905 709999981 693754572 633541531 683666130 637345643 684425275 632885391 680810599 635483874 684450235 636910711 680077212 635264649 577285466 637765727 686770742 635709339 688380839 636710238 687673500 640490703 687730713 634540158
tsvc_2_s235,5,2,agent,ok,30,56938669,58289077,1.13,1.000,1.000,1,,0.103,5604994524,14548552493,2.596,3.215,30,compact_stall=0 compact_fail=0 compact_success=0 pgmigrate_success=0 pgmigrate_fail=0 thp_fault_alloc=74 thp_fault_fallback=0 thp_collapse_alloc=3 numa_pages_migrated=0 pgfault=745570 pgmajfault=0,normal/4982638,nid005901,2026-10-05T11:40:03+0200,GNU Fortran (SUSE Linux) 13.3.1 20250313 [revision 4ef1d8c84faeebffeb0cc01ee22e891b41e5c4e0] [/users/lhulsbergen/bin/gfortran],rank=1 arm=llr40v10-kimi27sglang-fortran job=621022 seq=2 lang=fortran campaign_speedup=32.223 sha256=a769df14b4e33607,57538076 58553501 57283011 58808118 57497309 58741335 58146345 58344388 58034989 58493599 57229093 58360739 58021325 59034256 57748053 58508447 57805332 58399106 57947759 58472384 56982700 58233766 57857906 58564733 60119471 58722329 57471581 58445345 56938669 58608731
tsvc_2_s235,6,2,c,ok,30,779110042,784361858,2.95,0.000,0.000,6,4,1.469,74656245545,28438277458,0.381,3.216,30,compact_stall=0 compact_fail=0 compact_success=0 pgmigrate_success=0 pgmigrate_fail=0 thp_fault_alloc=55 thp_fault_fallback=0 thp_collapse_alloc=6 numa_pages_migrated=0 pgfault=915154 pgmajfault=0,normal/4982638,nid005901,2026-10-05T11:43:52+0200,gcc-14 (SUSE Linux) 14.2.0 [/usr/bin/gcc-14],,785415123 784822053 781872763 784577867 786380695 784243222 785073022 787341275 780631807 787617554 783202580 913066245 781489222 784480494 781884538 783145205 787541269 783486923 785785608 783944158 781751774 783310961 789978317 784600510 785549473 779110042 783649239 781172030 783139079 785879095
tsvc_2_s235,6,3,c_reference,ok,30,764368258,790207370,2.55,0.000,0.000,5,3,1.441,75274737570,28444746396,0.378,3.216,30,compact_stall=0 compact_fail=0 compact_success=0 pgmigrate_success=0 pgmigrate_fail=0 thp_fault_alloc=55 thp_fault_fallback=0 thp_collapse_alloc=8 numa_pages_migrated=0 pgfault=913702 pgmajfault=0,normal/4982638,nid005901,2026-10-05T11:44:35+0200,gcc-14 (SUSE Linux) 14.2.0 [/usr/bin/gcc-14],source=tsvc_2_s235_reference.c sha256=2b951a54990630ee,790896583 780995044 790006176 784090507 796252781 782023399 791231581 781689807 793698581 895324807 792066308 789941218 788977534 790614766 791816780 788725317 792044102 784596412 790408565 784918803 764368258 787733410 794970705 794232294 792113059 786575907 791500470 785951061 791809772 781070049
tsvc_2_s235,6,4,cpp,ok,30,707246788,781066452,4.85,0.000,0.000,4,2,1.333,71560471547,28461437922,0.398,3.216,30,compact_stall=0 compact_fail=0 compact_success=0 pgmigrate_success=0 pgmigrate_fail=0 thp_fault_alloc=48 thp_fault_fallback=0 thp_collapse_alloc=9 numa_pages_migrated=0 pgfault=972237 pgmajfault=0,normal/4982638,nid005901,2026-10-05T11:45:17+0200,g++ (SUSE Linux) 13.3.1 20250313 [revision 4ef1d8c84faeebffeb0cc01ee22e891b41e5c4e0] [/users/lhulsbergen/bin/g++],,787886689 709638559 783352834 735512207 783455551 710517957 783560604 710567299 784387300 734361392 781974090 707975535 781267870 708823030 787797792 708727673 783483294 709609376 783780469 786705504 784193193 707486109 782627606 707246788 780865034 708126986 789058012 707526748 783368674 708571550
tsvc_2_s235,6,5,fortran,ok,30,530470290,700691730,18.84,0.467,0.467,3,1,1.000,62945749354,28426963969,0.452,3.216,30,compact_stall=0 compact_fail=0 compact_success=0 pgmigrate_success=0 pgmigrate_fail=0 thp_fault_alloc=73 thp_fault_fallback=0 thp_collapse_alloc=6 numa_pages_migrated=0 pgfault=765140 pgmajfault=0,normal/4982638,nid005901,2026-10-05T11:45:56+0200,GNU Fortran (SUSE Linux) 13.3.1 20250313 [revision 4ef1d8c84faeebffeb0cc01ee22e891b41e5c4e0] [/users/lhulsbergen/bin/gfortran],,536027248 785799515 530925125 784226312 530489425 787045367 536623103 783653785 620363999 782077671 531880937 784507968 534611130 783805876 533536409 784480192 532641363 784003407 530470290 782701621 531341176 837811668 530869766 782526969 535861653 783169831 550997565 781019462 532054980 783067130
tsvc_2_s235,6,6,numba,ok,30,397695318,544219622,25.91,0.500,0.500,2,,0.750,51368065903,28426000336,0.553,3.216,30,compact_stall=0 compact_fail=0 compact_success=0 pgmigrate_success=0 pgmigrate_fail=0 thp_fault_alloc=73 thp_fault_fallback=0 thp_collapse_alloc=7 numa_pages_migrated=0 pgfault=758885 pgmajfault=0,normal/4982638,nid005901,2026-10-05T11:46:30+0200,numba 0.67.0,,397695318 685690155 400846362 684723079 401489096 684949440 399298632 685620620 397985390 684011163 403713447 685493168 399563872 685399315 424331533 684929345 398097290 684513229 413348558 683360494 402843712 683651718 401380971 686223355 401759168 683196563 404169466 707308948 402763938 664107711
tsvc_2_s235,6,1,agent,ok,30,57280248,57737754,0.36,1.000,1.000,1,,0.108,5567837553,14547193982,2.613,3.216,30,compact_stall=0 compact_fail=0 compact_success=0 pgmigrate_success=0 pgmigrate_fail=0 thp_fault_alloc=55 thp_fault_fallback=0 thp_collapse_alloc=5 numa_pages_migrated=0 pgfault=903519 pgmajfault=0,normal/4982638,nid005901,2026-10-05T11:43:09+0200,GNU Fortran (SUSE Linux) 13.3.1 20250313 [revision 4ef1d8c84faeebffeb0cc01ee22e891b41e5c4e0] [/users/lhulsbergen/bin/gfortran],rank=1 arm=llr40v10-kimi27sglang-fortran job=621022 seq=2 lang=fortran campaign_speedup=32.223 sha256=a769df14b4e33607,57932101 58092896 58103168 57835752 58026083 57926373 57778058 57942757 57871879 57818408 57920582 57604687 57617070 57698859 58145503 57792137 57478898 57620174 57484274 57839687 57702475 57513490 57639790 57414228 57684908 57555888 57599983 57773033 57280248 57668780
tsvc_2_s2275,1,1,c,ok,30,685571107,755954014,15.44,0.000,0.000,4,2,1.027,77467421440,22891501171,0.295,3.254,30,compact_stall=0 compact_fail=0 compact_success=0 pgmigrate_success=0 pgmigrate_fail=0 thp_fault_alloc=23 thp_fault_fallback=0 thp_collapse_alloc=8 numa_pages_migrated=0 pgfault=1182471 pgmajfault=261,normal/4982638,nid005902,2026-10-05T11:25:13+0200,gcc-14 (SUSE Linux) 14.2.0 [/usr/bin/gcc-14],,693360242 928018922 693992958 928009835 685821468 816284304 693263189 928782131 692762756 927956108 686138450 930553948 693235990 929173990 694633387 1074986848 694647402 927471676 688843806 928079593 695003679 928952173 689667588 961674263 695623724 927160356 685571107 929600921 693981504 930054923
tsvc_2_s2275,1,2,c_reference,ok,30,667365358,856942756,15.12,0.000,0.000,3,1,1.000,76653804629,22877108097,0.298,3.254,30,compact_stall=0 compact_fail=0 compact_success=0 pgmigrate_success=0 pgmigrate_fail=0 thp_fault_alloc=20 thp_fault_fallback=0 thp_collapse_alloc=12 numa_pages_migrated=0 pgfault=1201858 pgmajfault=1,normal/4982638,nid005902,2026-10-05T11:25:57+0200,gcc-14 (SUSE Linux) 14.2.0 [/usr/bin/gcc-14],source=tsvc_2_s2275_reference.c sha256=37d66de66de797fc,679805270 924094691 688024305 924145626 674510130 922478767 671178745 924874468 686556062 924203097 669459214 926098398 823242180 925549679 674474547 925662477 676270043 924488304 667995355 925193050 670567403 924843077 667365358 890643333 677161344 922797764 675937286 923831556 675686733 923077563
tsvc_2_s2275,1,3,cpp,ok,30,691242477,774185831,14.38,0.000,0.500,6,4,1.036,78183244706,22881016103,0.293,3.254,30,compact_stall=0 compact_fail=0 compact_success=0 pgmigrate_success=0 pgmigrate_fail=0 thp_fault_alloc=35 thp_fault_fallback=0 thp_collapse_alloc=11 numa_pages_migrated=0 pgfault=1079696 pgmajfault=68,normal/4982638,nid005902,2026-10-05T11:26:41+0200,g++ (SUSE Linux) 13.3.1 20250313 [revision 4ef1d8c84faeebffeb0cc01ee22e891b41e5c4e0] [/users/lhulsbergen/bin/g++],,929274045 692099987 925526960 691242477 925457874 691310571 927054528 694461290 930122530 691402825 843102975 693112788 923173464 693448073 933442716 693213361 948457900 692823581 932745650 692460104 924357205 696380527 933078503 694077423 937125775 705268687 933192458 694564094 923693812 695504801
tsvc_2_s2275,1,4,fortran,ok,30,688894705,857501549,14.53,0.000,0.467,5,3,1.032,77695353174,22879349179,0.294,3.254,30,compact_stall=0 compact_fail=0 compact_success=0 pgmigrate_success=0 pgmigrate_fail=0 thp_fault_alloc=25 thp_fault_fallback=0 thp_collapse_alloc=11 numa_pages_migrated=0 pgfault=1159840 pgmajfault=38,normal/4982638,nid005902,2026-10-05T11:27:25+0200,GNU Fortran (SUSE Linux) 13.3.1 20250313 [revision 4ef1d8c84faeebffeb0cc01ee22e891b41e5c4e0] [/users/lhulsbergen/bin/gfortran],,923293376 688894705 937807609 689977071 921211265 689593274 919725328 984537089 926555386 689741365 940490757 689809204 926784755 690378337 925141414 688907952 925121799 689252197 795277771 691887283 924483898 693919667 926228740 692093900 924053673 692092524 923301408 692479200 928852658 693319525
tsvc_2_s2275,1,5,numba,ok,30,474185581,698933401,32.17,0.500,0.500,2,,0.711,68055983242,22858343639,0.336,3.254,30,compact_stall=0 compact_fail=0 compact_success=0 pgmigrate_success=0 pgmigrate_fail=0 thp_fault_alloc=57 thp_fault_fallback=0 thp_collapse_alloc=8 numa_pages_migrated=0 pgfault=891830 pgmajfault=3,normal/4982638,nid005902,2026-10-05T11:28:05+0200,numba 0.67.0,,915082868 474185581 913440426 484426377 915257009 475678782 920840320 480619394 914605670 481504997 913928315 480725118 916481546 481917112 914766368 481464231 917121558 480961879 1100537837 481113554 915498505 481277292 930663850 480918456 917414572 482342091 919122231 481906521 920612071 481305964
tsvc_2_s2275,1,6,agent,ok,30,71967612,73628983,1.49,1.000,1.000,1,,0.108,7165636520,9115866378,1.272,3.253,30,compact_stall=0 compact_fail=0 compact_success=0 pgmigrate_success=0 pgmigrate_fail=0 thp_fault_alloc=35 thp_fault_fallback=0 thp_collapse_alloc=1 numa_pages_migrated=0 pgfault=1066135 pgmajfault=0,normal/4982638,nid005902,2026-10-05T11:28:22+0200,gcc-14 (SUSE Linux) 14.2.0 [/usr/bin/gcc-14],rank=1 arm=llr40v10-qwen38-c job=621016 seq=1 lang=c campaign_speedup=125.947 sha256=a58a2749beacaa62,73123192 75071226 73097657 74753284 73061818 74620520 73123864 74134103 72412974 74512779 72072153 74519276 72022619 74147000 71995484 74373296 72256307 74679782 72375119 74594089 72036538 74376848 71967612 74184726 72100024 74501644 72324817 74768708 72410574 74166871
tsvc_2_s2275,2,6,c,ok,30,668066400,819420024,16.23,0.000,0.000,4,2,1.002,76729379656,22883941853,0.298,3.254,30,compact_stall=0 compact_fail=0 compact_success=0 pgmigrate_success=0 pgmigrate_fail=0 thp_fault_alloc=20 thp_fault_fallback=0 thp_collapse_alloc=8 numa_pages_migrated=0 pgfault=1200101 pgmajfault=0,normal/4982638,nid005902,2026-10-05T11:32:16+0200,gcc-14 (SUSE Linux) 14.2.0 [/usr/bin/gcc-14],,668810632 924743209 668962019 924663148 674237529 924108669 669939107 948488457 668066400 926287727 685417572 926314485 669443014 925062238 670910104 1027258018 671340745 923514255 675010835 924206105 677519875 922757800 670323018 924009247 675353256 925264919 716082248 935010493 673945590 924957249
tsvc_2_s2275,2,1,c_reference,ok,30,668101721,904537657,16.07,0.000,0.000,5,3,1.002,76707857244,22884018967,0.298,3.254,30,compact_stall=0 compact_fail=0 compact_success=0 pgmigrate_success=0 pgmigrate_fail=0 thp_fault_alloc=23 thp_fault_fallback=0 thp_collapse_alloc=13 numa_pages_migrated=0 pgfault=1175547 pgmajfault=0,normal/4982638,nid005902,2026-10-05T11:29:07+0200,gcc-14 (SUSE Linux) 14.2.0 [/usr/bin/gcc-14],source=tsvc_2_s2275_reference.c sha256=37d66de66de797fc,926468271 668101721 925179863 668272820 938236666 668859233 924782569 668381316 961034525 668347014 923691259 671191689 931233701 669455682 921952467 670881619 943312157 669851508 923488033 887122847 937393437 669697018 929963950 668978513 924648955 669886068 925291366 668618141 933819281 669940113
tsvc_2_s2275,2,2,cpp,ok,30,689531224,909127111,14.04,0.000,0.467,6,4,1.034,77501872685,22881147582,0.295,3.254,30,compact_stall=0 compact_fail=0 compact_success=0 pgmigrate_success=0 pgmigrate_fail=0 thp_fault_alloc=25 thp_fault_fallback=0 thp_collapse_alloc=15 numa_pages_migrated=0 pgfault=1161103 pgmajfault=0,normal/4982638,nid005902,2026-10-05T11:29:51+0200,g++ (SUSE Linux) 13.3.1 20250313 [revision 4ef1d8c84faeebffeb0cc01ee22e891b41e5c4e0] [/users/lhulsbergen/bin/g++],,919730971 694000451 920960115 716221970 926593340 694494451 920731163 899293108 924968056 691743378 924718946 692107239 930387503 692384542 924572903 691994634 926589415 691974764 929098296 689531224 923898141 690287265 924620422 690730355 924305872 690308607 923893916 689904332 918961114 692601075
tsvc_2_s2275,2,3,fortran,ok,30,666625889,754690973,16.80,0.000,0.500,3,1,1.000,76147693787,22878688530,0.300,3.254,30,compact_stall=0 compact_fail=0 compact_success=0 pgmigrate_success=0 pgmigrate_fail=0 thp_fault_alloc=23 thp_fault_fallback=0 thp_collapse_alloc=8 numa_pages_migrated=0 pgfault=1175825 pgmajfault=0,normal/4982638,nid005902,2026-10-05T11:30:34+0200,GNU Fortran (SUSE Linux) 13.3.1 20250313 [revision 4ef1d8c84faeebffeb0cc01ee22e891b41e5c4e0] [/users/lhulsbergen/bin/gfortran],,673188043 927728334 670545153 928192032 670284329 927776397 666625889 928157312 670936020 928381754 669040241 927738607 668466916 928235742 682408190 826973757 668996915 926035846 677680601 941358707 670510338 928532852 669857111 936464435 676862291 1080981011 669016051 924953321 671089742 929288124
tsvc_2_s2275,2,4,numba,ok,30,599454315,853536554,20.18,0.000,0.000,2,,0.899,73629432742,22864434205,0.311,3.254,30,compact_stall=0 compact_fail=0 compact_success=0 pgmigrate_success=0 pgmigrate_fail=0 thp_fault_alloc=23 thp_fault_fallback=0 thp_collapse_alloc=9 numa_pages_migrated=0 pgfault=1173040 pgmajfault=0,normal/4982638,nid005902,2026-10-05T11:31:17+0200,numba 0.67.0,,605168053 928747382 712518501 919850991 599454315 930502411 619418696 920392406 606417645 928419699 600447021 919920326 599997405 1014178522 606035353 918074817 607952378 917274203 603220084 917552466 607739650 917690958 606309776 917914215 789798906 918237852 600578953 920446804 604287025 918926757
tsvc_2_s2275,2,5,agent,ok,30,72253180,72944725,0.51,1.000,1.000,1,,0.108,7105609069,9115344263,1.283,3.254,30,compact_stall=0 compact_fail=0 compact_success=0 pgmigrate_success=0 pgmigrate_fail=0 thp_fault_alloc=3 thp_fault_fallback=0 thp_collapse_alloc=1 numa_pages_migrated=0 pgfault=1329601 pgmajfault=0,normal/4982638,nid005902,2026-10-05T11:31:33+0200,gcc-14 (SUSE Linux) 14.2.0 [/usr/bin/gcc-14],rank=1 arm=llr40v10-qwen38-c job=621016 seq=1 lang=c campaign_speedup=125.947 sha256=a58a2749beacaa62,73198462 73612209 73329594 73056995 72375737 73266811 73155872 72961349 72506996 72996996 72482005 73302619 72435351 72974501 72413143 73010148 72253180 73350457 72942534 73036995 72946917 73440950 72505013 72671951 72319994 72797387 72310426 72928071 72729773 72521140
tsvc_2_s2275,3,5,c,ok,30,669409937,779140191,16.89,0.000,0.000,4,2,1.015,76968521615,22885087778,0.297,3.254,30,compact_stall=0 compact_fail=0 compact_success=0 pgmigrate_success=0 pgmigrate_fail=0 thp_fault_alloc=23 thp_fault_fallback=0 thp_collapse_alloc=10 numa_pages_migrated=0 pgfault=1176986 pgmajfault=0,normal/4982638,nid005902,2026-10-05T11:35:29+0200,gcc-14 (SUSE Linux) 14.2.0 [/usr/bin/gcc-14],,671441044 923656089 669517810 926780340 672746697 925056557 670007426 928300739 669542705 864265786 673851878 926560036 674025337 923685256 674456842 930654370 671224085 925462798 674237298 1122467559 671573897 923985950 670702438 921868644 672732388 924040765 669409937 923318644 694014597 923645449
tsvc_2_s2275,3,6,c_reference,ok,30,692676959,772249589,15.20,0.000,0.000,6,4,1.050,77092577208,22893164430,0.297,3.254,30,compact_stall=0 compact_fail=0 compact_success=0 pgmigrate_success=0 pgmigrate_fail=0 thp_fault_alloc=23 thp_fault_fallback=0 thp_collapse_alloc=12 numa_pages_migrated=0 pgfault=1177463 pgmajfault=0,normal/4982638,nid005902,2026-10-05T11:36:13+0200,gcc-14 (SUSE Linux) 14.2.0 [/usr/bin/gcc-14],source=tsvc_2_s2275_reference.c sha256=37d66de66de797fc,929581477 694426616 923942335 703076825 922497104 706273904 931671265 824947695 925485260 692676959 930728930 694220717 924490251 693953941 957769050 694071474 930451307 696055538 719551484 696788762 933588038 694177583 922464621 696052178 920660359 693543427 929051576 695895062 1103499231 695440134
tsvc_2_s2275,3,1,cpp,ok,30,686857398,818216783,14.14,0.000,0.500,5,3,1.041,77469235943,22907722961,0.296,3.254,30,compact_stall=0 compact_fail=0 compact_success=0 pgmigrate_success=0 pgmigrate_fail=0 thp_fault_alloc=26 thp_fault_fallback=0 thp_collapse_alloc=8 numa_pages_migrated=0 pgfault=1153917 pgmajfault=0,normal/4982638,nid005902,2026-10-05T11:33:02+0200,g++ (SUSE Linux) 13.3.1 20250313 [revision 4ef1d8c84faeebffeb0cc01ee22e891b41e5c4e0] [/users/lhulsbergen/bin/g++],,922999263 694947313 925484592 710398975 931830467 694603868 938294099 691361604 929437104 694948465 942520171 856337059 929786310 690049327 925929602 687367941 940153879 694217769 926899170 686857398 927920994 687509664 780096507 696284358 923957760 699583515 935647912 696841844 925646475 688614589
tsvc_2_s2275,3,2,fortran,ok,30,659515272,810215790,15.09,0.000,0.500,2,1,1.000,77429649924,22888150891,0.296,3.254,30,compact_stall=0 compact_fail=0 compact_success=0 pgmigrate_success=0 pgmigrate_fail=0 thp_fault_alloc=21 thp_fault_fallback=0 thp_collapse_alloc=8 numa_pages_migrated=0 pgfault=1191217 pgmajfault=0,normal/4982638,nid005902,2026-10-05T11:33:46+0200,GNU Fortran (SUSE Linux) 13.3.1 20250313 [revision 4ef1d8c84faeebffeb0cc01ee22e891b41e5c4e0] [/users/lhulsbergen/bin/gfortran],,687905804 929769292 694857002 956523686 691683473 930843977 687078470 940318997 686853133 922846189 690168194 937364981 696796778 938500208 689750896 928126850 697585392 927306397 692079556 938665258 659515272 940570189 688153188 930501620 696335194 928392888 696371320 930292475 687770224 929140832
tsvc_2_s2275,3,3,numba,ok,30,666872200,912508413,14.91,0.000,0.000,3,,1.011,76486433956,22867241532,0.299,3.254,30,compact_stall=0 compact_fail=0 compact_success=0 pgmigrate_success=0 pgmigrate_fail=0 thp_fault_alloc=36 thp_fault_fallback=0 thp_collapse_alloc=11 numa_pages_migrated=0 pgfault=1066460 pgmajfault=0,normal/4982638,nid005902,2026-10-05T11:34:29+0200,numba 0.67.0,,911712632 689036870 913304195 691538262 918304163 689093854 913971149 943953362 922956145 667643086 920866483 668312505 916200011 666872200 917879444 674346518 920595261 674774248 957385143 679181306 929819410 681143930 914548096 671664589 926985742 673424020 916802135 671525905 927860754 785077722
tsvc_2_s2275,3,4,agent,ok,30,72040327,73655042,1.30,1.000,1.000,1,,0.109,7163435115,9115968927,1.273,3.254,30,compact_stall=0 compact_fail=0 compact_success=0 pgmigrate_success=0 pgmigrate_fail=0 thp_fault_alloc=21 thp_fault_fallback=0 thp_collapse_alloc=3 numa_pages_migrated=0 pgfault=1177007 pgmajfault=0,normal/4982638,nid005902,2026-10-05T11:34:46+0200,gcc-14 (SUSE Linux) 14.2.0 [/usr/bin/gcc-14],rank=1 arm=llr40v10-qwen38-c job=621016 seq=1 lang=c campaign_speedup=125.947 sha256=a58a2749beacaa62,74355676 72635955 74663122 73389371 74490520 72765936 74280863 72474554 74179298 72040327 73920714 72555382 74256223 72423162 74585205 72411131 74267968 72494840 74366491 72407643 74289118 72680850 74004808 72501336 74259327 72135043 74710544 73012872 74757231 72122468
tsvc_2_s2275,4,4,c,ok,30,540151705,771112376,16.25,0.033,0.033,3,2,1.128,75678953331,22874559839,0.302,3.255,30,compact_stall=0 compact_fail=0 compact_success=0 pgmigrate_success=0 pgmigrate_fail=0 thp_fault_alloc=34 thp_fault_fallback=0 thp_collapse_alloc=15 numa_pages_migrated=0 pgfault=1082789 pgmajfault=0,normal/4982638,nid005902,2026-10-05T11:38:40+0200,gcc-14 (SUSE Linux) 14.2.0 [/usr/bin/gcc-14],,927490701 671127713 923238168 671841803 925361746 769777835 926287700 667752559 928429134 674448149 925004478 670232318 926491565 669823371 926044086 669160620 772446917 695915139 925262160 671943538 927855484 678123784 924612773 678336321 926866332 672431362 925764799 540151705 929619395 667509090
tsvc_2_s2275,4,5,c_reference,ok,30,478648462,926280926,11.88,0.033,0.033,2,1,1.000,89807872842,22919871385,0.255,3.255,30,compact_stall=0 compact_fail=0 compact_success=0 pgmigrate_success=0 pgmigrate_fail=0 thp_fault_alloc=3 thp_fault_fallback=0 thp_collapse_alloc=17 numa_pages_migrated=0 pgfault=1342543 pgmajfault=0,normal/4982638,nid005902,2026-10-05T11:39:29+0200,gcc-14 (SUSE Linux) 14.2.0 [/usr/bin/gcc-14],source=tsvc_2_s2275_reference.c sha256=37d66de66de797fc,921856735 928067861 960508723 1223306269 921145111 929711775 928951928 925823581 921993467 927663074 927373162 932144656 478648462 924357805 926705889 929082067 925454921 924302383 923351247 929372746 924517928 1206504704 923722499 920887838 925867036 923015609 924832542 933999571 926694817 945295970
tsvc_2_s2275,4,6,cpp,ok,30,851142551,924642164,6.21,0.000,0.000,6,4,1.778,88415035130,22910924677,0.259,3.254,30,compact_stall=0 compact_fail=0 compact_success=0 pgmigrate_success=0 pgmigrate_fail=0 thp_fault_alloc=3 thp_fault_fallback=0 thp_collapse_alloc=13 numa_pages_migrated=0 pgfault=1342727 pgmajfault=0,normal/4982638,nid005902,2026-10-05T11:40:18+0200,g++ (SUSE Linux) 13.3.1 20250313 [revision 4ef1d8c84faeebffeb0cc01ee22e891b41e5c4e0] [/users/lhulsbergen/bin/g++],,923217762 923399772 936709641 923723954 937527343 924546007 851142551 935897828 926421626 923620629 925445145 924571702 951599683 936449298 923064135 1237000659 927304957 923408956 923385949 924635860 925479545 922468891 937898915 922732659 926596308 914842100 924648468 920297474 925124837 935093086
tsvc_2_s2275,4,1,fortran,ok,30,687783092,822631666,15.71,0.000,0.500,5,3,1.437,76950192457,22878488839,0.297,3.254,30,compact_stall=0 compact_fail=0 compact_success=0 pgmigrate_success=0 pgmigrate_fail=0 thp_fault_alloc=35 thp_fault_fallback=0 thp_collapse_alloc=13 numa_pages_migrated=0 pgfault=1077563 pgmajfault=0,normal/4982638,nid005902,2026-10-05T11:36:59+0200,GNU Fortran (SUSE Linux) 13.3.1 20250313 [revision 4ef1d8c84faeebffeb0cc01ee22e891b41e5c4e0] [/users/lhulsbergen/bin/gfortran],,938544476 689855759 1065026461 690148486 925235471 690044810 925466695 690085608 929492932 689570201 924841692 689956652 924529957 974496327 928504740 688602105 948325885 687783092 929610464 689222628 928670942 687855089 928234189 688279331 720733376 689529691 931452611 689377792 943022283 689436861
tsvc_2_s2275,4,2,numba,ok,30,597707199,767532958,23.22,0.000,0.000,4,,1.249,74294526687,22875973730,0.308,3.254,30,compact_stall=0 compact_fail=0 compact_success=0 pgmigrate_success=0 pgmigrate_fail=0 thp_fault_alloc=21 thp_fault_fallback=0 thp_collapse_alloc=7 numa_pages_migrated=0 pgfault=1187439 pgmajfault=0,normal/4982638,nid005902,2026-10-05T11:37:41+0200,numba 0.67.0,,604754889 926052852 607308341 940078858 602677293 926742845 608668362 924480897 598167888 925607753 605418275 1222110423 607588669 925185304 599166958 947667289 607876499 924772197 599553379 925949151 598446183 925755429 606904979 939352905 597707199 926688326 610585019 926814211 599793115 926182199
tsvc_2_s2275,4,3,agent,ok,30,71968401,72370052,0.74,1.000,1.000,1,,0.150,7067035266,9115751194,1.290,3.254,30,compact_stall=0 compact_fail=0 compact_success=0 pgmigrate_success=0 pgmigrate_fail=0 thp_fault_alloc=3 thp_fault_fallback=0 thp_collapse_alloc=7 numa_pages_migrated=0 pgfault=1329583 pgmajfault=0,normal/4982638,nid005902,2026-10-05T11:37:57+0200,gcc-14 (SUSE Linux) 14.2.0 [/usr/bin/gcc-14],rank=1 arm=llr40v10-qwen38-c job=621016 seq=1 lang=c campaign_speedup=125.947 sha256=a58a2749beacaa62,72425602 72763511 72342533 72324998 72397571 72517983 71968401 72249928 71987953 72307815 72286279 72251720 71981969 72433090 72283304 72268583 72431331 72092013 71994161 72461762 74938289 72169227 72867764 72858516 72683354 72480481 72431587 72108780 72690714 73111852
tsvc_2_s2275,5,3,c,ok,30,681687332,809879933,15.11,0.000,0.000,4,2,1.010,77246043336,22874514260,0.296,3.254,30,compact_stall=0 compact_fail=0 compact_success=0 pgmigrate_success=0 pgmigrate_fail=0 thp_fault_alloc=23 thp_fault_fallback=0 thp_collapse_alloc=6 numa_pages_migrated=0 pgfault=1177284 pgmajfault=0,normal/4982638,nid005902,2026-10-05T11:42:03+0200,gcc-14 (SUSE Linux) 14.2.0 [/usr/bin/gcc-14],,689701687 936692305 681974898 935868685 691477821 927751029 690603915 926647239 693309644 926265492 682372878 964252357 686368652 927004476 686497192 927793634 685116309 938665058 693010069 928199925 694331499 925428367 681687332 927433390 692221328 934405452 685828126 927536074 683656516 929812705
tsvc_2_s2275,5,4,c_reference,ok,30,685249808,749381987,14.31,0.000,0.000,5,3,1.015,76695986871,22876977080,0.298,3.255,30,compact_stall=0 compact_fail=0 compact_success=0 pgmigrate_success=0 pgmigrate_fail=0 thp_fault_alloc=23 thp_fault_fallback=0 thp_collapse_alloc=12 numa_pages_migrated=0 pgfault=1175552 pgmajfault=0,normal/4982638,nid005902,2026-10-05T11:42:46+0200,gcc-14 (SUSE Linux) 14.2.0 [/usr/bin/gcc-14],source=tsvc_2_s2275_reference.c sha256=37d66de66de797fc,923916352 691226352 926483084 698711901 925111705 691583684 927036411 691242767 924078075 774094291 937844861 688169939 927150550 686846493 925859041 686526568 926307698 687198002 925879008 685249808 724669684 687992696 924411280 696005717 925175062 688433002 924201143 696268972 924555979 689593196
tsvc_2_s2275,5,5,cpp,ok,30,919349535,928730739,4.76,0.000,0.000,6,4,1.362,89406461276,22907248276,0.256,3.255,30,compact_stall=0 compact_fail=0 compact_success=0 pgmigrate_success=0 pgmigrate_fail=0 thp_fault_alloc=3 thp_fault_fallback=0 thp_collapse_alloc=11 numa_pages_migrated=0 pgfault=1344098 pgmajfault=0,normal/4982638,nid005902,2026-10-05T11:43:35+0200,g++ (SUSE Linux) 13.3.1 20250313 [revision 4ef1d8c84faeebffeb0cc01ee22e891b41e5c4e0] [/users/lhulsbergen/bin/g++],,920626647 928871598 919349535 929832431 922649077 929272289 925147845 929335359 922366174 928640630 921911085 929007818 921414045 929548888 920758194 1043040606 925724883 942828173 926642326 930726355 926662900 928820848 927131174 929006633 1149241485 931677043 920551769 932170244 922742355 930385213
tsvc_2_s2275,5,6,fortran,ok,30,675038528,727074624,15.65,0.000,0.533,3,1,1.000,77593886774,22887809061,0.295,3.254,30,compact_stall=0 compact_fail=0 compact_success=0 pgmigrate_success=0 pgmigrate_fail=0 thp_fault_alloc=23 thp_fault_fallback=0 thp_collapse_alloc=7 numa_pages_migrated=0 pgfault=1174825 pgmajfault=0,normal/4982638,nid005902,2026-10-05T11:44:19+0200,GNU Fortran (SUSE Linux) 13.3.1 20250313 [revision 4ef1d8c84faeebffeb0cc01ee22e891b41e5c4e0] [/users/lhulsbergen/bin/gfortran],,675038528 954483168 693610259 935724506 694991622 928213292 694761101 934231146 691546964 941225482 697495542 756509520 694657457 929744891 697036740 935410981 696837514 930615071 695537205 935877045 695258493 1091551859 697538516 938320039 697639729 926777914 696421496 939808824 696757582 926356935
tsvc_2_s2275,5,1,numba,ok,30,660271540,913571728,15.02,0.000,0.000,2,,0.978,76996958083,22891927991,0.297,3.254,30,compact_stall=0 compact_fail=0 compact_success=0 pgmigrate_success=0 pgmigrate_fail=0 thp_fault_alloc=35 thp_fault_fallback=0 thp_collapse_alloc=8 numa_pages_migrated=0 pgfault=1076211 pgmajfault=0,normal/4982638,nid005902,2026-10-05T11:41:03+0200,numba 0.67.0,,914232073 679915158 912911384 685003823 921622076 675764860 928148136 688832434 914387816 998754510 917551329 682814070 922371364 675009205 931756147 668199346 919171596 682276616 918147757 660271540 920070479 684774679 916742555 684977136 917180173 720620776 920100910 684632827 917126382 680687996
tsvc_2_s2275,5,2,agent,ok,30,71792704,73488441,20.56,1.000,0.967,1,,0.106,7159196982,9115685231,1.273,3.254,30,compact_stall=0 compact_fail=0 compact_success=0 pgmigrate_success=0 pgmigrate_fail=0 thp_fault_alloc=25 thp_fault_fallback=0 thp_collapse_alloc=2 numa_pages_migrated=0 pgfault=1148010 pgmajfault=0,normal/4982638,nid005902,2026-10-05T11:41:19+0200,gcc-14 (SUSE Linux) 14.2.0 [/usr/bin/gcc-14],rank=1 arm=llr40v10-qwen38-c job=621016 seq=1 lang=c campaign_speedup=125.947 sha256=a58a2749beacaa62,72917275 74754592 71944539 74365805 72224882 160504793 72363277 74372140 72573255 74632868 72504553 74233840 71792704 74106613 72388621 74319534 72382477 74093525 72230162 74659683 72455658 74335694 72458474 74059607 72395852 74500616 72633221 74495656 72302032 74420106
tsvc_2_s2275,6,2,c,ok,30,688194839,845935145,14.14,0.000,0.000,4,2,1.005,77571045079,22883653377,0.295,3.255,30,compact_stall=0 compact_fail=0 compact_success=0 pgmigrate_success=0 pgmigrate_fail=0 thp_fault_alloc=23 thp_fault_fallback=0 thp_collapse_alloc=11 numa_pages_migrated=0 pgfault=1175901 pgmajfault=0,normal/4982638,nid005902,2026-10-05T11:45:21+0200,gcc-14 (SUSE Linux) 14.2.0 [/usr/bin/gcc-14],,947922675 693395801 926277375 695209493 925573426 693147895 936895333 692109047 926592209 693493484 906090662 693967613 924171711 688194839 926766699 694634758 925646479 690218101 926281467 694818848 926075042 785779628 925156127 698346415 926008804 690929086 926320057 697044249 927377464 692240532
tsvc_2_s2275,6,3,c_reference,ok,30,856151928,925225323,2.07,0.000,0.000,6,4,1.250,88169394190,22893893763,0.260,3.255,30,compact_stall=0 compact_fail=0 compact_success=0 pgmigrate_success=0 pgmigrate_fail=0 thp_fault_alloc=2 thp_fault_fallback=0 thp_collapse_alloc=12 numa_pages_migrated=0 pgfault=1352324 pgmajfault=0,normal/4982638,nid005902,2026-10-05T11:46:09+0200,gcc-14 (SUSE Linux) 14.2.0 [/usr/bin/gcc-14],source=tsvc_2_s2275_reference.c sha256=37d66de66de797fc,936032641 922420696 925349241 922604082 923778060 922385848 928759883 872269256 934119230 921868553 934161725 924709998 925557650 924302427 936614926 924433430 928550802 874100877 935087935 922378137 947609867 925337367 925898246 925113279 924949157 926334583 856151928 925343895 927374678 924542642
tsvc_2_s2275,6,4,cpp,ok,30,734640086,924726827,6.60,0.000,0.033,5,3,1.072,87217964738,22892341068,0.262,3.254,30,compact_stall=0 compact_fail=0 compact_success=0 pgmigrate_success=0 pgmigrate_fail=0 thp_fault_alloc=2 thp_fault_fallback=0 thp_collapse_alloc=14 numa_pages_migrated=0 pgfault=1352306 pgmajfault=0,normal/4982638,nid005902,2026-10-05T11:46:57+0200,g++ (SUSE Linux) 13.3.1 20250313 [revision 4ef1d8c84faeebffeb0cc01ee22e891b41e5c4e0] [/users/lhulsbergen/bin/g++],,938762981 931930019 940449743 924180733 923859368 923354519 924243227 922137919 924334456 933177114 734640086 932821062 928162940 924759051 924988195 923936997 924694604 924261882 926636270 1200323664 929236409 923874599 928535728 924427893 936837859 923337273 928015425 922529170 927179804 902572057
tsvc_2_s2275,6,5,fortran,ok,30,685089748,843053665,14.23,0.000,0.467,3,1,1.000,77216586675,22871534394,0.296,3.254,30,compact_stall=0 compact_fail=0 compact_success=0 pgmigrate_success=0 pgmigrate_fail=0 thp_fault_alloc=23 thp_fault_fallback=0 thp_collapse_alloc=10 numa_pages_migrated=0 pgfault=1174483 pgmajfault=0,normal/4982638,nid005902,2026-10-05T11:47:40+0200,GNU Fortran (SUSE Linux) 13.3.1 20250313 [revision 4ef1d8c84faeebffeb0cc01ee22e891b41e5c4e0] [/users/lhulsbergen/bin/gfortran],,687550149 923572510 687901913 923601150 686950392 923022832 687452040 923521503 686181937 925198825 699473923 923477921 687838139 924563454 689568772 924017359 824378991 929628538 686788605 927918577 685089748 929215110 686084085 926461793 686186801 928601499 687614883 861728339 688524901 924737816
tsvc_2_s2275,6,6,numba,ok,30,670239519,800041788,15.02,0.000,0.000,2,,0.978,75335668593,22874989776,0.304,3.255,30,compact_stall=0 compact_fail=0 compact_success=0 pgmigrate_success=0 pgmigrate_fail=0 thp_fault_alloc=25 thp_fault_fallback=0 thp_collapse_alloc=12 numa_pages_migrated=0 pgfault=1156522 pgmajfault=0,normal/4982638,nid005902,2026-10-05T11:48:24+0200,numba 0.67.0,,915477028 674112856 922161419 686070038 927330340 680721090 919031026 684301006 917707644 685982359 921712794 686324717 916755899 677315632 915962605 913508557 928999060 680483442 918853247 670721135 919072344 680623629 922570694 682472048 918080504 670239519 686575019 676646414 928366473 680066015
tsvc_2_s2275,6,1,agent,ok,30,71557800,72379693,0.61,1.000,1.000,1,,0.104,7065735831,9115250662,1.290,3.253,30,compact_stall=0 compact_fail=0 compact_success=0 pgmigrate_success=0 pgmigrate_fail=0 thp_fault_alloc=3 thp_fault_fallback=0 thp_collapse_alloc=1 numa_pages_migrated=0 pgfault=1329591 pgmajfault=0,normal/4982638,nid005902,2026-10-05T11:44:37+0200,gcc-14 (SUSE Linux) 14.2.0 [/usr/bin/gcc-14],rank=1 arm=llr40v10-qwen38-c job=621016 seq=1 lang=c campaign_speedup=125.947 sha256=a58a2749beacaa62,73619782 72515465 73285393 72408812 73358159 72290865 72868542 72243379 72971611 71763521 72639173 72328944 72450699 72131989 72514505 72334927 72350574 72231923 72231122 71980891 72522889 72245906 72795584 72323343 72761825 72108535 72797536 71557800 72432972 72017338
tsvc_2_s275,1,1,c,ok,30,697197110,789800842,7.90,0.000,0.000,5,3,1.336,71915833099,22632739382,0.315,3.242,30,compact_stall=0 compact_fail=0 compact_success=0 pgmigrate_success=0 pgmigrate_fail=0 thp_fault_alloc=194 thp_fault_fallback=0 thp_collapse_alloc=8 numa_pages_migrated=0 pgfault=1108846 pgmajfault=261,normal/4982638,nid006494,2026-10-05T11:25:19+0200,gcc-14 (SUSE Linux) 14.2.0 [/usr/bin/gcc-14],,697552811 802852329 706572013 801856454 702180969 803333404 701842802 802696365 779516285 802102814 697197110 803352763 700094852 802822090 697867683 800085399 697661481 803014277 700701778 823356133 702072588 802234650 702276966 802715725 701558938 802683790 697916321 933027718 697338610 802530419
tsvc_2_s275,1,2,c_reference,ok,30,559651032,731478069,4.78,0.033,0.033,4,2,1.073,69420586281,22622301755,0.326,3.242,30,compact_stall=0 compact_fail=0 compact_success=0 pgmigrate_success=0 pgmigrate_fail=0 thp_fault_alloc=184 thp_fault_fallback=0 thp_collapse_alloc=9 numa_pages_migrated=0 pgfault=1185967 pgmajfault=1,normal/4982638,nid006494,2026-10-05T11:26:10+0200,gcc-14 (SUSE Linux) 14.2.0 [/usr/bin/gcc-14],source=tsvc_2_s275_reference.c sha256=f1196da07f7aa442,716322379 733002394 715548417 732936540 714583612 732597862 715303528 733011386 802275953 733167286 716034675 731356681 716547430 733778757 718732872 732332653 717126677 730636413 697096963 732591686 734399316 731599458 714529725 731602466 717993917 734111484 717163028 733618825 559651032 734180090
tsvc_2_s275,1,3,cpp,ok,30,521691603,780185679,10.71,0.033,0.033,2,1,1.000,74648366312,20384459562,0.273,3.242,30,compact_stall=0 compact_fail=0 compact_success=0 pgmigrate_success=0 pgmigrate_fail=0 thp_fault_alloc=163 thp_fault_fallback=0 thp_collapse_alloc=10 numa_pages_migrated=0 pgfault=1362201 pgmajfault=67,normal/4982638,nid006494,2026-10-05T11:27:04+0200,g++ (SUSE Linux) 13.3.1 20250313 [revision 4ef1d8c84faeebffeb0cc01ee22e891b41e5c4e0] [/users/lhulsbergen/bin/g++],,844892862 716629844 844035451 711829924 844929411 715172259 855105725 715869871 842741315 713879720 842622214 716444990 844309717 713483508 843039801 712121404 843779332 521691603 847106884 716444415 842739138 714865420 843234900 716455582 843690823 717749145 933329005 716243237 843482861 715777330
tsvc_2_s275,1,4,fortran,ok,30,796404873,842241776,5.06,0.000,0.000,6,4,1.527,81135934179,22663487761,0.279,3.242,30,compact_stall=0 compact_fail=0 compact_success=0 pgmigrate_success=0 pgmigrate_fail=0 thp_fault_alloc=160 thp_fault_fallback=0 thp_collapse_alloc=6 numa_pages_migrated=0 pgfault=1381899 pgmajfault=38,normal/4982638,nid006494,2026-10-05T11:28:00+0200,GNU Fortran (SUSE Linux) 13.3.1 20250313 [revision 4ef1d8c84faeebffeb0cc01ee22e891b41e5c4e0] [/users/lhulsbergen/bin/gfortran],,801617125 868951374 800302923 870579775 815532179 959098661 799255977 870608734 799856632 871240333 800632642 903085409 800762634 870646450 798783524 871060261 798743941 874327526 799733992 871188801 796404873 871154594 799630251 871874318 800187099 870412376 798349393 870600690 799139673 870187487
tsvc_2_s275,1,5,numba,ok,30,542616150,595318329,12.35,0.500,0.000,3,,1.040,57211167783,24863512935,0.435,3.242,30,compact_stall=0 compact_fail=0 compact_success=0 pgmigrate_success=0 pgmigrate_fail=0 thp_fault_alloc=194 thp_fault_fallback=0 thp_collapse_alloc=9 numa_pages_migrated=0 pgfault=1098251 pgmajfault=4,normal/4982638,nid006494,2026-10-05T11:28:46+0200,numba 0.67.0,,544818075 632651223 543733754 916621236 545359724 637708548 545153682 636584836 544460869 637656485 546782978 653367802 544947640 634905429 543922869 636250894 542824214 637369613 545004279 634079981 557985435 637775873 544215532 635047217 543379819 636156412 542616150 635247224 544669108 637163579
tsvc_2_s275,1,6,agent,ok,30,161716441,162768887,17.20,1.000,0.967,1,,0.310,15821796420,22691528357,1.434,3.242,30,compact_stall=0 compact_fail=0 compact_success=0 pgmigrate_success=0 pgmigrate_fail=0 thp_fault_alloc=194 thp_fault_fallback=0 thp_collapse_alloc=6 numa_pages_migrated=0 pgfault=1094106 pgmajfault=0,normal/4982638,nid006494,2026-10-05T11:29:17+0200,GNU Fortran (SUSE Linux) 13.3.1 20250313 [revision 4ef1d8c84faeebffeb0cc01ee22e891b41e5c4e0] [/users/lhulsbergen/bin/gfortran],rank=1 arm=llr40v10-qwen38-fortran job=621385 seq=2 lang=fortran campaign_speedup=52.994 sha256=0f148b2b32589e8d,162138348 161716441 163415971 162222920 163009743 163124780 162296166 162478272 162146667 162459265 163219145 163573566 163065581 162741624 163260776 163466625 161994416 163662202 162178570 163375651 162342469 162796150 162700218 163032751 323845509 162725592 162059369 162737173 162913905 163225767
tsvc_2_s275,2,6,c,ok,30,714499903,809054017,8.04,0.000,0.000,6,4,1.174,75969338476,22652072103,0.298,3.242,30,compact_stall=0 compact_fail=0 compact_success=0 pgmigrate_success=0 pgmigrate_fail=0 thp_fault_alloc=163 thp_fault_fallback=0 thp_collapse_alloc=9 numa_pages_migrated=0 pgfault=1359108 pgmajfault=0,normal/4982638,nid006494,2026-10-05T11:34:05+0200,gcc-14 (SUSE Linux) 14.2.0 [/usr/bin/gcc-14],,843581445 717998963 845485865 718508515 844025206 719208109 843826684 717401989 844184817 718023506 844150162 717365862 843929114 715711802 844825694 717640638 845301710 718182893 846983099 774526590 844787295 717800473 844428554 716375205 845207250 719112848 859908875 714499903 845520040 718827289
tsvc_2_s275,2,1,c_reference,ok,30,697119454,800422042,8.71,0.000,0.000,5,3,1.145,72146232687,22624006214,0.314,3.242,30,compact_stall=0 compact_fail=0 compact_success=0 pgmigrate_success=0 pgmigrate_fail=0 thp_fault_alloc=194 thp_fault_fallback=0 thp_collapse_alloc=8 numa_pages_migrated=0 pgfault=1104411 pgmajfault=0,normal/4982638,nid006494,2026-10-05T11:30:11+0200,gcc-14 (SUSE Linux) 14.2.0 [/usr/bin/gcc-14],source=tsvc_2_s275_reference.c sha256=f1196da07f7aa442,698795362 803843146 701749516 801985441 697803295 803828330 817903088 801319247 699573266 803911999 698793802 804381809 700117473 804008828 698937541 804956543 698739500 802132470 701523638 818153799 699713678 799524838 698753195 801514153 697119454 982186947 698563345 803151766 697566512 802413389
tsvc_2_s275,2,2,cpp,ok,30,619241696,750061239,15.62,0.000,0.000,4,2,1.017,71768005970,20379817614,0.284,3.242,30,compact_stall=0 compact_fail=0 compact_success=0 pgmigrate_success=0 pgmigrate_fail=0 thp_fault_alloc=194 thp_fault_fallback=0 thp_collapse_alloc=8 numa_pages_migrated=0 pgfault=1105616 pgmajfault=0,normal/4982638,nid006494,2026-10-05T11:31:02+0200,g++ (SUSE Linux) 13.3.1 20250313 [revision 4ef1d8c84faeebffeb0cc01ee22e891b41e5c4e0] [/users/lhulsbergen/bin/g++],,847580860 620090119 848977328 637520525 849427043 633814079 907369767 621481179 846988974 628935925 846255237 619241696 846371233 645532788 846321347 630403751 847075020 628064367 846640249 654303327 848019111 632910338 855545585 622299485 845819151 644105684 978048265 647452007 848334236 628154398
tsvc_2_s275,2,3,fortran,ok,30,608593298,824629747,14.93,0.000,0.000,3,1,1.000,71464439643,22636999054,0.317,3.242,30,compact_stall=0 compact_fail=0 compact_success=0 pgmigrate_success=0 pgmigrate_fail=0 thp_fault_alloc=194 thp_fault_fallback=0 thp_collapse_alloc=7 numa_pages_migrated=0 pgfault=1103242 pgmajfault=0,normal/4982638,nid006494,2026-10-05T11:31:53+0200,GNU Fortran (SUSE Linux) 13.3.1 20250313 [revision 4ef1d8c84faeebffeb0cc01ee22e891b41e5c4e0] [/users/lhulsbergen/bin/gfortran],,890707538 619584150 842961836 614552425 844372243 608593298 840639426 808620068 845136316 637955682 843911072 642909197 843095033 630674396 841835455 628582460 894228092 629367459 842435757 643507580 841858046 622115646 842257330 626682964 842753059 611920655 844015838 613497119 842941310 642769553
tsvc_2_s275,2,4,numba,ok,30,583386126,601852800,5.90,0.000,0.000,2,,0.959,58488522012,24888862795,0.426,3.242,30,compact_stall=0 compact_fail=0 compact_success=0 pgmigrate_success=0 pgmigrate_fail=0 thp_fault_alloc=184 thp_fault_fallback=0 thp_collapse_alloc=9 numa_pages_migrated=0 pgfault=1180506 pgmajfault=0,normal/4982638,nid006494,2026-10-05T11:32:40+0200,numba 0.67.0,,586433807 615179251 587695656 616452652 583437580 617202676 584216628 615936604 583577544 619099609 585324786 619118425 588302485 616074839 586556971 618127160 583386126 616339696 583999579 779265585 585939711 618361969 585212565 617879776 584707172 616290993 583795682 624957764 588526350 620937056
tsvc_2_s275,2,5,agent,ok,30,161560664,162496011,0.49,1.000,1.000,1,,0.265,15799449171,22693031862,1.436,3.242,30,compact_stall=0 compact_fail=0 compact_success=0 pgmigrate_success=0 pgmigrate_fail=0 thp_fault_alloc=163 thp_fault_fallback=0 thp_collapse_alloc=6 numa_pages_migrated=0 pgfault=1348045 pgmajfault=0,normal/4982638,nid006494,2026-10-05T11:33:11+0200,GNU Fortran (SUSE Linux) 13.3.1 20250313 [revision 4ef1d8c84faeebffeb0cc01ee22e891b41e5c4e0] [/users/lhulsbergen/bin/gfortran],rank=1 arm=llr40v10-qwen38-fortran job=621385 seq=2 lang=fortran campaign_speedup=52.994 sha256=0f148b2b32589e8d,163215097 162206072 162875651 162733447 163947906 162439857 164924964 163393107 162912674 163028070 161812848 161975115 161739699 162166789 161560664 162501627 162907983 162471835 164588698 162046857 162128358 161736275 162756723 162132582 163731861 162490395 162937805 162190564 163085513 162383775
tsvc_2_s275,3,5,c,ok,30,527341409,802095848,9.31,0.033,0.033,3,2,1.067,76391331001,22636905827,0.296,3.242,30,compact_stall=0 compact_fail=0 compact_success=0 pgmigrate_success=0 pgmigrate_fail=0 thp_fault_alloc=194 thp_fault_fallback=0 thp_collapse_alloc=7 numa_pages_migrated=0 pgfault=1102782 pgmajfault=0,normal/4982638,nid006494,2026-10-05T11:38:02+0200,gcc-14 (SUSE Linux) 14.2.0 [/usr/bin/gcc-14],,857688809 527341409 858407411 750905374 855806659 746366764 857983872 750475884 856756038 746556070 857576429 747828799 858057854 747489897 857548398 747160819 856963744 748069847 856352562 717558826 858039902 748785312 857357427 751363729 859965731 747532391 857972992 747059574 852827968 748577959
tsvc_2_s275,3,6,c_reference,ok,30,799996593,825353253,3.44,0.000,0.000,6,4,1.618,79175445012,22637561105,0.286,3.242,30,compact_stall=0 compact_fail=0 compact_success=0 pgmigrate_success=0 pgmigrate_fail=0 thp_fault_alloc=161 thp_fault_fallback=0 thp_collapse_alloc=11 numa_pages_migrated=0 pgfault=1374411 pgmajfault=0,normal/4982638,nid006494,2026-10-05T11:38:57+0200,gcc-14 (SUSE Linux) 14.2.0 [/usr/bin/gcc-14],source=tsvc_2_s275_reference.c sha256=f1196da07f7aa442,800849006 843681468 809819971 842399575 801053264 842824362 803928149 847310557 799996593 842905607 802199659 842006340 801168332 843059074 802213547 858878032 803201836 930720214 800766520 841020003 803166733 840886535 803127086 843584466 802816664 841465973 801915380 844338842 802478338 845114722
tsvc_2_s275,3,1,cpp,ok,30,715158200,730788676,3.16,0.000,0.000,5,3,1.447,70128951773,20366887375,0.290,3.242,30,compact_stall=0 compact_fail=0 compact_success=0 pgmigrate_success=0 pgmigrate_fail=0 thp_fault_alloc=184 thp_fault_fallback=0 thp_collapse_alloc=6 numa_pages_migrated=0 pgfault=1186128 pgmajfault=0,normal/4982638,nid006494,2026-10-05T11:34:58+0200,g++ (SUSE Linux) 13.3.1 20250313 [revision 4ef1d8c84faeebffeb0cc01ee22e891b41e5c4e0] [/users/lhulsbergen/bin/g++],,715158200 734239785 717025982 733604092 716284693 734570271 716248471 732934513 716380594 731711351 719122557 730824339 715268500 730874450 716508814 731411904 846478708 732646906 718941699 734394500 718933891 730753013 717991585 732753719 716716232 732440769 719238522 732281446 718087614 731411584
tsvc_2_s275,3,2,fortran,ok,30,494375613,784120556,12.05,0.033,0.033,2,1,1.000,74686685350,22636347851,0.303,3.242,30,compact_stall=0 compact_fail=0 compact_success=0 pgmigrate_success=0 pgmigrate_fail=0 thp_fault_alloc=163 thp_fault_fallback=0 thp_collapse_alloc=10 numa_pages_migrated=0 pgfault=1357653 pgmajfault=0,normal/4982638,nid006494,2026-10-05T11:35:52+0200,GNU Fortran (SUSE Linux) 13.3.1 20250313 [revision 4ef1d8c84faeebffeb0cc01ee22e891b41e5c4e0] [/users/lhulsbergen/bin/gfortran],,842577804 712469608 842524589 710703040 843008511 711608771 1033877595 713442761 841573388 711501958 854837325 711850843 841315636 713679362 840948767 711763166 842496271 713084628 841149561 728839529 841573451 711075508 841698792 712003991 840170391 494375613 841100634 712378795 839401583 711492006
tsvc_2_s275,3,3,numba,ok,30,541770262,586171149,8.03,0.500,0.000,4,,1.096,57349784498,24856692140,0.433,3.242,30,compact_stall=0 compact_fail=0 compact_success=0 pgmigrate_success=0 pgmigrate_fail=0 thp_fault_alloc=194 thp_fault_fallback=0 thp_collapse_alloc=9 numa_pages_migrated=0 pgfault=1095739 pgmajfault=0,normal/4982638,nid006494,2026-10-05T11:36:38+0200,numba 0.67.0,,541770262 626230155 542494784 638023743 544024875 638126281 544754005 638472680 542530303 636534404 545458147 640050455 542699546 639610596 543959795 636636033 542233992 635933143 544088079 638708512 541873588 651778601 544600383 634948918 546112144 638821501 542396708 636304300 542952723 639933850
tsvc_2_s275,3,4,agent,ok,30,161489928,163833150,1.74,1.000,1.000,1,,0.327,15919004092,22699474349,1.426,3.242,30,compact_stall=0 compact_fail=0 compact_success=0 pgmigrate_success=0 pgmigrate_fail=0 thp_fault_alloc=164 thp_fault_fallback=0 thp_collapse_alloc=7 numa_pages_migrated=0 pgfault=1340209 pgmajfault=0,normal/4982638,nid006494,2026-10-05T11:37:09+0200,GNU Fortran (SUSE Linux) 13.3.1 20250313 [revision 4ef1d8c84faeebffeb0cc01ee22e891b41e5c4e0] [/users/lhulsbergen/bin/gfortran],rank=1 arm=llr40v10-qwen38-fortran job=621385 seq=2 lang=fortran campaign_speedup=52.994 sha256=0f148b2b32589e8d,164828735 164208914 164090295 162781536 166845312 162565637 164066551 163166931 163556039 162443817 163525512 163868189 178222428 165216371 163693507 162499560 164148373 164385485 163415723 162696994 164208595 162314286 164079030 161489928 164217618 163025847 164317167 163798111 166558409 162057718
tsvc_2_s275,4,4,c,ok,30,701964217,804146387,7.29,0.000,0.000,4,2,1.234,77558053120,22650152342,0.292,3.242,30,compact_stall=0 compact_fail=0 compact_success=0 pgmigrate_success=0 pgmigrate_fail=0 thp_fault_alloc=194 thp_fault_fallback=0 thp_collapse_alloc=4 numa_pages_migrated=0 pgfault=1104776 pgmajfault=0,normal/4982638,nid006494,2026-10-05T11:42:03+0200,gcc-14 (SUSE Linux) 14.2.0 [/usr/bin/gcc-14],,856629843 749076284 859261792 747665256 858800464 748623946 859391485 746575146 856568918 747201628 857560504 743439761 858699156 751774446 858100520 701964217 857124966 750881577 856518329 750909641 858248035 747939269 857694836 748271162 856810736 750355865 873234034 750354489 889202594 750497205
tsvc_2_s275,4,5,c_reference,ok,30,801795347,843027627,3.71,0.000,0.000,6,4,1.409,79092111358,22629584037,0.286,3.243,30,compact_stall=0 compact_fail=0 compact_success=0 pgmigrate_success=0 pgmigrate_fail=0 thp_fault_alloc=164 thp_fault_fallback=0 thp_collapse_alloc=7 numa_pages_migrated=0 pgfault=1349504 pgmajfault=0,normal/4982638,nid006494,2026-10-05T11:42:57+0200,gcc-14 (SUSE Linux) 14.2.0 [/usr/bin/gcc-14],source=tsvc_2_s275_reference.c sha256=f1196da07f7aa442,803164850 844216663 804395339 844883970 953784556 843930431 805136341 845475920 803024182 842842657 803913307 844810469 803019415 843212598 802295021 844349267 802068212 845374259 804317314 843376686 803533309 847049244 803703640 844060921 803714872 843902429 801795347 845930207 804032815 844467181
tsvc_2_s275,4,6,cpp,ok,30,568896849,649823132,13.39,0.000,0.500,2,1,1.000,62812332751,20383623312,0.325,3.242,30,compact_stall=0 compact_fail=0 compact_success=0 pgmigrate_success=0 pgmigrate_fail=0 thp_fault_alloc=215 thp_fault_fallback=0 thp_collapse_alloc=6 numa_pages_migrated=0 pgfault=932483 pgmajfault=0,normal/4982638,nid006494,2026-10-05T11:43:46+0200,g++ (SUSE Linux) 13.3.1 20250313 [revision 4ef1d8c84faeebffeb0cc01ee22e891b41e5c4e0] [/users/lhulsbergen/bin/g++],,715515934 574596033 718521057 575226765 718744634 573636158 715749911 568896849 719279401 578644131 717184394 575556003 720040402 575718462 732841798 571202505 772716822 571699835 716897075 570208424 720305162 584130331 719207307 573756635 915035527 577610980 717083309 578768864 718522433 577895323
tsvc_2_s275,4,1,fortran,ok,30,712602933,794386031,6.26,0.000,0.000,5,3,1.253,73400917471,22653445183,0.309,3.242,30,compact_stall=0 compact_fail=0 compact_success=0 pgmigrate_success=0 pgmigrate_fail=0 thp_fault_alloc=182 thp_fault_fallback=0 thp_collapse_alloc=6 numa_pages_migrated=0 pgfault=1201637 pgmajfault=0,normal/4982638,nid006494,2026-10-05T11:39:52+0200,GNU Fortran (SUSE Linux) 13.3.1 20250313 [revision 4ef1d8c84faeebffeb0cc01ee22e891b41e5c4e0] [/users/lhulsbergen/bin/gfortran],,714096102 807012467 713981194 805297353 714786705 805389799 713910828 802970227 712602933 820408925 714627629 852451575 785801835 807244199 713491888 806761878 715321624 805761430 716754506 805437472 714096125 807086604 716335159 806349219 713196058 803613017 713567951 803061930 714674220 809504000
tsvc_2_s275,4,2,numba,ok,30,583941123,658151280,9.07,0.000,0.000,3,,1.026,60144105532,24857029797,0.413,3.242,30,compact_stall=0 compact_fail=0 compact_success=0 pgmigrate_success=0 pgmigrate_fail=0 thp_fault_alloc=182 thp_fault_fallback=0 thp_collapse_alloc=8 numa_pages_migrated=0 pgfault=1197255 pgmajfault=0,normal/4982638,nid006494,2026-10-05T11:40:40+0200,numba 0.67.0,,585134077 657620689 583941123 855173697 587123102 658681871 586293529 659151297 585530000 660076324 584847813 659573076 584853542 660134466 722310619 659421144 585970403 659542069 587953316 675158985 586408341 658871658 584456690 661330396 586449280 659446707 586537246 658791208 586073101 659094557
tsvc_2_s275,4,3,agent,ok,30,162061132,162806117,0.25,1.000,1.000,1,,0.285,15825011445,22691633190,1.434,3.242,30,compact_stall=0 compact_fail=0 compact_success=0 pgmigrate_success=0 pgmigrate_fail=0 thp_fault_alloc=194 thp_fault_fallback=0 thp_collapse_alloc=3 numa_pages_migrated=0 pgfault=1095723 pgmajfault=0,normal/4982638,nid006494,2026-10-05T11:41:10+0200,GNU Fortran (SUSE Linux) 13.3.1 20250313 [revision 4ef1d8c84faeebffeb0cc01ee22e891b41e5c4e0] [/users/lhulsbergen/bin/gfortran],rank=1 arm=llr40v10-qwen38-fortran job=621385 seq=2 lang=fortran campaign_speedup=52.994 sha256=0f148b2b32589e8d,162874675 163317766 162402434 162693529 162191400 162776694 162944401 162398082 163354500 162366115 163066989 163624443 163055469 163109963 162803765 162964368 163211177 162766134 163854196 162854259 162694616 162651642 162689017 162684729 162568701 162283813 162891730 162808469 163441441 162061132
tsvc_2_s275,5,3,c,ok,30,557527656,844470543,8.75,0.033,0.033,2,1,1.000,81271424717,22643747741,0.279,3.243,30,compact_stall=0 compact_fail=0 compact_success=0 pgmigrate_success=0 pgmigrate_fail=0 thp_fault_alloc=163 thp_fault_fallback=0 thp_collapse_alloc=9 numa_pages_migrated=0 pgfault=1359650 pgmajfault=0,normal/4982638,nid006494,2026-10-05T11:46:00+0200,gcc-14 (SUSE Linux) 14.2.0 [/usr/bin/gcc-14],,792958086 894809310 793712462 895385485 792281691 893479559 793161536 895586470 793758413 894739648 795461528 895316143 791082047 895943067 793369337 894523655 557527656 895818751 790534832 896350991 794487190 913953167 793271580 895551335 792966085 894556582 790331351 895463921 791814412 910670182
tsvc_2_s275,5,4,c_reference,ok,30,696914765,713525657,4.42,0.000,0.000,4,2,1.250,68614454653,22646343061,0.330,3.242,30,compact_stall=0 compact_fail=0 compact_success=0 pgmigrate_success=0 pgmigrate_fail=0 thp_fault_alloc=184 thp_fault_fallback=0 thp_collapse_alloc=8 numa_pages_migrated=0 pgfault=1185978 pgmajfault=0,normal/4982638,nid006494,2026-10-05T11:46:51+0200,gcc-14 (SUSE Linux) 14.2.0 [/usr/bin/gcc-14],source=tsvc_2_s275_reference.c sha256=f1196da07f7aa442,732358818 702304581 715001884 702933267 716228246 813899136 713580072 696914765 711918460 719171962 714742404 696977643 713471243 699548667 712668292 700338723 713953757 698903920 713415694 699958671 714561546 703364998 715327347 699102985 715124504 842425931 714463181 701959601 716216022 760120357
tsvc_2_s275,5,5,cpp,ok,30,778539310,845166264,7.09,0.000,0.000,6,4,1.396,80842238093,20410197734,0.252,3.242,30,compact_stall=0 compact_fail=0 compact_success=0 pgmigrate_success=0 pgmigrate_fail=0 thp_fault_alloc=163 thp_fault_fallback=0 thp_collapse_alloc=7 numa_pages_migrated=0 pgfault=1360942 pgmajfault=0,normal/4982638,nid006494,2026-10-05T11:47:46+0200,g++ (SUSE Linux) 13.3.1 20250313 [revision 4ef1d8c84faeebffeb0cc01ee22e891b41e5c4e0] [/users/lhulsbergen/bin/g++],,785125409 892957261 786702225 891850670 787115812 892799409 782441653 925861999 785444823 892624887 786269502 894710038 789977066 970996117 786464408 923778223 789464955 891254369 783238140 894732949 778539310 892556825 799078160 893394271 785459735 893337345 787900715 892963789 788375740 893526491
tsvc_2_s275,5,6,fortran,ok,30,712639125,804565597,8.32,0.000,0.000,5,3,1.278,74551697695,22631546239,0.304,3.242,30,compact_stall=0 compact_fail=0 compact_success=0 pgmigrate_success=0 pgmigrate_fail=0 thp_fault_alloc=182 thp_fault_fallback=0 thp_collapse_alloc=8 numa_pages_migrated=0 pgfault=1201713 pgmajfault=0,normal/4982638,nid006494,2026-10-05T11:48:39+0200,GNU Fortran (SUSE Linux) 13.3.1 20250313 [revision 4ef1d8c84faeebffeb0cc01ee22e891b41e5c4e0] [/users/lhulsbergen/bin/gfortran],,713714283 804707152 812777092 804424042 714691189 806277360 713563320 806448106 713453788 806325870 714961580 805502184 1002145368 806806239 713021449 804979673 714380318 806059415 713427388 806186067 713383102 875395184 713544056 805782624 713559415 803919962 712639125 804898267 716517915 804896187
tsvc_2_s275,5,1,numba,ok,30,583289521,610421005,6.86,0.000,0.000,3,,1.046,59101329802,24859574574,0.421,3.242,30,compact_stall=0 compact_fail=0 compact_success=0 pgmigrate_success=0 pgmigrate_fail=0 thp_fault_alloc=193 thp_fault_fallback=0 thp_collapse_alloc=8 numa_pages_migrated=0 pgfault=1106712 pgmajfault=0,normal/4982638,nid006494,2026-10-05T11:44:35+0200,numba 0.67.0,,634979224 584687206 635497416 583933788 635156179 584794946 636242034 584173782 636817184 585171287 636655973 587430033 633411977 586122521 635379340 584965054 635336525 585124504 635680963 585963935 634558597 585612553 636465099 585781412 650107878 583397646 797534889 583289521 636287696 583647174
tsvc_2_s275,5,2,agent,ok,30,161372907,163136645,0.67,1.000,1.000,1,,0.289,15851327015,22693362612,1.432,3.242,30,compact_stall=0 compact_fail=0 compact_success=0 pgmigrate_success=0 pgmigrate_fail=0 thp_fault_alloc=194 thp_fault_fallback=0 thp_collapse_alloc=7 numa_pages_migrated=0 pgfault=1094155 pgmajfault=0,normal/4982638,nid006494,2026-10-05T11:45:05+0200,GNU Fortran (SUSE Linux) 13.3.1 20250313 [revision 4ef1d8c84faeebffeb0cc01ee22e891b41e5c4e0] [/users/lhulsbergen/bin/gfortran],rank=1 arm=llr40v10-qwen38-fortran job=621385 seq=2 lang=fortran campaign_speedup=52.994 sha256=0f148b2b32589e8d,164672720 161938980 162686957 161921604 163868543 163190771 164322128 162545863 164010298 162776608 164448332 162116372 163256657 162589542 163082519 162214513 163477995 162323886 164234707 161770751 163540296 162041367 164696645 161372907 164751651 163267409 163655909 162765120 166253716 162949850
tsvc_2_s275,6,2,c,ok,30,715256407,731299541,3.13,0.000,0.000,5,3,1.003,69913267755,22629452280,0.324,3.242,30,compact_stall=0 compact_fail=0 compact_success=0 pgmigrate_success=0 pgmigrate_fail=0 thp_fault_alloc=184 thp_fault_fallback=0 thp_collapse_alloc=8 numa_pages_migrated=0 pgfault=1185984 pgmajfault=0,normal/4982638,nid006494,2026-10-05T11:50:02+0200,gcc-14 (SUSE Linux) 14.2.0 [/usr/bin/gcc-14],,717694472 732238391 716514991 732338547 715546030 732082332 716211544 732539213 716451505 732630634 784850560 732459664 747768005 731479631 725921057 733509678 715256407 731917985 716895843 734974367 716041277 730349235 718221208 731405106 717023742 731193976 717800101 732132186 722670889 831875806
tsvc_2_s275,6,3,c_reference,ok,30,789054875,889022764,6.05,0.000,0.000,6,4,1.107,81628458713,22645646729,0.277,3.242,30,compact_stall=0 compact_fail=0 compact_success=0 pgmigrate_success=0 pgmigrate_fail=0 thp_fault_alloc=163 thp_fault_fallback=0 thp_collapse_alloc=10 numa_pages_migrated=0 pgfault=1360003 pgmajfault=0,normal/4982638,nid006494,2026-10-05T11:50:58+0200,gcc-14 (SUSE Linux) 14.2.0 [/usr/bin/gcc-14],source=tsvc_2_s275_reference.c sha256=f1196da07f7aa442,792543277 895657627 793510926 894059822 793472432 894274662 809599763 895231465 883985707 896334246 790777221 896170379 792474607 896655420 791778021 895124877 794018975 912518344 789054875 896169579 791637194 897758681 793434065 895106445 794146715 896052943 790022333 894808662 794166778 895445250
tsvc_2_s275,6,4,cpp,ok,30,713822344,731425066,3.23,0.000,0.000,4,2,1.001,69933382499,20379345273,0.291,3.242,30,compact_stall=0 compact_fail=0 compact_success=0 pgmigrate_success=0 pgmigrate_fail=0 thp_fault_alloc=184 thp_fault_fallback=0 thp_collapse_alloc=8 numa_pages_migrated=0 pgfault=1187493 pgmajfault=0,normal/4982638,nid006494,2026-10-05T11:51:49+0200,g++ (SUSE Linux) 13.3.1 20250313 [revision 4ef1d8c84faeebffeb0cc01ee22e891b41e5c4e0] [/users/lhulsbergen/bin/g++],,714701570 731601454 716794080 730669068 716685188 734931893 796283094 732231017 717477046 732403044 716105665 750054108 718028134 732626716 716617554 731767991 713822344 732242472 715729933 732967250 717939207 732680956 719661491 732956403 735476900 827527780 714698477 731248679 716116321 732679867
tsvc_2_s275,6,5,fortran,ok,30,712881638,793828764,6.04,0.000,0.000,3,1,1.000,72810217547,22632782634,0.311,3.242,30,compact_stall=0 compact_fail=0 compact_success=0 pgmigrate_success=0 pgmigrate_fail=0 thp_fault_alloc=182 thp_fault_fallback=0 thp_collapse_alloc=8 numa_pages_migrated=0 pgfault=1201753 pgmajfault=0,normal/4982638,nid006494,2026-10-05T11:52:41+0200,GNU Fortran (SUSE Linux) 13.3.1 20250313 [revision 4ef1d8c84faeebffeb0cc01ee22e891b41e5c4e0] [/users/lhulsbergen/bin/gfortran],,716961959 807752079 714078176 806487318 745171700 808092964 785735200 802811689 713564304 805170271 715209214 805932872 714855624 805014628 714289146 805050052 712881638 803393283 714049331 820154271 713329034 803971224 714850650 805393164 713577986 842410375 714298667 801922329 714551172 803893147
tsvc_2_s275,6,6,numba,ok,30,400032585,652254670,11.59,0.033,0.033,2,,0.561,61424379636,24863795750,0.405,3.242,30,compact_stall=0 compact_fail=0 compact_success=0 pgmigrate_success=0 pgmigrate_fail=0 thp_fault_alloc=163 thp_fault_fallback=0 thp_collapse_alloc=8 numa_pages_migrated=0 pgfault=1351829 pgmajfault=0,normal/4982638,nid006494,2026-10-05T11:53:31+0200,numba 0.67.0,,705183496 590129043 705173545 588484968 703847762 591524009 704141161 400032585 703925807 584180846 705208808 584392327 705153929 601434195 706010382 583163597 705560957 586275372 704524893 583298154 703075146 583736571 704806356 582803065 704002957 582729692 704396513 583742939 730287448 582178381
tsvc_2_s275,6,1,agent,ok,30,160923604,162400374,0.78,1.000,1.000,1,,0.226,15807709607,22689575100,1.435,3.242,30,compact_stall=0 compact_fail=0 compact_success=0 pgmigrate_success=0 pgmigrate_fail=0 thp_fault_alloc=160 thp_fault_fallback=0 thp_collapse_alloc=5 numa_pages_migrated=0 pgfault=1372597 pgmajfault=0,normal/4982638,nid006494,2026-10-05T11:49:11+0200,GNU Fortran (SUSE Linux) 13.3.1 20250313 [revision 4ef1d8c84faeebffeb0cc01ee22e891b41e5c4e0] [/users/lhulsbergen/bin/gfortran],rank=1 arm=llr40v10-qwen38-fortran job=621385 seq=2 lang=fortran campaign_speedup=52.994 sha256=0f148b2b32589e8d,163732923 161250986 162511587 160923604 162849591 161280905 163280202 161317864 162529185 161454883 162867863 162202764 162281258 161991187 164217229 162289162 162763866 162225899 163813689 162093327 162285002 161759962 167385384 162853975 164971157 162034193 163123247 163061841 162793625 161118190
