kernel,representation,lang,compiler,source,optreport,asm,status,n_vec_optimized,n_vec_missed,n_loop_optimized,kernel_functions,error,compile_argv
argmax_with_index,c,c,/usr/bin/gcc-14,opt_reports/argmax_with_index/c/argmax_with_index_fp64.c,opt_reports/argmax_with_index/c/argmax_with_index_fp64.c.optreport.txt,opt_reports/argmax_with_index/c/argmax_with_index_fp64.c.s.txt,ok,0,4,0,argmax_with_index_fp64,,/usr/bin/gcc-14 -O3 -march=native -fopenmp -fno-math-errno -fno-trapping-math -fno-signed-zeros -ffp-contract=fast -fstrict-aliasing -fPIC -include /capstor/scratch/cscs/lhulsbergen/HPCAgent-Bench-v2-aux/hpcagent_bench/envs/vecmath.h -Wall -Wextra -std=c23 -D_POSIX_C_SOURCE=199309L -fPIC -c /capstor/scratch/cscs/lhulsbergen/bachelorThesisArtifacts/llr40Matrix/v2/opt_reports/argmax_with_index/c/argmax_with_index_fp64.c -o /capstor/scratch/cscs/lhulsbergen/bachelorThesisArtifacts/llr40Matrix/v2/opt_reports/argmax_with_index/c/build/argmax_with_index_fp64.c.o -fopt-info-vec-optimized -fopt-info-vec-missed -fopt-info-loop-optimized
argmax_with_index,cpp,cpp,/users/lhulsbergen/bin/g++,opt_reports/argmax_with_index/cpp/argmax_with_index_fp64.cpp,opt_reports/argmax_with_index/cpp/argmax_with_index_fp64.cpp.optreport.txt,opt_reports/argmax_with_index/cpp/argmax_with_index_fp64.cpp.s.txt,ok,0,2,0,argmax_with_index_fp64,,/users/lhulsbergen/bin/g++ -O3 -march=native -fopenmp -fno-math-errno -fno-trapping-math -fno-signed-zeros -ffp-contract=fast -fstrict-aliasing -fPIC -include /capstor/scratch/cscs/lhulsbergen/HPCAgent-Bench-v2-aux/hpcagent_bench/envs/vecmath.h -Wall -Wextra -std=c++20 -D_POSIX_C_SOURCE=199309L -fPIC -c /capstor/scratch/cscs/lhulsbergen/bachelorThesisArtifacts/llr40Matrix/v2/opt_reports/argmax_with_index/cpp/argmax_with_index_fp64.cpp -o /capstor/scratch/cscs/lhulsbergen/bachelorThesisArtifacts/llr40Matrix/v2/opt_reports/argmax_with_index/cpp/build/argmax_with_index_fp64.cpp.o -fopt-info-vec-optimized -fopt-info-vec-missed -fopt-info-loop-optimized
argmax_with_index,fortran,fortran,/users/lhulsbergen/bin/gfortran,opt_reports/argmax_with_index/fortran/argmax_with_index_fp64.f90,opt_reports/argmax_with_index/fortran/argmax_with_index_fp64.f90.optreport.txt,opt_reports/argmax_with_index/fortran/argmax_with_index_fp64.f90.s.txt,ok,0,2,0,argmax_with_index_fp64,,/users/lhulsbergen/bin/gfortran -O3 -march=native -fopenmp -fno-math-errno -fno-trapping-math -fno-signed-zeros -ffp-contract=fast -fstrict-aliasing -fPIC -ftree-parallelize-loops=1 -Wall -Wextra -ffree-form -ffree-line-length-none -std=f2018 -fPIC -c /capstor/scratch/cscs/lhulsbergen/bachelorThesisArtifacts/llr40Matrix/v2/opt_reports/argmax_with_index/fortran/argmax_with_index_fp64.f90 -o /capstor/scratch/cscs/lhulsbergen/bachelorThesisArtifacts/llr40Matrix/v2/opt_reports/argmax_with_index/fortran/build/argmax_with_index_fp64.f90.o -fopt-info-vec-optimized -fopt-info-vec-missed -fopt-info-loop-optimized
argmax_with_index,numba,python,numba,opt_reports/argmax_with_index/numba/argmax_with_index_numba_np.py,,opt_reports/argmax_with_index/numba/argmax_with_index_numba_np.py.s.txt,ok,,,,argmax_with_index,,"@nb.njit(parallel=True, cache=True); inspect_asm()"
argmax_with_index,c_reference,c,/usr/bin/gcc-14,opt_reports/argmax_with_index/c_reference/argmax_with_index_fp64.c,opt_reports/argmax_with_index/c_reference/argmax_with_index_fp64.c.optreport.txt,opt_reports/argmax_with_index/c_reference/argmax_with_index_fp64.c.s.txt,ok,0,4,0,argmax_with_index_fp64,,/usr/bin/gcc-14 -O3 -march=native -fopenmp -fno-math-errno -fno-trapping-math -fno-signed-zeros -ffp-contract=fast -fstrict-aliasing -fPIC -include /capstor/scratch/cscs/lhulsbergen/HPCAgent-Bench-v2-aux/hpcagent_bench/envs/vecmath.h -Wall -Wextra -std=c23 -D_POSIX_C_SOURCE=199309L -fPIC -c /capstor/scratch/cscs/lhulsbergen/bachelorThesisArtifacts/llr40Matrix/v2/opt_reports/argmax_with_index/c_reference/argmax_with_index_fp64.c -o /capstor/scratch/cscs/lhulsbergen/bachelorThesisArtifacts/llr40Matrix/v2/opt_reports/argmax_with_index/c_reference/build/argmax_with_index_fp64.c.o -fopt-info-vec-optimized -fopt-info-vec-missed -fopt-info-loop-optimized
argmax_with_index,agent,c,/usr/bin/gcc-14,opt_reports/argmax_with_index/agent/argmax_with_index_fp64.c,opt_reports/argmax_with_index/agent/argmax_with_index_fp64.c.optreport.txt,opt_reports/argmax_with_index/agent/argmax_with_index_fp64.c.s.txt,ok,0,11,0,argmax_with_index_fp64._omp_fn.0 argmax_with_index_fp64,,/usr/bin/gcc-14 -O3 -march=native -fopenmp -fno-math-errno -fno-trapping-math -fno-signed-zeros -ffp-contract=fast -fstrict-aliasing -fPIC -include /capstor/scratch/cscs/lhulsbergen/HPCAgent-Bench-v2-aux/hpcagent_bench/envs/vecmath.h -Wall -Wextra -std=c23 -D_POSIX_C_SOURCE=199309L -fPIC -c /capstor/scratch/cscs/lhulsbergen/bachelorThesisArtifacts/llr40Matrix/v2/opt_reports/argmax_with_index/agent/argmax_with_index_fp64.c -o /capstor/scratch/cscs/lhulsbergen/bachelorThesisArtifacts/llr40Matrix/v2/opt_reports/argmax_with_index/agent/build/argmax_with_index_fp64.c.o -fopt-info-vec-optimized -fopt-info-vec-missed -fopt-info-loop-optimized
compact_threshold_pack,c,c,/usr/bin/gcc-14,opt_reports/compact_threshold_pack/c/compact_threshold_pack_fp64.c,opt_reports/compact_threshold_pack/c/compact_threshold_pack_fp64.c.optreport.txt,opt_reports/compact_threshold_pack/c/compact_threshold_pack_fp64.c.s.txt,ok,0,4,0,compact_threshold_pack_fp64,,/usr/bin/gcc-14 -O3 -march=native -fopenmp -fno-math-errno -fno-trapping-math -fno-signed-zeros -ffp-contract=fast -fstrict-aliasing -fPIC -include /capstor/scratch/cscs/lhulsbergen/HPCAgent-Bench-v2-aux/hpcagent_bench/envs/vecmath.h -Wall -Wextra -std=c23 -D_POSIX_C_SOURCE=199309L -fPIC -c /capstor/scratch/cscs/lhulsbergen/bachelorThesisArtifacts/llr40Matrix/v2/opt_reports/compact_threshold_pack/c/compact_threshold_pack_fp64.c -o /capstor/scratch/cscs/lhulsbergen/bachelorThesisArtifacts/llr40Matrix/v2/opt_reports/compact_threshold_pack/c/build/compact_threshold_pack_fp64.c.o -fopt-info-vec-optimized -fopt-info-vec-missed -fopt-info-loop-optimized
compact_threshold_pack,cpp,cpp,/users/lhulsbergen/bin/g++,opt_reports/compact_threshold_pack/cpp/compact_threshold_pack_fp64.cpp,opt_reports/compact_threshold_pack/cpp/compact_threshold_pack_fp64.cpp.optreport.txt,opt_reports/compact_threshold_pack/cpp/compact_threshold_pack_fp64.cpp.s.txt,ok,0,2,0,compact_threshold_pack_fp64,,/users/lhulsbergen/bin/g++ -O3 -march=native -fopenmp -fno-math-errno -fno-trapping-math -fno-signed-zeros -ffp-contract=fast -fstrict-aliasing -fPIC -include /capstor/scratch/cscs/lhulsbergen/HPCAgent-Bench-v2-aux/hpcagent_bench/envs/vecmath.h -Wall -Wextra -std=c++20 -D_POSIX_C_SOURCE=199309L -fPIC -c /capstor/scratch/cscs/lhulsbergen/bachelorThesisArtifacts/llr40Matrix/v2/opt_reports/compact_threshold_pack/cpp/compact_threshold_pack_fp64.cpp -o /capstor/scratch/cscs/lhulsbergen/bachelorThesisArtifacts/llr40Matrix/v2/opt_reports/compact_threshold_pack/cpp/build/compact_threshold_pack_fp64.cpp.o -fopt-info-vec-optimized -fopt-info-vec-missed -fopt-info-loop-optimized
compact_threshold_pack,fortran,fortran,/users/lhulsbergen/bin/gfortran,opt_reports/compact_threshold_pack/fortran/compact_threshold_pack_fp64.f90,opt_reports/compact_threshold_pack/fortran/compact_threshold_pack_fp64.f90.optreport.txt,opt_reports/compact_threshold_pack/fortran/compact_threshold_pack_fp64.f90.s.txt,ok,0,2,0,compact_threshold_pack_fp64,,/users/lhulsbergen/bin/gfortran -O3 -march=native -fopenmp -fno-math-errno -fno-trapping-math -fno-signed-zeros -ffp-contract=fast -fstrict-aliasing -fPIC -ftree-parallelize-loops=1 -Wall -Wextra -ffree-form -ffree-line-length-none -std=f2018 -fPIC -c /capstor/scratch/cscs/lhulsbergen/bachelorThesisArtifacts/llr40Matrix/v2/opt_reports/compact_threshold_pack/fortran/compact_threshold_pack_fp64.f90 -o /capstor/scratch/cscs/lhulsbergen/bachelorThesisArtifacts/llr40Matrix/v2/opt_reports/compact_threshold_pack/fortran/build/compact_threshold_pack_fp64.f90.o -fopt-info-vec-optimized -fopt-info-vec-missed -fopt-info-loop-optimized
compact_threshold_pack,numba,python,numba,opt_reports/compact_threshold_pack/numba/compact_threshold_pack_numba_np.py,,opt_reports/compact_threshold_pack/numba/compact_threshold_pack_numba_np.py.s.txt,ok,,,,compact_threshold_pack,,"@nb.njit(parallel=True, cache=True); inspect_asm()"
compact_threshold_pack,c_reference,c,,,,,unsupported,,,,,no hand-written _reference.c in the corpus,
compact_threshold_pack,agent,c,/usr/bin/gcc-14,opt_reports/compact_threshold_pack/agent/compact_threshold_pack_fp64.c,opt_reports/compact_threshold_pack/agent/compact_threshold_pack_fp64.c.optreport.txt,opt_reports/compact_threshold_pack/agent/compact_threshold_pack_fp64.c.s.txt,ok,1,21,1,compact_threshold_pack_fp64._omp_fn.1 compact_threshold_pack_fp64._omp_fn.0 compact_threshold_pack_fp64,,/usr/bin/gcc-14 -O3 -march=native -fopenmp -fno-math-errno -fno-trapping-math -fno-signed-zeros -ffp-contract=fast -fstrict-aliasing -fPIC -include /capstor/scratch/cscs/lhulsbergen/HPCAgent-Bench-v2-aux/hpcagent_bench/envs/vecmath.h -Wall -Wextra -std=c23 -D_POSIX_C_SOURCE=199309L -fPIC -c /capstor/scratch/cscs/lhulsbergen/bachelorThesisArtifacts/llr40Matrix/v2/opt_reports/compact_threshold_pack/agent/compact_threshold_pack_fp64.c -o /capstor/scratch/cscs/lhulsbergen/bachelorThesisArtifacts/llr40Matrix/v2/opt_reports/compact_threshold_pack/agent/build/compact_threshold_pack_fp64.c.o -fopt-info-vec-optimized -fopt-info-vec-missed -fopt-info-loop-optimized
ext_break_capture,c,c,/usr/bin/gcc-14,opt_reports/ext_break_capture/c/ext_break_capture_fp64.c,opt_reports/ext_break_capture/c/ext_break_capture_fp64.c.optreport.txt,opt_reports/ext_break_capture/c/ext_break_capture_fp64.c.s.txt,ok,0,2,0,ext_break_capture_fp64,,/usr/bin/gcc-14 -O3 -march=native -fopenmp -fno-math-errno -fno-trapping-math -fno-signed-zeros -ffp-contract=fast -fstrict-aliasing -fPIC -include /capstor/scratch/cscs/lhulsbergen/HPCAgent-Bench-v2-aux/hpcagent_bench/envs/vecmath.h -Wall -Wextra -std=c23 -D_POSIX_C_SOURCE=199309L -fPIC -c /capstor/scratch/cscs/lhulsbergen/bachelorThesisArtifacts/llr40Matrix/v2/opt_reports/ext_break_capture/c/ext_break_capture_fp64.c -o /capstor/scratch/cscs/lhulsbergen/bachelorThesisArtifacts/llr40Matrix/v2/opt_reports/ext_break_capture/c/build/ext_break_capture_fp64.c.o -fopt-info-vec-optimized -fopt-info-vec-missed -fopt-info-loop-optimized
ext_break_capture,cpp,cpp,/users/lhulsbergen/bin/g++,opt_reports/ext_break_capture/cpp/ext_break_capture_fp64.cpp,opt_reports/ext_break_capture/cpp/ext_break_capture_fp64.cpp.optreport.txt,opt_reports/ext_break_capture/cpp/ext_break_capture_fp64.cpp.s.txt,ok,0,2,0,ext_break_capture_fp64,,/users/lhulsbergen/bin/g++ -O3 -march=native -fopenmp -fno-math-errno -fno-trapping-math -fno-signed-zeros -ffp-contract=fast -fstrict-aliasing -fPIC -include /capstor/scratch/cscs/lhulsbergen/HPCAgent-Bench-v2-aux/hpcagent_bench/envs/vecmath.h -Wall -Wextra -std=c++20 -D_POSIX_C_SOURCE=199309L -fPIC -c /capstor/scratch/cscs/lhulsbergen/bachelorThesisArtifacts/llr40Matrix/v2/opt_reports/ext_break_capture/cpp/ext_break_capture_fp64.cpp -o /capstor/scratch/cscs/lhulsbergen/bachelorThesisArtifacts/llr40Matrix/v2/opt_reports/ext_break_capture/cpp/build/ext_break_capture_fp64.cpp.o -fopt-info-vec-optimized -fopt-info-vec-missed -fopt-info-loop-optimized
ext_break_capture,fortran,fortran,/users/lhulsbergen/bin/gfortran,opt_reports/ext_break_capture/fortran/ext_break_capture_fp64.f90,opt_reports/ext_break_capture/fortran/ext_break_capture_fp64.f90.optreport.txt,opt_reports/ext_break_capture/fortran/ext_break_capture_fp64.f90.s.txt,ok,0,2,0,ext_break_capture_fp64,,/users/lhulsbergen/bin/gfortran -O3 -march=native -fopenmp -fno-math-errno -fno-trapping-math -fno-signed-zeros -ffp-contract=fast -fstrict-aliasing -fPIC -ftree-parallelize-loops=1 -Wall -Wextra -ffree-form -ffree-line-length-none -std=f2018 -fPIC -c /capstor/scratch/cscs/lhulsbergen/bachelorThesisArtifacts/llr40Matrix/v2/opt_reports/ext_break_capture/fortran/ext_break_capture_fp64.f90 -o /capstor/scratch/cscs/lhulsbergen/bachelorThesisArtifacts/llr40Matrix/v2/opt_reports/ext_break_capture/fortran/build/ext_break_capture_fp64.f90.o -fopt-info-vec-optimized -fopt-info-vec-missed -fopt-info-loop-optimized
ext_break_capture,numba,python,numba,opt_reports/ext_break_capture/numba/ext_break_capture_numba_np.py,,opt_reports/ext_break_capture/numba/ext_break_capture_numba_np.py.s.txt,ok,,,,ext_break_capture,,"@nb.njit(parallel=True, cache=True); inspect_asm()"
ext_break_capture,c_reference,c,/usr/bin/gcc-14,opt_reports/ext_break_capture/c_reference/ext_break_capture_fp64.c,opt_reports/ext_break_capture/c_reference/ext_break_capture_fp64.c.optreport.txt,opt_reports/ext_break_capture/c_reference/ext_break_capture_fp64.c.s.txt,ok,0,2,0,ext_break_capture_fp64,,/usr/bin/gcc-14 -O3 -march=native -fopenmp -fno-math-errno -fno-trapping-math -fno-signed-zeros -ffp-contract=fast -fstrict-aliasing -fPIC -include /capstor/scratch/cscs/lhulsbergen/HPCAgent-Bench-v2-aux/hpcagent_bench/envs/vecmath.h -Wall -Wextra -std=c23 -D_POSIX_C_SOURCE=199309L -fPIC -c /capstor/scratch/cscs/lhulsbergen/bachelorThesisArtifacts/llr40Matrix/v2/opt_reports/ext_break_capture/c_reference/ext_break_capture_fp64.c -o /capstor/scratch/cscs/lhulsbergen/bachelorThesisArtifacts/llr40Matrix/v2/opt_reports/ext_break_capture/c_reference/build/ext_break_capture_fp64.c.o -fopt-info-vec-optimized -fopt-info-vec-missed -fopt-info-loop-optimized
ext_break_capture,agent,c,/usr/bin/gcc-14,opt_reports/ext_break_capture/agent/ext_break_capture_fp64.c,opt_reports/ext_break_capture/agent/ext_break_capture_fp64.c.optreport.txt,opt_reports/ext_break_capture/agent/ext_break_capture_fp64.c.s.txt,ok,0,20,0,ext_break_capture_fp64._omp_fn.0 ext_break_capture_fp64,,/usr/bin/gcc-14 -O3 -march=native -fopenmp -fno-math-errno -fno-trapping-math -fno-signed-zeros -ffp-contract=fast -fstrict-aliasing -fPIC -include /capstor/scratch/cscs/lhulsbergen/HPCAgent-Bench-v2-aux/hpcagent_bench/envs/vecmath.h -Wall -Wextra -std=c23 -D_POSIX_C_SOURCE=199309L -fPIC -c /capstor/scratch/cscs/lhulsbergen/bachelorThesisArtifacts/llr40Matrix/v2/opt_reports/ext_break_capture/agent/ext_break_capture_fp64.c -o /capstor/scratch/cscs/lhulsbergen/bachelorThesisArtifacts/llr40Matrix/v2/opt_reports/ext_break_capture/agent/build/ext_break_capture_fp64.c.o -fopt-info-vec-optimized -fopt-info-vec-missed -fopt-info-loop-optimized
ext_war_unit,c,c,/usr/bin/gcc-14,opt_reports/ext_war_unit/c/ext_war_unit_fp64.c,opt_reports/ext_war_unit/c/ext_war_unit_fp64.c.optreport.txt,opt_reports/ext_war_unit/c/ext_war_unit_fp64.c.s.txt,ok,1,0,0,ext_war_unit_fp64,,/usr/bin/gcc-14 -O3 -march=native -fopenmp -fno-math-errno -fno-trapping-math -fno-signed-zeros -ffp-contract=fast -fstrict-aliasing -fPIC -include /capstor/scratch/cscs/lhulsbergen/HPCAgent-Bench-v2-aux/hpcagent_bench/envs/vecmath.h -Wall -Wextra -std=c23 -D_POSIX_C_SOURCE=199309L -fPIC -c /capstor/scratch/cscs/lhulsbergen/bachelorThesisArtifacts/llr40Matrix/v2/opt_reports/ext_war_unit/c/ext_war_unit_fp64.c -o /capstor/scratch/cscs/lhulsbergen/bachelorThesisArtifacts/llr40Matrix/v2/opt_reports/ext_war_unit/c/build/ext_war_unit_fp64.c.o -fopt-info-vec-optimized -fopt-info-vec-missed -fopt-info-loop-optimized
ext_war_unit,cpp,cpp,/users/lhulsbergen/bin/g++,opt_reports/ext_war_unit/cpp/ext_war_unit_fp64.cpp,opt_reports/ext_war_unit/cpp/ext_war_unit_fp64.cpp.optreport.txt,opt_reports/ext_war_unit/cpp/ext_war_unit_fp64.cpp.s.txt,ok,1,0,0,ext_war_unit_fp64,,/users/lhulsbergen/bin/g++ -O3 -march=native -fopenmp -fno-math-errno -fno-trapping-math -fno-signed-zeros -ffp-contract=fast -fstrict-aliasing -fPIC -include /capstor/scratch/cscs/lhulsbergen/HPCAgent-Bench-v2-aux/hpcagent_bench/envs/vecmath.h -Wall -Wextra -std=c++20 -D_POSIX_C_SOURCE=199309L -fPIC -c /capstor/scratch/cscs/lhulsbergen/bachelorThesisArtifacts/llr40Matrix/v2/opt_reports/ext_war_unit/cpp/ext_war_unit_fp64.cpp -o /capstor/scratch/cscs/lhulsbergen/bachelorThesisArtifacts/llr40Matrix/v2/opt_reports/ext_war_unit/cpp/build/ext_war_unit_fp64.cpp.o -fopt-info-vec-optimized -fopt-info-vec-missed -fopt-info-loop-optimized
ext_war_unit,fortran,fortran,/users/lhulsbergen/bin/gfortran,opt_reports/ext_war_unit/fortran/ext_war_unit_fp64.f90,opt_reports/ext_war_unit/fortran/ext_war_unit_fp64.f90.optreport.txt,opt_reports/ext_war_unit/fortran/ext_war_unit_fp64.f90.s.txt,ok,1,0,0,ext_war_unit_fp64,,/users/lhulsbergen/bin/gfortran -O3 -march=native -fopenmp -fno-math-errno -fno-trapping-math -fno-signed-zeros -ffp-contract=fast -fstrict-aliasing -fPIC -ftree-parallelize-loops=1 -Wall -Wextra -ffree-form -ffree-line-length-none -std=f2018 -fPIC -c /capstor/scratch/cscs/lhulsbergen/bachelorThesisArtifacts/llr40Matrix/v2/opt_reports/ext_war_unit/fortran/ext_war_unit_fp64.f90 -o /capstor/scratch/cscs/lhulsbergen/bachelorThesisArtifacts/llr40Matrix/v2/opt_reports/ext_war_unit/fortran/build/ext_war_unit_fp64.f90.o -fopt-info-vec-optimized -fopt-info-vec-missed -fopt-info-loop-optimized
ext_war_unit,numba,python,numba,opt_reports/ext_war_unit/numba/ext_war_unit_numba_np.py,,opt_reports/ext_war_unit/numba/ext_war_unit_numba_np.py.s.txt,ok,,,,ext_war_unit,,"@nb.njit(parallel=True, cache=True); inspect_asm()"
ext_war_unit,c_reference,c,/usr/bin/gcc-14,opt_reports/ext_war_unit/c_reference/ext_war_unit_fp64.c,opt_reports/ext_war_unit/c_reference/ext_war_unit_fp64.c.optreport.txt,opt_reports/ext_war_unit/c_reference/ext_war_unit_fp64.c.s.txt,ok,1,0,0,ext_war_unit_fp64,,/usr/bin/gcc-14 -O3 -march=native -fopenmp -fno-math-errno -fno-trapping-math -fno-signed-zeros -ffp-contract=fast -fstrict-aliasing -fPIC -include /capstor/scratch/cscs/lhulsbergen/HPCAgent-Bench-v2-aux/hpcagent_bench/envs/vecmath.h -Wall -Wextra -std=c23 -D_POSIX_C_SOURCE=199309L -fPIC -c /capstor/scratch/cscs/lhulsbergen/bachelorThesisArtifacts/llr40Matrix/v2/opt_reports/ext_war_unit/c_reference/ext_war_unit_fp64.c -o /capstor/scratch/cscs/lhulsbergen/bachelorThesisArtifacts/llr40Matrix/v2/opt_reports/ext_war_unit/c_reference/build/ext_war_unit_fp64.c.o -fopt-info-vec-optimized -fopt-info-vec-missed -fopt-info-loop-optimized
ext_war_unit,agent,c,/usr/bin/gcc-14,opt_reports/ext_war_unit/agent/ext_war_unit_fp64.c,opt_reports/ext_war_unit/agent/ext_war_unit_fp64.c.optreport.txt,opt_reports/ext_war_unit/agent/ext_war_unit_fp64.c.s.txt,ok,6,18,0,ext_war_unit_fp64._omp_fn.0 ext_war_unit_fp64,,/usr/bin/gcc-14 -O3 -march=native -fopenmp -fno-math-errno -fno-trapping-math -fno-signed-zeros -ffp-contract=fast -fstrict-aliasing -fPIC -include /capstor/scratch/cscs/lhulsbergen/HPCAgent-Bench-v2-aux/hpcagent_bench/envs/vecmath.h -Wall -Wextra -std=c23 -D_POSIX_C_SOURCE=199309L -fPIC -c /capstor/scratch/cscs/lhulsbergen/bachelorThesisArtifacts/llr40Matrix/v2/opt_reports/ext_war_unit/agent/ext_war_unit_fp64.c -o /capstor/scratch/cscs/lhulsbergen/bachelorThesisArtifacts/llr40Matrix/v2/opt_reports/ext_war_unit/agent/build/ext_war_unit_fp64.c.o -fopt-info-vec-optimized -fopt-info-vec-missed -fopt-info-loop-optimized
fuse_diamond,c,c,/usr/bin/gcc-14,opt_reports/fuse_diamond/c/fuse_diamond_fp64.c,opt_reports/fuse_diamond/c/fuse_diamond_fp64.c.optreport.txt,opt_reports/fuse_diamond/c/fuse_diamond_fp64.c.s.txt,ok,5,6,3,fuse_diamond_fp64,,/usr/bin/gcc-14 -O3 -march=native -fopenmp -fno-math-errno -fno-trapping-math -fno-signed-zeros -ffp-contract=fast -fstrict-aliasing -fPIC -include /capstor/scratch/cscs/lhulsbergen/HPCAgent-Bench-v2-aux/hpcagent_bench/envs/vecmath.h -Wall -Wextra -std=c23 -D_POSIX_C_SOURCE=199309L -fPIC -c /capstor/scratch/cscs/lhulsbergen/bachelorThesisArtifacts/llr40Matrix/v2/opt_reports/fuse_diamond/c/fuse_diamond_fp64.c -o /capstor/scratch/cscs/lhulsbergen/bachelorThesisArtifacts/llr40Matrix/v2/opt_reports/fuse_diamond/c/build/fuse_diamond_fp64.c.o -fopt-info-vec-optimized -fopt-info-vec-missed -fopt-info-loop-optimized
fuse_diamond,cpp,cpp,/users/lhulsbergen/bin/g++,opt_reports/fuse_diamond/cpp/fuse_diamond_fp64.cpp,opt_reports/fuse_diamond/cpp/fuse_diamond_fp64.cpp.optreport.txt,opt_reports/fuse_diamond/cpp/fuse_diamond_fp64.cpp.s.txt,ok,7,6,0,fuse_diamond_fp64,,/users/lhulsbergen/bin/g++ -O3 -march=native -fopenmp -fno-math-errno -fno-trapping-math -fno-signed-zeros -ffp-contract=fast -fstrict-aliasing -fPIC -include /capstor/scratch/cscs/lhulsbergen/HPCAgent-Bench-v2-aux/hpcagent_bench/envs/vecmath.h -Wall -Wextra -std=c++20 -D_POSIX_C_SOURCE=199309L -fPIC -c /capstor/scratch/cscs/lhulsbergen/bachelorThesisArtifacts/llr40Matrix/v2/opt_reports/fuse_diamond/cpp/fuse_diamond_fp64.cpp -o /capstor/scratch/cscs/lhulsbergen/bachelorThesisArtifacts/llr40Matrix/v2/opt_reports/fuse_diamond/cpp/build/fuse_diamond_fp64.cpp.o -fopt-info-vec-optimized -fopt-info-vec-missed -fopt-info-loop-optimized
fuse_diamond,fortran,fortran,/users/lhulsbergen/bin/gfortran,opt_reports/fuse_diamond/fortran/fuse_diamond_fp64.f90,opt_reports/fuse_diamond/fortran/fuse_diamond_fp64.f90.optreport.txt,opt_reports/fuse_diamond/fortran/fuse_diamond_fp64.f90.s.txt,ok,7,6,0,fuse_diamond_fp64,,/users/lhulsbergen/bin/gfortran -O3 -march=native -fopenmp -fno-math-errno -fno-trapping-math -fno-signed-zeros -ffp-contract=fast -fstrict-aliasing -fPIC -ftree-parallelize-loops=1 -Wall -Wextra -ffree-form -ffree-line-length-none -std=f2018 -fPIC -c /capstor/scratch/cscs/lhulsbergen/bachelorThesisArtifacts/llr40Matrix/v2/opt_reports/fuse_diamond/fortran/fuse_diamond_fp64.f90 -o /capstor/scratch/cscs/lhulsbergen/bachelorThesisArtifacts/llr40Matrix/v2/opt_reports/fuse_diamond/fortran/build/fuse_diamond_fp64.f90.o -fopt-info-vec-optimized -fopt-info-vec-missed -fopt-info-loop-optimized
fuse_diamond,numba,python,numba,opt_reports/fuse_diamond/numba/fuse_diamond_numba_np.py,,opt_reports/fuse_diamond/numba/fuse_diamond_numba_np.py.s.txt,ok,,,,fuse_diamond,,"@nb.njit(parallel=True, cache=True); inspect_asm()"
fuse_diamond,c_reference,c,/usr/bin/gcc-14,opt_reports/fuse_diamond/c_reference/fuse_diamond_fp64.c,opt_reports/fuse_diamond/c_reference/fuse_diamond_fp64.c.optreport.txt,opt_reports/fuse_diamond/c_reference/fuse_diamond_fp64.c.s.txt,ok,1,0,0,fuse_diamond_fp64,,/usr/bin/gcc-14 -O3 -march=native -fopenmp -fno-math-errno -fno-trapping-math -fno-signed-zeros -ffp-contract=fast -fstrict-aliasing -fPIC -include /capstor/scratch/cscs/lhulsbergen/HPCAgent-Bench-v2-aux/hpcagent_bench/envs/vecmath.h -Wall -Wextra -std=c23 -D_POSIX_C_SOURCE=199309L -fPIC -c /capstor/scratch/cscs/lhulsbergen/bachelorThesisArtifacts/llr40Matrix/v2/opt_reports/fuse_diamond/c_reference/fuse_diamond_fp64.c -o /capstor/scratch/cscs/lhulsbergen/bachelorThesisArtifacts/llr40Matrix/v2/opt_reports/fuse_diamond/c_reference/build/fuse_diamond_fp64.c.o -fopt-info-vec-optimized -fopt-info-vec-missed -fopt-info-loop-optimized
fuse_diamond,agent,fortran,/users/lhulsbergen/bin/gfortran,opt_reports/fuse_diamond/agent/fuse_diamond_fp64.f90,opt_reports/fuse_diamond/agent/fuse_diamond_fp64.f90.optreport.txt,opt_reports/fuse_diamond/agent/fuse_diamond_fp64.f90.s.txt,ok,2,5,0,fuse_diamond_fp64._omp_fn.0 fuse_diamond_fp64,,/users/lhulsbergen/bin/gfortran -O3 -march=native -fopenmp -fno-math-errno -fno-trapping-math -fno-signed-zeros -ffp-contract=fast -fstrict-aliasing -fPIC -ftree-parallelize-loops=1 -Wall -Wextra -ffree-form -ffree-line-length-none -std=f2018 -fPIC -c /capstor/scratch/cscs/lhulsbergen/bachelorThesisArtifacts/llr40Matrix/v2/opt_reports/fuse_diamond/agent/fuse_diamond_fp64.f90 -o /capstor/scratch/cscs/lhulsbergen/bachelorThesisArtifacts/llr40Matrix/v2/opt_reports/fuse_diamond/agent/build/fuse_diamond_fp64.f90.o -fopt-info-vec-optimized -fopt-info-vec-missed -fopt-info-loop-optimized
fuse_move_ifs,c,c,/usr/bin/gcc-14,opt_reports/fuse_move_ifs/c/fuse_move_ifs_fp64.c,opt_reports/fuse_move_ifs/c/fuse_move_ifs_fp64.c.optreport.txt,opt_reports/fuse_move_ifs/c/fuse_move_ifs_fp64.c.s.txt,ok,2,4,2,fuse_move_ifs_fp64,,/usr/bin/gcc-14 -O3 -march=native -fopenmp -fno-math-errno -fno-trapping-math -fno-signed-zeros -ffp-contract=fast -fstrict-aliasing -fPIC -include /capstor/scratch/cscs/lhulsbergen/HPCAgent-Bench-v2-aux/hpcagent_bench/envs/vecmath.h -Wall -Wextra -std=c23 -D_POSIX_C_SOURCE=199309L -fPIC -c /capstor/scratch/cscs/lhulsbergen/bachelorThesisArtifacts/llr40Matrix/v2/opt_reports/fuse_move_ifs/c/fuse_move_ifs_fp64.c -o /capstor/scratch/cscs/lhulsbergen/bachelorThesisArtifacts/llr40Matrix/v2/opt_reports/fuse_move_ifs/c/build/fuse_move_ifs_fp64.c.o -fopt-info-vec-optimized -fopt-info-vec-missed -fopt-info-loop-optimized
fuse_move_ifs,cpp,cpp,/users/lhulsbergen/bin/g++,opt_reports/fuse_move_ifs/cpp/fuse_move_ifs_fp64.cpp,opt_reports/fuse_move_ifs/cpp/fuse_move_ifs_fp64.cpp.optreport.txt,opt_reports/fuse_move_ifs/cpp/fuse_move_ifs_fp64.cpp.s.txt,ok,4,4,0,fuse_move_ifs_fp64,,/users/lhulsbergen/bin/g++ -O3 -march=native -fopenmp -fno-math-errno -fno-trapping-math -fno-signed-zeros -ffp-contract=fast -fstrict-aliasing -fPIC -include /capstor/scratch/cscs/lhulsbergen/HPCAgent-Bench-v2-aux/hpcagent_bench/envs/vecmath.h -Wall -Wextra -std=c++20 -D_POSIX_C_SOURCE=199309L -fPIC -c /capstor/scratch/cscs/lhulsbergen/bachelorThesisArtifacts/llr40Matrix/v2/opt_reports/fuse_move_ifs/cpp/fuse_move_ifs_fp64.cpp -o /capstor/scratch/cscs/lhulsbergen/bachelorThesisArtifacts/llr40Matrix/v2/opt_reports/fuse_move_ifs/cpp/build/fuse_move_ifs_fp64.cpp.o -fopt-info-vec-optimized -fopt-info-vec-missed -fopt-info-loop-optimized
fuse_move_ifs,fortran,fortran,/users/lhulsbergen/bin/gfortran,opt_reports/fuse_move_ifs/fortran/fuse_move_ifs_fp64.f90,opt_reports/fuse_move_ifs/fortran/fuse_move_ifs_fp64.f90.optreport.txt,opt_reports/fuse_move_ifs/fortran/fuse_move_ifs_fp64.f90.s.txt,ok,4,4,0,fuse_move_ifs_fp64,,/users/lhulsbergen/bin/gfortran -O3 -march=native -fopenmp -fno-math-errno -fno-trapping-math -fno-signed-zeros -ffp-contract=fast -fstrict-aliasing -fPIC -ftree-parallelize-loops=1 -Wall -Wextra -ffree-form -ffree-line-length-none -std=f2018 -fPIC -c /capstor/scratch/cscs/lhulsbergen/bachelorThesisArtifacts/llr40Matrix/v2/opt_reports/fuse_move_ifs/fortran/fuse_move_ifs_fp64.f90 -o /capstor/scratch/cscs/lhulsbergen/bachelorThesisArtifacts/llr40Matrix/v2/opt_reports/fuse_move_ifs/fortran/build/fuse_move_ifs_fp64.f90.o -fopt-info-vec-optimized -fopt-info-vec-missed -fopt-info-loop-optimized
fuse_move_ifs,numba,python,numba,opt_reports/fuse_move_ifs/numba/fuse_move_ifs_numba_np.py,,opt_reports/fuse_move_ifs/numba/fuse_move_ifs_numba_np.py.s.txt,ok,,,,fuse_move_ifs,,"@nb.njit(parallel=True, cache=True); inspect_asm()"
fuse_move_ifs,c_reference,c,/usr/bin/gcc-14,opt_reports/fuse_move_ifs/c_reference/fuse_move_ifs_fp64.c,opt_reports/fuse_move_ifs/c_reference/fuse_move_ifs_fp64.c.optreport.txt,opt_reports/fuse_move_ifs/c_reference/fuse_move_ifs_fp64.c.s.txt,ok,2,4,2,fuse_move_ifs_fp64,,/usr/bin/gcc-14 -O3 -march=native -fopenmp -fno-math-errno -fno-trapping-math -fno-signed-zeros -ffp-contract=fast -fstrict-aliasing -fPIC -include /capstor/scratch/cscs/lhulsbergen/HPCAgent-Bench-v2-aux/hpcagent_bench/envs/vecmath.h -Wall -Wextra -std=c23 -D_POSIX_C_SOURCE=199309L -fPIC -c /capstor/scratch/cscs/lhulsbergen/bachelorThesisArtifacts/llr40Matrix/v2/opt_reports/fuse_move_ifs/c_reference/fuse_move_ifs_fp64.c -o /capstor/scratch/cscs/lhulsbergen/bachelorThesisArtifacts/llr40Matrix/v2/opt_reports/fuse_move_ifs/c_reference/build/fuse_move_ifs_fp64.c.o -fopt-info-vec-optimized -fopt-info-vec-missed -fopt-info-loop-optimized
fuse_move_ifs,agent,c,/usr/bin/gcc-14,opt_reports/fuse_move_ifs/agent/fuse_move_ifs_fp64.c,opt_reports/fuse_move_ifs/agent/fuse_move_ifs_fp64.c.optreport.txt,opt_reports/fuse_move_ifs/agent/fuse_move_ifs_fp64.c.s.txt,ok,6,13,2,fuse_move_ifs_fp64._omp_fn.0 fuse_move_ifs_fp64,,/usr/bin/gcc-14 -O3 -march=native -fopenmp -fno-math-errno -fno-trapping-math -fno-signed-zeros -ffp-contract=fast -fstrict-aliasing -fPIC -include /capstor/scratch/cscs/lhulsbergen/HPCAgent-Bench-v2-aux/hpcagent_bench/envs/vecmath.h -Wall -Wextra -std=c23 -D_POSIX_C_SOURCE=199309L -fPIC -c /capstor/scratch/cscs/lhulsbergen/bachelorThesisArtifacts/llr40Matrix/v2/opt_reports/fuse_move_ifs/agent/fuse_move_ifs_fp64.c -o /capstor/scratch/cscs/lhulsbergen/bachelorThesisArtifacts/llr40Matrix/v2/opt_reports/fuse_move_ifs/agent/build/fuse_move_ifs_fp64.c.o -fopt-info-vec-optimized -fopt-info-vec-missed -fopt-info-loop-optimized
fuse_stencil_through_transient,c,c,/usr/bin/gcc-14,opt_reports/fuse_stencil_through_transient/c/fuse_stencil_through_transient_fp64.c,opt_reports/fuse_stencil_through_transient/c/fuse_stencil_through_transient_fp64.c.optreport.txt,opt_reports/fuse_stencil_through_transient/c/fuse_stencil_through_transient_fp64.c.s.txt,ok,2,2,0,fuse_stencil_through_transient_fp64,,/usr/bin/gcc-14 -O3 -march=native -fopenmp -fno-math-errno -fno-trapping-math -fno-signed-zeros -ffp-contract=fast -fstrict-aliasing -fPIC -include /capstor/scratch/cscs/lhulsbergen/HPCAgent-Bench-v2-aux/hpcagent_bench/envs/vecmath.h -Wall -Wextra -std=c23 -D_POSIX_C_SOURCE=199309L -fPIC -c /capstor/scratch/cscs/lhulsbergen/bachelorThesisArtifacts/llr40Matrix/v2/opt_reports/fuse_stencil_through_transient/c/fuse_stencil_through_transient_fp64.c -o /capstor/scratch/cscs/lhulsbergen/bachelorThesisArtifacts/llr40Matrix/v2/opt_reports/fuse_stencil_through_transient/c/build/fuse_stencil_through_transient_fp64.c.o -fopt-info-vec-optimized -fopt-info-vec-missed -fopt-info-loop-optimized
fuse_stencil_through_transient,cpp,cpp,/users/lhulsbergen/bin/g++,opt_reports/fuse_stencil_through_transient/cpp/fuse_stencil_through_transient_fp64.cpp,opt_reports/fuse_stencil_through_transient/cpp/fuse_stencil_through_transient_fp64.cpp.optreport.txt,opt_reports/fuse_stencil_through_transient/cpp/fuse_stencil_through_transient_fp64.cpp.s.txt,ok,2,2,0,fuse_stencil_through_transient_fp64,,/users/lhulsbergen/bin/g++ -O3 -march=native -fopenmp -fno-math-errno -fno-trapping-math -fno-signed-zeros -ffp-contract=fast -fstrict-aliasing -fPIC -include /capstor/scratch/cscs/lhulsbergen/HPCAgent-Bench-v2-aux/hpcagent_bench/envs/vecmath.h -Wall -Wextra -std=c++20 -D_POSIX_C_SOURCE=199309L -fPIC -c /capstor/scratch/cscs/lhulsbergen/bachelorThesisArtifacts/llr40Matrix/v2/opt_reports/fuse_stencil_through_transient/cpp/fuse_stencil_through_transient_fp64.cpp -o /capstor/scratch/cscs/lhulsbergen/bachelorThesisArtifacts/llr40Matrix/v2/opt_reports/fuse_stencil_through_transient/cpp/build/fuse_stencil_through_transient_fp64.cpp.o -fopt-info-vec-optimized -fopt-info-vec-missed -fopt-info-loop-optimized
fuse_stencil_through_transient,fortran,fortran,/users/lhulsbergen/bin/gfortran,opt_reports/fuse_stencil_through_transient/fortran/fuse_stencil_through_transient_fp64.f90,opt_reports/fuse_stencil_through_transient/fortran/fuse_stencil_through_transient_fp64.f90.optreport.txt,opt_reports/fuse_stencil_through_transient/fortran/fuse_stencil_through_transient_fp64.f90.s.txt,ok,2,6,0,fuse_stencil_through_transient_fp64,,/users/lhulsbergen/bin/gfortran -O3 -march=native -fopenmp -fno-math-errno -fno-trapping-math -fno-signed-zeros -ffp-contract=fast -fstrict-aliasing -fPIC -ftree-parallelize-loops=1 -Wall -Wextra -ffree-form -ffree-line-length-none -std=f2018 -fPIC -c /capstor/scratch/cscs/lhulsbergen/bachelorThesisArtifacts/llr40Matrix/v2/opt_reports/fuse_stencil_through_transient/fortran/fuse_stencil_through_transient_fp64.f90 -o /capstor/scratch/cscs/lhulsbergen/bachelorThesisArtifacts/llr40Matrix/v2/opt_reports/fuse_stencil_through_transient/fortran/build/fuse_stencil_through_transient_fp64.f90.o -fopt-info-vec-optimized -fopt-info-vec-missed -fopt-info-loop-optimized
fuse_stencil_through_transient,numba,python,numba,opt_reports/fuse_stencil_through_transient/numba/fuse_stencil_through_transient_numba_np.py,,opt_reports/fuse_stencil_through_transient/numba/fuse_stencil_through_transient_numba_np.py.s.txt,ok,,,,fuse_stencil_through_transient,,"@nb.njit(parallel=True, cache=True); inspect_asm()"
fuse_stencil_through_transient,c_reference,c,/usr/bin/gcc-14,opt_reports/fuse_stencil_through_transient/c_reference/fuse_stencil_through_transient_fp64.c,opt_reports/fuse_stencil_through_transient/c_reference/fuse_stencil_through_transient_fp64.c.optreport.txt,opt_reports/fuse_stencil_through_transient/c_reference/fuse_stencil_through_transient_fp64.c.s.txt,ok,1,0,0,fuse_stencil_through_transient_fp64,,/usr/bin/gcc-14 -O3 -march=native -fopenmp -fno-math-errno -fno-trapping-math -fno-signed-zeros -ffp-contract=fast -fstrict-aliasing -fPIC -include /capstor/scratch/cscs/lhulsbergen/HPCAgent-Bench-v2-aux/hpcagent_bench/envs/vecmath.h -Wall -Wextra -std=c23 -D_POSIX_C_SOURCE=199309L -fPIC -c /capstor/scratch/cscs/lhulsbergen/bachelorThesisArtifacts/llr40Matrix/v2/opt_reports/fuse_stencil_through_transient/c_reference/fuse_stencil_through_transient_fp64.c -o /capstor/scratch/cscs/lhulsbergen/bachelorThesisArtifacts/llr40Matrix/v2/opt_reports/fuse_stencil_through_transient/c_reference/build/fuse_stencil_through_transient_fp64.c.o -fopt-info-vec-optimized -fopt-info-vec-missed -fopt-info-loop-optimized
fuse_stencil_through_transient,agent,c,/usr/bin/gcc-14,opt_reports/fuse_stencil_through_transient/agent/fuse_stencil_through_transient_fp64.c,opt_reports/fuse_stencil_through_transient/agent/fuse_stencil_through_transient_fp64.c.optreport.txt,opt_reports/fuse_stencil_through_transient/agent/fuse_stencil_through_transient_fp64.c.s.txt,ok,2,5,0,fuse_stencil_through_transient_fp64._omp_fn.0 fuse_stencil_through_transient_fp64,,/usr/bin/gcc-14 -O3 -march=native -fopenmp -fno-math-errno -fno-trapping-math -fno-signed-zeros -ffp-contract=fast -fstrict-aliasing -fPIC -include /capstor/scratch/cscs/lhulsbergen/HPCAgent-Bench-v2-aux/hpcagent_bench/envs/vecmath.h -Wall -Wextra -std=c23 -D_POSIX_C_SOURCE=199309L -fPIC -c /capstor/scratch/cscs/lhulsbergen/bachelorThesisArtifacts/llr40Matrix/v2/opt_reports/fuse_stencil_through_transient/agent/fuse_stencil_through_transient_fp64.c -o /capstor/scratch/cscs/lhulsbergen/bachelorThesisArtifacts/llr40Matrix/v2/opt_reports/fuse_stencil_through_transient/agent/build/fuse_stencil_through_transient_fp64.c.o -fopt-info-vec-optimized -fopt-info-vec-missed -fopt-info-loop-optimized
quasi_affine_reduce_odd,c,c,/usr/bin/gcc-14,opt_reports/quasi_affine_reduce_odd/c/quasi_affine_reduce_odd_fp64.c,opt_reports/quasi_affine_reduce_odd/c/quasi_affine_reduce_odd_fp64.c.optreport.txt,opt_reports/quasi_affine_reduce_odd/c/quasi_affine_reduce_odd_fp64.c.s.txt,ok,0,2,0,quasi_affine_reduce_odd_fp64,,/usr/bin/gcc-14 -O3 -march=native -fopenmp -fno-math-errno -fno-trapping-math -fno-signed-zeros -ffp-contract=fast -fstrict-aliasing -fPIC -include /capstor/scratch/cscs/lhulsbergen/HPCAgent-Bench-v2-aux/hpcagent_bench/envs/vecmath.h -Wall -Wextra -std=c23 -D_POSIX_C_SOURCE=199309L -fPIC -c /capstor/scratch/cscs/lhulsbergen/bachelorThesisArtifacts/llr40Matrix/v2/opt_reports/quasi_affine_reduce_odd/c/quasi_affine_reduce_odd_fp64.c -o /capstor/scratch/cscs/lhulsbergen/bachelorThesisArtifacts/llr40Matrix/v2/opt_reports/quasi_affine_reduce_odd/c/build/quasi_affine_reduce_odd_fp64.c.o -fopt-info-vec-optimized -fopt-info-vec-missed -fopt-info-loop-optimized
quasi_affine_reduce_odd,cpp,cpp,/users/lhulsbergen/bin/g++,opt_reports/quasi_affine_reduce_odd/cpp/quasi_affine_reduce_odd_fp64.cpp,opt_reports/quasi_affine_reduce_odd/cpp/quasi_affine_reduce_odd_fp64.cpp.optreport.txt,opt_reports/quasi_affine_reduce_odd/cpp/quasi_affine_reduce_odd_fp64.cpp.s.txt,ok,0,2,0,quasi_affine_reduce_odd_fp64,,/users/lhulsbergen/bin/g++ -O3 -march=native -fopenmp -fno-math-errno -fno-trapping-math -fno-signed-zeros -ffp-contract=fast -fstrict-aliasing -fPIC -include /capstor/scratch/cscs/lhulsbergen/HPCAgent-Bench-v2-aux/hpcagent_bench/envs/vecmath.h -Wall -Wextra -std=c++20 -D_POSIX_C_SOURCE=199309L -fPIC -c /capstor/scratch/cscs/lhulsbergen/bachelorThesisArtifacts/llr40Matrix/v2/opt_reports/quasi_affine_reduce_odd/cpp/quasi_affine_reduce_odd_fp64.cpp -o /capstor/scratch/cscs/lhulsbergen/bachelorThesisArtifacts/llr40Matrix/v2/opt_reports/quasi_affine_reduce_odd/cpp/build/quasi_affine_reduce_odd_fp64.cpp.o -fopt-info-vec-optimized -fopt-info-vec-missed -fopt-info-loop-optimized
quasi_affine_reduce_odd,fortran,fortran,/users/lhulsbergen/bin/gfortran,opt_reports/quasi_affine_reduce_odd/fortran/quasi_affine_reduce_odd_fp64.f90,opt_reports/quasi_affine_reduce_odd/fortran/quasi_affine_reduce_odd_fp64.f90.optreport.txt,opt_reports/quasi_affine_reduce_odd/fortran/quasi_affine_reduce_odd_fp64.f90.s.txt,ok,0,2,0,quasi_affine_reduce_odd_fp64,,/users/lhulsbergen/bin/gfortran -O3 -march=native -fopenmp -fno-math-errno -fno-trapping-math -fno-signed-zeros -ffp-contract=fast -fstrict-aliasing -fPIC -ftree-parallelize-loops=1 -Wall -Wextra -ffree-form -ffree-line-length-none -std=f2018 -fPIC -c /capstor/scratch/cscs/lhulsbergen/bachelorThesisArtifacts/llr40Matrix/v2/opt_reports/quasi_affine_reduce_odd/fortran/quasi_affine_reduce_odd_fp64.f90 -o /capstor/scratch/cscs/lhulsbergen/bachelorThesisArtifacts/llr40Matrix/v2/opt_reports/quasi_affine_reduce_odd/fortran/build/quasi_affine_reduce_odd_fp64.f90.o -fopt-info-vec-optimized -fopt-info-vec-missed -fopt-info-loop-optimized
quasi_affine_reduce_odd,numba,python,numba,opt_reports/quasi_affine_reduce_odd/numba/quasi_affine_reduce_odd_numba_np.py,,opt_reports/quasi_affine_reduce_odd/numba/quasi_affine_reduce_odd_numba_np.py.s.txt,ok,,,,quasi_affine_reduce_odd,,"@nb.njit(parallel=True, cache=True); inspect_asm()"
quasi_affine_reduce_odd,c_reference,c,/usr/bin/gcc-14,opt_reports/quasi_affine_reduce_odd/c_reference/quasi_affine_reduce_odd_fp64.c,opt_reports/quasi_affine_reduce_odd/c_reference/quasi_affine_reduce_odd_fp64.c.optreport.txt,opt_reports/quasi_affine_reduce_odd/c_reference/quasi_affine_reduce_odd_fp64.c.s.txt,ok,0,2,0,quasi_affine_reduce_odd_fp64,,/usr/bin/gcc-14 -O3 -march=native -fopenmp -fno-math-errno -fno-trapping-math -fno-signed-zeros -ffp-contract=fast -fstrict-aliasing -fPIC -include /capstor/scratch/cscs/lhulsbergen/HPCAgent-Bench-v2-aux/hpcagent_bench/envs/vecmath.h -Wall -Wextra -std=c23 -D_POSIX_C_SOURCE=199309L -fPIC -c /capstor/scratch/cscs/lhulsbergen/bachelorThesisArtifacts/llr40Matrix/v2/opt_reports/quasi_affine_reduce_odd/c_reference/quasi_affine_reduce_odd_fp64.c -o /capstor/scratch/cscs/lhulsbergen/bachelorThesisArtifacts/llr40Matrix/v2/opt_reports/quasi_affine_reduce_odd/c_reference/build/quasi_affine_reduce_odd_fp64.c.o -fopt-info-vec-optimized -fopt-info-vec-missed -fopt-info-loop-optimized
quasi_affine_reduce_odd,agent,fortran,/users/lhulsbergen/bin/gfortran,opt_reports/quasi_affine_reduce_odd/agent/quasi_affine_reduce_odd_fp64.f90,opt_reports/quasi_affine_reduce_odd/agent/quasi_affine_reduce_odd_fp64.f90.optreport.txt,opt_reports/quasi_affine_reduce_odd/agent/quasi_affine_reduce_odd_fp64.f90.s.txt,ok,0,2,0,quasi_affine_reduce_odd_fp64,,/users/lhulsbergen/bin/gfortran -O3 -march=native -fopenmp -fno-math-errno -fno-trapping-math -fno-signed-zeros -ffp-contract=fast -fstrict-aliasing -fPIC -ftree-parallelize-loops=1 -Wall -Wextra -ffree-form -ffree-line-length-none -std=f2018 -fPIC -c /capstor/scratch/cscs/lhulsbergen/bachelorThesisArtifacts/llr40Matrix/v2/opt_reports/quasi_affine_reduce_odd/agent/quasi_affine_reduce_odd_fp64.f90 -o /capstor/scratch/cscs/lhulsbergen/bachelorThesisArtifacts/llr40Matrix/v2/opt_reports/quasi_affine_reduce_odd/agent/build/quasi_affine_reduce_odd_fp64.f90.o -fopt-info-vec-optimized -fopt-info-vec-missed -fopt-info-loop-optimized
scan_affine_decay,c,c,/usr/bin/gcc-14,opt_reports/scan_affine_decay/c/scan_affine_decay_fp64.c,opt_reports/scan_affine_decay/c/scan_affine_decay_fp64.c.optreport.txt,opt_reports/scan_affine_decay/c/scan_affine_decay_fp64.c.s.txt,ok,0,2,0,scan_affine_decay_fp64,,/usr/bin/gcc-14 -O3 -march=native -fopenmp -fno-math-errno -fno-trapping-math -fno-signed-zeros -ffp-contract=fast -fstrict-aliasing -fPIC -include /capstor/scratch/cscs/lhulsbergen/HPCAgent-Bench-v2-aux/hpcagent_bench/envs/vecmath.h -Wall -Wextra -std=c23 -D_POSIX_C_SOURCE=199309L -fPIC -c /capstor/scratch/cscs/lhulsbergen/bachelorThesisArtifacts/llr40Matrix/v2/opt_reports/scan_affine_decay/c/scan_affine_decay_fp64.c -o /capstor/scratch/cscs/lhulsbergen/bachelorThesisArtifacts/llr40Matrix/v2/opt_reports/scan_affine_decay/c/build/scan_affine_decay_fp64.c.o -fopt-info-vec-optimized -fopt-info-vec-missed -fopt-info-loop-optimized
scan_affine_decay,cpp,cpp,/users/lhulsbergen/bin/g++,opt_reports/scan_affine_decay/cpp/scan_affine_decay_fp64.cpp,opt_reports/scan_affine_decay/cpp/scan_affine_decay_fp64.cpp.optreport.txt,opt_reports/scan_affine_decay/cpp/scan_affine_decay_fp64.cpp.s.txt,ok,0,2,0,scan_affine_decay_fp64,,/users/lhulsbergen/bin/g++ -O3 -march=native -fopenmp -fno-math-errno -fno-trapping-math -fno-signed-zeros -ffp-contract=fast -fstrict-aliasing -fPIC -include /capstor/scratch/cscs/lhulsbergen/HPCAgent-Bench-v2-aux/hpcagent_bench/envs/vecmath.h -Wall -Wextra -std=c++20 -D_POSIX_C_SOURCE=199309L -fPIC -c /capstor/scratch/cscs/lhulsbergen/bachelorThesisArtifacts/llr40Matrix/v2/opt_reports/scan_affine_decay/cpp/scan_affine_decay_fp64.cpp -o /capstor/scratch/cscs/lhulsbergen/bachelorThesisArtifacts/llr40Matrix/v2/opt_reports/scan_affine_decay/cpp/build/scan_affine_decay_fp64.cpp.o -fopt-info-vec-optimized -fopt-info-vec-missed -fopt-info-loop-optimized
scan_affine_decay,fortran,fortran,/users/lhulsbergen/bin/gfortran,opt_reports/scan_affine_decay/fortran/scan_affine_decay_fp64.f90,opt_reports/scan_affine_decay/fortran/scan_affine_decay_fp64.f90.optreport.txt,opt_reports/scan_affine_decay/fortran/scan_affine_decay_fp64.f90.s.txt,ok,0,2,0,scan_affine_decay_fp64,,/users/lhulsbergen/bin/gfortran -O3 -march=native -fopenmp -fno-math-errno -fno-trapping-math -fno-signed-zeros -ffp-contract=fast -fstrict-aliasing -fPIC -ftree-parallelize-loops=1 -Wall -Wextra -ffree-form -ffree-line-length-none -std=f2018 -fPIC -c /capstor/scratch/cscs/lhulsbergen/bachelorThesisArtifacts/llr40Matrix/v2/opt_reports/scan_affine_decay/fortran/scan_affine_decay_fp64.f90 -o /capstor/scratch/cscs/lhulsbergen/bachelorThesisArtifacts/llr40Matrix/v2/opt_reports/scan_affine_decay/fortran/build/scan_affine_decay_fp64.f90.o -fopt-info-vec-optimized -fopt-info-vec-missed -fopt-info-loop-optimized
scan_affine_decay,numba,python,numba,opt_reports/scan_affine_decay/numba/scan_affine_decay_numba_np.py,,opt_reports/scan_affine_decay/numba/scan_affine_decay_numba_np.py.s.txt,ok,,,,scan_affine_decay,,"@nb.njit(parallel=True, cache=True); inspect_asm()"
scan_affine_decay,c_reference,c,,,,,unsupported,,,,,no hand-written _reference.c in the corpus,
scan_affine_decay,agent,c,/usr/bin/gcc-14,opt_reports/scan_affine_decay/agent/scan_affine_decay_fp64.c,opt_reports/scan_affine_decay/agent/scan_affine_decay_fp64.c.optreport.txt,opt_reports/scan_affine_decay/agent/scan_affine_decay_fp64.c.s.txt,ok,0,35,0,scan_affine_decay_fp64._omp_fn.0 scan_affine_decay_fp64,,/usr/bin/gcc-14 -O3 -march=native -fopenmp -fno-math-errno -fno-trapping-math -fno-signed-zeros -ffp-contract=fast -fstrict-aliasing -fPIC -include /capstor/scratch/cscs/lhulsbergen/HPCAgent-Bench-v2-aux/hpcagent_bench/envs/vecmath.h -Wall -Wextra -std=c23 -D_POSIX_C_SOURCE=199309L -fPIC -c /capstor/scratch/cscs/lhulsbergen/bachelorThesisArtifacts/llr40Matrix/v2/opt_reports/scan_affine_decay/agent/scan_affine_decay_fp64.c -o /capstor/scratch/cscs/lhulsbergen/bachelorThesisArtifacts/llr40Matrix/v2/opt_reports/scan_affine_decay/agent/build/scan_affine_decay_fp64.c.o -fopt-info-vec-optimized -fopt-info-vec-missed -fopt-info-loop-optimized
scatter_accum_dup,c,c,/usr/bin/gcc-14,opt_reports/scatter_accum_dup/c/scatter_accum_dup_fp64.c,opt_reports/scatter_accum_dup/c/scatter_accum_dup_fp64.c.optreport.txt,opt_reports/scatter_accum_dup/c/scatter_accum_dup_fp64.c.s.txt,ok,0,2,0,scatter_accum_dup_fp64,,/usr/bin/gcc-14 -O3 -march=native -fopenmp -fno-math-errno -fno-trapping-math -fno-signed-zeros -ffp-contract=fast -fstrict-aliasing -fPIC -include /capstor/scratch/cscs/lhulsbergen/HPCAgent-Bench-v2-aux/hpcagent_bench/envs/vecmath.h -Wall -Wextra -std=c23 -D_POSIX_C_SOURCE=199309L -fPIC -c /capstor/scratch/cscs/lhulsbergen/bachelorThesisArtifacts/llr40Matrix/v2/opt_reports/scatter_accum_dup/c/scatter_accum_dup_fp64.c -o /capstor/scratch/cscs/lhulsbergen/bachelorThesisArtifacts/llr40Matrix/v2/opt_reports/scatter_accum_dup/c/build/scatter_accum_dup_fp64.c.o -fopt-info-vec-optimized -fopt-info-vec-missed -fopt-info-loop-optimized
scatter_accum_dup,cpp,cpp,/users/lhulsbergen/bin/g++,opt_reports/scatter_accum_dup/cpp/scatter_accum_dup_fp64.cpp,opt_reports/scatter_accum_dup/cpp/scatter_accum_dup_fp64.cpp.optreport.txt,opt_reports/scatter_accum_dup/cpp/scatter_accum_dup_fp64.cpp.s.txt,ok,0,2,0,scatter_accum_dup_fp64,,/users/lhulsbergen/bin/g++ -O3 -march=native -fopenmp -fno-math-errno -fno-trapping-math -fno-signed-zeros -ffp-contract=fast -fstrict-aliasing -fPIC -include /capstor/scratch/cscs/lhulsbergen/HPCAgent-Bench-v2-aux/hpcagent_bench/envs/vecmath.h -Wall -Wextra -std=c++20 -D_POSIX_C_SOURCE=199309L -fPIC -c /capstor/scratch/cscs/lhulsbergen/bachelorThesisArtifacts/llr40Matrix/v2/opt_reports/scatter_accum_dup/cpp/scatter_accum_dup_fp64.cpp -o /capstor/scratch/cscs/lhulsbergen/bachelorThesisArtifacts/llr40Matrix/v2/opt_reports/scatter_accum_dup/cpp/build/scatter_accum_dup_fp64.cpp.o -fopt-info-vec-optimized -fopt-info-vec-missed -fopt-info-loop-optimized
scatter_accum_dup,fortran,fortran,/users/lhulsbergen/bin/gfortran,opt_reports/scatter_accum_dup/fortran/scatter_accum_dup_fp64.f90,opt_reports/scatter_accum_dup/fortran/scatter_accum_dup_fp64.f90.optreport.txt,opt_reports/scatter_accum_dup/fortran/scatter_accum_dup_fp64.f90.s.txt,ok,0,2,0,scatter_accum_dup_fp64,,/users/lhulsbergen/bin/gfortran -O3 -march=native -fopenmp -fno-math-errno -fno-trapping-math -fno-signed-zeros -ffp-contract=fast -fstrict-aliasing -fPIC -ftree-parallelize-loops=1 -Wall -Wextra -ffree-form -ffree-line-length-none -std=f2018 -fPIC -c /capstor/scratch/cscs/lhulsbergen/bachelorThesisArtifacts/llr40Matrix/v2/opt_reports/scatter_accum_dup/fortran/scatter_accum_dup_fp64.f90 -o /capstor/scratch/cscs/lhulsbergen/bachelorThesisArtifacts/llr40Matrix/v2/opt_reports/scatter_accum_dup/fortran/build/scatter_accum_dup_fp64.f90.o -fopt-info-vec-optimized -fopt-info-vec-missed -fopt-info-loop-optimized
scatter_accum_dup,numba,python,numba,opt_reports/scatter_accum_dup/numba/scatter_accum_dup_numba_np.py,,opt_reports/scatter_accum_dup/numba/scatter_accum_dup_numba_np.py.s.txt,ok,,,,scatter_accum_dup,,"@nb.njit(parallel=True, cache=True); inspect_asm()"
scatter_accum_dup,c_reference,c,,,,,unsupported,,,,,no hand-written _reference.c in the corpus,
scatter_accum_dup,agent,c,/usr/bin/gcc-14,opt_reports/scatter_accum_dup/agent/scatter_accum_dup_fp64.c,opt_reports/scatter_accum_dup/agent/scatter_accum_dup_fp64.c.optreport.txt,opt_reports/scatter_accum_dup/agent/scatter_accum_dup_fp64.c.s.txt,ok,0,25,2,scatter_accum_dup_fp64._omp_fn.0 scatter_accum_dup_fp64,,/usr/bin/gcc-14 -O3 -march=native -fopenmp -fno-math-errno -fno-trapping-math -fno-signed-zeros -ffp-contract=fast -fstrict-aliasing -fPIC -include /capstor/scratch/cscs/lhulsbergen/HPCAgent-Bench-v2-aux/hpcagent_bench/envs/vecmath.h -Wall -Wextra -std=c23 -D_POSIX_C_SOURCE=199309L -fPIC -c /capstor/scratch/cscs/lhulsbergen/bachelorThesisArtifacts/llr40Matrix/v2/opt_reports/scatter_accum_dup/agent/scatter_accum_dup_fp64.c -o /capstor/scratch/cscs/lhulsbergen/bachelorThesisArtifacts/llr40Matrix/v2/opt_reports/scatter_accum_dup/agent/build/scatter_accum_dup_fp64.c.o -fopt-info-vec-optimized -fopt-info-vec-missed -fopt-info-loop-optimized
segment_reduce_ragged,c,c,/usr/bin/gcc-14,opt_reports/segment_reduce_ragged/c/segment_reduce_ragged_fp64.c,opt_reports/segment_reduce_ragged/c/segment_reduce_ragged_fp64.c.optreport.txt,opt_reports/segment_reduce_ragged/c/segment_reduce_ragged_fp64.c.s.txt,ok,1,2,0,segment_reduce_ragged_fp64,,/usr/bin/gcc-14 -O3 -march=native -fopenmp -fno-math-errno -fno-trapping-math -fno-signed-zeros -ffp-contract=fast -fstrict-aliasing -fPIC -include /capstor/scratch/cscs/lhulsbergen/HPCAgent-Bench-v2-aux/hpcagent_bench/envs/vecmath.h -Wall -Wextra -std=c23 -D_POSIX_C_SOURCE=199309L -fPIC -c /capstor/scratch/cscs/lhulsbergen/bachelorThesisArtifacts/llr40Matrix/v2/opt_reports/segment_reduce_ragged/c/segment_reduce_ragged_fp64.c -o /capstor/scratch/cscs/lhulsbergen/bachelorThesisArtifacts/llr40Matrix/v2/opt_reports/segment_reduce_ragged/c/build/segment_reduce_ragged_fp64.c.o -fopt-info-vec-optimized -fopt-info-vec-missed -fopt-info-loop-optimized
segment_reduce_ragged,cpp,cpp,/users/lhulsbergen/bin/g++,opt_reports/segment_reduce_ragged/cpp/segment_reduce_ragged_fp64.cpp,opt_reports/segment_reduce_ragged/cpp/segment_reduce_ragged_fp64.cpp.optreport.txt,opt_reports/segment_reduce_ragged/cpp/segment_reduce_ragged_fp64.cpp.s.txt,ok,1,2,0,segment_reduce_ragged_fp64,,/users/lhulsbergen/bin/g++ -O3 -march=native -fopenmp -fno-math-errno -fno-trapping-math -fno-signed-zeros -ffp-contract=fast -fstrict-aliasing -fPIC -include /capstor/scratch/cscs/lhulsbergen/HPCAgent-Bench-v2-aux/hpcagent_bench/envs/vecmath.h -Wall -Wextra -std=c++20 -D_POSIX_C_SOURCE=199309L -fPIC -c /capstor/scratch/cscs/lhulsbergen/bachelorThesisArtifacts/llr40Matrix/v2/opt_reports/segment_reduce_ragged/cpp/segment_reduce_ragged_fp64.cpp -o /capstor/scratch/cscs/lhulsbergen/bachelorThesisArtifacts/llr40Matrix/v2/opt_reports/segment_reduce_ragged/cpp/build/segment_reduce_ragged_fp64.cpp.o -fopt-info-vec-optimized -fopt-info-vec-missed -fopt-info-loop-optimized
segment_reduce_ragged,fortran,fortran,/users/lhulsbergen/bin/gfortran,opt_reports/segment_reduce_ragged/fortran/segment_reduce_ragged_fp64.f90,opt_reports/segment_reduce_ragged/fortran/segment_reduce_ragged_fp64.f90.optreport.txt,opt_reports/segment_reduce_ragged/fortran/segment_reduce_ragged_fp64.f90.s.txt,ok,0,4,0,segment_reduce_ragged_fp64,,/users/lhulsbergen/bin/gfortran -O3 -march=native -fopenmp -fno-math-errno -fno-trapping-math -fno-signed-zeros -ffp-contract=fast -fstrict-aliasing -fPIC -ftree-parallelize-loops=1 -Wall -Wextra -ffree-form -ffree-line-length-none -std=f2018 -fPIC -c /capstor/scratch/cscs/lhulsbergen/bachelorThesisArtifacts/llr40Matrix/v2/opt_reports/segment_reduce_ragged/fortran/segment_reduce_ragged_fp64.f90 -o /capstor/scratch/cscs/lhulsbergen/bachelorThesisArtifacts/llr40Matrix/v2/opt_reports/segment_reduce_ragged/fortran/build/segment_reduce_ragged_fp64.f90.o -fopt-info-vec-optimized -fopt-info-vec-missed -fopt-info-loop-optimized
segment_reduce_ragged,numba,python,numba,opt_reports/segment_reduce_ragged/numba/segment_reduce_ragged_numba_np.py,,opt_reports/segment_reduce_ragged/numba/segment_reduce_ragged_numba_np.py.s.txt,ok,,,,segment_reduce_ragged,,"@nb.njit(parallel=True, cache=True); inspect_asm()"
segment_reduce_ragged,c_reference,c,,,,,unsupported,,,,,no hand-written _reference.c in the corpus,
segment_reduce_ragged,agent,c,/usr/bin/gcc-14,opt_reports/segment_reduce_ragged/agent/segment_reduce_ragged_fp64.c,opt_reports/segment_reduce_ragged/agent/segment_reduce_ragged_fp64.c.optreport.txt,opt_reports/segment_reduce_ragged/agent/segment_reduce_ragged_fp64.c.s.txt,ok,2,13,1,segment_reduce_ragged_fp64._omp_fn.0 segment_reduce_ragged_fp64,,/usr/bin/gcc-14 -O3 -march=native -fopenmp -fno-math-errno -fno-trapping-math -fno-signed-zeros -ffp-contract=fast -fstrict-aliasing -fPIC -include /capstor/scratch/cscs/lhulsbergen/HPCAgent-Bench-v2-aux/hpcagent_bench/envs/vecmath.h -Wall -Wextra -std=c23 -D_POSIX_C_SOURCE=199309L -fPIC -c /capstor/scratch/cscs/lhulsbergen/bachelorThesisArtifacts/llr40Matrix/v2/opt_reports/segment_reduce_ragged/agent/segment_reduce_ragged_fp64.c -o /capstor/scratch/cscs/lhulsbergen/bachelorThesisArtifacts/llr40Matrix/v2/opt_reports/segment_reduce_ragged/agent/build/segment_reduce_ragged_fp64.c.o -fopt-info-vec-optimized -fopt-info-vec-missed -fopt-info-loop-optimized
tsvc_2_s115,c,c,/usr/bin/gcc-14,opt_reports/tsvc_2_s115/c/tsvc_2_s115_fp64.c,opt_reports/tsvc_2_s115/c/tsvc_2_s115_fp64.c.optreport.txt,opt_reports/tsvc_2_s115/c/tsvc_2_s115_fp64.c.s.txt,ok,2,6,0,tsvc_2_s115_fp64,,/usr/bin/gcc-14 -O3 -march=native -fopenmp -fno-math-errno -fno-trapping-math -fno-signed-zeros -ffp-contract=fast -fstrict-aliasing -fPIC -include /capstor/scratch/cscs/lhulsbergen/HPCAgent-Bench-v2-aux/hpcagent_bench/envs/vecmath.h -Wall -Wextra -std=c23 -D_POSIX_C_SOURCE=199309L -fPIC -c /capstor/scratch/cscs/lhulsbergen/bachelorThesisArtifacts/llr40Matrix/v2/opt_reports/tsvc_2_s115/c/tsvc_2_s115_fp64.c -o /capstor/scratch/cscs/lhulsbergen/bachelorThesisArtifacts/llr40Matrix/v2/opt_reports/tsvc_2_s115/c/build/tsvc_2_s115_fp64.c.o -fopt-info-vec-optimized -fopt-info-vec-missed -fopt-info-loop-optimized
tsvc_2_s115,cpp,cpp,/users/lhulsbergen/bin/g++,opt_reports/tsvc_2_s115/cpp/tsvc_2_s115_fp64.cpp,opt_reports/tsvc_2_s115/cpp/tsvc_2_s115_fp64.cpp.optreport.txt,opt_reports/tsvc_2_s115/cpp/tsvc_2_s115_fp64.cpp.s.txt,ok,2,6,0,tsvc_2_s115_fp64,,/users/lhulsbergen/bin/g++ -O3 -march=native -fopenmp -fno-math-errno -fno-trapping-math -fno-signed-zeros -ffp-contract=fast -fstrict-aliasing -fPIC -include /capstor/scratch/cscs/lhulsbergen/HPCAgent-Bench-v2-aux/hpcagent_bench/envs/vecmath.h -Wall -Wextra -std=c++20 -D_POSIX_C_SOURCE=199309L -fPIC -c /capstor/scratch/cscs/lhulsbergen/bachelorThesisArtifacts/llr40Matrix/v2/opt_reports/tsvc_2_s115/cpp/tsvc_2_s115_fp64.cpp -o /capstor/scratch/cscs/lhulsbergen/bachelorThesisArtifacts/llr40Matrix/v2/opt_reports/tsvc_2_s115/cpp/build/tsvc_2_s115_fp64.cpp.o -fopt-info-vec-optimized -fopt-info-vec-missed -fopt-info-loop-optimized
tsvc_2_s115,fortran,fortran,/users/lhulsbergen/bin/gfortran,opt_reports/tsvc_2_s115/fortran/tsvc_2_s115_fp64.f90,opt_reports/tsvc_2_s115/fortran/tsvc_2_s115_fp64.f90.optreport.txt,opt_reports/tsvc_2_s115/fortran/tsvc_2_s115_fp64.f90.s.txt,ok,2,2,0,tsvc_2_s115_fp64,,/users/lhulsbergen/bin/gfortran -O3 -march=native -fopenmp -fno-math-errno -fno-trapping-math -fno-signed-zeros -ffp-contract=fast -fstrict-aliasing -fPIC -ftree-parallelize-loops=1 -Wall -Wextra -ffree-form -ffree-line-length-none -std=f2018 -fPIC -c /capstor/scratch/cscs/lhulsbergen/bachelorThesisArtifacts/llr40Matrix/v2/opt_reports/tsvc_2_s115/fortran/tsvc_2_s115_fp64.f90 -o /capstor/scratch/cscs/lhulsbergen/bachelorThesisArtifacts/llr40Matrix/v2/opt_reports/tsvc_2_s115/fortran/build/tsvc_2_s115_fp64.f90.o -fopt-info-vec-optimized -fopt-info-vec-missed -fopt-info-loop-optimized
tsvc_2_s115,numba,python,numba,opt_reports/tsvc_2_s115/numba/tsvc_2_s115_numba_np.py,,opt_reports/tsvc_2_s115/numba/tsvc_2_s115_numba_np.py.s.txt,ok,,,,s115,,"@nb.njit(parallel=True, cache=True); inspect_asm()"
tsvc_2_s115,c_reference,c,/usr/bin/gcc-14,opt_reports/tsvc_2_s115/c_reference/tsvc_2_s115_fp64.c,opt_reports/tsvc_2_s115/c_reference/tsvc_2_s115_fp64.c.optreport.txt,opt_reports/tsvc_2_s115/c_reference/tsvc_2_s115_fp64.c.s.txt,ok,2,6,0,tsvc_2_s115_fp64,,/usr/bin/gcc-14 -O3 -march=native -fopenmp -fno-math-errno -fno-trapping-math -fno-signed-zeros -ffp-contract=fast -fstrict-aliasing -fPIC -include /capstor/scratch/cscs/lhulsbergen/HPCAgent-Bench-v2-aux/hpcagent_bench/envs/vecmath.h -Wall -Wextra -std=c23 -D_POSIX_C_SOURCE=199309L -fPIC -c /capstor/scratch/cscs/lhulsbergen/bachelorThesisArtifacts/llr40Matrix/v2/opt_reports/tsvc_2_s115/c_reference/tsvc_2_s115_fp64.c -o /capstor/scratch/cscs/lhulsbergen/bachelorThesisArtifacts/llr40Matrix/v2/opt_reports/tsvc_2_s115/c_reference/build/tsvc_2_s115_fp64.c.o -fopt-info-vec-optimized -fopt-info-vec-missed -fopt-info-loop-optimized
tsvc_2_s115,agent,c,/usr/bin/gcc-14,opt_reports/tsvc_2_s115/agent/tsvc_2_s115_fp64.c,opt_reports/tsvc_2_s115/agent/tsvc_2_s115_fp64.c.optreport.txt,opt_reports/tsvc_2_s115/agent/tsvc_2_s115_fp64.c.s.txt,ok,2,12,0,tsvc_2_s115_fp64._omp_fn.0 tsvc_2_s115_fp64,,/usr/bin/gcc-14 -O3 -march=native -fopenmp -fno-math-errno -fno-trapping-math -fno-signed-zeros -ffp-contract=fast -fstrict-aliasing -fPIC -include /capstor/scratch/cscs/lhulsbergen/HPCAgent-Bench-v2-aux/hpcagent_bench/envs/vecmath.h -Wall -Wextra -std=c23 -D_POSIX_C_SOURCE=199309L -fPIC -c /capstor/scratch/cscs/lhulsbergen/bachelorThesisArtifacts/llr40Matrix/v2/opt_reports/tsvc_2_s115/agent/tsvc_2_s115_fp64.c -o /capstor/scratch/cscs/lhulsbergen/bachelorThesisArtifacts/llr40Matrix/v2/opt_reports/tsvc_2_s115/agent/build/tsvc_2_s115_fp64.c.o -fopt-info-vec-optimized -fopt-info-vec-missed -fopt-info-loop-optimized
tsvc_2_s119,c,c,/usr/bin/gcc-14,opt_reports/tsvc_2_s119/c/tsvc_2_s119_fp64.c,opt_reports/tsvc_2_s119/c/tsvc_2_s119_fp64.c.optreport.txt,opt_reports/tsvc_2_s119/c/tsvc_2_s119_fp64.c.s.txt,ok,2,2,0,tsvc_2_s119_fp64,,/usr/bin/gcc-14 -O3 -march=native -fopenmp -fno-math-errno -fno-trapping-math -fno-signed-zeros -ffp-contract=fast -fstrict-aliasing -fPIC -include /capstor/scratch/cscs/lhulsbergen/HPCAgent-Bench-v2-aux/hpcagent_bench/envs/vecmath.h -Wall -Wextra -std=c23 -D_POSIX_C_SOURCE=199309L -fPIC -c /capstor/scratch/cscs/lhulsbergen/bachelorThesisArtifacts/llr40Matrix/v2/opt_reports/tsvc_2_s119/c/tsvc_2_s119_fp64.c -o /capstor/scratch/cscs/lhulsbergen/bachelorThesisArtifacts/llr40Matrix/v2/opt_reports/tsvc_2_s119/c/build/tsvc_2_s119_fp64.c.o -fopt-info-vec-optimized -fopt-info-vec-missed -fopt-info-loop-optimized
tsvc_2_s119,cpp,cpp,/users/lhulsbergen/bin/g++,opt_reports/tsvc_2_s119/cpp/tsvc_2_s119_fp64.cpp,opt_reports/tsvc_2_s119/cpp/tsvc_2_s119_fp64.cpp.optreport.txt,opt_reports/tsvc_2_s119/cpp/tsvc_2_s119_fp64.cpp.s.txt,ok,2,2,0,tsvc_2_s119_fp64,,/users/lhulsbergen/bin/g++ -O3 -march=native -fopenmp -fno-math-errno -fno-trapping-math -fno-signed-zeros -ffp-contract=fast -fstrict-aliasing -fPIC -include /capstor/scratch/cscs/lhulsbergen/HPCAgent-Bench-v2-aux/hpcagent_bench/envs/vecmath.h -Wall -Wextra -std=c++20 -D_POSIX_C_SOURCE=199309L -fPIC -c /capstor/scratch/cscs/lhulsbergen/bachelorThesisArtifacts/llr40Matrix/v2/opt_reports/tsvc_2_s119/cpp/tsvc_2_s119_fp64.cpp -o /capstor/scratch/cscs/lhulsbergen/bachelorThesisArtifacts/llr40Matrix/v2/opt_reports/tsvc_2_s119/cpp/build/tsvc_2_s119_fp64.cpp.o -fopt-info-vec-optimized -fopt-info-vec-missed -fopt-info-loop-optimized
tsvc_2_s119,fortran,fortran,/users/lhulsbergen/bin/gfortran,opt_reports/tsvc_2_s119/fortran/tsvc_2_s119_fp64.f90,opt_reports/tsvc_2_s119/fortran/tsvc_2_s119_fp64.f90.optreport.txt,opt_reports/tsvc_2_s119/fortran/tsvc_2_s119_fp64.f90.s.txt,ok,2,2,0,tsvc_2_s119_fp64,,/users/lhulsbergen/bin/gfortran -O3 -march=native -fopenmp -fno-math-errno -fno-trapping-math -fno-signed-zeros -ffp-contract=fast -fstrict-aliasing -fPIC -ftree-parallelize-loops=1 -Wall -Wextra -ffree-form -ffree-line-length-none -std=f2018 -fPIC -c /capstor/scratch/cscs/lhulsbergen/bachelorThesisArtifacts/llr40Matrix/v2/opt_reports/tsvc_2_s119/fortran/tsvc_2_s119_fp64.f90 -o /capstor/scratch/cscs/lhulsbergen/bachelorThesisArtifacts/llr40Matrix/v2/opt_reports/tsvc_2_s119/fortran/build/tsvc_2_s119_fp64.f90.o -fopt-info-vec-optimized -fopt-info-vec-missed -fopt-info-loop-optimized
tsvc_2_s119,numba,python,numba,opt_reports/tsvc_2_s119/numba/tsvc_2_s119_numba_np.py,,opt_reports/tsvc_2_s119/numba/tsvc_2_s119_numba_np.py.s.txt,ok,,,,s119,,"@nb.njit(parallel=True, cache=True); inspect_asm()"
tsvc_2_s119,c_reference,c,/usr/bin/gcc-14,opt_reports/tsvc_2_s119/c_reference/tsvc_2_s119_fp64.c,opt_reports/tsvc_2_s119/c_reference/tsvc_2_s119_fp64.c.optreport.txt,opt_reports/tsvc_2_s119/c_reference/tsvc_2_s119_fp64.c.s.txt,ok,2,2,0,tsvc_2_s119_fp64,,/usr/bin/gcc-14 -O3 -march=native -fopenmp -fno-math-errno -fno-trapping-math -fno-signed-zeros -ffp-contract=fast -fstrict-aliasing -fPIC -include /capstor/scratch/cscs/lhulsbergen/HPCAgent-Bench-v2-aux/hpcagent_bench/envs/vecmath.h -Wall -Wextra -std=c23 -D_POSIX_C_SOURCE=199309L -fPIC -c /capstor/scratch/cscs/lhulsbergen/bachelorThesisArtifacts/llr40Matrix/v2/opt_reports/tsvc_2_s119/c_reference/tsvc_2_s119_fp64.c -o /capstor/scratch/cscs/lhulsbergen/bachelorThesisArtifacts/llr40Matrix/v2/opt_reports/tsvc_2_s119/c_reference/build/tsvc_2_s119_fp64.c.o -fopt-info-vec-optimized -fopt-info-vec-missed -fopt-info-loop-optimized
tsvc_2_s119,agent,fortran,/users/lhulsbergen/bin/gfortran,opt_reports/tsvc_2_s119/agent/tsvc_2_s119_fp64.f90,opt_reports/tsvc_2_s119/agent/tsvc_2_s119_fp64.f90.optreport.txt,opt_reports/tsvc_2_s119/agent/tsvc_2_s119_fp64.f90.s.txt,ok,2,12,0,tsvc_2_s119_fp64._omp_fn.0 tsvc_2_s119_fp64,,/users/lhulsbergen/bin/gfortran -O3 -march=native -fopenmp -fno-math-errno -fno-trapping-math -fno-signed-zeros -ffp-contract=fast -fstrict-aliasing -fPIC -ftree-parallelize-loops=1 -Wall -Wextra -ffree-form -ffree-line-length-none -std=f2018 -fPIC -c /capstor/scratch/cscs/lhulsbergen/bachelorThesisArtifacts/llr40Matrix/v2/opt_reports/tsvc_2_s119/agent/tsvc_2_s119_fp64.f90 -o /capstor/scratch/cscs/lhulsbergen/bachelorThesisArtifacts/llr40Matrix/v2/opt_reports/tsvc_2_s119/agent/build/tsvc_2_s119_fp64.f90.o -fopt-info-vec-optimized -fopt-info-vec-missed -fopt-info-loop-optimized
tsvc_2_s1232,c,c,/usr/bin/gcc-14,opt_reports/tsvc_2_s1232/c/tsvc_2_s1232_fp64.c,opt_reports/tsvc_2_s1232/c/tsvc_2_s1232_fp64.c.optreport.txt,opt_reports/tsvc_2_s1232/c/tsvc_2_s1232_fp64.c.s.txt,ok,0,4,0,tsvc_2_s1232_fp64,,/usr/bin/gcc-14 -O3 -march=native -fopenmp -fno-math-errno -fno-trapping-math -fno-signed-zeros -ffp-contract=fast -fstrict-aliasing -fPIC -include /capstor/scratch/cscs/lhulsbergen/HPCAgent-Bench-v2-aux/hpcagent_bench/envs/vecmath.h -Wall -Wextra -std=c23 -D_POSIX_C_SOURCE=199309L -fPIC -c /capstor/scratch/cscs/lhulsbergen/bachelorThesisArtifacts/llr40Matrix/v2/opt_reports/tsvc_2_s1232/c/tsvc_2_s1232_fp64.c -o /capstor/scratch/cscs/lhulsbergen/bachelorThesisArtifacts/llr40Matrix/v2/opt_reports/tsvc_2_s1232/c/build/tsvc_2_s1232_fp64.c.o -fopt-info-vec-optimized -fopt-info-vec-missed -fopt-info-loop-optimized
tsvc_2_s1232,cpp,cpp,/users/lhulsbergen/bin/g++,opt_reports/tsvc_2_s1232/cpp/tsvc_2_s1232_fp64.cpp,opt_reports/tsvc_2_s1232/cpp/tsvc_2_s1232_fp64.cpp.optreport.txt,opt_reports/tsvc_2_s1232/cpp/tsvc_2_s1232_fp64.cpp.s.txt,ok,0,4,0,tsvc_2_s1232_fp64,,/users/lhulsbergen/bin/g++ -O3 -march=native -fopenmp -fno-math-errno -fno-trapping-math -fno-signed-zeros -ffp-contract=fast -fstrict-aliasing -fPIC -include /capstor/scratch/cscs/lhulsbergen/HPCAgent-Bench-v2-aux/hpcagent_bench/envs/vecmath.h -Wall -Wextra -std=c++20 -D_POSIX_C_SOURCE=199309L -fPIC -c /capstor/scratch/cscs/lhulsbergen/bachelorThesisArtifacts/llr40Matrix/v2/opt_reports/tsvc_2_s1232/cpp/tsvc_2_s1232_fp64.cpp -o /capstor/scratch/cscs/lhulsbergen/bachelorThesisArtifacts/llr40Matrix/v2/opt_reports/tsvc_2_s1232/cpp/build/tsvc_2_s1232_fp64.cpp.o -fopt-info-vec-optimized -fopt-info-vec-missed -fopt-info-loop-optimized
tsvc_2_s1232,fortran,fortran,/users/lhulsbergen/bin/gfortran,opt_reports/tsvc_2_s1232/fortran/tsvc_2_s1232_fp64.f90,opt_reports/tsvc_2_s1232/fortran/tsvc_2_s1232_fp64.f90.optreport.txt,opt_reports/tsvc_2_s1232/fortran/tsvc_2_s1232_fp64.f90.s.txt,ok,0,4,0,tsvc_2_s1232_fp64,,/users/lhulsbergen/bin/gfortran -O3 -march=native -fopenmp -fno-math-errno -fno-trapping-math -fno-signed-zeros -ffp-contract=fast -fstrict-aliasing -fPIC -ftree-parallelize-loops=1 -Wall -Wextra -ffree-form -ffree-line-length-none -std=f2018 -fPIC -c /capstor/scratch/cscs/lhulsbergen/bachelorThesisArtifacts/llr40Matrix/v2/opt_reports/tsvc_2_s1232/fortran/tsvc_2_s1232_fp64.f90 -o /capstor/scratch/cscs/lhulsbergen/bachelorThesisArtifacts/llr40Matrix/v2/opt_reports/tsvc_2_s1232/fortran/build/tsvc_2_s1232_fp64.f90.o -fopt-info-vec-optimized -fopt-info-vec-missed -fopt-info-loop-optimized
tsvc_2_s1232,numba,python,numba,opt_reports/tsvc_2_s1232/numba/tsvc_2_s1232_numba_np.py,,opt_reports/tsvc_2_s1232/numba/tsvc_2_s1232_numba_np.py.s.txt,ok,,,,s1232,,"@nb.njit(parallel=True, cache=True); inspect_asm()"
tsvc_2_s1232,c_reference,c,/usr/bin/gcc-14,opt_reports/tsvc_2_s1232/c_reference/tsvc_2_s1232_fp64.c,opt_reports/tsvc_2_s1232/c_reference/tsvc_2_s1232_fp64.c.optreport.txt,opt_reports/tsvc_2_s1232/c_reference/tsvc_2_s1232_fp64.c.s.txt,ok,0,4,0,tsvc_2_s1232_fp64,,/usr/bin/gcc-14 -O3 -march=native -fopenmp -fno-math-errno -fno-trapping-math -fno-signed-zeros -ffp-contract=fast -fstrict-aliasing -fPIC -include /capstor/scratch/cscs/lhulsbergen/HPCAgent-Bench-v2-aux/hpcagent_bench/envs/vecmath.h -Wall -Wextra -std=c23 -D_POSIX_C_SOURCE=199309L -fPIC -c /capstor/scratch/cscs/lhulsbergen/bachelorThesisArtifacts/llr40Matrix/v2/opt_reports/tsvc_2_s1232/c_reference/tsvc_2_s1232_fp64.c -o /capstor/scratch/cscs/lhulsbergen/bachelorThesisArtifacts/llr40Matrix/v2/opt_reports/tsvc_2_s1232/c_reference/build/tsvc_2_s1232_fp64.c.o -fopt-info-vec-optimized -fopt-info-vec-missed -fopt-info-loop-optimized
tsvc_2_s1232,agent,fortran,/users/lhulsbergen/bin/gfortran,opt_reports/tsvc_2_s1232/agent/tsvc_2_s1232_fp64.f90,opt_reports/tsvc_2_s1232/agent/tsvc_2_s1232_fp64.f90.optreport.txt,opt_reports/tsvc_2_s1232/agent/tsvc_2_s1232_fp64.f90.s.txt,ok,2,16,0,tsvc_2_s1232_fp64._omp_fn.0 tsvc_2_s1232_fp64,,/users/lhulsbergen/bin/gfortran -O3 -march=native -fopenmp -fno-math-errno -fno-trapping-math -fno-signed-zeros -ffp-contract=fast -fstrict-aliasing -fPIC -ftree-parallelize-loops=1 -Wall -Wextra -ffree-form -ffree-line-length-none -std=f2018 -fPIC -c /capstor/scratch/cscs/lhulsbergen/bachelorThesisArtifacts/llr40Matrix/v2/opt_reports/tsvc_2_s1232/agent/tsvc_2_s1232_fp64.f90 -o /capstor/scratch/cscs/lhulsbergen/bachelorThesisArtifacts/llr40Matrix/v2/opt_reports/tsvc_2_s1232/agent/build/tsvc_2_s1232_fp64.f90.o -fopt-info-vec-optimized -fopt-info-vec-missed -fopt-info-loop-optimized
tsvc_2_s1244,c,c,/usr/bin/gcc-14,opt_reports/tsvc_2_s1244/c/tsvc_2_s1244_fp64.c,opt_reports/tsvc_2_s1244/c/tsvc_2_s1244_fp64.c.optreport.txt,opt_reports/tsvc_2_s1244/c/tsvc_2_s1244_fp64.c.s.txt,ok,0,2,0,tsvc_2_s1244_fp64,,/usr/bin/gcc-14 -O3 -march=native -fopenmp -fno-math-errno -fno-trapping-math -fno-signed-zeros -ffp-contract=fast -fstrict-aliasing -fPIC -include /capstor/scratch/cscs/lhulsbergen/HPCAgent-Bench-v2-aux/hpcagent_bench/envs/vecmath.h -Wall -Wextra -std=c23 -D_POSIX_C_SOURCE=199309L -fPIC -c /capstor/scratch/cscs/lhulsbergen/bachelorThesisArtifacts/llr40Matrix/v2/opt_reports/tsvc_2_s1244/c/tsvc_2_s1244_fp64.c -o /capstor/scratch/cscs/lhulsbergen/bachelorThesisArtifacts/llr40Matrix/v2/opt_reports/tsvc_2_s1244/c/build/tsvc_2_s1244_fp64.c.o -fopt-info-vec-optimized -fopt-info-vec-missed -fopt-info-loop-optimized
tsvc_2_s1244,cpp,cpp,/users/lhulsbergen/bin/g++,opt_reports/tsvc_2_s1244/cpp/tsvc_2_s1244_fp64.cpp,opt_reports/tsvc_2_s1244/cpp/tsvc_2_s1244_fp64.cpp.optreport.txt,opt_reports/tsvc_2_s1244/cpp/tsvc_2_s1244_fp64.cpp.s.txt,ok,0,2,0,tsvc_2_s1244_fp64,,/users/lhulsbergen/bin/g++ -O3 -march=native -fopenmp -fno-math-errno -fno-trapping-math -fno-signed-zeros -ffp-contract=fast -fstrict-aliasing -fPIC -include /capstor/scratch/cscs/lhulsbergen/HPCAgent-Bench-v2-aux/hpcagent_bench/envs/vecmath.h -Wall -Wextra -std=c++20 -D_POSIX_C_SOURCE=199309L -fPIC -c /capstor/scratch/cscs/lhulsbergen/bachelorThesisArtifacts/llr40Matrix/v2/opt_reports/tsvc_2_s1244/cpp/tsvc_2_s1244_fp64.cpp -o /capstor/scratch/cscs/lhulsbergen/bachelorThesisArtifacts/llr40Matrix/v2/opt_reports/tsvc_2_s1244/cpp/build/tsvc_2_s1244_fp64.cpp.o -fopt-info-vec-optimized -fopt-info-vec-missed -fopt-info-loop-optimized
tsvc_2_s1244,fortran,fortran,/users/lhulsbergen/bin/gfortran,opt_reports/tsvc_2_s1244/fortran/tsvc_2_s1244_fp64.f90,opt_reports/tsvc_2_s1244/fortran/tsvc_2_s1244_fp64.f90.optreport.txt,opt_reports/tsvc_2_s1244/fortran/tsvc_2_s1244_fp64.f90.s.txt,ok,0,6,0,tsvc_2_s1244_fp64,,/users/lhulsbergen/bin/gfortran -O3 -march=native -fopenmp -fno-math-errno -fno-trapping-math -fno-signed-zeros -ffp-contract=fast -fstrict-aliasing -fPIC -ftree-parallelize-loops=1 -Wall -Wextra -ffree-form -ffree-line-length-none -std=f2018 -fPIC -c /capstor/scratch/cscs/lhulsbergen/bachelorThesisArtifacts/llr40Matrix/v2/opt_reports/tsvc_2_s1244/fortran/tsvc_2_s1244_fp64.f90 -o /capstor/scratch/cscs/lhulsbergen/bachelorThesisArtifacts/llr40Matrix/v2/opt_reports/tsvc_2_s1244/fortran/build/tsvc_2_s1244_fp64.f90.o -fopt-info-vec-optimized -fopt-info-vec-missed -fopt-info-loop-optimized
tsvc_2_s1244,numba,python,numba,opt_reports/tsvc_2_s1244/numba/tsvc_2_s1244_numba_np.py,,opt_reports/tsvc_2_s1244/numba/tsvc_2_s1244_numba_np.py.s.txt,ok,,,,s1244,,"@nb.njit(parallel=True, cache=True); inspect_asm()"
tsvc_2_s1244,c_reference,c,/usr/bin/gcc-14,opt_reports/tsvc_2_s1244/c_reference/tsvc_2_s1244_fp64.c,opt_reports/tsvc_2_s1244/c_reference/tsvc_2_s1244_fp64.c.optreport.txt,opt_reports/tsvc_2_s1244/c_reference/tsvc_2_s1244_fp64.c.s.txt,ok,0,2,0,tsvc_2_s1244_fp64,,/usr/bin/gcc-14 -O3 -march=native -fopenmp -fno-math-errno -fno-trapping-math -fno-signed-zeros -ffp-contract=fast -fstrict-aliasing -fPIC -include /capstor/scratch/cscs/lhulsbergen/HPCAgent-Bench-v2-aux/hpcagent_bench/envs/vecmath.h -Wall -Wextra -std=c23 -D_POSIX_C_SOURCE=199309L -fPIC -c /capstor/scratch/cscs/lhulsbergen/bachelorThesisArtifacts/llr40Matrix/v2/opt_reports/tsvc_2_s1244/c_reference/tsvc_2_s1244_fp64.c -o /capstor/scratch/cscs/lhulsbergen/bachelorThesisArtifacts/llr40Matrix/v2/opt_reports/tsvc_2_s1244/c_reference/build/tsvc_2_s1244_fp64.c.o -fopt-info-vec-optimized -fopt-info-vec-missed -fopt-info-loop-optimized
tsvc_2_s1244,agent,c,/usr/bin/gcc-14,opt_reports/tsvc_2_s1244/agent/tsvc_2_s1244_fp64.c,opt_reports/tsvc_2_s1244/agent/tsvc_2_s1244_fp64.c.optreport.txt,opt_reports/tsvc_2_s1244/agent/tsvc_2_s1244_fp64.c.s.txt,ok,2,5,0,tsvc_2_s1244_fp64._omp_fn.0 tsvc_2_s1244_fp64,,/usr/bin/gcc-14 -O3 -march=native -fopenmp -fno-math-errno -fno-trapping-math -fno-signed-zeros -ffp-contract=fast -fstrict-aliasing -fPIC -include /capstor/scratch/cscs/lhulsbergen/HPCAgent-Bench-v2-aux/hpcagent_bench/envs/vecmath.h -Wall -Wextra -std=c23 -D_POSIX_C_SOURCE=199309L -fPIC -c /capstor/scratch/cscs/lhulsbergen/bachelorThesisArtifacts/llr40Matrix/v2/opt_reports/tsvc_2_s1244/agent/tsvc_2_s1244_fp64.c -o /capstor/scratch/cscs/lhulsbergen/bachelorThesisArtifacts/llr40Matrix/v2/opt_reports/tsvc_2_s1244/agent/build/tsvc_2_s1244_fp64.c.o -fopt-info-vec-optimized -fopt-info-vec-missed -fopt-info-loop-optimized
tsvc_2_s152,c,c,/usr/bin/gcc-14,opt_reports/tsvc_2_s152/c/tsvc_2_s152_fp64.c,opt_reports/tsvc_2_s152/c/tsvc_2_s152_fp64.c.optreport.txt,opt_reports/tsvc_2_s152/c/tsvc_2_s152_fp64.c.s.txt,ok,2,0,0,tsvc_2_s152_fp64,,/usr/bin/gcc-14 -O3 -march=native -fopenmp -fno-math-errno -fno-trapping-math -fno-signed-zeros -ffp-contract=fast -fstrict-aliasing -fPIC -include /capstor/scratch/cscs/lhulsbergen/HPCAgent-Bench-v2-aux/hpcagent_bench/envs/vecmath.h -Wall -Wextra -std=c23 -D_POSIX_C_SOURCE=199309L -fPIC -c /capstor/scratch/cscs/lhulsbergen/bachelorThesisArtifacts/llr40Matrix/v2/opt_reports/tsvc_2_s152/c/tsvc_2_s152_fp64.c -o /capstor/scratch/cscs/lhulsbergen/bachelorThesisArtifacts/llr40Matrix/v2/opt_reports/tsvc_2_s152/c/build/tsvc_2_s152_fp64.c.o -fopt-info-vec-optimized -fopt-info-vec-missed -fopt-info-loop-optimized
tsvc_2_s152,cpp,cpp,/users/lhulsbergen/bin/g++,opt_reports/tsvc_2_s152/cpp/tsvc_2_s152_fp64.cpp,opt_reports/tsvc_2_s152/cpp/tsvc_2_s152_fp64.cpp.optreport.txt,opt_reports/tsvc_2_s152/cpp/tsvc_2_s152_fp64.cpp.s.txt,ok,2,0,0,tsvc_2_s152_fp64,,/users/lhulsbergen/bin/g++ -O3 -march=native -fopenmp -fno-math-errno -fno-trapping-math -fno-signed-zeros -ffp-contract=fast -fstrict-aliasing -fPIC -include /capstor/scratch/cscs/lhulsbergen/HPCAgent-Bench-v2-aux/hpcagent_bench/envs/vecmath.h -Wall -Wextra -std=c++20 -D_POSIX_C_SOURCE=199309L -fPIC -c /capstor/scratch/cscs/lhulsbergen/bachelorThesisArtifacts/llr40Matrix/v2/opt_reports/tsvc_2_s152/cpp/tsvc_2_s152_fp64.cpp -o /capstor/scratch/cscs/lhulsbergen/bachelorThesisArtifacts/llr40Matrix/v2/opt_reports/tsvc_2_s152/cpp/build/tsvc_2_s152_fp64.cpp.o -fopt-info-vec-optimized -fopt-info-vec-missed -fopt-info-loop-optimized
tsvc_2_s152,fortran,fortran,/users/lhulsbergen/bin/gfortran,opt_reports/tsvc_2_s152/fortran/tsvc_2_s152_fp64.f90,opt_reports/tsvc_2_s152/fortran/tsvc_2_s152_fp64.f90.optreport.txt,opt_reports/tsvc_2_s152/fortran/tsvc_2_s152_fp64.f90.s.txt,ok,2,0,0,tsvc_2_s152_fp64,,/users/lhulsbergen/bin/gfortran -O3 -march=native -fopenmp -fno-math-errno -fno-trapping-math -fno-signed-zeros -ffp-contract=fast -fstrict-aliasing -fPIC -ftree-parallelize-loops=1 -Wall -Wextra -ffree-form -ffree-line-length-none -std=f2018 -fPIC -c /capstor/scratch/cscs/lhulsbergen/bachelorThesisArtifacts/llr40Matrix/v2/opt_reports/tsvc_2_s152/fortran/tsvc_2_s152_fp64.f90 -o /capstor/scratch/cscs/lhulsbergen/bachelorThesisArtifacts/llr40Matrix/v2/opt_reports/tsvc_2_s152/fortran/build/tsvc_2_s152_fp64.f90.o -fopt-info-vec-optimized -fopt-info-vec-missed -fopt-info-loop-optimized
tsvc_2_s152,numba,python,numba,opt_reports/tsvc_2_s152/numba/tsvc_2_s152_numba_np.py,,opt_reports/tsvc_2_s152/numba/tsvc_2_s152_numba_np.py.s.txt,ok,,,,s152,,"@nb.njit(parallel=True, cache=True); inspect_asm()"
tsvc_2_s152,c_reference,c,/usr/bin/gcc-14,opt_reports/tsvc_2_s152/c_reference/tsvc_2_s152_fp64.c,opt_reports/tsvc_2_s152/c_reference/tsvc_2_s152_fp64.c.optreport.txt,opt_reports/tsvc_2_s152/c_reference/tsvc_2_s152_fp64.c.s.txt,ok,1,0,0,tsvc_2_s152_fp64,,/usr/bin/gcc-14 -O3 -march=native -fopenmp -fno-math-errno -fno-trapping-math -fno-signed-zeros -ffp-contract=fast -fstrict-aliasing -fPIC -include /capstor/scratch/cscs/lhulsbergen/HPCAgent-Bench-v2-aux/hpcagent_bench/envs/vecmath.h -Wall -Wextra -std=c23 -D_POSIX_C_SOURCE=199309L -fPIC -c /capstor/scratch/cscs/lhulsbergen/bachelorThesisArtifacts/llr40Matrix/v2/opt_reports/tsvc_2_s152/c_reference/tsvc_2_s152_fp64.c -o /capstor/scratch/cscs/lhulsbergen/bachelorThesisArtifacts/llr40Matrix/v2/opt_reports/tsvc_2_s152/c_reference/build/tsvc_2_s152_fp64.c.o -fopt-info-vec-optimized -fopt-info-vec-missed -fopt-info-loop-optimized
tsvc_2_s152,agent,c,/usr/bin/gcc-14,opt_reports/tsvc_2_s152/agent/tsvc_2_s152_fp64.c,opt_reports/tsvc_2_s152/agent/tsvc_2_s152_fp64.c.optreport.txt,opt_reports/tsvc_2_s152/agent/tsvc_2_s152_fp64.c.s.txt,ok,2,5,0,tsvc_2_s152_fp64._omp_fn.0 tsvc_2_s152_fp64,,/usr/bin/gcc-14 -O3 -march=native -fopenmp -fno-math-errno -fno-trapping-math -fno-signed-zeros -ffp-contract=fast -fstrict-aliasing -fPIC -include /capstor/scratch/cscs/lhulsbergen/HPCAgent-Bench-v2-aux/hpcagent_bench/envs/vecmath.h -Wall -Wextra -std=c23 -D_POSIX_C_SOURCE=199309L -fPIC -c /capstor/scratch/cscs/lhulsbergen/bachelorThesisArtifacts/llr40Matrix/v2/opt_reports/tsvc_2_s152/agent/tsvc_2_s152_fp64.c -o /capstor/scratch/cscs/lhulsbergen/bachelorThesisArtifacts/llr40Matrix/v2/opt_reports/tsvc_2_s152/agent/build/tsvc_2_s152_fp64.c.o -fopt-info-vec-optimized -fopt-info-vec-missed -fopt-info-loop-optimized
tsvc_2_s2233,c,c,/usr/bin/gcc-14,opt_reports/tsvc_2_s2233/c/tsvc_2_s2233_fp64.c,opt_reports/tsvc_2_s2233/c/tsvc_2_s2233_fp64.c.optreport.txt,opt_reports/tsvc_2_s2233/c/tsvc_2_s2233_fp64.c.s.txt,ok,2,4,0,tsvc_2_s2233_fp64,,/usr/bin/gcc-14 -O3 -march=native -fopenmp -fno-math-errno -fno-trapping-math -fno-signed-zeros -ffp-contract=fast -fstrict-aliasing -fPIC -include /capstor/scratch/cscs/lhulsbergen/HPCAgent-Bench-v2-aux/hpcagent_bench/envs/vecmath.h -Wall -Wextra -std=c23 -D_POSIX_C_SOURCE=199309L -fPIC -c /capstor/scratch/cscs/lhulsbergen/bachelorThesisArtifacts/llr40Matrix/v2/opt_reports/tsvc_2_s2233/c/tsvc_2_s2233_fp64.c -o /capstor/scratch/cscs/lhulsbergen/bachelorThesisArtifacts/llr40Matrix/v2/opt_reports/tsvc_2_s2233/c/build/tsvc_2_s2233_fp64.c.o -fopt-info-vec-optimized -fopt-info-vec-missed -fopt-info-loop-optimized
tsvc_2_s2233,cpp,cpp,/users/lhulsbergen/bin/g++,opt_reports/tsvc_2_s2233/cpp/tsvc_2_s2233_fp64.cpp,opt_reports/tsvc_2_s2233/cpp/tsvc_2_s2233_fp64.cpp.optreport.txt,opt_reports/tsvc_2_s2233/cpp/tsvc_2_s2233_fp64.cpp.s.txt,ok,2,4,0,tsvc_2_s2233_fp64,,/users/lhulsbergen/bin/g++ -O3 -march=native -fopenmp -fno-math-errno -fno-trapping-math -fno-signed-zeros -ffp-contract=fast -fstrict-aliasing -fPIC -include /capstor/scratch/cscs/lhulsbergen/HPCAgent-Bench-v2-aux/hpcagent_bench/envs/vecmath.h -Wall -Wextra -std=c++20 -D_POSIX_C_SOURCE=199309L -fPIC -c /capstor/scratch/cscs/lhulsbergen/bachelorThesisArtifacts/llr40Matrix/v2/opt_reports/tsvc_2_s2233/cpp/tsvc_2_s2233_fp64.cpp -o /capstor/scratch/cscs/lhulsbergen/bachelorThesisArtifacts/llr40Matrix/v2/opt_reports/tsvc_2_s2233/cpp/build/tsvc_2_s2233_fp64.cpp.o -fopt-info-vec-optimized -fopt-info-vec-missed -fopt-info-loop-optimized
tsvc_2_s2233,fortran,fortran,/users/lhulsbergen/bin/gfortran,opt_reports/tsvc_2_s2233/fortran/tsvc_2_s2233_fp64.f90,opt_reports/tsvc_2_s2233/fortran/tsvc_2_s2233_fp64.f90.optreport.txt,opt_reports/tsvc_2_s2233/fortran/tsvc_2_s2233_fp64.f90.s.txt,ok,2,4,0,tsvc_2_s2233_fp64,,/users/lhulsbergen/bin/gfortran -O3 -march=native -fopenmp -fno-math-errno -fno-trapping-math -fno-signed-zeros -ffp-contract=fast -fstrict-aliasing -fPIC -ftree-parallelize-loops=1 -Wall -Wextra -ffree-form -ffree-line-length-none -std=f2018 -fPIC -c /capstor/scratch/cscs/lhulsbergen/bachelorThesisArtifacts/llr40Matrix/v2/opt_reports/tsvc_2_s2233/fortran/tsvc_2_s2233_fp64.f90 -o /capstor/scratch/cscs/lhulsbergen/bachelorThesisArtifacts/llr40Matrix/v2/opt_reports/tsvc_2_s2233/fortran/build/tsvc_2_s2233_fp64.f90.o -fopt-info-vec-optimized -fopt-info-vec-missed -fopt-info-loop-optimized
tsvc_2_s2233,numba,python,numba,opt_reports/tsvc_2_s2233/numba/tsvc_2_s2233_numba_np.py,,opt_reports/tsvc_2_s2233/numba/tsvc_2_s2233_numba_np.py.s.txt,ok,,,,s2233,,"@nb.njit(parallel=True, cache=True); inspect_asm()"
tsvc_2_s2233,c_reference,c,/usr/bin/gcc-14,opt_reports/tsvc_2_s2233/c_reference/tsvc_2_s2233_fp64.c,opt_reports/tsvc_2_s2233/c_reference/tsvc_2_s2233_fp64.c.optreport.txt,opt_reports/tsvc_2_s2233/c_reference/tsvc_2_s2233_fp64.c.s.txt,ok,2,4,0,tsvc_2_s2233_fp64,,/usr/bin/gcc-14 -O3 -march=native -fopenmp -fno-math-errno -fno-trapping-math -fno-signed-zeros -ffp-contract=fast -fstrict-aliasing -fPIC -include /capstor/scratch/cscs/lhulsbergen/HPCAgent-Bench-v2-aux/hpcagent_bench/envs/vecmath.h -Wall -Wextra -std=c23 -D_POSIX_C_SOURCE=199309L -fPIC -c /capstor/scratch/cscs/lhulsbergen/bachelorThesisArtifacts/llr40Matrix/v2/opt_reports/tsvc_2_s2233/c_reference/tsvc_2_s2233_fp64.c -o /capstor/scratch/cscs/lhulsbergen/bachelorThesisArtifacts/llr40Matrix/v2/opt_reports/tsvc_2_s2233/c_reference/build/tsvc_2_s2233_fp64.c.o -fopt-info-vec-optimized -fopt-info-vec-missed -fopt-info-loop-optimized
tsvc_2_s2233,agent,,,,,,unsupported,,,,,no agent submission in either campaign,
tsvc_2_s2275,c,c,/usr/bin/gcc-14,opt_reports/tsvc_2_s2275/c/tsvc_2_s2275_fp64.c,opt_reports/tsvc_2_s2275/c/tsvc_2_s2275_fp64.c.optreport.txt,opt_reports/tsvc_2_s2275/c/tsvc_2_s2275_fp64.c.s.txt,ok,0,4,0,tsvc_2_s2275_fp64,,/usr/bin/gcc-14 -O3 -march=native -fopenmp -fno-math-errno -fno-trapping-math -fno-signed-zeros -ffp-contract=fast -fstrict-aliasing -fPIC -include /capstor/scratch/cscs/lhulsbergen/HPCAgent-Bench-v2-aux/hpcagent_bench/envs/vecmath.h -Wall -Wextra -std=c23 -D_POSIX_C_SOURCE=199309L -fPIC -c /capstor/scratch/cscs/lhulsbergen/bachelorThesisArtifacts/llr40Matrix/v2/opt_reports/tsvc_2_s2275/c/tsvc_2_s2275_fp64.c -o /capstor/scratch/cscs/lhulsbergen/bachelorThesisArtifacts/llr40Matrix/v2/opt_reports/tsvc_2_s2275/c/build/tsvc_2_s2275_fp64.c.o -fopt-info-vec-optimized -fopt-info-vec-missed -fopt-info-loop-optimized
tsvc_2_s2275,cpp,cpp,/users/lhulsbergen/bin/g++,opt_reports/tsvc_2_s2275/cpp/tsvc_2_s2275_fp64.cpp,opt_reports/tsvc_2_s2275/cpp/tsvc_2_s2275_fp64.cpp.optreport.txt,opt_reports/tsvc_2_s2275/cpp/tsvc_2_s2275_fp64.cpp.s.txt,ok,0,4,0,tsvc_2_s2275_fp64,,/users/lhulsbergen/bin/g++ -O3 -march=native -fopenmp -fno-math-errno -fno-trapping-math -fno-signed-zeros -ffp-contract=fast -fstrict-aliasing -fPIC -include /capstor/scratch/cscs/lhulsbergen/HPCAgent-Bench-v2-aux/hpcagent_bench/envs/vecmath.h -Wall -Wextra -std=c++20 -D_POSIX_C_SOURCE=199309L -fPIC -c /capstor/scratch/cscs/lhulsbergen/bachelorThesisArtifacts/llr40Matrix/v2/opt_reports/tsvc_2_s2275/cpp/tsvc_2_s2275_fp64.cpp -o /capstor/scratch/cscs/lhulsbergen/bachelorThesisArtifacts/llr40Matrix/v2/opt_reports/tsvc_2_s2275/cpp/build/tsvc_2_s2275_fp64.cpp.o -fopt-info-vec-optimized -fopt-info-vec-missed -fopt-info-loop-optimized
tsvc_2_s2275,fortran,fortran,/users/lhulsbergen/bin/gfortran,opt_reports/tsvc_2_s2275/fortran/tsvc_2_s2275_fp64.f90,opt_reports/tsvc_2_s2275/fortran/tsvc_2_s2275_fp64.f90.optreport.txt,opt_reports/tsvc_2_s2275/fortran/tsvc_2_s2275_fp64.f90.s.txt,ok,0,4,0,tsvc_2_s2275_fp64,,/users/lhulsbergen/bin/gfortran -O3 -march=native -fopenmp -fno-math-errno -fno-trapping-math -fno-signed-zeros -ffp-contract=fast -fstrict-aliasing -fPIC -ftree-parallelize-loops=1 -Wall -Wextra -ffree-form -ffree-line-length-none -std=f2018 -fPIC -c /capstor/scratch/cscs/lhulsbergen/bachelorThesisArtifacts/llr40Matrix/v2/opt_reports/tsvc_2_s2275/fortran/tsvc_2_s2275_fp64.f90 -o /capstor/scratch/cscs/lhulsbergen/bachelorThesisArtifacts/llr40Matrix/v2/opt_reports/tsvc_2_s2275/fortran/build/tsvc_2_s2275_fp64.f90.o -fopt-info-vec-optimized -fopt-info-vec-missed -fopt-info-loop-optimized
tsvc_2_s2275,numba,python,numba,opt_reports/tsvc_2_s2275/numba/tsvc_2_s2275_numba_np.py,,opt_reports/tsvc_2_s2275/numba/tsvc_2_s2275_numba_np.py.s.txt,ok,,,,s2275,,"@nb.njit(parallel=True, cache=True); inspect_asm()"
tsvc_2_s2275,c_reference,c,/usr/bin/gcc-14,opt_reports/tsvc_2_s2275/c_reference/tsvc_2_s2275_fp64.c,opt_reports/tsvc_2_s2275/c_reference/tsvc_2_s2275_fp64.c.optreport.txt,opt_reports/tsvc_2_s2275/c_reference/tsvc_2_s2275_fp64.c.s.txt,ok,0,4,0,tsvc_2_s2275_fp64,,/usr/bin/gcc-14 -O3 -march=native -fopenmp -fno-math-errno -fno-trapping-math -fno-signed-zeros -ffp-contract=fast -fstrict-aliasing -fPIC -include /capstor/scratch/cscs/lhulsbergen/HPCAgent-Bench-v2-aux/hpcagent_bench/envs/vecmath.h -Wall -Wextra -std=c23 -D_POSIX_C_SOURCE=199309L -fPIC -c /capstor/scratch/cscs/lhulsbergen/bachelorThesisArtifacts/llr40Matrix/v2/opt_reports/tsvc_2_s2275/c_reference/tsvc_2_s2275_fp64.c -o /capstor/scratch/cscs/lhulsbergen/bachelorThesisArtifacts/llr40Matrix/v2/opt_reports/tsvc_2_s2275/c_reference/build/tsvc_2_s2275_fp64.c.o -fopt-info-vec-optimized -fopt-info-vec-missed -fopt-info-loop-optimized
tsvc_2_s2275,agent,c,/usr/bin/gcc-14,opt_reports/tsvc_2_s2275/agent/tsvc_2_s2275_fp64.c,opt_reports/tsvc_2_s2275/agent/tsvc_2_s2275_fp64.c.optreport.txt,opt_reports/tsvc_2_s2275/agent/tsvc_2_s2275_fp64.c.s.txt,ok,3,5,0,tsvc_2_s2275_fp64._omp_fn.0 tsvc_2_s2275_fp64,,/usr/bin/gcc-14 -O3 -march=native -fopenmp -fno-math-errno -fno-trapping-math -fno-signed-zeros -ffp-contract=fast -fstrict-aliasing -fPIC -include /capstor/scratch/cscs/lhulsbergen/HPCAgent-Bench-v2-aux/hpcagent_bench/envs/vecmath.h -Wall -Wextra -std=c23 -D_POSIX_C_SOURCE=199309L -fPIC -c /capstor/scratch/cscs/lhulsbergen/bachelorThesisArtifacts/llr40Matrix/v2/opt_reports/tsvc_2_s2275/agent/tsvc_2_s2275_fp64.c -o /capstor/scratch/cscs/lhulsbergen/bachelorThesisArtifacts/llr40Matrix/v2/opt_reports/tsvc_2_s2275/agent/build/tsvc_2_s2275_fp64.c.o -fopt-info-vec-optimized -fopt-info-vec-missed -fopt-info-loop-optimized
tsvc_2_s231,c,c,/usr/bin/gcc-14,opt_reports/tsvc_2_s231/c/tsvc_2_s231_fp64.c,opt_reports/tsvc_2_s231/c/tsvc_2_s231_fp64.c.optreport.txt,opt_reports/tsvc_2_s231/c/tsvc_2_s231_fp64.c.s.txt,ok,0,4,0,tsvc_2_s231_fp64,,/usr/bin/gcc-14 -O3 -march=native -fopenmp -fno-math-errno -fno-trapping-math -fno-signed-zeros -ffp-contract=fast -fstrict-aliasing -fPIC -include /capstor/scratch/cscs/lhulsbergen/HPCAgent-Bench-v2-aux/hpcagent_bench/envs/vecmath.h -Wall -Wextra -std=c23 -D_POSIX_C_SOURCE=199309L -fPIC -c /capstor/scratch/cscs/lhulsbergen/bachelorThesisArtifacts/llr40Matrix/v2/opt_reports/tsvc_2_s231/c/tsvc_2_s231_fp64.c -o /capstor/scratch/cscs/lhulsbergen/bachelorThesisArtifacts/llr40Matrix/v2/opt_reports/tsvc_2_s231/c/build/tsvc_2_s231_fp64.c.o -fopt-info-vec-optimized -fopt-info-vec-missed -fopt-info-loop-optimized
tsvc_2_s231,cpp,cpp,/users/lhulsbergen/bin/g++,opt_reports/tsvc_2_s231/cpp/tsvc_2_s231_fp64.cpp,opt_reports/tsvc_2_s231/cpp/tsvc_2_s231_fp64.cpp.optreport.txt,opt_reports/tsvc_2_s231/cpp/tsvc_2_s231_fp64.cpp.s.txt,ok,0,4,0,tsvc_2_s231_fp64,,/users/lhulsbergen/bin/g++ -O3 -march=native -fopenmp -fno-math-errno -fno-trapping-math -fno-signed-zeros -ffp-contract=fast -fstrict-aliasing -fPIC -include /capstor/scratch/cscs/lhulsbergen/HPCAgent-Bench-v2-aux/hpcagent_bench/envs/vecmath.h -Wall -Wextra -std=c++20 -D_POSIX_C_SOURCE=199309L -fPIC -c /capstor/scratch/cscs/lhulsbergen/bachelorThesisArtifacts/llr40Matrix/v2/opt_reports/tsvc_2_s231/cpp/tsvc_2_s231_fp64.cpp -o /capstor/scratch/cscs/lhulsbergen/bachelorThesisArtifacts/llr40Matrix/v2/opt_reports/tsvc_2_s231/cpp/build/tsvc_2_s231_fp64.cpp.o -fopt-info-vec-optimized -fopt-info-vec-missed -fopt-info-loop-optimized
tsvc_2_s231,fortran,fortran,/users/lhulsbergen/bin/gfortran,opt_reports/tsvc_2_s231/fortran/tsvc_2_s231_fp64.f90,opt_reports/tsvc_2_s231/fortran/tsvc_2_s231_fp64.f90.optreport.txt,opt_reports/tsvc_2_s231/fortran/tsvc_2_s231_fp64.f90.s.txt,ok,0,4,0,tsvc_2_s231_fp64,,/users/lhulsbergen/bin/gfortran -O3 -march=native -fopenmp -fno-math-errno -fno-trapping-math -fno-signed-zeros -ffp-contract=fast -fstrict-aliasing -fPIC -ftree-parallelize-loops=1 -Wall -Wextra -ffree-form -ffree-line-length-none -std=f2018 -fPIC -c /capstor/scratch/cscs/lhulsbergen/bachelorThesisArtifacts/llr40Matrix/v2/opt_reports/tsvc_2_s231/fortran/tsvc_2_s231_fp64.f90 -o /capstor/scratch/cscs/lhulsbergen/bachelorThesisArtifacts/llr40Matrix/v2/opt_reports/tsvc_2_s231/fortran/build/tsvc_2_s231_fp64.f90.o -fopt-info-vec-optimized -fopt-info-vec-missed -fopt-info-loop-optimized
tsvc_2_s231,numba,python,numba,opt_reports/tsvc_2_s231/numba/tsvc_2_s231_numba_np.py,,opt_reports/tsvc_2_s231/numba/tsvc_2_s231_numba_np.py.s.txt,ok,,,,s231,,"@nb.njit(parallel=True, cache=True); inspect_asm()"
tsvc_2_s231,c_reference,c,/usr/bin/gcc-14,opt_reports/tsvc_2_s231/c_reference/tsvc_2_s231_fp64.c,opt_reports/tsvc_2_s231/c_reference/tsvc_2_s231_fp64.c.optreport.txt,opt_reports/tsvc_2_s231/c_reference/tsvc_2_s231_fp64.c.s.txt,ok,0,4,0,tsvc_2_s231_fp64,,/usr/bin/gcc-14 -O3 -march=native -fopenmp -fno-math-errno -fno-trapping-math -fno-signed-zeros -ffp-contract=fast -fstrict-aliasing -fPIC -include /capstor/scratch/cscs/lhulsbergen/HPCAgent-Bench-v2-aux/hpcagent_bench/envs/vecmath.h -Wall -Wextra -std=c23 -D_POSIX_C_SOURCE=199309L -fPIC -c /capstor/scratch/cscs/lhulsbergen/bachelorThesisArtifacts/llr40Matrix/v2/opt_reports/tsvc_2_s231/c_reference/tsvc_2_s231_fp64.c -o /capstor/scratch/cscs/lhulsbergen/bachelorThesisArtifacts/llr40Matrix/v2/opt_reports/tsvc_2_s231/c_reference/build/tsvc_2_s231_fp64.c.o -fopt-info-vec-optimized -fopt-info-vec-missed -fopt-info-loop-optimized
tsvc_2_s231,agent,c,/usr/bin/gcc-14,opt_reports/tsvc_2_s231/agent/tsvc_2_s231_fp64.c,opt_reports/tsvc_2_s231/agent/tsvc_2_s231_fp64.c.optreport.txt,opt_reports/tsvc_2_s231/agent/tsvc_2_s231_fp64.c.s.txt,ok,2,11,0,tsvc_2_s231_fp64._omp_fn.0 tsvc_2_s231_fp64,,/usr/bin/gcc-14 -O3 -march=native -fopenmp -fno-math-errno -fno-trapping-math -fno-signed-zeros -ffp-contract=fast -fstrict-aliasing -fPIC -include /capstor/scratch/cscs/lhulsbergen/HPCAgent-Bench-v2-aux/hpcagent_bench/envs/vecmath.h -Wall -Wextra -std=c23 -D_POSIX_C_SOURCE=199309L -fPIC -c /capstor/scratch/cscs/lhulsbergen/bachelorThesisArtifacts/llr40Matrix/v2/opt_reports/tsvc_2_s231/agent/tsvc_2_s231_fp64.c -o /capstor/scratch/cscs/lhulsbergen/bachelorThesisArtifacts/llr40Matrix/v2/opt_reports/tsvc_2_s231/agent/build/tsvc_2_s231_fp64.c.o -fopt-info-vec-optimized -fopt-info-vec-missed -fopt-info-loop-optimized
tsvc_2_s233,c,c,/usr/bin/gcc-14,opt_reports/tsvc_2_s233/c/tsvc_2_s233_fp64.c,opt_reports/tsvc_2_s233/c/tsvc_2_s233_fp64.c.optreport.txt,opt_reports/tsvc_2_s233/c/tsvc_2_s233_fp64.c.s.txt,ok,0,6,0,tsvc_2_s233_fp64,,/usr/bin/gcc-14 -O3 -march=native -fopenmp -fno-math-errno -fno-trapping-math -fno-signed-zeros -ffp-contract=fast -fstrict-aliasing -fPIC -include /capstor/scratch/cscs/lhulsbergen/HPCAgent-Bench-v2-aux/hpcagent_bench/envs/vecmath.h -Wall -Wextra -std=c23 -D_POSIX_C_SOURCE=199309L -fPIC -c /capstor/scratch/cscs/lhulsbergen/bachelorThesisArtifacts/llr40Matrix/v2/opt_reports/tsvc_2_s233/c/tsvc_2_s233_fp64.c -o /capstor/scratch/cscs/lhulsbergen/bachelorThesisArtifacts/llr40Matrix/v2/opt_reports/tsvc_2_s233/c/build/tsvc_2_s233_fp64.c.o -fopt-info-vec-optimized -fopt-info-vec-missed -fopt-info-loop-optimized
tsvc_2_s233,cpp,cpp,/users/lhulsbergen/bin/g++,opt_reports/tsvc_2_s233/cpp/tsvc_2_s233_fp64.cpp,opt_reports/tsvc_2_s233/cpp/tsvc_2_s233_fp64.cpp.optreport.txt,opt_reports/tsvc_2_s233/cpp/tsvc_2_s233_fp64.cpp.s.txt,ok,0,6,0,tsvc_2_s233_fp64,,/users/lhulsbergen/bin/g++ -O3 -march=native -fopenmp -fno-math-errno -fno-trapping-math -fno-signed-zeros -ffp-contract=fast -fstrict-aliasing -fPIC -include /capstor/scratch/cscs/lhulsbergen/HPCAgent-Bench-v2-aux/hpcagent_bench/envs/vecmath.h -Wall -Wextra -std=c++20 -D_POSIX_C_SOURCE=199309L -fPIC -c /capstor/scratch/cscs/lhulsbergen/bachelorThesisArtifacts/llr40Matrix/v2/opt_reports/tsvc_2_s233/cpp/tsvc_2_s233_fp64.cpp -o /capstor/scratch/cscs/lhulsbergen/bachelorThesisArtifacts/llr40Matrix/v2/opt_reports/tsvc_2_s233/cpp/build/tsvc_2_s233_fp64.cpp.o -fopt-info-vec-optimized -fopt-info-vec-missed -fopt-info-loop-optimized
tsvc_2_s233,fortran,fortran,/users/lhulsbergen/bin/gfortran,opt_reports/tsvc_2_s233/fortran/tsvc_2_s233_fp64.f90,opt_reports/tsvc_2_s233/fortran/tsvc_2_s233_fp64.f90.optreport.txt,opt_reports/tsvc_2_s233/fortran/tsvc_2_s233_fp64.f90.s.txt,ok,0,6,0,tsvc_2_s233_fp64,,/users/lhulsbergen/bin/gfortran -O3 -march=native -fopenmp -fno-math-errno -fno-trapping-math -fno-signed-zeros -ffp-contract=fast -fstrict-aliasing -fPIC -ftree-parallelize-loops=1 -Wall -Wextra -ffree-form -ffree-line-length-none -std=f2018 -fPIC -c /capstor/scratch/cscs/lhulsbergen/bachelorThesisArtifacts/llr40Matrix/v2/opt_reports/tsvc_2_s233/fortran/tsvc_2_s233_fp64.f90 -o /capstor/scratch/cscs/lhulsbergen/bachelorThesisArtifacts/llr40Matrix/v2/opt_reports/tsvc_2_s233/fortran/build/tsvc_2_s233_fp64.f90.o -fopt-info-vec-optimized -fopt-info-vec-missed -fopt-info-loop-optimized
tsvc_2_s233,numba,python,numba,opt_reports/tsvc_2_s233/numba/tsvc_2_s233_numba_np.py,,opt_reports/tsvc_2_s233/numba/tsvc_2_s233_numba_np.py.s.txt,ok,,,,s233,,"@nb.njit(parallel=True, cache=True); inspect_asm()"
tsvc_2_s233,c_reference,c,/usr/bin/gcc-14,opt_reports/tsvc_2_s233/c_reference/tsvc_2_s233_fp64.c,opt_reports/tsvc_2_s233/c_reference/tsvc_2_s233_fp64.c.optreport.txt,opt_reports/tsvc_2_s233/c_reference/tsvc_2_s233_fp64.c.s.txt,ok,0,6,0,tsvc_2_s233_fp64,,/usr/bin/gcc-14 -O3 -march=native -fopenmp -fno-math-errno -fno-trapping-math -fno-signed-zeros -ffp-contract=fast -fstrict-aliasing -fPIC -include /capstor/scratch/cscs/lhulsbergen/HPCAgent-Bench-v2-aux/hpcagent_bench/envs/vecmath.h -Wall -Wextra -std=c23 -D_POSIX_C_SOURCE=199309L -fPIC -c /capstor/scratch/cscs/lhulsbergen/bachelorThesisArtifacts/llr40Matrix/v2/opt_reports/tsvc_2_s233/c_reference/tsvc_2_s233_fp64.c -o /capstor/scratch/cscs/lhulsbergen/bachelorThesisArtifacts/llr40Matrix/v2/opt_reports/tsvc_2_s233/c_reference/build/tsvc_2_s233_fp64.c.o -fopt-info-vec-optimized -fopt-info-vec-missed -fopt-info-loop-optimized
tsvc_2_s233,agent,c,/usr/bin/gcc-14,opt_reports/tsvc_2_s233/agent/tsvc_2_s233_fp64.c,opt_reports/tsvc_2_s233/agent/tsvc_2_s233_fp64.c.optreport.txt,opt_reports/tsvc_2_s233/agent/tsvc_2_s233_fp64.c.s.txt,ok,2,35,0,tsvc_2_s233_fp64._omp_fn.2 tsvc_2_s233_fp64._omp_fn.1 tsvc_2_s233_fp64._omp_fn.0 tsvc_2_s233_fp64,,/usr/bin/gcc-14 -O3 -march=native -fopenmp -fno-math-errno -fno-trapping-math -fno-signed-zeros -ffp-contract=fast -fstrict-aliasing -fPIC -include /capstor/scratch/cscs/lhulsbergen/HPCAgent-Bench-v2-aux/hpcagent_bench/envs/vecmath.h -Wall -Wextra -std=c23 -D_POSIX_C_SOURCE=199309L -fPIC -c /capstor/scratch/cscs/lhulsbergen/bachelorThesisArtifacts/llr40Matrix/v2/opt_reports/tsvc_2_s233/agent/tsvc_2_s233_fp64.c -o /capstor/scratch/cscs/lhulsbergen/bachelorThesisArtifacts/llr40Matrix/v2/opt_reports/tsvc_2_s233/agent/build/tsvc_2_s233_fp64.c.o -fopt-info-vec-optimized -fopt-info-vec-missed -fopt-info-loop-optimized
tsvc_2_s235,c,c,/usr/bin/gcc-14,opt_reports/tsvc_2_s235/c/tsvc_2_s235_fp64.c,opt_reports/tsvc_2_s235/c/tsvc_2_s235_fp64.c.optreport.txt,opt_reports/tsvc_2_s235/c/tsvc_2_s235_fp64.c.s.txt,ok,0,4,0,tsvc_2_s235_fp64,,/usr/bin/gcc-14 -O3 -march=native -fopenmp -fno-math-errno -fno-trapping-math -fno-signed-zeros -ffp-contract=fast -fstrict-aliasing -fPIC -include /capstor/scratch/cscs/lhulsbergen/HPCAgent-Bench-v2-aux/hpcagent_bench/envs/vecmath.h -Wall -Wextra -std=c23 -D_POSIX_C_SOURCE=199309L -fPIC -c /capstor/scratch/cscs/lhulsbergen/bachelorThesisArtifacts/llr40Matrix/v2/opt_reports/tsvc_2_s235/c/tsvc_2_s235_fp64.c -o /capstor/scratch/cscs/lhulsbergen/bachelorThesisArtifacts/llr40Matrix/v2/opt_reports/tsvc_2_s235/c/build/tsvc_2_s235_fp64.c.o -fopt-info-vec-optimized -fopt-info-vec-missed -fopt-info-loop-optimized
tsvc_2_s235,cpp,cpp,/users/lhulsbergen/bin/g++,opt_reports/tsvc_2_s235/cpp/tsvc_2_s235_fp64.cpp,opt_reports/tsvc_2_s235/cpp/tsvc_2_s235_fp64.cpp.optreport.txt,opt_reports/tsvc_2_s235/cpp/tsvc_2_s235_fp64.cpp.s.txt,ok,0,4,0,tsvc_2_s235_fp64,,/users/lhulsbergen/bin/g++ -O3 -march=native -fopenmp -fno-math-errno -fno-trapping-math -fno-signed-zeros -ffp-contract=fast -fstrict-aliasing -fPIC -include /capstor/scratch/cscs/lhulsbergen/HPCAgent-Bench-v2-aux/hpcagent_bench/envs/vecmath.h -Wall -Wextra -std=c++20 -D_POSIX_C_SOURCE=199309L -fPIC -c /capstor/scratch/cscs/lhulsbergen/bachelorThesisArtifacts/llr40Matrix/v2/opt_reports/tsvc_2_s235/cpp/tsvc_2_s235_fp64.cpp -o /capstor/scratch/cscs/lhulsbergen/bachelorThesisArtifacts/llr40Matrix/v2/opt_reports/tsvc_2_s235/cpp/build/tsvc_2_s235_fp64.cpp.o -fopt-info-vec-optimized -fopt-info-vec-missed -fopt-info-loop-optimized
tsvc_2_s235,fortran,fortran,/users/lhulsbergen/bin/gfortran,opt_reports/tsvc_2_s235/fortran/tsvc_2_s235_fp64.f90,opt_reports/tsvc_2_s235/fortran/tsvc_2_s235_fp64.f90.optreport.txt,opt_reports/tsvc_2_s235/fortran/tsvc_2_s235_fp64.f90.s.txt,ok,0,4,0,tsvc_2_s235_fp64,,/users/lhulsbergen/bin/gfortran -O3 -march=native -fopenmp -fno-math-errno -fno-trapping-math -fno-signed-zeros -ffp-contract=fast -fstrict-aliasing -fPIC -ftree-parallelize-loops=1 -Wall -Wextra -ffree-form -ffree-line-length-none -std=f2018 -fPIC -c /capstor/scratch/cscs/lhulsbergen/bachelorThesisArtifacts/llr40Matrix/v2/opt_reports/tsvc_2_s235/fortran/tsvc_2_s235_fp64.f90 -o /capstor/scratch/cscs/lhulsbergen/bachelorThesisArtifacts/llr40Matrix/v2/opt_reports/tsvc_2_s235/fortran/build/tsvc_2_s235_fp64.f90.o -fopt-info-vec-optimized -fopt-info-vec-missed -fopt-info-loop-optimized
tsvc_2_s235,numba,python,numba,opt_reports/tsvc_2_s235/numba/tsvc_2_s235_numba_np.py,,opt_reports/tsvc_2_s235/numba/tsvc_2_s235_numba_np.py.s.txt,ok,,,,s235,,"@nb.njit(parallel=True, cache=True); inspect_asm()"
tsvc_2_s235,c_reference,c,/usr/bin/gcc-14,opt_reports/tsvc_2_s235/c_reference/tsvc_2_s235_fp64.c,opt_reports/tsvc_2_s235/c_reference/tsvc_2_s235_fp64.c.optreport.txt,opt_reports/tsvc_2_s235/c_reference/tsvc_2_s235_fp64.c.s.txt,ok,0,4,0,tsvc_2_s235_fp64,,/usr/bin/gcc-14 -O3 -march=native -fopenmp -fno-math-errno -fno-trapping-math -fno-signed-zeros -ffp-contract=fast -fstrict-aliasing -fPIC -include /capstor/scratch/cscs/lhulsbergen/HPCAgent-Bench-v2-aux/hpcagent_bench/envs/vecmath.h -Wall -Wextra -std=c23 -D_POSIX_C_SOURCE=199309L -fPIC -c /capstor/scratch/cscs/lhulsbergen/bachelorThesisArtifacts/llr40Matrix/v2/opt_reports/tsvc_2_s235/c_reference/tsvc_2_s235_fp64.c -o /capstor/scratch/cscs/lhulsbergen/bachelorThesisArtifacts/llr40Matrix/v2/opt_reports/tsvc_2_s235/c_reference/build/tsvc_2_s235_fp64.c.o -fopt-info-vec-optimized -fopt-info-vec-missed -fopt-info-loop-optimized
tsvc_2_s235,agent,fortran,/users/lhulsbergen/bin/gfortran,opt_reports/tsvc_2_s235/agent/tsvc_2_s235_fp64.f90,opt_reports/tsvc_2_s235/agent/tsvc_2_s235_fp64.f90.optreport.txt,opt_reports/tsvc_2_s235/agent/tsvc_2_s235_fp64.f90.s.txt,ok,4,12,0,tsvc_2_s235_fp64._omp_fn.0 tsvc_2_s235_fp64,,/users/lhulsbergen/bin/gfortran -O3 -march=native -fopenmp -fno-math-errno -fno-trapping-math -fno-signed-zeros -ffp-contract=fast -fstrict-aliasing -fPIC -ftree-parallelize-loops=1 -Wall -Wextra -ffree-form -ffree-line-length-none -std=f2018 -fPIC -c /capstor/scratch/cscs/lhulsbergen/bachelorThesisArtifacts/llr40Matrix/v2/opt_reports/tsvc_2_s235/agent/tsvc_2_s235_fp64.f90 -o /capstor/scratch/cscs/lhulsbergen/bachelorThesisArtifacts/llr40Matrix/v2/opt_reports/tsvc_2_s235/agent/build/tsvc_2_s235_fp64.f90.o -fopt-info-vec-optimized -fopt-info-vec-missed -fopt-info-loop-optimized
tsvc_2_s252,c,c,/usr/bin/gcc-14,opt_reports/tsvc_2_s252/c/tsvc_2_s252_fp64.c,opt_reports/tsvc_2_s252/c/tsvc_2_s252_fp64.c.optreport.txt,opt_reports/tsvc_2_s252/c/tsvc_2_s252_fp64.c.s.txt,ok,0,2,0,tsvc_2_s252_fp64,,/usr/bin/gcc-14 -O3 -march=native -fopenmp -fno-math-errno -fno-trapping-math -fno-signed-zeros -ffp-contract=fast -fstrict-aliasing -fPIC -include /capstor/scratch/cscs/lhulsbergen/HPCAgent-Bench-v2-aux/hpcagent_bench/envs/vecmath.h -Wall -Wextra -std=c23 -D_POSIX_C_SOURCE=199309L -fPIC -c /capstor/scratch/cscs/lhulsbergen/bachelorThesisArtifacts/llr40Matrix/v2/opt_reports/tsvc_2_s252/c/tsvc_2_s252_fp64.c -o /capstor/scratch/cscs/lhulsbergen/bachelorThesisArtifacts/llr40Matrix/v2/opt_reports/tsvc_2_s252/c/build/tsvc_2_s252_fp64.c.o -fopt-info-vec-optimized -fopt-info-vec-missed -fopt-info-loop-optimized
tsvc_2_s252,cpp,cpp,/users/lhulsbergen/bin/g++,opt_reports/tsvc_2_s252/cpp/tsvc_2_s252_fp64.cpp,opt_reports/tsvc_2_s252/cpp/tsvc_2_s252_fp64.cpp.optreport.txt,opt_reports/tsvc_2_s252/cpp/tsvc_2_s252_fp64.cpp.s.txt,ok,0,2,0,tsvc_2_s252_fp64,,/users/lhulsbergen/bin/g++ -O3 -march=native -fopenmp -fno-math-errno -fno-trapping-math -fno-signed-zeros -ffp-contract=fast -fstrict-aliasing -fPIC -include /capstor/scratch/cscs/lhulsbergen/HPCAgent-Bench-v2-aux/hpcagent_bench/envs/vecmath.h -Wall -Wextra -std=c++20 -D_POSIX_C_SOURCE=199309L -fPIC -c /capstor/scratch/cscs/lhulsbergen/bachelorThesisArtifacts/llr40Matrix/v2/opt_reports/tsvc_2_s252/cpp/tsvc_2_s252_fp64.cpp -o /capstor/scratch/cscs/lhulsbergen/bachelorThesisArtifacts/llr40Matrix/v2/opt_reports/tsvc_2_s252/cpp/build/tsvc_2_s252_fp64.cpp.o -fopt-info-vec-optimized -fopt-info-vec-missed -fopt-info-loop-optimized
tsvc_2_s252,fortran,fortran,/users/lhulsbergen/bin/gfortran,opt_reports/tsvc_2_s252/fortran/tsvc_2_s252_fp64.f90,opt_reports/tsvc_2_s252/fortran/tsvc_2_s252_fp64.f90.optreport.txt,opt_reports/tsvc_2_s252/fortran/tsvc_2_s252_fp64.f90.s.txt,ok,0,2,0,tsvc_2_s252_fp64,,/users/lhulsbergen/bin/gfortran -O3 -march=native -fopenmp -fno-math-errno -fno-trapping-math -fno-signed-zeros -ffp-contract=fast -fstrict-aliasing -fPIC -ftree-parallelize-loops=1 -Wall -Wextra -ffree-form -ffree-line-length-none -std=f2018 -fPIC -c /capstor/scratch/cscs/lhulsbergen/bachelorThesisArtifacts/llr40Matrix/v2/opt_reports/tsvc_2_s252/fortran/tsvc_2_s252_fp64.f90 -o /capstor/scratch/cscs/lhulsbergen/bachelorThesisArtifacts/llr40Matrix/v2/opt_reports/tsvc_2_s252/fortran/build/tsvc_2_s252_fp64.f90.o -fopt-info-vec-optimized -fopt-info-vec-missed -fopt-info-loop-optimized
tsvc_2_s252,numba,python,numba,opt_reports/tsvc_2_s252/numba/tsvc_2_s252_numba_np.py,,opt_reports/tsvc_2_s252/numba/tsvc_2_s252_numba_np.py.s.txt,ok,,,,s252,,"@nb.njit(parallel=True, cache=True); inspect_asm()"
tsvc_2_s252,c_reference,c,/usr/bin/gcc-14,opt_reports/tsvc_2_s252/c_reference/tsvc_2_s252_fp64.c,opt_reports/tsvc_2_s252/c_reference/tsvc_2_s252_fp64.c.optreport.txt,opt_reports/tsvc_2_s252/c_reference/tsvc_2_s252_fp64.c.s.txt,ok,0,2,0,tsvc_2_s252_fp64,,/usr/bin/gcc-14 -O3 -march=native -fopenmp -fno-math-errno -fno-trapping-math -fno-signed-zeros -ffp-contract=fast -fstrict-aliasing -fPIC -include /capstor/scratch/cscs/lhulsbergen/HPCAgent-Bench-v2-aux/hpcagent_bench/envs/vecmath.h -Wall -Wextra -std=c23 -D_POSIX_C_SOURCE=199309L -fPIC -c /capstor/scratch/cscs/lhulsbergen/bachelorThesisArtifacts/llr40Matrix/v2/opt_reports/tsvc_2_s252/c_reference/tsvc_2_s252_fp64.c -o /capstor/scratch/cscs/lhulsbergen/bachelorThesisArtifacts/llr40Matrix/v2/opt_reports/tsvc_2_s252/c_reference/build/tsvc_2_s252_fp64.c.o -fopt-info-vec-optimized -fopt-info-vec-missed -fopt-info-loop-optimized
tsvc_2_s252,agent,c,/usr/bin/gcc-14,opt_reports/tsvc_2_s252/agent/tsvc_2_s252_fp64.c,opt_reports/tsvc_2_s252/agent/tsvc_2_s252_fp64.c.optreport.txt,opt_reports/tsvc_2_s252/agent/tsvc_2_s252_fp64.c.s.txt,ok,2,11,0,tsvc_2_s252_fp64._omp_fn.0 tsvc_2_s252_fp64,,/usr/bin/gcc-14 -O3 -march=native -fopenmp -fno-math-errno -fno-trapping-math -fno-signed-zeros -ffp-contract=fast -fstrict-aliasing -fPIC -include /capstor/scratch/cscs/lhulsbergen/HPCAgent-Bench-v2-aux/hpcagent_bench/envs/vecmath.h -Wall -Wextra -std=c23 -D_POSIX_C_SOURCE=199309L -fPIC -c /capstor/scratch/cscs/lhulsbergen/bachelorThesisArtifacts/llr40Matrix/v2/opt_reports/tsvc_2_s252/agent/tsvc_2_s252_fp64.c -o /capstor/scratch/cscs/lhulsbergen/bachelorThesisArtifacts/llr40Matrix/v2/opt_reports/tsvc_2_s252/agent/build/tsvc_2_s252_fp64.c.o -fopt-info-vec-optimized -fopt-info-vec-missed -fopt-info-loop-optimized
tsvc_2_s255,c,c,/usr/bin/gcc-14,opt_reports/tsvc_2_s255/c/tsvc_2_s255_fp64.c,opt_reports/tsvc_2_s255/c/tsvc_2_s255_fp64.c.optreport.txt,opt_reports/tsvc_2_s255/c/tsvc_2_s255_fp64.c.s.txt,ok,0,2,0,tsvc_2_s255_fp64,,/usr/bin/gcc-14 -O3 -march=native -fopenmp -fno-math-errno -fno-trapping-math -fno-signed-zeros -ffp-contract=fast -fstrict-aliasing -fPIC -include /capstor/scratch/cscs/lhulsbergen/HPCAgent-Bench-v2-aux/hpcagent_bench/envs/vecmath.h -Wall -Wextra -std=c23 -D_POSIX_C_SOURCE=199309L -fPIC -c /capstor/scratch/cscs/lhulsbergen/bachelorThesisArtifacts/llr40Matrix/v2/opt_reports/tsvc_2_s255/c/tsvc_2_s255_fp64.c -o /capstor/scratch/cscs/lhulsbergen/bachelorThesisArtifacts/llr40Matrix/v2/opt_reports/tsvc_2_s255/c/build/tsvc_2_s255_fp64.c.o -fopt-info-vec-optimized -fopt-info-vec-missed -fopt-info-loop-optimized
tsvc_2_s255,cpp,cpp,/users/lhulsbergen/bin/g++,opt_reports/tsvc_2_s255/cpp/tsvc_2_s255_fp64.cpp,opt_reports/tsvc_2_s255/cpp/tsvc_2_s255_fp64.cpp.optreport.txt,opt_reports/tsvc_2_s255/cpp/tsvc_2_s255_fp64.cpp.s.txt,ok,0,2,0,tsvc_2_s255_fp64,,/users/lhulsbergen/bin/g++ -O3 -march=native -fopenmp -fno-math-errno -fno-trapping-math -fno-signed-zeros -ffp-contract=fast -fstrict-aliasing -fPIC -include /capstor/scratch/cscs/lhulsbergen/HPCAgent-Bench-v2-aux/hpcagent_bench/envs/vecmath.h -Wall -Wextra -std=c++20 -D_POSIX_C_SOURCE=199309L -fPIC -c /capstor/scratch/cscs/lhulsbergen/bachelorThesisArtifacts/llr40Matrix/v2/opt_reports/tsvc_2_s255/cpp/tsvc_2_s255_fp64.cpp -o /capstor/scratch/cscs/lhulsbergen/bachelorThesisArtifacts/llr40Matrix/v2/opt_reports/tsvc_2_s255/cpp/build/tsvc_2_s255_fp64.cpp.o -fopt-info-vec-optimized -fopt-info-vec-missed -fopt-info-loop-optimized
tsvc_2_s255,fortran,fortran,/users/lhulsbergen/bin/gfortran,opt_reports/tsvc_2_s255/fortran/tsvc_2_s255_fp64.f90,opt_reports/tsvc_2_s255/fortran/tsvc_2_s255_fp64.f90.optreport.txt,opt_reports/tsvc_2_s255/fortran/tsvc_2_s255_fp64.f90.s.txt,ok,0,2,0,tsvc_2_s255_fp64,,/users/lhulsbergen/bin/gfortran -O3 -march=native -fopenmp -fno-math-errno -fno-trapping-math -fno-signed-zeros -ffp-contract=fast -fstrict-aliasing -fPIC -ftree-parallelize-loops=1 -Wall -Wextra -ffree-form -ffree-line-length-none -std=f2018 -fPIC -c /capstor/scratch/cscs/lhulsbergen/bachelorThesisArtifacts/llr40Matrix/v2/opt_reports/tsvc_2_s255/fortran/tsvc_2_s255_fp64.f90 -o /capstor/scratch/cscs/lhulsbergen/bachelorThesisArtifacts/llr40Matrix/v2/opt_reports/tsvc_2_s255/fortran/build/tsvc_2_s255_fp64.f90.o -fopt-info-vec-optimized -fopt-info-vec-missed -fopt-info-loop-optimized
tsvc_2_s255,numba,python,numba,opt_reports/tsvc_2_s255/numba/tsvc_2_s255_numba_np.py,,opt_reports/tsvc_2_s255/numba/tsvc_2_s255_numba_np.py.s.txt,ok,,,,s255,,"@nb.njit(parallel=True, cache=True); inspect_asm()"
tsvc_2_s255,c_reference,c,/usr/bin/gcc-14,opt_reports/tsvc_2_s255/c_reference/tsvc_2_s255_fp64.c,opt_reports/tsvc_2_s255/c_reference/tsvc_2_s255_fp64.c.optreport.txt,opt_reports/tsvc_2_s255/c_reference/tsvc_2_s255_fp64.c.s.txt,ok,0,2,0,tsvc_2_s255_fp64,,/usr/bin/gcc-14 -O3 -march=native -fopenmp -fno-math-errno -fno-trapping-math -fno-signed-zeros -ffp-contract=fast -fstrict-aliasing -fPIC -include /capstor/scratch/cscs/lhulsbergen/HPCAgent-Bench-v2-aux/hpcagent_bench/envs/vecmath.h -Wall -Wextra -std=c23 -D_POSIX_C_SOURCE=199309L -fPIC -c /capstor/scratch/cscs/lhulsbergen/bachelorThesisArtifacts/llr40Matrix/v2/opt_reports/tsvc_2_s255/c_reference/tsvc_2_s255_fp64.c -o /capstor/scratch/cscs/lhulsbergen/bachelorThesisArtifacts/llr40Matrix/v2/opt_reports/tsvc_2_s255/c_reference/build/tsvc_2_s255_fp64.c.o -fopt-info-vec-optimized -fopt-info-vec-missed -fopt-info-loop-optimized
tsvc_2_s255,agent,fortran,/users/lhulsbergen/bin/gfortran,opt_reports/tsvc_2_s255/agent/tsvc_2_s255_fp64.f90,opt_reports/tsvc_2_s255/agent/tsvc_2_s255_fp64.f90.optreport.txt,opt_reports/tsvc_2_s255/agent/tsvc_2_s255_fp64.f90.s.txt,ok,2,9,0,tsvc_2_s255_fp64._omp_fn.0 tsvc_2_s255_fp64,,/users/lhulsbergen/bin/gfortran -O3 -march=native -fopenmp -fno-math-errno -fno-trapping-math -fno-signed-zeros -ffp-contract=fast -fstrict-aliasing -fPIC -ftree-parallelize-loops=1 -Wall -Wextra -ffree-form -ffree-line-length-none -std=f2018 -fPIC -c /capstor/scratch/cscs/lhulsbergen/bachelorThesisArtifacts/llr40Matrix/v2/opt_reports/tsvc_2_s255/agent/tsvc_2_s255_fp64.f90 -o /capstor/scratch/cscs/lhulsbergen/bachelorThesisArtifacts/llr40Matrix/v2/opt_reports/tsvc_2_s255/agent/build/tsvc_2_s255_fp64.f90.o -fopt-info-vec-optimized -fopt-info-vec-missed -fopt-info-loop-optimized
tsvc_2_s2710,c,c,/usr/bin/gcc-14,opt_reports/tsvc_2_s2710/c/tsvc_2_s2710_fp64.c,opt_reports/tsvc_2_s2710/c/tsvc_2_s2710_fp64.c.optreport.txt,opt_reports/tsvc_2_s2710/c/tsvc_2_s2710_fp64.c.s.txt,ok,0,8,0,tsvc_2_s2710_fp64,,/usr/bin/gcc-14 -O3 -march=native -fopenmp -fno-math-errno -fno-trapping-math -fno-signed-zeros -ffp-contract=fast -fstrict-aliasing -fPIC -include /capstor/scratch/cscs/lhulsbergen/HPCAgent-Bench-v2-aux/hpcagent_bench/envs/vecmath.h -Wall -Wextra -std=c23 -D_POSIX_C_SOURCE=199309L -fPIC -c /capstor/scratch/cscs/lhulsbergen/bachelorThesisArtifacts/llr40Matrix/v2/opt_reports/tsvc_2_s2710/c/tsvc_2_s2710_fp64.c -o /capstor/scratch/cscs/lhulsbergen/bachelorThesisArtifacts/llr40Matrix/v2/opt_reports/tsvc_2_s2710/c/build/tsvc_2_s2710_fp64.c.o -fopt-info-vec-optimized -fopt-info-vec-missed -fopt-info-loop-optimized
tsvc_2_s2710,cpp,cpp,/users/lhulsbergen/bin/g++,opt_reports/tsvc_2_s2710/cpp/tsvc_2_s2710_fp64.cpp,opt_reports/tsvc_2_s2710/cpp/tsvc_2_s2710_fp64.cpp.optreport.txt,opt_reports/tsvc_2_s2710/cpp/tsvc_2_s2710_fp64.cpp.s.txt,ok,0,4,0,tsvc_2_s2710_fp64,,/users/lhulsbergen/bin/g++ -O3 -march=native -fopenmp -fno-math-errno -fno-trapping-math -fno-signed-zeros -ffp-contract=fast -fstrict-aliasing -fPIC -include /capstor/scratch/cscs/lhulsbergen/HPCAgent-Bench-v2-aux/hpcagent_bench/envs/vecmath.h -Wall -Wextra -std=c++20 -D_POSIX_C_SOURCE=199309L -fPIC -c /capstor/scratch/cscs/lhulsbergen/bachelorThesisArtifacts/llr40Matrix/v2/opt_reports/tsvc_2_s2710/cpp/tsvc_2_s2710_fp64.cpp -o /capstor/scratch/cscs/lhulsbergen/bachelorThesisArtifacts/llr40Matrix/v2/opt_reports/tsvc_2_s2710/cpp/build/tsvc_2_s2710_fp64.cpp.o -fopt-info-vec-optimized -fopt-info-vec-missed -fopt-info-loop-optimized
tsvc_2_s2710,fortran,fortran,/users/lhulsbergen/bin/gfortran,opt_reports/tsvc_2_s2710/fortran/tsvc_2_s2710_fp64.f90,opt_reports/tsvc_2_s2710/fortran/tsvc_2_s2710_fp64.f90.optreport.txt,opt_reports/tsvc_2_s2710/fortran/tsvc_2_s2710_fp64.f90.s.txt,ok,0,4,1,tsvc_2_s2710_fp64,,/users/lhulsbergen/bin/gfortran -O3 -march=native -fopenmp -fno-math-errno -fno-trapping-math -fno-signed-zeros -ffp-contract=fast -fstrict-aliasing -fPIC -ftree-parallelize-loops=1 -Wall -Wextra -ffree-form -ffree-line-length-none -std=f2018 -fPIC -c /capstor/scratch/cscs/lhulsbergen/bachelorThesisArtifacts/llr40Matrix/v2/opt_reports/tsvc_2_s2710/fortran/tsvc_2_s2710_fp64.f90 -o /capstor/scratch/cscs/lhulsbergen/bachelorThesisArtifacts/llr40Matrix/v2/opt_reports/tsvc_2_s2710/fortran/build/tsvc_2_s2710_fp64.f90.o -fopt-info-vec-optimized -fopt-info-vec-missed -fopt-info-loop-optimized
tsvc_2_s2710,numba,python,numba,opt_reports/tsvc_2_s2710/numba/tsvc_2_s2710_numba_np.py,,opt_reports/tsvc_2_s2710/numba/tsvc_2_s2710_numba_np.py.s.txt,ok,,,,s2710,,"@nb.njit(parallel=True, cache=True); inspect_asm()"
tsvc_2_s2710,c_reference,c,/usr/bin/gcc-14,opt_reports/tsvc_2_s2710/c_reference/tsvc_2_s2710_fp64.c,opt_reports/tsvc_2_s2710/c_reference/tsvc_2_s2710_fp64.c.optreport.txt,opt_reports/tsvc_2_s2710/c_reference/tsvc_2_s2710_fp64.c.s.txt,ok,0,8,0,tsvc_2_s2710_fp64,,/usr/bin/gcc-14 -O3 -march=native -fopenmp -fno-math-errno -fno-trapping-math -fno-signed-zeros -ffp-contract=fast -fstrict-aliasing -fPIC -include /capstor/scratch/cscs/lhulsbergen/HPCAgent-Bench-v2-aux/hpcagent_bench/envs/vecmath.h -Wall -Wextra -std=c23 -D_POSIX_C_SOURCE=199309L -fPIC -c /capstor/scratch/cscs/lhulsbergen/bachelorThesisArtifacts/llr40Matrix/v2/opt_reports/tsvc_2_s2710/c_reference/tsvc_2_s2710_fp64.c -o /capstor/scratch/cscs/lhulsbergen/bachelorThesisArtifacts/llr40Matrix/v2/opt_reports/tsvc_2_s2710/c_reference/build/tsvc_2_s2710_fp64.c.o -fopt-info-vec-optimized -fopt-info-vec-missed -fopt-info-loop-optimized
tsvc_2_s2710,agent,fortran,/users/lhulsbergen/bin/gfortran,opt_reports/tsvc_2_s2710/agent/tsvc_2_s2710_fp64.f90,opt_reports/tsvc_2_s2710/agent/tsvc_2_s2710_fp64.f90.optreport.txt,opt_reports/tsvc_2_s2710/agent/tsvc_2_s2710_fp64.f90.s.txt,ok,2,17,0,tsvc_2_s2710_fp64._omp_fn.0 tsvc_2_s2710_fp64,,/users/lhulsbergen/bin/gfortran -O3 -march=native -fopenmp -fno-math-errno -fno-trapping-math -fno-signed-zeros -ffp-contract=fast -fstrict-aliasing -fPIC -ftree-parallelize-loops=1 -Wall -Wextra -ffree-form -ffree-line-length-none -std=f2018 -fPIC -c /capstor/scratch/cscs/lhulsbergen/bachelorThesisArtifacts/llr40Matrix/v2/opt_reports/tsvc_2_s2710/agent/tsvc_2_s2710_fp64.f90 -o /capstor/scratch/cscs/lhulsbergen/bachelorThesisArtifacts/llr40Matrix/v2/opt_reports/tsvc_2_s2710/agent/build/tsvc_2_s2710_fp64.f90.o -fopt-info-vec-optimized -fopt-info-vec-missed -fopt-info-loop-optimized
tsvc_2_s275,c,c,/usr/bin/gcc-14,opt_reports/tsvc_2_s275/c/tsvc_2_s275_fp64.c,opt_reports/tsvc_2_s275/c/tsvc_2_s275_fp64.c.optreport.txt,opt_reports/tsvc_2_s275/c/tsvc_2_s275_fp64.c.s.txt,ok,0,4,0,tsvc_2_s275_fp64,,/usr/bin/gcc-14 -O3 -march=native -fopenmp -fno-math-errno -fno-trapping-math -fno-signed-zeros -ffp-contract=fast -fstrict-aliasing -fPIC -include /capstor/scratch/cscs/lhulsbergen/HPCAgent-Bench-v2-aux/hpcagent_bench/envs/vecmath.h -Wall -Wextra -std=c23 -D_POSIX_C_SOURCE=199309L -fPIC -c /capstor/scratch/cscs/lhulsbergen/bachelorThesisArtifacts/llr40Matrix/v2/opt_reports/tsvc_2_s275/c/tsvc_2_s275_fp64.c -o /capstor/scratch/cscs/lhulsbergen/bachelorThesisArtifacts/llr40Matrix/v2/opt_reports/tsvc_2_s275/c/build/tsvc_2_s275_fp64.c.o -fopt-info-vec-optimized -fopt-info-vec-missed -fopt-info-loop-optimized
tsvc_2_s275,cpp,cpp,/users/lhulsbergen/bin/g++,opt_reports/tsvc_2_s275/cpp/tsvc_2_s275_fp64.cpp,opt_reports/tsvc_2_s275/cpp/tsvc_2_s275_fp64.cpp.optreport.txt,opt_reports/tsvc_2_s275/cpp/tsvc_2_s275_fp64.cpp.s.txt,ok,0,4,0,tsvc_2_s275_fp64,,/users/lhulsbergen/bin/g++ -O3 -march=native -fopenmp -fno-math-errno -fno-trapping-math -fno-signed-zeros -ffp-contract=fast -fstrict-aliasing -fPIC -include /capstor/scratch/cscs/lhulsbergen/HPCAgent-Bench-v2-aux/hpcagent_bench/envs/vecmath.h -Wall -Wextra -std=c++20 -D_POSIX_C_SOURCE=199309L -fPIC -c /capstor/scratch/cscs/lhulsbergen/bachelorThesisArtifacts/llr40Matrix/v2/opt_reports/tsvc_2_s275/cpp/tsvc_2_s275_fp64.cpp -o /capstor/scratch/cscs/lhulsbergen/bachelorThesisArtifacts/llr40Matrix/v2/opt_reports/tsvc_2_s275/cpp/build/tsvc_2_s275_fp64.cpp.o -fopt-info-vec-optimized -fopt-info-vec-missed -fopt-info-loop-optimized
tsvc_2_s275,fortran,fortran,/users/lhulsbergen/bin/gfortran,opt_reports/tsvc_2_s275/fortran/tsvc_2_s275_fp64.f90,opt_reports/tsvc_2_s275/fortran/tsvc_2_s275_fp64.f90.optreport.txt,opt_reports/tsvc_2_s275/fortran/tsvc_2_s275_fp64.f90.s.txt,ok,0,4,0,tsvc_2_s275_fp64,,/users/lhulsbergen/bin/gfortran -O3 -march=native -fopenmp -fno-math-errno -fno-trapping-math -fno-signed-zeros -ffp-contract=fast -fstrict-aliasing -fPIC -ftree-parallelize-loops=1 -Wall -Wextra -ffree-form -ffree-line-length-none -std=f2018 -fPIC -c /capstor/scratch/cscs/lhulsbergen/bachelorThesisArtifacts/llr40Matrix/v2/opt_reports/tsvc_2_s275/fortran/tsvc_2_s275_fp64.f90 -o /capstor/scratch/cscs/lhulsbergen/bachelorThesisArtifacts/llr40Matrix/v2/opt_reports/tsvc_2_s275/fortran/build/tsvc_2_s275_fp64.f90.o -fopt-info-vec-optimized -fopt-info-vec-missed -fopt-info-loop-optimized
tsvc_2_s275,numba,python,numba,opt_reports/tsvc_2_s275/numba/tsvc_2_s275_numba_np.py,,opt_reports/tsvc_2_s275/numba/tsvc_2_s275_numba_np.py.s.txt,ok,,,,s275,,"@nb.njit(parallel=True, cache=True); inspect_asm()"
tsvc_2_s275,c_reference,c,/usr/bin/gcc-14,opt_reports/tsvc_2_s275/c_reference/tsvc_2_s275_fp64.c,opt_reports/tsvc_2_s275/c_reference/tsvc_2_s275_fp64.c.optreport.txt,opt_reports/tsvc_2_s275/c_reference/tsvc_2_s275_fp64.c.s.txt,ok,0,4,0,tsvc_2_s275_fp64,,/usr/bin/gcc-14 -O3 -march=native -fopenmp -fno-math-errno -fno-trapping-math -fno-signed-zeros -ffp-contract=fast -fstrict-aliasing -fPIC -include /capstor/scratch/cscs/lhulsbergen/HPCAgent-Bench-v2-aux/hpcagent_bench/envs/vecmath.h -Wall -Wextra -std=c23 -D_POSIX_C_SOURCE=199309L -fPIC -c /capstor/scratch/cscs/lhulsbergen/bachelorThesisArtifacts/llr40Matrix/v2/opt_reports/tsvc_2_s275/c_reference/tsvc_2_s275_fp64.c -o /capstor/scratch/cscs/lhulsbergen/bachelorThesisArtifacts/llr40Matrix/v2/opt_reports/tsvc_2_s275/c_reference/build/tsvc_2_s275_fp64.c.o -fopt-info-vec-optimized -fopt-info-vec-missed -fopt-info-loop-optimized
tsvc_2_s275,agent,fortran,/users/lhulsbergen/bin/gfortran,opt_reports/tsvc_2_s275/agent/tsvc_2_s275_fp64.f90,opt_reports/tsvc_2_s275/agent/tsvc_2_s275_fp64.f90.optreport.txt,opt_reports/tsvc_2_s275/agent/tsvc_2_s275_fp64.f90.s.txt,ok,5,52,2,tsvc_2_s275_fp64._omp_fn.1 tsvc_2_s275_fp64._omp_fn.0 tsvc_2_s275_fp64,,/users/lhulsbergen/bin/gfortran -O3 -march=native -fopenmp -fno-math-errno -fno-trapping-math -fno-signed-zeros -ffp-contract=fast -fstrict-aliasing -fPIC -ftree-parallelize-loops=1 -Wall -Wextra -ffree-form -ffree-line-length-none -std=f2018 -fPIC -c /capstor/scratch/cscs/lhulsbergen/bachelorThesisArtifacts/llr40Matrix/v2/opt_reports/tsvc_2_s275/agent/tsvc_2_s275_fp64.f90 -o /capstor/scratch/cscs/lhulsbergen/bachelorThesisArtifacts/llr40Matrix/v2/opt_reports/tsvc_2_s275/agent/build/tsvc_2_s275_fp64.f90.o -fopt-info-vec-optimized -fopt-info-vec-missed -fopt-info-loop-optimized
tsvc_2_s311,c,c,/usr/bin/gcc-14,opt_reports/tsvc_2_s311/c/tsvc_2_s311_fp64.c,opt_reports/tsvc_2_s311/c/tsvc_2_s311_fp64.c.optreport.txt,opt_reports/tsvc_2_s311/c/tsvc_2_s311_fp64.c.s.txt,ok,1,0,0,tsvc_2_s311_fp64,,/usr/bin/gcc-14 -O3 -march=native -fopenmp -fno-math-errno -fno-trapping-math -fno-signed-zeros -ffp-contract=fast -fstrict-aliasing -fPIC -include /capstor/scratch/cscs/lhulsbergen/HPCAgent-Bench-v2-aux/hpcagent_bench/envs/vecmath.h -Wall -Wextra -std=c23 -D_POSIX_C_SOURCE=199309L -fPIC -c /capstor/scratch/cscs/lhulsbergen/bachelorThesisArtifacts/llr40Matrix/v2/opt_reports/tsvc_2_s311/c/tsvc_2_s311_fp64.c -o /capstor/scratch/cscs/lhulsbergen/bachelorThesisArtifacts/llr40Matrix/v2/opt_reports/tsvc_2_s311/c/build/tsvc_2_s311_fp64.c.o -fopt-info-vec-optimized -fopt-info-vec-missed -fopt-info-loop-optimized
tsvc_2_s311,cpp,cpp,/users/lhulsbergen/bin/g++,opt_reports/tsvc_2_s311/cpp/tsvc_2_s311_fp64.cpp,opt_reports/tsvc_2_s311/cpp/tsvc_2_s311_fp64.cpp.optreport.txt,opt_reports/tsvc_2_s311/cpp/tsvc_2_s311_fp64.cpp.s.txt,ok,1,0,0,tsvc_2_s311_fp64,,/users/lhulsbergen/bin/g++ -O3 -march=native -fopenmp -fno-math-errno -fno-trapping-math -fno-signed-zeros -ffp-contract=fast -fstrict-aliasing -fPIC -include /capstor/scratch/cscs/lhulsbergen/HPCAgent-Bench-v2-aux/hpcagent_bench/envs/vecmath.h -Wall -Wextra -std=c++20 -D_POSIX_C_SOURCE=199309L -fPIC -c /capstor/scratch/cscs/lhulsbergen/bachelorThesisArtifacts/llr40Matrix/v2/opt_reports/tsvc_2_s311/cpp/tsvc_2_s311_fp64.cpp -o /capstor/scratch/cscs/lhulsbergen/bachelorThesisArtifacts/llr40Matrix/v2/opt_reports/tsvc_2_s311/cpp/build/tsvc_2_s311_fp64.cpp.o -fopt-info-vec-optimized -fopt-info-vec-missed -fopt-info-loop-optimized
tsvc_2_s311,fortran,fortran,/users/lhulsbergen/bin/gfortran,opt_reports/tsvc_2_s311/fortran/tsvc_2_s311_fp64.f90,opt_reports/tsvc_2_s311/fortran/tsvc_2_s311_fp64.f90.optreport.txt,opt_reports/tsvc_2_s311/fortran/tsvc_2_s311_fp64.f90.s.txt,ok,0,2,0,tsvc_2_s311_fp64,,/users/lhulsbergen/bin/gfortran -O3 -march=native -fopenmp -fno-math-errno -fno-trapping-math -fno-signed-zeros -ffp-contract=fast -fstrict-aliasing -fPIC -ftree-parallelize-loops=1 -Wall -Wextra -ffree-form -ffree-line-length-none -std=f2018 -fPIC -c /capstor/scratch/cscs/lhulsbergen/bachelorThesisArtifacts/llr40Matrix/v2/opt_reports/tsvc_2_s311/fortran/tsvc_2_s311_fp64.f90 -o /capstor/scratch/cscs/lhulsbergen/bachelorThesisArtifacts/llr40Matrix/v2/opt_reports/tsvc_2_s311/fortran/build/tsvc_2_s311_fp64.f90.o -fopt-info-vec-optimized -fopt-info-vec-missed -fopt-info-loop-optimized
tsvc_2_s311,numba,python,numba,opt_reports/tsvc_2_s311/numba/tsvc_2_s311_numba_np.py,,opt_reports/tsvc_2_s311/numba/tsvc_2_s311_numba_np.py.s.txt,ok,,,,s311,,"@nb.njit(parallel=True, cache=True); inspect_asm()"
tsvc_2_s311,c_reference,c,/usr/bin/gcc-14,opt_reports/tsvc_2_s311/c_reference/tsvc_2_s311_fp64.c,opt_reports/tsvc_2_s311/c_reference/tsvc_2_s311_fp64.c.optreport.txt,opt_reports/tsvc_2_s311/c_reference/tsvc_2_s311_fp64.c.s.txt,ok,1,0,0,tsvc_2_s311_fp64,,/usr/bin/gcc-14 -O3 -march=native -fopenmp -fno-math-errno -fno-trapping-math -fno-signed-zeros -ffp-contract=fast -fstrict-aliasing -fPIC -include /capstor/scratch/cscs/lhulsbergen/HPCAgent-Bench-v2-aux/hpcagent_bench/envs/vecmath.h -Wall -Wextra -std=c23 -D_POSIX_C_SOURCE=199309L -fPIC -c /capstor/scratch/cscs/lhulsbergen/bachelorThesisArtifacts/llr40Matrix/v2/opt_reports/tsvc_2_s311/c_reference/tsvc_2_s311_fp64.c -o /capstor/scratch/cscs/lhulsbergen/bachelorThesisArtifacts/llr40Matrix/v2/opt_reports/tsvc_2_s311/c_reference/build/tsvc_2_s311_fp64.c.o -fopt-info-vec-optimized -fopt-info-vec-missed -fopt-info-loop-optimized
tsvc_2_s311,agent,fortran,/users/lhulsbergen/bin/gfortran,opt_reports/tsvc_2_s311/agent/tsvc_2_s311_fp64.f90,opt_reports/tsvc_2_s311/agent/tsvc_2_s311_fp64.f90.optreport.txt,opt_reports/tsvc_2_s311/agent/tsvc_2_s311_fp64.f90.s.txt,ok,2,5,2,tsvc_2_s311_fp64._omp_fn.0 tsvc_2_s311_fp64,,/users/lhulsbergen/bin/gfortran -O3 -march=native -fopenmp -fno-math-errno -fno-trapping-math -fno-signed-zeros -ffp-contract=fast -fstrict-aliasing -fPIC -ftree-parallelize-loops=1 -Wall -Wextra -ffree-form -ffree-line-length-none -std=f2018 -fPIC -c /capstor/scratch/cscs/lhulsbergen/bachelorThesisArtifacts/llr40Matrix/v2/opt_reports/tsvc_2_s311/agent/tsvc_2_s311_fp64.f90 -o /capstor/scratch/cscs/lhulsbergen/bachelorThesisArtifacts/llr40Matrix/v2/opt_reports/tsvc_2_s311/agent/build/tsvc_2_s311_fp64.f90.o -fopt-info-vec-optimized -fopt-info-vec-missed -fopt-info-loop-optimized
tsvc_2_s3110,c,c,/usr/bin/gcc-14,opt_reports/tsvc_2_s3110/c/tsvc_2_s3110_fp64.c,opt_reports/tsvc_2_s3110/c/tsvc_2_s3110_fp64.c.optreport.txt,opt_reports/tsvc_2_s3110/c/tsvc_2_s3110_fp64.c.s.txt,ok,0,6,0,tsvc_2_s3110_fp64,,/usr/bin/gcc-14 -O3 -march=native -fopenmp -fno-math-errno -fno-trapping-math -fno-signed-zeros -ffp-contract=fast -fstrict-aliasing -fPIC -include /capstor/scratch/cscs/lhulsbergen/HPCAgent-Bench-v2-aux/hpcagent_bench/envs/vecmath.h -Wall -Wextra -std=c23 -D_POSIX_C_SOURCE=199309L -fPIC -c /capstor/scratch/cscs/lhulsbergen/bachelorThesisArtifacts/llr40Matrix/v2/opt_reports/tsvc_2_s3110/c/tsvc_2_s3110_fp64.c -o /capstor/scratch/cscs/lhulsbergen/bachelorThesisArtifacts/llr40Matrix/v2/opt_reports/tsvc_2_s3110/c/build/tsvc_2_s3110_fp64.c.o -fopt-info-vec-optimized -fopt-info-vec-missed -fopt-info-loop-optimized
tsvc_2_s3110,cpp,cpp,/users/lhulsbergen/bin/g++,opt_reports/tsvc_2_s3110/cpp/tsvc_2_s3110_fp64.cpp,opt_reports/tsvc_2_s3110/cpp/tsvc_2_s3110_fp64.cpp.optreport.txt,opt_reports/tsvc_2_s3110/cpp/tsvc_2_s3110_fp64.cpp.s.txt,ok,0,4,0,tsvc_2_s3110_fp64,,/users/lhulsbergen/bin/g++ -O3 -march=native -fopenmp -fno-math-errno -fno-trapping-math -fno-signed-zeros -ffp-contract=fast -fstrict-aliasing -fPIC -include /capstor/scratch/cscs/lhulsbergen/HPCAgent-Bench-v2-aux/hpcagent_bench/envs/vecmath.h -Wall -Wextra -std=c++20 -D_POSIX_C_SOURCE=199309L -fPIC -c /capstor/scratch/cscs/lhulsbergen/bachelorThesisArtifacts/llr40Matrix/v2/opt_reports/tsvc_2_s3110/cpp/tsvc_2_s3110_fp64.cpp -o /capstor/scratch/cscs/lhulsbergen/bachelorThesisArtifacts/llr40Matrix/v2/opt_reports/tsvc_2_s3110/cpp/build/tsvc_2_s3110_fp64.cpp.o -fopt-info-vec-optimized -fopt-info-vec-missed -fopt-info-loop-optimized
tsvc_2_s3110,fortran,fortran,/users/lhulsbergen/bin/gfortran,opt_reports/tsvc_2_s3110/fortran/tsvc_2_s3110_fp64.f90,opt_reports/tsvc_2_s3110/fortran/tsvc_2_s3110_fp64.f90.optreport.txt,opt_reports/tsvc_2_s3110/fortran/tsvc_2_s3110_fp64.f90.s.txt,ok,0,4,0,tsvc_2_s3110_fp64,,/users/lhulsbergen/bin/gfortran -O3 -march=native -fopenmp -fno-math-errno -fno-trapping-math -fno-signed-zeros -ffp-contract=fast -fstrict-aliasing -fPIC -ftree-parallelize-loops=1 -Wall -Wextra -ffree-form -ffree-line-length-none -std=f2018 -fPIC -c /capstor/scratch/cscs/lhulsbergen/bachelorThesisArtifacts/llr40Matrix/v2/opt_reports/tsvc_2_s3110/fortran/tsvc_2_s3110_fp64.f90 -o /capstor/scratch/cscs/lhulsbergen/bachelorThesisArtifacts/llr40Matrix/v2/opt_reports/tsvc_2_s3110/fortran/build/tsvc_2_s3110_fp64.f90.o -fopt-info-vec-optimized -fopt-info-vec-missed -fopt-info-loop-optimized
tsvc_2_s3110,numba,python,numba,opt_reports/tsvc_2_s3110/numba/tsvc_2_s3110_numba_np.py,,opt_reports/tsvc_2_s3110/numba/tsvc_2_s3110_numba_np.py.s.txt,ok,,,,s3110,,"@nb.njit(parallel=True, cache=True); inspect_asm()"
tsvc_2_s3110,c_reference,c,/usr/bin/gcc-14,opt_reports/tsvc_2_s3110/c_reference/tsvc_2_s3110_fp64.c,opt_reports/tsvc_2_s3110/c_reference/tsvc_2_s3110_fp64.c.optreport.txt,opt_reports/tsvc_2_s3110/c_reference/tsvc_2_s3110_fp64.c.s.txt,ok,0,6,0,tsvc_2_s3110_fp64,,/usr/bin/gcc-14 -O3 -march=native -fopenmp -fno-math-errno -fno-trapping-math -fno-signed-zeros -ffp-contract=fast -fstrict-aliasing -fPIC -include /capstor/scratch/cscs/lhulsbergen/HPCAgent-Bench-v2-aux/hpcagent_bench/envs/vecmath.h -Wall -Wextra -std=c23 -D_POSIX_C_SOURCE=199309L -fPIC -c /capstor/scratch/cscs/lhulsbergen/bachelorThesisArtifacts/llr40Matrix/v2/opt_reports/tsvc_2_s3110/c_reference/tsvc_2_s3110_fp64.c -o /capstor/scratch/cscs/lhulsbergen/bachelorThesisArtifacts/llr40Matrix/v2/opt_reports/tsvc_2_s3110/c_reference/build/tsvc_2_s3110_fp64.c.o -fopt-info-vec-optimized -fopt-info-vec-missed -fopt-info-loop-optimized
tsvc_2_s3110,agent,c,/usr/bin/gcc-14,opt_reports/tsvc_2_s3110/agent/tsvc_2_s3110_fp64.c,opt_reports/tsvc_2_s3110/agent/tsvc_2_s3110_fp64.c.optreport.txt,opt_reports/tsvc_2_s3110/agent/tsvc_2_s3110_fp64.c.s.txt,ok,0,7,0,tsvc_2_s3110_fp64._omp_fn.0 tsvc_2_s3110_fp64,,/usr/bin/gcc-14 -O3 -march=native -fopenmp -fno-math-errno -fno-trapping-math -fno-signed-zeros -ffp-contract=fast -fstrict-aliasing -fPIC -include /capstor/scratch/cscs/lhulsbergen/HPCAgent-Bench-v2-aux/hpcagent_bench/envs/vecmath.h -Wall -Wextra -std=c23 -D_POSIX_C_SOURCE=199309L -fPIC -c /capstor/scratch/cscs/lhulsbergen/bachelorThesisArtifacts/llr40Matrix/v2/opt_reports/tsvc_2_s3110/agent/tsvc_2_s3110_fp64.c -o /capstor/scratch/cscs/lhulsbergen/bachelorThesisArtifacts/llr40Matrix/v2/opt_reports/tsvc_2_s3110/agent/build/tsvc_2_s3110_fp64.c.o -fopt-info-vec-optimized -fopt-info-vec-missed -fopt-info-loop-optimized
tsvc_2_s3111,c,c,/usr/bin/gcc-14,opt_reports/tsvc_2_s3111/c/tsvc_2_s3111_fp64.c,opt_reports/tsvc_2_s3111/c/tsvc_2_s3111_fp64.c.optreport.txt,opt_reports/tsvc_2_s3111/c/tsvc_2_s3111_fp64.c.s.txt,ok,1,0,0,tsvc_2_s3111_fp64,,/usr/bin/gcc-14 -O3 -march=native -fopenmp -fno-math-errno -fno-trapping-math -fno-signed-zeros -ffp-contract=fast -fstrict-aliasing -fPIC -include /capstor/scratch/cscs/lhulsbergen/HPCAgent-Bench-v2-aux/hpcagent_bench/envs/vecmath.h -Wall -Wextra -std=c23 -D_POSIX_C_SOURCE=199309L -fPIC -c /capstor/scratch/cscs/lhulsbergen/bachelorThesisArtifacts/llr40Matrix/v2/opt_reports/tsvc_2_s3111/c/tsvc_2_s3111_fp64.c -o /capstor/scratch/cscs/lhulsbergen/bachelorThesisArtifacts/llr40Matrix/v2/opt_reports/tsvc_2_s3111/c/build/tsvc_2_s3111_fp64.c.o -fopt-info-vec-optimized -fopt-info-vec-missed -fopt-info-loop-optimized
tsvc_2_s3111,cpp,cpp,/users/lhulsbergen/bin/g++,opt_reports/tsvc_2_s3111/cpp/tsvc_2_s3111_fp64.cpp,opt_reports/tsvc_2_s3111/cpp/tsvc_2_s3111_fp64.cpp.optreport.txt,opt_reports/tsvc_2_s3111/cpp/tsvc_2_s3111_fp64.cpp.s.txt,ok,1,0,0,tsvc_2_s3111_fp64,,/users/lhulsbergen/bin/g++ -O3 -march=native -fopenmp -fno-math-errno -fno-trapping-math -fno-signed-zeros -ffp-contract=fast -fstrict-aliasing -fPIC -include /capstor/scratch/cscs/lhulsbergen/HPCAgent-Bench-v2-aux/hpcagent_bench/envs/vecmath.h -Wall -Wextra -std=c++20 -D_POSIX_C_SOURCE=199309L -fPIC -c /capstor/scratch/cscs/lhulsbergen/bachelorThesisArtifacts/llr40Matrix/v2/opt_reports/tsvc_2_s3111/cpp/tsvc_2_s3111_fp64.cpp -o /capstor/scratch/cscs/lhulsbergen/bachelorThesisArtifacts/llr40Matrix/v2/opt_reports/tsvc_2_s3111/cpp/build/tsvc_2_s3111_fp64.cpp.o -fopt-info-vec-optimized -fopt-info-vec-missed -fopt-info-loop-optimized
tsvc_2_s3111,fortran,fortran,/users/lhulsbergen/bin/gfortran,opt_reports/tsvc_2_s3111/fortran/tsvc_2_s3111_fp64.f90,opt_reports/tsvc_2_s3111/fortran/tsvc_2_s3111_fp64.f90.optreport.txt,opt_reports/tsvc_2_s3111/fortran/tsvc_2_s3111_fp64.f90.s.txt,ok,0,2,0,tsvc_2_s3111_fp64,,/users/lhulsbergen/bin/gfortran -O3 -march=native -fopenmp -fno-math-errno -fno-trapping-math -fno-signed-zeros -ffp-contract=fast -fstrict-aliasing -fPIC -ftree-parallelize-loops=1 -Wall -Wextra -ffree-form -ffree-line-length-none -std=f2018 -fPIC -c /capstor/scratch/cscs/lhulsbergen/bachelorThesisArtifacts/llr40Matrix/v2/opt_reports/tsvc_2_s3111/fortran/tsvc_2_s3111_fp64.f90 -o /capstor/scratch/cscs/lhulsbergen/bachelorThesisArtifacts/llr40Matrix/v2/opt_reports/tsvc_2_s3111/fortran/build/tsvc_2_s3111_fp64.f90.o -fopt-info-vec-optimized -fopt-info-vec-missed -fopt-info-loop-optimized
tsvc_2_s3111,numba,python,numba,opt_reports/tsvc_2_s3111/numba/tsvc_2_s3111_numba_np.py,,opt_reports/tsvc_2_s3111/numba/tsvc_2_s3111_numba_np.py.s.txt,ok,,,,s3111,,"@nb.njit(parallel=True, cache=True); inspect_asm()"
tsvc_2_s3111,c_reference,c,/usr/bin/gcc-14,opt_reports/tsvc_2_s3111/c_reference/tsvc_2_s3111_fp64.c,opt_reports/tsvc_2_s3111/c_reference/tsvc_2_s3111_fp64.c.optreport.txt,opt_reports/tsvc_2_s3111/c_reference/tsvc_2_s3111_fp64.c.s.txt,ok,1,0,0,tsvc_2_s3111_fp64,,/usr/bin/gcc-14 -O3 -march=native -fopenmp -fno-math-errno -fno-trapping-math -fno-signed-zeros -ffp-contract=fast -fstrict-aliasing -fPIC -include /capstor/scratch/cscs/lhulsbergen/HPCAgent-Bench-v2-aux/hpcagent_bench/envs/vecmath.h -Wall -Wextra -std=c23 -D_POSIX_C_SOURCE=199309L -fPIC -c /capstor/scratch/cscs/lhulsbergen/bachelorThesisArtifacts/llr40Matrix/v2/opt_reports/tsvc_2_s3111/c_reference/tsvc_2_s3111_fp64.c -o /capstor/scratch/cscs/lhulsbergen/bachelorThesisArtifacts/llr40Matrix/v2/opt_reports/tsvc_2_s3111/c_reference/build/tsvc_2_s3111_fp64.c.o -fopt-info-vec-optimized -fopt-info-vec-missed -fopt-info-loop-optimized
tsvc_2_s3111,agent,c,/usr/bin/gcc-14,opt_reports/tsvc_2_s3111/agent/tsvc_2_s3111_fp64.c,opt_reports/tsvc_2_s3111/agent/tsvc_2_s3111_fp64.c.optreport.txt,opt_reports/tsvc_2_s3111/agent/tsvc_2_s3111_fp64.c.s.txt,ok,1,5,0,tsvc_2_s3111_fp64._omp_fn.0 tsvc_2_s3111_fp64,,/usr/bin/gcc-14 -O3 -march=native -fopenmp -fno-math-errno -fno-trapping-math -fno-signed-zeros -ffp-contract=fast -fstrict-aliasing -fPIC -include /capstor/scratch/cscs/lhulsbergen/HPCAgent-Bench-v2-aux/hpcagent_bench/envs/vecmath.h -Wall -Wextra -std=c23 -D_POSIX_C_SOURCE=199309L -fPIC -c /capstor/scratch/cscs/lhulsbergen/bachelorThesisArtifacts/llr40Matrix/v2/opt_reports/tsvc_2_s3111/agent/tsvc_2_s3111_fp64.c -o /capstor/scratch/cscs/lhulsbergen/bachelorThesisArtifacts/llr40Matrix/v2/opt_reports/tsvc_2_s3111/agent/build/tsvc_2_s3111_fp64.c.o -fopt-info-vec-optimized -fopt-info-vec-missed -fopt-info-loop-optimized
tsvc_2_s3112,c,c,/usr/bin/gcc-14,opt_reports/tsvc_2_s3112/c/tsvc_2_s3112_fp64.c,opt_reports/tsvc_2_s3112/c/tsvc_2_s3112_fp64.c.optreport.txt,opt_reports/tsvc_2_s3112/c/tsvc_2_s3112_fp64.c.s.txt,ok,0,2,0,tsvc_2_s3112_fp64,,/usr/bin/gcc-14 -O3 -march=native -fopenmp -fno-math-errno -fno-trapping-math -fno-signed-zeros -ffp-contract=fast -fstrict-aliasing -fPIC -include /capstor/scratch/cscs/lhulsbergen/HPCAgent-Bench-v2-aux/hpcagent_bench/envs/vecmath.h -Wall -Wextra -std=c23 -D_POSIX_C_SOURCE=199309L -fPIC -c /capstor/scratch/cscs/lhulsbergen/bachelorThesisArtifacts/llr40Matrix/v2/opt_reports/tsvc_2_s3112/c/tsvc_2_s3112_fp64.c -o /capstor/scratch/cscs/lhulsbergen/bachelorThesisArtifacts/llr40Matrix/v2/opt_reports/tsvc_2_s3112/c/build/tsvc_2_s3112_fp64.c.o -fopt-info-vec-optimized -fopt-info-vec-missed -fopt-info-loop-optimized
tsvc_2_s3112,cpp,cpp,/users/lhulsbergen/bin/g++,opt_reports/tsvc_2_s3112/cpp/tsvc_2_s3112_fp64.cpp,opt_reports/tsvc_2_s3112/cpp/tsvc_2_s3112_fp64.cpp.optreport.txt,opt_reports/tsvc_2_s3112/cpp/tsvc_2_s3112_fp64.cpp.s.txt,ok,0,2,0,tsvc_2_s3112_fp64,,/users/lhulsbergen/bin/g++ -O3 -march=native -fopenmp -fno-math-errno -fno-trapping-math -fno-signed-zeros -ffp-contract=fast -fstrict-aliasing -fPIC -include /capstor/scratch/cscs/lhulsbergen/HPCAgent-Bench-v2-aux/hpcagent_bench/envs/vecmath.h -Wall -Wextra -std=c++20 -D_POSIX_C_SOURCE=199309L -fPIC -c /capstor/scratch/cscs/lhulsbergen/bachelorThesisArtifacts/llr40Matrix/v2/opt_reports/tsvc_2_s3112/cpp/tsvc_2_s3112_fp64.cpp -o /capstor/scratch/cscs/lhulsbergen/bachelorThesisArtifacts/llr40Matrix/v2/opt_reports/tsvc_2_s3112/cpp/build/tsvc_2_s3112_fp64.cpp.o -fopt-info-vec-optimized -fopt-info-vec-missed -fopt-info-loop-optimized
tsvc_2_s3112,fortran,fortran,/users/lhulsbergen/bin/gfortran,opt_reports/tsvc_2_s3112/fortran/tsvc_2_s3112_fp64.f90,opt_reports/tsvc_2_s3112/fortran/tsvc_2_s3112_fp64.f90.optreport.txt,opt_reports/tsvc_2_s3112/fortran/tsvc_2_s3112_fp64.f90.s.txt,ok,0,2,0,tsvc_2_s3112_fp64,,/users/lhulsbergen/bin/gfortran -O3 -march=native -fopenmp -fno-math-errno -fno-trapping-math -fno-signed-zeros -ffp-contract=fast -fstrict-aliasing -fPIC -ftree-parallelize-loops=1 -Wall -Wextra -ffree-form -ffree-line-length-none -std=f2018 -fPIC -c /capstor/scratch/cscs/lhulsbergen/bachelorThesisArtifacts/llr40Matrix/v2/opt_reports/tsvc_2_s3112/fortran/tsvc_2_s3112_fp64.f90 -o /capstor/scratch/cscs/lhulsbergen/bachelorThesisArtifacts/llr40Matrix/v2/opt_reports/tsvc_2_s3112/fortran/build/tsvc_2_s3112_fp64.f90.o -fopt-info-vec-optimized -fopt-info-vec-missed -fopt-info-loop-optimized
tsvc_2_s3112,numba,python,numba,opt_reports/tsvc_2_s3112/numba/tsvc_2_s3112_numba_np.py,,opt_reports/tsvc_2_s3112/numba/tsvc_2_s3112_numba_np.py.s.txt,ok,,,,s3112,,"@nb.njit(parallel=True, cache=True); inspect_asm()"
tsvc_2_s3112,c_reference,c,/usr/bin/gcc-14,opt_reports/tsvc_2_s3112/c_reference/tsvc_2_s3112_fp64.c,opt_reports/tsvc_2_s3112/c_reference/tsvc_2_s3112_fp64.c.optreport.txt,opt_reports/tsvc_2_s3112/c_reference/tsvc_2_s3112_fp64.c.s.txt,ok,0,2,0,tsvc_2_s3112_fp64,,/usr/bin/gcc-14 -O3 -march=native -fopenmp -fno-math-errno -fno-trapping-math -fno-signed-zeros -ffp-contract=fast -fstrict-aliasing -fPIC -include /capstor/scratch/cscs/lhulsbergen/HPCAgent-Bench-v2-aux/hpcagent_bench/envs/vecmath.h -Wall -Wextra -std=c23 -D_POSIX_C_SOURCE=199309L -fPIC -c /capstor/scratch/cscs/lhulsbergen/bachelorThesisArtifacts/llr40Matrix/v2/opt_reports/tsvc_2_s3112/c_reference/tsvc_2_s3112_fp64.c -o /capstor/scratch/cscs/lhulsbergen/bachelorThesisArtifacts/llr40Matrix/v2/opt_reports/tsvc_2_s3112/c_reference/build/tsvc_2_s3112_fp64.c.o -fopt-info-vec-optimized -fopt-info-vec-missed -fopt-info-loop-optimized
tsvc_2_s3112,agent,fortran,/users/lhulsbergen/bin/gfortran,opt_reports/tsvc_2_s3112/agent/tsvc_2_s3112_fp64.f90,opt_reports/tsvc_2_s3112/agent/tsvc_2_s3112_fp64.f90.optreport.txt,opt_reports/tsvc_2_s3112/agent/tsvc_2_s3112_fp64.f90.s.txt,ok,0,2,0,tsvc_2_s3112_fp64,,/users/lhulsbergen/bin/gfortran -O3 -march=native -fopenmp -fno-math-errno -fno-trapping-math -fno-signed-zeros -ffp-contract=fast -fstrict-aliasing -fPIC -ftree-parallelize-loops=1 -Wall -Wextra -ffree-form -ffree-line-length-none -std=f2018 -fPIC -c /capstor/scratch/cscs/lhulsbergen/bachelorThesisArtifacts/llr40Matrix/v2/opt_reports/tsvc_2_s3112/agent/tsvc_2_s3112_fp64.f90 -o /capstor/scratch/cscs/lhulsbergen/bachelorThesisArtifacts/llr40Matrix/v2/opt_reports/tsvc_2_s3112/agent/build/tsvc_2_s3112_fp64.f90.o -fopt-info-vec-optimized -fopt-info-vec-missed -fopt-info-loop-optimized
tsvc_2_s316,c,c,/usr/bin/gcc-14,opt_reports/tsvc_2_s316/c/tsvc_2_s316_fp64.c,opt_reports/tsvc_2_s316/c/tsvc_2_s316_fp64.c.optreport.txt,opt_reports/tsvc_2_s316/c/tsvc_2_s316_fp64.c.s.txt,ok,0,2,0,tsvc_2_s316_fp64,,/usr/bin/gcc-14 -O3 -march=native -fopenmp -fno-math-errno -fno-trapping-math -fno-signed-zeros -ffp-contract=fast -fstrict-aliasing -fPIC -include /capstor/scratch/cscs/lhulsbergen/HPCAgent-Bench-v2-aux/hpcagent_bench/envs/vecmath.h -Wall -Wextra -std=c23 -D_POSIX_C_SOURCE=199309L -fPIC -c /capstor/scratch/cscs/lhulsbergen/bachelorThesisArtifacts/llr40Matrix/v2/opt_reports/tsvc_2_s316/c/tsvc_2_s316_fp64.c -o /capstor/scratch/cscs/lhulsbergen/bachelorThesisArtifacts/llr40Matrix/v2/opt_reports/tsvc_2_s316/c/build/tsvc_2_s316_fp64.c.o -fopt-info-vec-optimized -fopt-info-vec-missed -fopt-info-loop-optimized
tsvc_2_s316,cpp,cpp,/users/lhulsbergen/bin/g++,opt_reports/tsvc_2_s316/cpp/tsvc_2_s316_fp64.cpp,opt_reports/tsvc_2_s316/cpp/tsvc_2_s316_fp64.cpp.optreport.txt,opt_reports/tsvc_2_s316/cpp/tsvc_2_s316_fp64.cpp.s.txt,ok,0,2,0,tsvc_2_s316_fp64,,/users/lhulsbergen/bin/g++ -O3 -march=native -fopenmp -fno-math-errno -fno-trapping-math -fno-signed-zeros -ffp-contract=fast -fstrict-aliasing -fPIC -include /capstor/scratch/cscs/lhulsbergen/HPCAgent-Bench-v2-aux/hpcagent_bench/envs/vecmath.h -Wall -Wextra -std=c++20 -D_POSIX_C_SOURCE=199309L -fPIC -c /capstor/scratch/cscs/lhulsbergen/bachelorThesisArtifacts/llr40Matrix/v2/opt_reports/tsvc_2_s316/cpp/tsvc_2_s316_fp64.cpp -o /capstor/scratch/cscs/lhulsbergen/bachelorThesisArtifacts/llr40Matrix/v2/opt_reports/tsvc_2_s316/cpp/build/tsvc_2_s316_fp64.cpp.o -fopt-info-vec-optimized -fopt-info-vec-missed -fopt-info-loop-optimized
tsvc_2_s316,fortran,fortran,/users/lhulsbergen/bin/gfortran,opt_reports/tsvc_2_s316/fortran/tsvc_2_s316_fp64.f90,opt_reports/tsvc_2_s316/fortran/tsvc_2_s316_fp64.f90.optreport.txt,opt_reports/tsvc_2_s316/fortran/tsvc_2_s316_fp64.f90.s.txt,ok,0,2,0,tsvc_2_s316_fp64,,/users/lhulsbergen/bin/gfortran -O3 -march=native -fopenmp -fno-math-errno -fno-trapping-math -fno-signed-zeros -ffp-contract=fast -fstrict-aliasing -fPIC -ftree-parallelize-loops=1 -Wall -Wextra -ffree-form -ffree-line-length-none -std=f2018 -fPIC -c /capstor/scratch/cscs/lhulsbergen/bachelorThesisArtifacts/llr40Matrix/v2/opt_reports/tsvc_2_s316/fortran/tsvc_2_s316_fp64.f90 -o /capstor/scratch/cscs/lhulsbergen/bachelorThesisArtifacts/llr40Matrix/v2/opt_reports/tsvc_2_s316/fortran/build/tsvc_2_s316_fp64.f90.o -fopt-info-vec-optimized -fopt-info-vec-missed -fopt-info-loop-optimized
tsvc_2_s316,numba,python,numba,opt_reports/tsvc_2_s316/numba/tsvc_2_s316_numba_np.py,,opt_reports/tsvc_2_s316/numba/tsvc_2_s316_numba_np.py.s.txt,ok,,,,s316,,"@nb.njit(parallel=True, cache=True); inspect_asm()"
tsvc_2_s316,c_reference,c,/usr/bin/gcc-14,opt_reports/tsvc_2_s316/c_reference/tsvc_2_s316_fp64.c,opt_reports/tsvc_2_s316/c_reference/tsvc_2_s316_fp64.c.optreport.txt,opt_reports/tsvc_2_s316/c_reference/tsvc_2_s316_fp64.c.s.txt,ok,0,2,0,tsvc_2_s316_fp64,,/usr/bin/gcc-14 -O3 -march=native -fopenmp -fno-math-errno -fno-trapping-math -fno-signed-zeros -ffp-contract=fast -fstrict-aliasing -fPIC -include /capstor/scratch/cscs/lhulsbergen/HPCAgent-Bench-v2-aux/hpcagent_bench/envs/vecmath.h -Wall -Wextra -std=c23 -D_POSIX_C_SOURCE=199309L -fPIC -c /capstor/scratch/cscs/lhulsbergen/bachelorThesisArtifacts/llr40Matrix/v2/opt_reports/tsvc_2_s316/c_reference/tsvc_2_s316_fp64.c -o /capstor/scratch/cscs/lhulsbergen/bachelorThesisArtifacts/llr40Matrix/v2/opt_reports/tsvc_2_s316/c_reference/build/tsvc_2_s316_fp64.c.o -fopt-info-vec-optimized -fopt-info-vec-missed -fopt-info-loop-optimized
tsvc_2_s316,agent,fortran,/users/lhulsbergen/bin/gfortran,opt_reports/tsvc_2_s316/agent/tsvc_2_s316_fp64.f90,opt_reports/tsvc_2_s316/agent/tsvc_2_s316_fp64.f90.optreport.txt,opt_reports/tsvc_2_s316/agent/tsvc_2_s316_fp64.f90.s.txt,ok,2,5,2,tsvc_2_s316_fp64._omp_fn.0 tsvc_2_s316_fp64,,/users/lhulsbergen/bin/gfortran -O3 -march=native -fopenmp -fno-math-errno -fno-trapping-math -fno-signed-zeros -ffp-contract=fast -fstrict-aliasing -fPIC -ftree-parallelize-loops=1 -Wall -Wextra -ffree-form -ffree-line-length-none -std=f2018 -fPIC -c /capstor/scratch/cscs/lhulsbergen/bachelorThesisArtifacts/llr40Matrix/v2/opt_reports/tsvc_2_s316/agent/tsvc_2_s316_fp64.f90 -o /capstor/scratch/cscs/lhulsbergen/bachelorThesisArtifacts/llr40Matrix/v2/opt_reports/tsvc_2_s316/agent/build/tsvc_2_s316_fp64.f90.o -fopt-info-vec-optimized -fopt-info-vec-missed -fopt-info-loop-optimized
tsvc_2_s318,c,c,/usr/bin/gcc-14,opt_reports/tsvc_2_s318/c/tsvc_2_s318_fp64.c,opt_reports/tsvc_2_s318/c/tsvc_2_s318_fp64.c.optreport.txt,opt_reports/tsvc_2_s318/c/tsvc_2_s318_fp64.c.s.txt,ok,0,7,0,tsvc_2_s318_fp64,,/usr/bin/gcc-14 -O3 -march=native -fopenmp -fno-math-errno -fno-trapping-math -fno-signed-zeros -ffp-contract=fast -fstrict-aliasing -fPIC -include /capstor/scratch/cscs/lhulsbergen/HPCAgent-Bench-v2-aux/hpcagent_bench/envs/vecmath.h -Wall -Wextra -std=c23 -D_POSIX_C_SOURCE=199309L -fPIC -c /capstor/scratch/cscs/lhulsbergen/bachelorThesisArtifacts/llr40Matrix/v2/opt_reports/tsvc_2_s318/c/tsvc_2_s318_fp64.c -o /capstor/scratch/cscs/lhulsbergen/bachelorThesisArtifacts/llr40Matrix/v2/opt_reports/tsvc_2_s318/c/build/tsvc_2_s318_fp64.c.o -fopt-info-vec-optimized -fopt-info-vec-missed -fopt-info-loop-optimized
tsvc_2_s318,cpp,cpp,/users/lhulsbergen/bin/g++,opt_reports/tsvc_2_s318/cpp/tsvc_2_s318_fp64.cpp,opt_reports/tsvc_2_s318/cpp/tsvc_2_s318_fp64.cpp.optreport.txt,opt_reports/tsvc_2_s318/cpp/tsvc_2_s318_fp64.cpp.s.txt,ok,0,4,0,tsvc_2_s318_fp64,,/users/lhulsbergen/bin/g++ -O3 -march=native -fopenmp -fno-math-errno -fno-trapping-math -fno-signed-zeros -ffp-contract=fast -fstrict-aliasing -fPIC -include /capstor/scratch/cscs/lhulsbergen/HPCAgent-Bench-v2-aux/hpcagent_bench/envs/vecmath.h -Wall -Wextra -std=c++20 -D_POSIX_C_SOURCE=199309L -fPIC -c /capstor/scratch/cscs/lhulsbergen/bachelorThesisArtifacts/llr40Matrix/v2/opt_reports/tsvc_2_s318/cpp/tsvc_2_s318_fp64.cpp -o /capstor/scratch/cscs/lhulsbergen/bachelorThesisArtifacts/llr40Matrix/v2/opt_reports/tsvc_2_s318/cpp/build/tsvc_2_s318_fp64.cpp.o -fopt-info-vec-optimized -fopt-info-vec-missed -fopt-info-loop-optimized
tsvc_2_s318,fortran,fortran,/users/lhulsbergen/bin/gfortran,opt_reports/tsvc_2_s318/fortran/tsvc_2_s318_fp64.f90,opt_reports/tsvc_2_s318/fortran/tsvc_2_s318_fp64.f90.optreport.txt,opt_reports/tsvc_2_s318/fortran/tsvc_2_s318_fp64.f90.s.txt,ok,0,4,0,tsvc_2_s318_fp64,,/users/lhulsbergen/bin/gfortran -O3 -march=native -fopenmp -fno-math-errno -fno-trapping-math -fno-signed-zeros -ffp-contract=fast -fstrict-aliasing -fPIC -ftree-parallelize-loops=1 -Wall -Wextra -ffree-form -ffree-line-length-none -std=f2018 -fPIC -c /capstor/scratch/cscs/lhulsbergen/bachelorThesisArtifacts/llr40Matrix/v2/opt_reports/tsvc_2_s318/fortran/tsvc_2_s318_fp64.f90 -o /capstor/scratch/cscs/lhulsbergen/bachelorThesisArtifacts/llr40Matrix/v2/opt_reports/tsvc_2_s318/fortran/build/tsvc_2_s318_fp64.f90.o -fopt-info-vec-optimized -fopt-info-vec-missed -fopt-info-loop-optimized
tsvc_2_s318,numba,python,numba,opt_reports/tsvc_2_s318/numba/tsvc_2_s318_numba_np.py,,opt_reports/tsvc_2_s318/numba/tsvc_2_s318_numba_np.py.s.txt,ok,,,,s318,,"@nb.njit(parallel=True, cache=True); inspect_asm()"
tsvc_2_s318,c_reference,c,/usr/bin/gcc-14,opt_reports/tsvc_2_s318/c_reference/tsvc_2_s318_fp64.c,opt_reports/tsvc_2_s318/c_reference/tsvc_2_s318_fp64.c.optreport.txt,opt_reports/tsvc_2_s318/c_reference/tsvc_2_s318_fp64.c.s.txt,ok,0,7,0,tsvc_2_s318_fp64,,/usr/bin/gcc-14 -O3 -march=native -fopenmp -fno-math-errno -fno-trapping-math -fno-signed-zeros -ffp-contract=fast -fstrict-aliasing -fPIC -include /capstor/scratch/cscs/lhulsbergen/HPCAgent-Bench-v2-aux/hpcagent_bench/envs/vecmath.h -Wall -Wextra -std=c23 -D_POSIX_C_SOURCE=199309L -fPIC -c /capstor/scratch/cscs/lhulsbergen/bachelorThesisArtifacts/llr40Matrix/v2/opt_reports/tsvc_2_s318/c_reference/tsvc_2_s318_fp64.c -o /capstor/scratch/cscs/lhulsbergen/bachelorThesisArtifacts/llr40Matrix/v2/opt_reports/tsvc_2_s318/c_reference/build/tsvc_2_s318_fp64.c.o -fopt-info-vec-optimized -fopt-info-vec-missed -fopt-info-loop-optimized
tsvc_2_s318,agent,fortran,/users/lhulsbergen/bin/gfortran,opt_reports/tsvc_2_s318/agent/tsvc_2_s318_fp64.f90,opt_reports/tsvc_2_s318/agent/tsvc_2_s318_fp64.f90.optreport.txt,opt_reports/tsvc_2_s318/agent/tsvc_2_s318_fp64.f90.s.txt,ok,0,20,0,tsvc_2_s318_fp64 tsvc_2_s318_fp64._omp_fn.0,,/users/lhulsbergen/bin/gfortran -O3 -march=native -fopenmp -fno-math-errno -fno-trapping-math -fno-signed-zeros -ffp-contract=fast -fstrict-aliasing -fPIC -ftree-parallelize-loops=1 -Wall -Wextra -ffree-form -ffree-line-length-none -std=f2018 -fPIC -c /capstor/scratch/cscs/lhulsbergen/bachelorThesisArtifacts/llr40Matrix/v2/opt_reports/tsvc_2_s318/agent/tsvc_2_s318_fp64.f90 -o /capstor/scratch/cscs/lhulsbergen/bachelorThesisArtifacts/llr40Matrix/v2/opt_reports/tsvc_2_s318/agent/build/tsvc_2_s318_fp64.f90.o -fopt-info-vec-optimized -fopt-info-vec-missed -fopt-info-loop-optimized
tsvc_2_s319,c,c,/usr/bin/gcc-14,opt_reports/tsvc_2_s319/c/tsvc_2_s319_fp64.c,opt_reports/tsvc_2_s319/c/tsvc_2_s319_fp64.c.optreport.txt,opt_reports/tsvc_2_s319/c/tsvc_2_s319_fp64.c.s.txt,ok,0,2,0,tsvc_2_s319_fp64,,/usr/bin/gcc-14 -O3 -march=native -fopenmp -fno-math-errno -fno-trapping-math -fno-signed-zeros -ffp-contract=fast -fstrict-aliasing -fPIC -include /capstor/scratch/cscs/lhulsbergen/HPCAgent-Bench-v2-aux/hpcagent_bench/envs/vecmath.h -Wall -Wextra -std=c23 -D_POSIX_C_SOURCE=199309L -fPIC -c /capstor/scratch/cscs/lhulsbergen/bachelorThesisArtifacts/llr40Matrix/v2/opt_reports/tsvc_2_s319/c/tsvc_2_s319_fp64.c -o /capstor/scratch/cscs/lhulsbergen/bachelorThesisArtifacts/llr40Matrix/v2/opt_reports/tsvc_2_s319/c/build/tsvc_2_s319_fp64.c.o -fopt-info-vec-optimized -fopt-info-vec-missed -fopt-info-loop-optimized
tsvc_2_s319,cpp,cpp,/users/lhulsbergen/bin/g++,opt_reports/tsvc_2_s319/cpp/tsvc_2_s319_fp64.cpp,opt_reports/tsvc_2_s319/cpp/tsvc_2_s319_fp64.cpp.optreport.txt,opt_reports/tsvc_2_s319/cpp/tsvc_2_s319_fp64.cpp.s.txt,ok,0,2,0,tsvc_2_s319_fp64,,/users/lhulsbergen/bin/g++ -O3 -march=native -fopenmp -fno-math-errno -fno-trapping-math -fno-signed-zeros -ffp-contract=fast -fstrict-aliasing -fPIC -include /capstor/scratch/cscs/lhulsbergen/HPCAgent-Bench-v2-aux/hpcagent_bench/envs/vecmath.h -Wall -Wextra -std=c++20 -D_POSIX_C_SOURCE=199309L -fPIC -c /capstor/scratch/cscs/lhulsbergen/bachelorThesisArtifacts/llr40Matrix/v2/opt_reports/tsvc_2_s319/cpp/tsvc_2_s319_fp64.cpp -o /capstor/scratch/cscs/lhulsbergen/bachelorThesisArtifacts/llr40Matrix/v2/opt_reports/tsvc_2_s319/cpp/build/tsvc_2_s319_fp64.cpp.o -fopt-info-vec-optimized -fopt-info-vec-missed -fopt-info-loop-optimized
tsvc_2_s319,fortran,fortran,/users/lhulsbergen/bin/gfortran,opt_reports/tsvc_2_s319/fortran/tsvc_2_s319_fp64.f90,opt_reports/tsvc_2_s319/fortran/tsvc_2_s319_fp64.f90.optreport.txt,opt_reports/tsvc_2_s319/fortran/tsvc_2_s319_fp64.f90.s.txt,ok,0,6,0,tsvc_2_s319_fp64,,/users/lhulsbergen/bin/gfortran -O3 -march=native -fopenmp -fno-math-errno -fno-trapping-math -fno-signed-zeros -ffp-contract=fast -fstrict-aliasing -fPIC -ftree-parallelize-loops=1 -Wall -Wextra -ffree-form -ffree-line-length-none -std=f2018 -fPIC -c /capstor/scratch/cscs/lhulsbergen/bachelorThesisArtifacts/llr40Matrix/v2/opt_reports/tsvc_2_s319/fortran/tsvc_2_s319_fp64.f90 -o /capstor/scratch/cscs/lhulsbergen/bachelorThesisArtifacts/llr40Matrix/v2/opt_reports/tsvc_2_s319/fortran/build/tsvc_2_s319_fp64.f90.o -fopt-info-vec-optimized -fopt-info-vec-missed -fopt-info-loop-optimized
tsvc_2_s319,numba,python,numba,opt_reports/tsvc_2_s319/numba/tsvc_2_s319_numba_np.py,,opt_reports/tsvc_2_s319/numba/tsvc_2_s319_numba_np.py.s.txt,ok,,,,s319,,"@nb.njit(parallel=True, cache=True); inspect_asm()"
tsvc_2_s319,c_reference,c,/usr/bin/gcc-14,opt_reports/tsvc_2_s319/c_reference/tsvc_2_s319_fp64.c,opt_reports/tsvc_2_s319/c_reference/tsvc_2_s319_fp64.c.optreport.txt,opt_reports/tsvc_2_s319/c_reference/tsvc_2_s319_fp64.c.s.txt,ok,0,2,0,tsvc_2_s319_fp64,,/usr/bin/gcc-14 -O3 -march=native -fopenmp -fno-math-errno -fno-trapping-math -fno-signed-zeros -ffp-contract=fast -fstrict-aliasing -fPIC -include /capstor/scratch/cscs/lhulsbergen/HPCAgent-Bench-v2-aux/hpcagent_bench/envs/vecmath.h -Wall -Wextra -std=c23 -D_POSIX_C_SOURCE=199309L -fPIC -c /capstor/scratch/cscs/lhulsbergen/bachelorThesisArtifacts/llr40Matrix/v2/opt_reports/tsvc_2_s319/c_reference/tsvc_2_s319_fp64.c -o /capstor/scratch/cscs/lhulsbergen/bachelorThesisArtifacts/llr40Matrix/v2/opt_reports/tsvc_2_s319/c_reference/build/tsvc_2_s319_fp64.c.o -fopt-info-vec-optimized -fopt-info-vec-missed -fopt-info-loop-optimized
tsvc_2_s319,agent,c,/usr/bin/gcc-14,opt_reports/tsvc_2_s319/agent/tsvc_2_s319_fp64.c,opt_reports/tsvc_2_s319/agent/tsvc_2_s319_fp64.c.optreport.txt,opt_reports/tsvc_2_s319/agent/tsvc_2_s319_fp64.c.s.txt,ok,2,10,1,tsvc_2_s319_fp64._omp_fn.0 tsvc_2_s319_fp64,,/usr/bin/gcc-14 -O3 -march=native -fopenmp -fno-math-errno -fno-trapping-math -fno-signed-zeros -ffp-contract=fast -fstrict-aliasing -fPIC -include /capstor/scratch/cscs/lhulsbergen/HPCAgent-Bench-v2-aux/hpcagent_bench/envs/vecmath.h -Wall -Wextra -std=c23 -D_POSIX_C_SOURCE=199309L -fPIC -c /capstor/scratch/cscs/lhulsbergen/bachelorThesisArtifacts/llr40Matrix/v2/opt_reports/tsvc_2_s319/agent/tsvc_2_s319_fp64.c -o /capstor/scratch/cscs/lhulsbergen/bachelorThesisArtifacts/llr40Matrix/v2/opt_reports/tsvc_2_s319/agent/build/tsvc_2_s319_fp64.c.o -fopt-info-vec-optimized -fopt-info-vec-missed -fopt-info-loop-optimized
tsvc_2_s323,c,c,/usr/bin/gcc-14,opt_reports/tsvc_2_s323/c/tsvc_2_s323_fp64.c,opt_reports/tsvc_2_s323/c/tsvc_2_s323_fp64.c.optreport.txt,opt_reports/tsvc_2_s323/c/tsvc_2_s323_fp64.c.s.txt,ok,0,2,0,tsvc_2_s323_fp64,,/usr/bin/gcc-14 -O3 -march=native -fopenmp -fno-math-errno -fno-trapping-math -fno-signed-zeros -ffp-contract=fast -fstrict-aliasing -fPIC -include /capstor/scratch/cscs/lhulsbergen/HPCAgent-Bench-v2-aux/hpcagent_bench/envs/vecmath.h -Wall -Wextra -std=c23 -D_POSIX_C_SOURCE=199309L -fPIC -c /capstor/scratch/cscs/lhulsbergen/bachelorThesisArtifacts/llr40Matrix/v2/opt_reports/tsvc_2_s323/c/tsvc_2_s323_fp64.c -o /capstor/scratch/cscs/lhulsbergen/bachelorThesisArtifacts/llr40Matrix/v2/opt_reports/tsvc_2_s323/c/build/tsvc_2_s323_fp64.c.o -fopt-info-vec-optimized -fopt-info-vec-missed -fopt-info-loop-optimized
tsvc_2_s323,cpp,cpp,/users/lhulsbergen/bin/g++,opt_reports/tsvc_2_s323/cpp/tsvc_2_s323_fp64.cpp,opt_reports/tsvc_2_s323/cpp/tsvc_2_s323_fp64.cpp.optreport.txt,opt_reports/tsvc_2_s323/cpp/tsvc_2_s323_fp64.cpp.s.txt,ok,0,2,0,tsvc_2_s323_fp64,,/users/lhulsbergen/bin/g++ -O3 -march=native -fopenmp -fno-math-errno -fno-trapping-math -fno-signed-zeros -ffp-contract=fast -fstrict-aliasing -fPIC -include /capstor/scratch/cscs/lhulsbergen/HPCAgent-Bench-v2-aux/hpcagent_bench/envs/vecmath.h -Wall -Wextra -std=c++20 -D_POSIX_C_SOURCE=199309L -fPIC -c /capstor/scratch/cscs/lhulsbergen/bachelorThesisArtifacts/llr40Matrix/v2/opt_reports/tsvc_2_s323/cpp/tsvc_2_s323_fp64.cpp -o /capstor/scratch/cscs/lhulsbergen/bachelorThesisArtifacts/llr40Matrix/v2/opt_reports/tsvc_2_s323/cpp/build/tsvc_2_s323_fp64.cpp.o -fopt-info-vec-optimized -fopt-info-vec-missed -fopt-info-loop-optimized
tsvc_2_s323,fortran,fortran,/users/lhulsbergen/bin/gfortran,opt_reports/tsvc_2_s323/fortran/tsvc_2_s323_fp64.f90,opt_reports/tsvc_2_s323/fortran/tsvc_2_s323_fp64.f90.optreport.txt,opt_reports/tsvc_2_s323/fortran/tsvc_2_s323_fp64.f90.s.txt,ok,0,6,0,tsvc_2_s323_fp64,,/users/lhulsbergen/bin/gfortran -O3 -march=native -fopenmp -fno-math-errno -fno-trapping-math -fno-signed-zeros -ffp-contract=fast -fstrict-aliasing -fPIC -ftree-parallelize-loops=1 -Wall -Wextra -ffree-form -ffree-line-length-none -std=f2018 -fPIC -c /capstor/scratch/cscs/lhulsbergen/bachelorThesisArtifacts/llr40Matrix/v2/opt_reports/tsvc_2_s323/fortran/tsvc_2_s323_fp64.f90 -o /capstor/scratch/cscs/lhulsbergen/bachelorThesisArtifacts/llr40Matrix/v2/opt_reports/tsvc_2_s323/fortran/build/tsvc_2_s323_fp64.f90.o -fopt-info-vec-optimized -fopt-info-vec-missed -fopt-info-loop-optimized
tsvc_2_s323,numba,python,numba,opt_reports/tsvc_2_s323/numba/tsvc_2_s323_numba_np.py,,opt_reports/tsvc_2_s323/numba/tsvc_2_s323_numba_np.py.s.txt,ok,,,,s323,,"@nb.njit(parallel=True, cache=True); inspect_asm()"
tsvc_2_s323,c_reference,c,/usr/bin/gcc-14,opt_reports/tsvc_2_s323/c_reference/tsvc_2_s323_fp64.c,opt_reports/tsvc_2_s323/c_reference/tsvc_2_s323_fp64.c.optreport.txt,opt_reports/tsvc_2_s323/c_reference/tsvc_2_s323_fp64.c.s.txt,ok,0,2,0,tsvc_2_s323_fp64,,/usr/bin/gcc-14 -O3 -march=native -fopenmp -fno-math-errno -fno-trapping-math -fno-signed-zeros -ffp-contract=fast -fstrict-aliasing -fPIC -include /capstor/scratch/cscs/lhulsbergen/HPCAgent-Bench-v2-aux/hpcagent_bench/envs/vecmath.h -Wall -Wextra -std=c23 -D_POSIX_C_SOURCE=199309L -fPIC -c /capstor/scratch/cscs/lhulsbergen/bachelorThesisArtifacts/llr40Matrix/v2/opt_reports/tsvc_2_s323/c_reference/tsvc_2_s323_fp64.c -o /capstor/scratch/cscs/lhulsbergen/bachelorThesisArtifacts/llr40Matrix/v2/opt_reports/tsvc_2_s323/c_reference/build/tsvc_2_s323_fp64.c.o -fopt-info-vec-optimized -fopt-info-vec-missed -fopt-info-loop-optimized
tsvc_2_s323,agent,c,/usr/bin/gcc-14,opt_reports/tsvc_2_s323/agent/tsvc_2_s323_fp64.c,opt_reports/tsvc_2_s323/agent/tsvc_2_s323_fp64.c.optreport.txt,opt_reports/tsvc_2_s323/agent/tsvc_2_s323_fp64.c.s.txt,ok,0,2,0,tsvc_2_s323_fp64,,/usr/bin/gcc-14 -O3 -march=native -fopenmp -fno-math-errno -fno-trapping-math -fno-signed-zeros -ffp-contract=fast -fstrict-aliasing -fPIC -include /capstor/scratch/cscs/lhulsbergen/HPCAgent-Bench-v2-aux/hpcagent_bench/envs/vecmath.h -Wall -Wextra -std=c23 -D_POSIX_C_SOURCE=199309L -fPIC -c /capstor/scratch/cscs/lhulsbergen/bachelorThesisArtifacts/llr40Matrix/v2/opt_reports/tsvc_2_s323/agent/tsvc_2_s323_fp64.c -o /capstor/scratch/cscs/lhulsbergen/bachelorThesisArtifacts/llr40Matrix/v2/opt_reports/tsvc_2_s323/agent/build/tsvc_2_s323_fp64.c.o -fopt-info-vec-optimized -fopt-info-vec-missed -fopt-info-loop-optimized
tsvc_2_s4112,c,c,/usr/bin/gcc-14,opt_reports/tsvc_2_s4112/c/tsvc_2_s4112_fp64.c,opt_reports/tsvc_2_s4112/c/tsvc_2_s4112_fp64.c.optreport.txt,opt_reports/tsvc_2_s4112/c/tsvc_2_s4112_fp64.c.s.txt,ok,1,1,0,tsvc_2_s4112_fp64,,/usr/bin/gcc-14 -O3 -march=native -fopenmp -fno-math-errno -fno-trapping-math -fno-signed-zeros -ffp-contract=fast -fstrict-aliasing -fPIC -include /capstor/scratch/cscs/lhulsbergen/HPCAgent-Bench-v2-aux/hpcagent_bench/envs/vecmath.h -Wall -Wextra -std=c23 -D_POSIX_C_SOURCE=199309L -fPIC -c /capstor/scratch/cscs/lhulsbergen/bachelorThesisArtifacts/llr40Matrix/v2/opt_reports/tsvc_2_s4112/c/tsvc_2_s4112_fp64.c -o /capstor/scratch/cscs/lhulsbergen/bachelorThesisArtifacts/llr40Matrix/v2/opt_reports/tsvc_2_s4112/c/build/tsvc_2_s4112_fp64.c.o -fopt-info-vec-optimized -fopt-info-vec-missed -fopt-info-loop-optimized
tsvc_2_s4112,cpp,cpp,/users/lhulsbergen/bin/g++,opt_reports/tsvc_2_s4112/cpp/tsvc_2_s4112_fp64.cpp,opt_reports/tsvc_2_s4112/cpp/tsvc_2_s4112_fp64.cpp.optreport.txt,opt_reports/tsvc_2_s4112/cpp/tsvc_2_s4112_fp64.cpp.s.txt,ok,1,1,0,tsvc_2_s4112_fp64,,/users/lhulsbergen/bin/g++ -O3 -march=native -fopenmp -fno-math-errno -fno-trapping-math -fno-signed-zeros -ffp-contract=fast -fstrict-aliasing -fPIC -include /capstor/scratch/cscs/lhulsbergen/HPCAgent-Bench-v2-aux/hpcagent_bench/envs/vecmath.h -Wall -Wextra -std=c++20 -D_POSIX_C_SOURCE=199309L -fPIC -c /capstor/scratch/cscs/lhulsbergen/bachelorThesisArtifacts/llr40Matrix/v2/opt_reports/tsvc_2_s4112/cpp/tsvc_2_s4112_fp64.cpp -o /capstor/scratch/cscs/lhulsbergen/bachelorThesisArtifacts/llr40Matrix/v2/opt_reports/tsvc_2_s4112/cpp/build/tsvc_2_s4112_fp64.cpp.o -fopt-info-vec-optimized -fopt-info-vec-missed -fopt-info-loop-optimized
tsvc_2_s4112,fortran,fortran,/users/lhulsbergen/bin/gfortran,opt_reports/tsvc_2_s4112/fortran/tsvc_2_s4112_fp64.f90,opt_reports/tsvc_2_s4112/fortran/tsvc_2_s4112_fp64.f90.optreport.txt,opt_reports/tsvc_2_s4112/fortran/tsvc_2_s4112_fp64.f90.s.txt,ok,1,1,0,tsvc_2_s4112_fp64,,/users/lhulsbergen/bin/gfortran -O3 -march=native -fopenmp -fno-math-errno -fno-trapping-math -fno-signed-zeros -ffp-contract=fast -fstrict-aliasing -fPIC -ftree-parallelize-loops=1 -Wall -Wextra -ffree-form -ffree-line-length-none -std=f2018 -fPIC -c /capstor/scratch/cscs/lhulsbergen/bachelorThesisArtifacts/llr40Matrix/v2/opt_reports/tsvc_2_s4112/fortran/tsvc_2_s4112_fp64.f90 -o /capstor/scratch/cscs/lhulsbergen/bachelorThesisArtifacts/llr40Matrix/v2/opt_reports/tsvc_2_s4112/fortran/build/tsvc_2_s4112_fp64.f90.o -fopt-info-vec-optimized -fopt-info-vec-missed -fopt-info-loop-optimized
tsvc_2_s4112,numba,python,numba,opt_reports/tsvc_2_s4112/numba/tsvc_2_s4112_numba_np.py,,opt_reports/tsvc_2_s4112/numba/tsvc_2_s4112_numba_np.py.s.txt,ok,,,,s4112,,"@nb.njit(parallel=True, cache=True); inspect_asm()"
tsvc_2_s4112,c_reference,c,/usr/bin/gcc-14,opt_reports/tsvc_2_s4112/c_reference/tsvc_2_s4112_fp64.c,opt_reports/tsvc_2_s4112/c_reference/tsvc_2_s4112_fp64.c.optreport.txt,opt_reports/tsvc_2_s4112/c_reference/tsvc_2_s4112_fp64.c.s.txt,ok,1,1,0,tsvc_2_s4112_fp64,,/usr/bin/gcc-14 -O3 -march=native -fopenmp -fno-math-errno -fno-trapping-math -fno-signed-zeros -ffp-contract=fast -fstrict-aliasing -fPIC -include /capstor/scratch/cscs/lhulsbergen/HPCAgent-Bench-v2-aux/hpcagent_bench/envs/vecmath.h -Wall -Wextra -std=c23 -D_POSIX_C_SOURCE=199309L -fPIC -c /capstor/scratch/cscs/lhulsbergen/bachelorThesisArtifacts/llr40Matrix/v2/opt_reports/tsvc_2_s4112/c_reference/tsvc_2_s4112_fp64.c -o /capstor/scratch/cscs/lhulsbergen/bachelorThesisArtifacts/llr40Matrix/v2/opt_reports/tsvc_2_s4112/c_reference/build/tsvc_2_s4112_fp64.c.o -fopt-info-vec-optimized -fopt-info-vec-missed -fopt-info-loop-optimized
tsvc_2_s4112,agent,c,/usr/bin/gcc-14,opt_reports/tsvc_2_s4112/agent/tsvc_2_s4112_fp64.c,opt_reports/tsvc_2_s4112/agent/tsvc_2_s4112_fp64.c.optreport.txt,opt_reports/tsvc_2_s4112/agent/tsvc_2_s4112_fp64.c.s.txt,ok,2,7,0,tsvc_2_s4112_fp64._omp_fn.0 tsvc_2_s4112_fp64,,/usr/bin/gcc-14 -O3 -march=native -fopenmp -fno-math-errno -fno-trapping-math -fno-signed-zeros -ffp-contract=fast -fstrict-aliasing -fPIC -include /capstor/scratch/cscs/lhulsbergen/HPCAgent-Bench-v2-aux/hpcagent_bench/envs/vecmath.h -Wall -Wextra -std=c23 -D_POSIX_C_SOURCE=199309L -fPIC -c /capstor/scratch/cscs/lhulsbergen/bachelorThesisArtifacts/llr40Matrix/v2/opt_reports/tsvc_2_s4112/agent/tsvc_2_s4112_fp64.c -o /capstor/scratch/cscs/lhulsbergen/bachelorThesisArtifacts/llr40Matrix/v2/opt_reports/tsvc_2_s4112/agent/build/tsvc_2_s4112_fp64.c.o -fopt-info-vec-optimized -fopt-info-vec-missed -fopt-info-loop-optimized
tsvc_2_vag,c,c,/usr/bin/gcc-14,opt_reports/tsvc_2_vag/c/tsvc_2_vag_fp64.c,opt_reports/tsvc_2_vag/c/tsvc_2_vag_fp64.c.optreport.txt,opt_reports/tsvc_2_vag/c/tsvc_2_vag_fp64.c.s.txt,ok,0,2,0,tsvc_2_vag_fp64,,/usr/bin/gcc-14 -O3 -march=native -fopenmp -fno-math-errno -fno-trapping-math -fno-signed-zeros -ffp-contract=fast -fstrict-aliasing -fPIC -include /capstor/scratch/cscs/lhulsbergen/HPCAgent-Bench-v2-aux/hpcagent_bench/envs/vecmath.h -Wall -Wextra -std=c23 -D_POSIX_C_SOURCE=199309L -fPIC -c /capstor/scratch/cscs/lhulsbergen/bachelorThesisArtifacts/llr40Matrix/v2/opt_reports/tsvc_2_vag/c/tsvc_2_vag_fp64.c -o /capstor/scratch/cscs/lhulsbergen/bachelorThesisArtifacts/llr40Matrix/v2/opt_reports/tsvc_2_vag/c/build/tsvc_2_vag_fp64.c.o -fopt-info-vec-optimized -fopt-info-vec-missed -fopt-info-loop-optimized
tsvc_2_vag,cpp,cpp,/users/lhulsbergen/bin/g++,opt_reports/tsvc_2_vag/cpp/tsvc_2_vag_fp64.cpp,opt_reports/tsvc_2_vag/cpp/tsvc_2_vag_fp64.cpp.optreport.txt,opt_reports/tsvc_2_vag/cpp/tsvc_2_vag_fp64.cpp.s.txt,ok,0,2,0,tsvc_2_vag_fp64,,/users/lhulsbergen/bin/g++ -O3 -march=native -fopenmp -fno-math-errno -fno-trapping-math -fno-signed-zeros -ffp-contract=fast -fstrict-aliasing -fPIC -include /capstor/scratch/cscs/lhulsbergen/HPCAgent-Bench-v2-aux/hpcagent_bench/envs/vecmath.h -Wall -Wextra -std=c++20 -D_POSIX_C_SOURCE=199309L -fPIC -c /capstor/scratch/cscs/lhulsbergen/bachelorThesisArtifacts/llr40Matrix/v2/opt_reports/tsvc_2_vag/cpp/tsvc_2_vag_fp64.cpp -o /capstor/scratch/cscs/lhulsbergen/bachelorThesisArtifacts/llr40Matrix/v2/opt_reports/tsvc_2_vag/cpp/build/tsvc_2_vag_fp64.cpp.o -fopt-info-vec-optimized -fopt-info-vec-missed -fopt-info-loop-optimized
tsvc_2_vag,fortran,fortran,/users/lhulsbergen/bin/gfortran,opt_reports/tsvc_2_vag/fortran/tsvc_2_vag_fp64.f90,opt_reports/tsvc_2_vag/fortran/tsvc_2_vag_fp64.f90.optreport.txt,opt_reports/tsvc_2_vag/fortran/tsvc_2_vag_fp64.f90.s.txt,ok,0,2,0,tsvc_2_vag_fp64,,/users/lhulsbergen/bin/gfortran -O3 -march=native -fopenmp -fno-math-errno -fno-trapping-math -fno-signed-zeros -ffp-contract=fast -fstrict-aliasing -fPIC -ftree-parallelize-loops=1 -Wall -Wextra -ffree-form -ffree-line-length-none -std=f2018 -fPIC -c /capstor/scratch/cscs/lhulsbergen/bachelorThesisArtifacts/llr40Matrix/v2/opt_reports/tsvc_2_vag/fortran/tsvc_2_vag_fp64.f90 -o /capstor/scratch/cscs/lhulsbergen/bachelorThesisArtifacts/llr40Matrix/v2/opt_reports/tsvc_2_vag/fortran/build/tsvc_2_vag_fp64.f90.o -fopt-info-vec-optimized -fopt-info-vec-missed -fopt-info-loop-optimized
tsvc_2_vag,numba,python,numba,opt_reports/tsvc_2_vag/numba/tsvc_2_vag_numba_np.py,,opt_reports/tsvc_2_vag/numba/tsvc_2_vag_numba_np.py.s.txt,ok,,,,vag,,"@nb.njit(parallel=True, cache=True); inspect_asm()"
tsvc_2_vag,c_reference,c,/usr/bin/gcc-14,opt_reports/tsvc_2_vag/c_reference/tsvc_2_vag_fp64.c,opt_reports/tsvc_2_vag/c_reference/tsvc_2_vag_fp64.c.optreport.txt,opt_reports/tsvc_2_vag/c_reference/tsvc_2_vag_fp64.c.s.txt,ok,0,2,0,tsvc_2_vag_fp64,,/usr/bin/gcc-14 -O3 -march=native -fopenmp -fno-math-errno -fno-trapping-math -fno-signed-zeros -ffp-contract=fast -fstrict-aliasing -fPIC -include /capstor/scratch/cscs/lhulsbergen/HPCAgent-Bench-v2-aux/hpcagent_bench/envs/vecmath.h -Wall -Wextra -std=c23 -D_POSIX_C_SOURCE=199309L -fPIC -c /capstor/scratch/cscs/lhulsbergen/bachelorThesisArtifacts/llr40Matrix/v2/opt_reports/tsvc_2_vag/c_reference/tsvc_2_vag_fp64.c -o /capstor/scratch/cscs/lhulsbergen/bachelorThesisArtifacts/llr40Matrix/v2/opt_reports/tsvc_2_vag/c_reference/build/tsvc_2_vag_fp64.c.o -fopt-info-vec-optimized -fopt-info-vec-missed -fopt-info-loop-optimized
tsvc_2_vag,agent,fortran,/users/lhulsbergen/bin/gfortran,opt_reports/tsvc_2_vag/agent/tsvc_2_vag_fp64.f90,opt_reports/tsvc_2_vag/agent/tsvc_2_vag_fp64.f90.optreport.txt,opt_reports/tsvc_2_vag/agent/tsvc_2_vag_fp64.f90.s.txt,ok,0,12,0,tsvc_2_vag_fp64._omp_fn.0 tsvc_2_vag_fp64,,/users/lhulsbergen/bin/gfortran -O3 -march=native -fopenmp -fno-math-errno -fno-trapping-math -fno-signed-zeros -ffp-contract=fast -fstrict-aliasing -fPIC -ftree-parallelize-loops=1 -Wall -Wextra -ffree-form -ffree-line-length-none -std=f2018 -fPIC -c /capstor/scratch/cscs/lhulsbergen/bachelorThesisArtifacts/llr40Matrix/v2/opt_reports/tsvc_2_vag/agent/tsvc_2_vag_fp64.f90 -o /capstor/scratch/cscs/lhulsbergen/bachelorThesisArtifacts/llr40Matrix/v2/opt_reports/tsvc_2_vag/agent/build/tsvc_2_vag_fp64.f90.o -fopt-info-vec-optimized -fopt-info-vec-missed -fopt-info-loop-optimized
tsvc_2_vpvts,c,c,/usr/bin/gcc-14,opt_reports/tsvc_2_vpvts/c/tsvc_2_vpvts_fp64.c,opt_reports/tsvc_2_vpvts/c/tsvc_2_vpvts_fp64.c.optreport.txt,opt_reports/tsvc_2_vpvts/c/tsvc_2_vpvts_fp64.c.s.txt,ok,1,0,0,tsvc_2_vpvts_fp64,,/usr/bin/gcc-14 -O3 -march=native -fopenmp -fno-math-errno -fno-trapping-math -fno-signed-zeros -ffp-contract=fast -fstrict-aliasing -fPIC -include /capstor/scratch/cscs/lhulsbergen/HPCAgent-Bench-v2-aux/hpcagent_bench/envs/vecmath.h -Wall -Wextra -std=c23 -D_POSIX_C_SOURCE=199309L -fPIC -c /capstor/scratch/cscs/lhulsbergen/bachelorThesisArtifacts/llr40Matrix/v2/opt_reports/tsvc_2_vpvts/c/tsvc_2_vpvts_fp64.c -o /capstor/scratch/cscs/lhulsbergen/bachelorThesisArtifacts/llr40Matrix/v2/opt_reports/tsvc_2_vpvts/c/build/tsvc_2_vpvts_fp64.c.o -fopt-info-vec-optimized -fopt-info-vec-missed -fopt-info-loop-optimized
tsvc_2_vpvts,cpp,cpp,/users/lhulsbergen/bin/g++,opt_reports/tsvc_2_vpvts/cpp/tsvc_2_vpvts_fp64.cpp,opt_reports/tsvc_2_vpvts/cpp/tsvc_2_vpvts_fp64.cpp.optreport.txt,opt_reports/tsvc_2_vpvts/cpp/tsvc_2_vpvts_fp64.cpp.s.txt,ok,1,0,0,tsvc_2_vpvts_fp64,,/users/lhulsbergen/bin/g++ -O3 -march=native -fopenmp -fno-math-errno -fno-trapping-math -fno-signed-zeros -ffp-contract=fast -fstrict-aliasing -fPIC -include /capstor/scratch/cscs/lhulsbergen/HPCAgent-Bench-v2-aux/hpcagent_bench/envs/vecmath.h -Wall -Wextra -std=c++20 -D_POSIX_C_SOURCE=199309L -fPIC -c /capstor/scratch/cscs/lhulsbergen/bachelorThesisArtifacts/llr40Matrix/v2/opt_reports/tsvc_2_vpvts/cpp/tsvc_2_vpvts_fp64.cpp -o /capstor/scratch/cscs/lhulsbergen/bachelorThesisArtifacts/llr40Matrix/v2/opt_reports/tsvc_2_vpvts/cpp/build/tsvc_2_vpvts_fp64.cpp.o -fopt-info-vec-optimized -fopt-info-vec-missed -fopt-info-loop-optimized
tsvc_2_vpvts,fortran,fortran,/users/lhulsbergen/bin/gfortran,opt_reports/tsvc_2_vpvts/fortran/tsvc_2_vpvts_fp64.f90,opt_reports/tsvc_2_vpvts/fortran/tsvc_2_vpvts_fp64.f90.optreport.txt,opt_reports/tsvc_2_vpvts/fortran/tsvc_2_vpvts_fp64.f90.s.txt,ok,1,0,0,tsvc_2_vpvts_fp64,,/users/lhulsbergen/bin/gfortran -O3 -march=native -fopenmp -fno-math-errno -fno-trapping-math -fno-signed-zeros -ffp-contract=fast -fstrict-aliasing -fPIC -ftree-parallelize-loops=1 -Wall -Wextra -ffree-form -ffree-line-length-none -std=f2018 -fPIC -c /capstor/scratch/cscs/lhulsbergen/bachelorThesisArtifacts/llr40Matrix/v2/opt_reports/tsvc_2_vpvts/fortran/tsvc_2_vpvts_fp64.f90 -o /capstor/scratch/cscs/lhulsbergen/bachelorThesisArtifacts/llr40Matrix/v2/opt_reports/tsvc_2_vpvts/fortran/build/tsvc_2_vpvts_fp64.f90.o -fopt-info-vec-optimized -fopt-info-vec-missed -fopt-info-loop-optimized
tsvc_2_vpvts,numba,python,numba,opt_reports/tsvc_2_vpvts/numba/tsvc_2_vpvts_numba_np.py,,opt_reports/tsvc_2_vpvts/numba/tsvc_2_vpvts_numba_np.py.s.txt,ok,,,,vpvts,,"@nb.njit(parallel=True, cache=True); inspect_asm()"
tsvc_2_vpvts,c_reference,c,/usr/bin/gcc-14,opt_reports/tsvc_2_vpvts/c_reference/tsvc_2_vpvts_fp64.c,opt_reports/tsvc_2_vpvts/c_reference/tsvc_2_vpvts_fp64.c.optreport.txt,opt_reports/tsvc_2_vpvts/c_reference/tsvc_2_vpvts_fp64.c.s.txt,ok,1,0,0,tsvc_2_vpvts_fp64,,/usr/bin/gcc-14 -O3 -march=native -fopenmp -fno-math-errno -fno-trapping-math -fno-signed-zeros -ffp-contract=fast -fstrict-aliasing -fPIC -include /capstor/scratch/cscs/lhulsbergen/HPCAgent-Bench-v2-aux/hpcagent_bench/envs/vecmath.h -Wall -Wextra -std=c23 -D_POSIX_C_SOURCE=199309L -fPIC -c /capstor/scratch/cscs/lhulsbergen/bachelorThesisArtifacts/llr40Matrix/v2/opt_reports/tsvc_2_vpvts/c_reference/tsvc_2_vpvts_fp64.c -o /capstor/scratch/cscs/lhulsbergen/bachelorThesisArtifacts/llr40Matrix/v2/opt_reports/tsvc_2_vpvts/c_reference/build/tsvc_2_vpvts_fp64.c.o -fopt-info-vec-optimized -fopt-info-vec-missed -fopt-info-loop-optimized
tsvc_2_vpvts,agent,fortran,/users/lhulsbergen/bin/gfortran,opt_reports/tsvc_2_vpvts/agent/tsvc_2_vpvts_fp64.f90,opt_reports/tsvc_2_vpvts/agent/tsvc_2_vpvts_fp64.f90.optreport.txt,opt_reports/tsvc_2_vpvts/agent/tsvc_2_vpvts_fp64.f90.s.txt,ok,2,9,0,tsvc_2_vpvts_fp64._omp_fn.0 tsvc_2_vpvts_fp64,,/users/lhulsbergen/bin/gfortran -O3 -march=native -fopenmp -fno-math-errno -fno-trapping-math -fno-signed-zeros -ffp-contract=fast -fstrict-aliasing -fPIC -ftree-parallelize-loops=1 -Wall -Wextra -ffree-form -ffree-line-length-none -std=f2018 -fPIC -c /capstor/scratch/cscs/lhulsbergen/bachelorThesisArtifacts/llr40Matrix/v2/opt_reports/tsvc_2_vpvts/agent/tsvc_2_vpvts_fp64.f90 -o /capstor/scratch/cscs/lhulsbergen/bachelorThesisArtifacts/llr40Matrix/v2/opt_reports/tsvc_2_vpvts/agent/build/tsvc_2_vpvts_fp64.f90.o -fopt-info-vec-optimized -fopt-info-vec-missed -fopt-info-loop-optimized
tsvc_2_vtvtv,c,c,/usr/bin/gcc-14,opt_reports/tsvc_2_vtvtv/c/tsvc_2_vtvtv_fp64.c,opt_reports/tsvc_2_vtvtv/c/tsvc_2_vtvtv_fp64.c.optreport.txt,opt_reports/tsvc_2_vtvtv/c/tsvc_2_vtvtv_fp64.c.s.txt,ok,1,0,0,tsvc_2_vtvtv_fp64,,/usr/bin/gcc-14 -O3 -march=native -fopenmp -fno-math-errno -fno-trapping-math -fno-signed-zeros -ffp-contract=fast -fstrict-aliasing -fPIC -include /capstor/scratch/cscs/lhulsbergen/HPCAgent-Bench-v2-aux/hpcagent_bench/envs/vecmath.h -Wall -Wextra -std=c23 -D_POSIX_C_SOURCE=199309L -fPIC -c /capstor/scratch/cscs/lhulsbergen/bachelorThesisArtifacts/llr40Matrix/v2/opt_reports/tsvc_2_vtvtv/c/tsvc_2_vtvtv_fp64.c -o /capstor/scratch/cscs/lhulsbergen/bachelorThesisArtifacts/llr40Matrix/v2/opt_reports/tsvc_2_vtvtv/c/build/tsvc_2_vtvtv_fp64.c.o -fopt-info-vec-optimized -fopt-info-vec-missed -fopt-info-loop-optimized
tsvc_2_vtvtv,cpp,cpp,/users/lhulsbergen/bin/g++,opt_reports/tsvc_2_vtvtv/cpp/tsvc_2_vtvtv_fp64.cpp,opt_reports/tsvc_2_vtvtv/cpp/tsvc_2_vtvtv_fp64.cpp.optreport.txt,opt_reports/tsvc_2_vtvtv/cpp/tsvc_2_vtvtv_fp64.cpp.s.txt,ok,1,0,0,tsvc_2_vtvtv_fp64,,/users/lhulsbergen/bin/g++ -O3 -march=native -fopenmp -fno-math-errno -fno-trapping-math -fno-signed-zeros -ffp-contract=fast -fstrict-aliasing -fPIC -include /capstor/scratch/cscs/lhulsbergen/HPCAgent-Bench-v2-aux/hpcagent_bench/envs/vecmath.h -Wall -Wextra -std=c++20 -D_POSIX_C_SOURCE=199309L -fPIC -c /capstor/scratch/cscs/lhulsbergen/bachelorThesisArtifacts/llr40Matrix/v2/opt_reports/tsvc_2_vtvtv/cpp/tsvc_2_vtvtv_fp64.cpp -o /capstor/scratch/cscs/lhulsbergen/bachelorThesisArtifacts/llr40Matrix/v2/opt_reports/tsvc_2_vtvtv/cpp/build/tsvc_2_vtvtv_fp64.cpp.o -fopt-info-vec-optimized -fopt-info-vec-missed -fopt-info-loop-optimized
tsvc_2_vtvtv,fortran,fortran,/users/lhulsbergen/bin/gfortran,opt_reports/tsvc_2_vtvtv/fortran/tsvc_2_vtvtv_fp64.f90,opt_reports/tsvc_2_vtvtv/fortran/tsvc_2_vtvtv_fp64.f90.optreport.txt,opt_reports/tsvc_2_vtvtv/fortran/tsvc_2_vtvtv_fp64.f90.s.txt,ok,1,0,0,tsvc_2_vtvtv_fp64,,/users/lhulsbergen/bin/gfortran -O3 -march=native -fopenmp -fno-math-errno -fno-trapping-math -fno-signed-zeros -ffp-contract=fast -fstrict-aliasing -fPIC -ftree-parallelize-loops=1 -Wall -Wextra -ffree-form -ffree-line-length-none -std=f2018 -fPIC -c /capstor/scratch/cscs/lhulsbergen/bachelorThesisArtifacts/llr40Matrix/v2/opt_reports/tsvc_2_vtvtv/fortran/tsvc_2_vtvtv_fp64.f90 -o /capstor/scratch/cscs/lhulsbergen/bachelorThesisArtifacts/llr40Matrix/v2/opt_reports/tsvc_2_vtvtv/fortran/build/tsvc_2_vtvtv_fp64.f90.o -fopt-info-vec-optimized -fopt-info-vec-missed -fopt-info-loop-optimized
tsvc_2_vtvtv,numba,python,numba,opt_reports/tsvc_2_vtvtv/numba/tsvc_2_vtvtv_numba_np.py,,opt_reports/tsvc_2_vtvtv/numba/tsvc_2_vtvtv_numba_np.py.s.txt,ok,,,,vtvtv,,"@nb.njit(parallel=True, cache=True); inspect_asm()"
tsvc_2_vtvtv,c_reference,c,/usr/bin/gcc-14,opt_reports/tsvc_2_vtvtv/c_reference/tsvc_2_vtvtv_fp64.c,opt_reports/tsvc_2_vtvtv/c_reference/tsvc_2_vtvtv_fp64.c.optreport.txt,opt_reports/tsvc_2_vtvtv/c_reference/tsvc_2_vtvtv_fp64.c.s.txt,ok,1,0,0,tsvc_2_vtvtv_fp64,,/usr/bin/gcc-14 -O3 -march=native -fopenmp -fno-math-errno -fno-trapping-math -fno-signed-zeros -ffp-contract=fast -fstrict-aliasing -fPIC -include /capstor/scratch/cscs/lhulsbergen/HPCAgent-Bench-v2-aux/hpcagent_bench/envs/vecmath.h -Wall -Wextra -std=c23 -D_POSIX_C_SOURCE=199309L -fPIC -c /capstor/scratch/cscs/lhulsbergen/bachelorThesisArtifacts/llr40Matrix/v2/opt_reports/tsvc_2_vtvtv/c_reference/tsvc_2_vtvtv_fp64.c -o /capstor/scratch/cscs/lhulsbergen/bachelorThesisArtifacts/llr40Matrix/v2/opt_reports/tsvc_2_vtvtv/c_reference/build/tsvc_2_vtvtv_fp64.c.o -fopt-info-vec-optimized -fopt-info-vec-missed -fopt-info-loop-optimized
tsvc_2_vtvtv,agent,fortran,/users/lhulsbergen/bin/gfortran,opt_reports/tsvc_2_vtvtv/agent/tsvc_2_vtvtv_fp64.f90,opt_reports/tsvc_2_vtvtv/agent/tsvc_2_vtvtv_fp64.f90.optreport.txt,opt_reports/tsvc_2_vtvtv/agent/tsvc_2_vtvtv_fp64.f90.s.txt,ok,2,5,0,tsvc_2_vtvtv_fp64._omp_fn.0 tsvc_2_vtvtv_fp64,,/users/lhulsbergen/bin/gfortran -O3 -march=native -fopenmp -fno-math-errno -fno-trapping-math -fno-signed-zeros -ffp-contract=fast -fstrict-aliasing -fPIC -ftree-parallelize-loops=1 -Wall -Wextra -ffree-form -ffree-line-length-none -std=f2018 -fPIC -c /capstor/scratch/cscs/lhulsbergen/bachelorThesisArtifacts/llr40Matrix/v2/opt_reports/tsvc_2_vtvtv/agent/tsvc_2_vtvtv_fp64.f90 -o /capstor/scratch/cscs/lhulsbergen/bachelorThesisArtifacts/llr40Matrix/v2/opt_reports/tsvc_2_vtvtv/agent/build/tsvc_2_vtvtv_fp64.f90.o -fopt-info-vec-optimized -fopt-info-vec-missed -fopt-info-loop-optimized
versioned_distance_update,c,c,/usr/bin/gcc-14,opt_reports/versioned_distance_update/c/versioned_distance_update_fp64.c,opt_reports/versioned_distance_update/c/versioned_distance_update_fp64.c.optreport.txt,opt_reports/versioned_distance_update/c/versioned_distance_update_fp64.c.s.txt,ok,2,0,0,versioned_distance_update_fp64,,/usr/bin/gcc-14 -O3 -march=native -fopenmp -fno-math-errno -fno-trapping-math -fno-signed-zeros -ffp-contract=fast -fstrict-aliasing -fPIC -include /capstor/scratch/cscs/lhulsbergen/HPCAgent-Bench-v2-aux/hpcagent_bench/envs/vecmath.h -Wall -Wextra -std=c23 -D_POSIX_C_SOURCE=199309L -fPIC -c /capstor/scratch/cscs/lhulsbergen/bachelorThesisArtifacts/llr40Matrix/v2/opt_reports/versioned_distance_update/c/versioned_distance_update_fp64.c -o /capstor/scratch/cscs/lhulsbergen/bachelorThesisArtifacts/llr40Matrix/v2/opt_reports/versioned_distance_update/c/build/versioned_distance_update_fp64.c.o -fopt-info-vec-optimized -fopt-info-vec-missed -fopt-info-loop-optimized
versioned_distance_update,cpp,cpp,/users/lhulsbergen/bin/g++,opt_reports/versioned_distance_update/cpp/versioned_distance_update_fp64.cpp,opt_reports/versioned_distance_update/cpp/versioned_distance_update_fp64.cpp.optreport.txt,opt_reports/versioned_distance_update/cpp/versioned_distance_update_fp64.cpp.s.txt,ok,2,0,0,versioned_distance_update_fp64,,/users/lhulsbergen/bin/g++ -O3 -march=native -fopenmp -fno-math-errno -fno-trapping-math -fno-signed-zeros -ffp-contract=fast -fstrict-aliasing -fPIC -include /capstor/scratch/cscs/lhulsbergen/HPCAgent-Bench-v2-aux/hpcagent_bench/envs/vecmath.h -Wall -Wextra -std=c++20 -D_POSIX_C_SOURCE=199309L -fPIC -c /capstor/scratch/cscs/lhulsbergen/bachelorThesisArtifacts/llr40Matrix/v2/opt_reports/versioned_distance_update/cpp/versioned_distance_update_fp64.cpp -o /capstor/scratch/cscs/lhulsbergen/bachelorThesisArtifacts/llr40Matrix/v2/opt_reports/versioned_distance_update/cpp/build/versioned_distance_update_fp64.cpp.o -fopt-info-vec-optimized -fopt-info-vec-missed -fopt-info-loop-optimized
versioned_distance_update,fortran,fortran,/users/lhulsbergen/bin/gfortran,opt_reports/versioned_distance_update/fortran/versioned_distance_update_fp64.f90,opt_reports/versioned_distance_update/fortran/versioned_distance_update_fp64.f90.optreport.txt,opt_reports/versioned_distance_update/fortran/versioned_distance_update_fp64.f90.s.txt,ok,2,8,0,versioned_distance_update_fp64,,/users/lhulsbergen/bin/gfortran -O3 -march=native -fopenmp -fno-math-errno -fno-trapping-math -fno-signed-zeros -ffp-contract=fast -fstrict-aliasing -fPIC -ftree-parallelize-loops=1 -Wall -Wextra -ffree-form -ffree-line-length-none -std=f2018 -fPIC -c /capstor/scratch/cscs/lhulsbergen/bachelorThesisArtifacts/llr40Matrix/v2/opt_reports/versioned_distance_update/fortran/versioned_distance_update_fp64.f90 -o /capstor/scratch/cscs/lhulsbergen/bachelorThesisArtifacts/llr40Matrix/v2/opt_reports/versioned_distance_update/fortran/build/versioned_distance_update_fp64.f90.o -fopt-info-vec-optimized -fopt-info-vec-missed -fopt-info-loop-optimized
versioned_distance_update,numba,python,numba,opt_reports/versioned_distance_update/numba/versioned_distance_update_numba_np.py,,opt_reports/versioned_distance_update/numba/versioned_distance_update_numba_np.py.s.txt,ok,,,,versioned_distance_update,,"@nb.njit(parallel=True, cache=True); inspect_asm()"
versioned_distance_update,c_reference,c,,,,,unsupported,,,,,no hand-written _reference.c in the corpus,
versioned_distance_update,agent,fortran,/users/lhulsbergen/bin/gfortran,opt_reports/versioned_distance_update/agent/versioned_distance_update_fp64.f90,opt_reports/versioned_distance_update/agent/versioned_distance_update_fp64.f90.optreport.txt,opt_reports/versioned_distance_update/agent/versioned_distance_update_fp64.f90.s.txt,ok,6,35,0,versioned_distance_update_fp64._omp_fn.0 versioned_distance_update_fp64._omp_fn.1 versioned_distance_update_fp64,,/users/lhulsbergen/bin/gfortran -O3 -march=native -fopenmp -fno-math-errno -fno-trapping-math -fno-signed-zeros -ffp-contract=fast -fstrict-aliasing -fPIC -ftree-parallelize-loops=1 -Wall -Wextra -ffree-form -ffree-line-length-none -std=f2018 -fPIC -c /capstor/scratch/cscs/lhulsbergen/bachelorThesisArtifacts/llr40Matrix/v2/opt_reports/versioned_distance_update/agent/versioned_distance_update_fp64.f90 -o /capstor/scratch/cscs/lhulsbergen/bachelorThesisArtifacts/llr40Matrix/v2/opt_reports/versioned_distance_update/agent/build/versioned_distance_update_fp64.f90.o -fopt-info-vec-optimized -fopt-info-vec-missed -fopt-info-loop-optimized
wf_diff_skew,c,c,/usr/bin/gcc-14,opt_reports/wf_diff_skew/c/wf_diff_skew_fp64.c,opt_reports/wf_diff_skew/c/wf_diff_skew_fp64.c.optreport.txt,opt_reports/wf_diff_skew/c/wf_diff_skew_fp64.c.s.txt,ok,2,2,0,wf_diff_skew_fp64,,/usr/bin/gcc-14 -O3 -march=native -fopenmp -fno-math-errno -fno-trapping-math -fno-signed-zeros -ffp-contract=fast -fstrict-aliasing -fPIC -include /capstor/scratch/cscs/lhulsbergen/HPCAgent-Bench-v2-aux/hpcagent_bench/envs/vecmath.h -Wall -Wextra -std=c23 -D_POSIX_C_SOURCE=199309L -fPIC -c /capstor/scratch/cscs/lhulsbergen/bachelorThesisArtifacts/llr40Matrix/v2/opt_reports/wf_diff_skew/c/wf_diff_skew_fp64.c -o /capstor/scratch/cscs/lhulsbergen/bachelorThesisArtifacts/llr40Matrix/v2/opt_reports/wf_diff_skew/c/build/wf_diff_skew_fp64.c.o -fopt-info-vec-optimized -fopt-info-vec-missed -fopt-info-loop-optimized
wf_diff_skew,cpp,cpp,/users/lhulsbergen/bin/g++,opt_reports/wf_diff_skew/cpp/wf_diff_skew_fp64.cpp,opt_reports/wf_diff_skew/cpp/wf_diff_skew_fp64.cpp.optreport.txt,opt_reports/wf_diff_skew/cpp/wf_diff_skew_fp64.cpp.s.txt,ok,2,2,0,wf_diff_skew_fp64,,/users/lhulsbergen/bin/g++ -O3 -march=native -fopenmp -fno-math-errno -fno-trapping-math -fno-signed-zeros -ffp-contract=fast -fstrict-aliasing -fPIC -include /capstor/scratch/cscs/lhulsbergen/HPCAgent-Bench-v2-aux/hpcagent_bench/envs/vecmath.h -Wall -Wextra -std=c++20 -D_POSIX_C_SOURCE=199309L -fPIC -c /capstor/scratch/cscs/lhulsbergen/bachelorThesisArtifacts/llr40Matrix/v2/opt_reports/wf_diff_skew/cpp/wf_diff_skew_fp64.cpp -o /capstor/scratch/cscs/lhulsbergen/bachelorThesisArtifacts/llr40Matrix/v2/opt_reports/wf_diff_skew/cpp/build/wf_diff_skew_fp64.cpp.o -fopt-info-vec-optimized -fopt-info-vec-missed -fopt-info-loop-optimized
wf_diff_skew,fortran,fortran,/users/lhulsbergen/bin/gfortran,opt_reports/wf_diff_skew/fortran/wf_diff_skew_fp64.f90,opt_reports/wf_diff_skew/fortran/wf_diff_skew_fp64.f90.optreport.txt,opt_reports/wf_diff_skew/fortran/wf_diff_skew_fp64.f90.s.txt,ok,2,2,0,wf_diff_skew_fp64,,/users/lhulsbergen/bin/gfortran -O3 -march=native -fopenmp -fno-math-errno -fno-trapping-math -fno-signed-zeros -ffp-contract=fast -fstrict-aliasing -fPIC -ftree-parallelize-loops=1 -Wall -Wextra -ffree-form -ffree-line-length-none -std=f2018 -fPIC -c /capstor/scratch/cscs/lhulsbergen/bachelorThesisArtifacts/llr40Matrix/v2/opt_reports/wf_diff_skew/fortran/wf_diff_skew_fp64.f90 -o /capstor/scratch/cscs/lhulsbergen/bachelorThesisArtifacts/llr40Matrix/v2/opt_reports/wf_diff_skew/fortran/build/wf_diff_skew_fp64.f90.o -fopt-info-vec-optimized -fopt-info-vec-missed -fopt-info-loop-optimized
wf_diff_skew,numba,python,numba,opt_reports/wf_diff_skew/numba/wf_diff_skew_numba_np.py,,opt_reports/wf_diff_skew/numba/wf_diff_skew_numba_np.py.s.txt,ok,,,,wf_diff_skew,,"@nb.njit(parallel=True, cache=True); inspect_asm()"
wf_diff_skew,c_reference,c,/usr/bin/gcc-14,opt_reports/wf_diff_skew/c_reference/wf_diff_skew_fp64.c,opt_reports/wf_diff_skew/c_reference/wf_diff_skew_fp64.c.optreport.txt,opt_reports/wf_diff_skew/c_reference/wf_diff_skew_fp64.c.s.txt,ok,2,2,0,wf_diff_skew_fp64,,/usr/bin/gcc-14 -O3 -march=native -fopenmp -fno-math-errno -fno-trapping-math -fno-signed-zeros -ffp-contract=fast -fstrict-aliasing -fPIC -include /capstor/scratch/cscs/lhulsbergen/HPCAgent-Bench-v2-aux/hpcagent_bench/envs/vecmath.h -Wall -Wextra -std=c23 -D_POSIX_C_SOURCE=199309L -fPIC -c /capstor/scratch/cscs/lhulsbergen/bachelorThesisArtifacts/llr40Matrix/v2/opt_reports/wf_diff_skew/c_reference/wf_diff_skew_fp64.c -o /capstor/scratch/cscs/lhulsbergen/bachelorThesisArtifacts/llr40Matrix/v2/opt_reports/wf_diff_skew/c_reference/build/wf_diff_skew_fp64.c.o -fopt-info-vec-optimized -fopt-info-vec-missed -fopt-info-loop-optimized
wf_diff_skew,agent,c,/usr/bin/gcc-14,opt_reports/wf_diff_skew/agent/wf_diff_skew_fp64.c,opt_reports/wf_diff_skew/agent/wf_diff_skew_fp64.c.optreport.txt,opt_reports/wf_diff_skew/agent/wf_diff_skew_fp64.c.s.txt,ok,2,8,0,wf_diff_skew_fp64._omp_fn.0 wf_diff_skew_fp64,,/usr/bin/gcc-14 -O3 -march=native -fopenmp -fno-math-errno -fno-trapping-math -fno-signed-zeros -ffp-contract=fast -fstrict-aliasing -fPIC -include /capstor/scratch/cscs/lhulsbergen/HPCAgent-Bench-v2-aux/hpcagent_bench/envs/vecmath.h -Wall -Wextra -std=c23 -D_POSIX_C_SOURCE=199309L -fPIC -c /capstor/scratch/cscs/lhulsbergen/bachelorThesisArtifacts/llr40Matrix/v2/opt_reports/wf_diff_skew/agent/wf_diff_skew_fp64.c -o /capstor/scratch/cscs/lhulsbergen/bachelorThesisArtifacts/llr40Matrix/v2/opt_reports/wf_diff_skew/agent/build/wf_diff_skew_fp64.c.o -fopt-info-vec-optimized -fopt-info-vec-missed -fopt-info-loop-optimized
wf_triangular,c,c,/usr/bin/gcc-14,opt_reports/wf_triangular/c/wf_triangular_fp64.c,opt_reports/wf_triangular/c/wf_triangular_fp64.c.optreport.txt,opt_reports/wf_triangular/c/wf_triangular_fp64.c.s.txt,ok,0,8,1,wf_triangular_fp64,,/usr/bin/gcc-14 -O3 -march=native -fopenmp -fno-math-errno -fno-trapping-math -fno-signed-zeros -ffp-contract=fast -fstrict-aliasing -fPIC -include /capstor/scratch/cscs/lhulsbergen/HPCAgent-Bench-v2-aux/hpcagent_bench/envs/vecmath.h -Wall -Wextra -std=c23 -D_POSIX_C_SOURCE=199309L -fPIC -c /capstor/scratch/cscs/lhulsbergen/bachelorThesisArtifacts/llr40Matrix/v2/opt_reports/wf_triangular/c/wf_triangular_fp64.c -o /capstor/scratch/cscs/lhulsbergen/bachelorThesisArtifacts/llr40Matrix/v2/opt_reports/wf_triangular/c/build/wf_triangular_fp64.c.o -fopt-info-vec-optimized -fopt-info-vec-missed -fopt-info-loop-optimized
wf_triangular,cpp,cpp,/users/lhulsbergen/bin/g++,opt_reports/wf_triangular/cpp/wf_triangular_fp64.cpp,opt_reports/wf_triangular/cpp/wf_triangular_fp64.cpp.optreport.txt,opt_reports/wf_triangular/cpp/wf_triangular_fp64.cpp.s.txt,ok,0,8,1,wf_triangular_fp64,,/users/lhulsbergen/bin/g++ -O3 -march=native -fopenmp -fno-math-errno -fno-trapping-math -fno-signed-zeros -ffp-contract=fast -fstrict-aliasing -fPIC -include /capstor/scratch/cscs/lhulsbergen/HPCAgent-Bench-v2-aux/hpcagent_bench/envs/vecmath.h -Wall -Wextra -std=c++20 -D_POSIX_C_SOURCE=199309L -fPIC -c /capstor/scratch/cscs/lhulsbergen/bachelorThesisArtifacts/llr40Matrix/v2/opt_reports/wf_triangular/cpp/wf_triangular_fp64.cpp -o /capstor/scratch/cscs/lhulsbergen/bachelorThesisArtifacts/llr40Matrix/v2/opt_reports/wf_triangular/cpp/build/wf_triangular_fp64.cpp.o -fopt-info-vec-optimized -fopt-info-vec-missed -fopt-info-loop-optimized
wf_triangular,fortran,fortran,/users/lhulsbergen/bin/gfortran,opt_reports/wf_triangular/fortran/wf_triangular_fp64.f90,opt_reports/wf_triangular/fortran/wf_triangular_fp64.f90.optreport.txt,opt_reports/wf_triangular/fortran/wf_triangular_fp64.f90.s.txt,ok,0,4,1,wf_triangular_fp64,,/users/lhulsbergen/bin/gfortran -O3 -march=native -fopenmp -fno-math-errno -fno-trapping-math -fno-signed-zeros -ffp-contract=fast -fstrict-aliasing -fPIC -ftree-parallelize-loops=1 -Wall -Wextra -ffree-form -ffree-line-length-none -std=f2018 -fPIC -c /capstor/scratch/cscs/lhulsbergen/bachelorThesisArtifacts/llr40Matrix/v2/opt_reports/wf_triangular/fortran/wf_triangular_fp64.f90 -o /capstor/scratch/cscs/lhulsbergen/bachelorThesisArtifacts/llr40Matrix/v2/opt_reports/wf_triangular/fortran/build/wf_triangular_fp64.f90.o -fopt-info-vec-optimized -fopt-info-vec-missed -fopt-info-loop-optimized
wf_triangular,numba,python,numba,opt_reports/wf_triangular/numba/wf_triangular_numba_np.py,,opt_reports/wf_triangular/numba/wf_triangular_numba_np.py.s.txt,ok,,,,wf_triangular,,"@nb.njit(parallel=True, cache=True); inspect_asm()"
wf_triangular,c_reference,c,/usr/bin/gcc-14,opt_reports/wf_triangular/c_reference/wf_triangular_fp64.c,opt_reports/wf_triangular/c_reference/wf_triangular_fp64.c.optreport.txt,opt_reports/wf_triangular/c_reference/wf_triangular_fp64.c.s.txt,ok,0,8,1,wf_triangular_fp64,,/usr/bin/gcc-14 -O3 -march=native -fopenmp -fno-math-errno -fno-trapping-math -fno-signed-zeros -ffp-contract=fast -fstrict-aliasing -fPIC -include /capstor/scratch/cscs/lhulsbergen/HPCAgent-Bench-v2-aux/hpcagent_bench/envs/vecmath.h -Wall -Wextra -std=c23 -D_POSIX_C_SOURCE=199309L -fPIC -c /capstor/scratch/cscs/lhulsbergen/bachelorThesisArtifacts/llr40Matrix/v2/opt_reports/wf_triangular/c_reference/wf_triangular_fp64.c -o /capstor/scratch/cscs/lhulsbergen/bachelorThesisArtifacts/llr40Matrix/v2/opt_reports/wf_triangular/c_reference/build/wf_triangular_fp64.c.o -fopt-info-vec-optimized -fopt-info-vec-missed -fopt-info-loop-optimized
wf_triangular,agent,c,/usr/bin/gcc-14,opt_reports/wf_triangular/agent/wf_triangular_fp64.c,opt_reports/wf_triangular/agent/wf_triangular_fp64.c.optreport.txt,opt_reports/wf_triangular/agent/wf_triangular_fp64.c.s.txt,ok,0,40,2,wf_triangular_fp64._omp_fn.0 wf_triangular_fp64._omp_fn.1 wf_triangular_fp64,,/usr/bin/gcc-14 -O3 -march=native -fopenmp -fno-math-errno -fno-trapping-math -fno-signed-zeros -ffp-contract=fast -fstrict-aliasing -fPIC -include /capstor/scratch/cscs/lhulsbergen/HPCAgent-Bench-v2-aux/hpcagent_bench/envs/vecmath.h -Wall -Wextra -std=c23 -D_POSIX_C_SOURCE=199309L -fPIC -c /capstor/scratch/cscs/lhulsbergen/bachelorThesisArtifacts/llr40Matrix/v2/opt_reports/wf_triangular/agent/wf_triangular_fp64.c -o /capstor/scratch/cscs/lhulsbergen/bachelorThesisArtifacts/llr40Matrix/v2/opt_reports/wf_triangular/agent/build/wf_triangular_fp64.c.o -fopt-info-vec-optimized -fopt-info-vec-missed -fopt-info-loop-optimized
