kernel,representation,preset,flags_variant,status,time_ns_median,time_ns_min,time_ns_all,compiler,compiler_version,flags,threads,n_warmup,n_reps,commit_hash,timestamp,notes,slurm_job
argmax_with_index,c,M,,ok,72613509,71557764,72190257 72988602 71959416 73068567 72168818 72759265 72349997 73810882 72456042 72750721 72107028 73006617 72604678 72622853 72411691 72684803 72177074 73673606 72102068 72772384 71706304 72768385 72399596 72854877 71713920 72738337 72387660 73043672 71557764 72622341,gcc,gcc-14 (SUSE Linux) 14.2.0 [/usr/bin/gcc-14],-O3 -march=native -fopenmp -fno-math-errno -fno-trapping-math -fno-signed-zeros  -ffp-contract=fast -fstrict-aliasing -fPIC -include /capstor/scratch/cscs/lhulsbergen/HPCAgent-Bench-v2/hpcagent_bench/envs/vecmath.h -Wall -Wextra,1,5,30,26a4f0cfc1540cead109dfc8d736f1c45263e390,2026-10-02T16:37:34+0200,,debug/4969572
argmax_with_index,cpp,M,,ok,72275816,71491535,72241040 72379637 71783399 72452339 72109918 72540848 72525617 72432340 71756424 72820679 82231436 72554160 72056767 72384917 72097054 72275321 72033280 72276312 72025888 72414293 71848901 72489938 71721225 72426931 72683212 72632653 71556782 71900004 71491535 72205563,g++,g++ (SUSE Linux) 13.3.1 20250313 [revision 4ef1d8c84faeebffeb0cc01ee22e891b41e5c4e0] [/users/lhulsbergen/bin/g++],-O3 -march=native -fopenmp -fno-math-errno -fno-trapping-math -fno-signed-zeros  -ffp-contract=fast -fstrict-aliasing -fPIC -include /capstor/scratch/cscs/lhulsbergen/HPCAgent-Bench-v2/hpcagent_bench/envs/vecmath.h -Wall -Wextra,1,5,30,26a4f0cfc1540cead109dfc8d736f1c45263e390,2026-10-02T16:37:45+0200,,debug/4969572
argmax_with_index,fortran,M,,ok,72135212,71737544,72134972 72292151 72135453 72149724 72483250 72738218 72486322 72184091 72586670 72787177 72271736 72644238 72115933 72490962 72590799 71901091 71877092 71737544 72009120 72144956 72004193 71899140 71796326 71760263 71903172 71994112 71740009 72423859 71738249 71927779,gfortran,GNU Fortran (SUSE Linux) 13.3.1 20250313 [revision 4ef1d8c84faeebffeb0cc01ee22e891b41e5c4e0] [/users/lhulsbergen/bin/gfortran],-O3 -march=native -fopenmp -fno-math-errno -fno-trapping-math -fno-signed-zeros  -ffp-contract=fast -fstrict-aliasing -fPIC -ftree-parallelize-loops=1 -Wall -Wextra,1,5,30,26a4f0cfc1540cead109dfc8d736f1c45263e390,2026-10-02T16:37:56+0200,,debug/4969572
argmax_with_index,numba,M,,ok,179102397,178572973,179123548 179505392 178615947 179478961 179270232 179075869 179700170 179529264 179055742 179190714 179193114 178945761 178795014 180085119 179087614 178868516 178572973 179793671 179308470 178795909 178837541 179083357 178661706 179493169 179438994 179066334 179362965 178756743 179117181 178666538,numba,numba 0.67.0,"@nb.njit(parallel=True, cache=True)",1,5,30,26a4f0cfc1540cead109dfc8d736f1c45263e390,2026-10-02T16:38:11+0200,,debug/4969572
argmax_with_index,c_reference,M,,ok,71879652,71477489,72132541 71948834 72397269 72296791 72329718 72363189 71939138 71937027 72085758 72360469 71908643 71978081 71591277 71808327 71850661 71734121 71546894 71787335 71751304 72164219 71527183 71660907 71588877 71671402 72415828 71576717 71780647 71477489 71692106 72271032,gcc,gcc-14 (SUSE Linux) 14.2.0 [/usr/bin/gcc-14],-O3 -march=native -fopenmp -fno-math-errno -fno-trapping-math -fno-signed-zeros  -ffp-contract=fast -fstrict-aliasing -fPIC -include /capstor/scratch/cscs/lhulsbergen/HPCAgent-Bench-v2/hpcagent_bench/envs/vecmath.h -Wall -Wextra,1,5,30,26a4f0cfc1540cead109dfc8d736f1c45263e390,2026-10-02T16:38:23+0200,source=argmax_with_index_reference.c sha256=1cf93d4244fe5cee,debug/4969572
argmax_with_index,agent,M,,ok,72007150,71712886,72039423 72395765 72846996 72319716 72200039 72489439 73785272 73262024 72566173 72127114 71914832 71907601 71849203 72042476 71746741 72109258 71763732 72144041 71777749 71912176 71936272 71997582 71943023 71902481 71712886 71779476 71963822 71868529 72016718 80893538,gcc,gcc-14 (SUSE Linux) 14.2.0 [/usr/bin/gcc-14],-O3 -march=native -fopenmp -fno-math-errno -fno-trapping-math -fno-signed-zeros  -ffp-contract=fast -fstrict-aliasing -fPIC -include /capstor/scratch/cscs/lhulsbergen/HPCAgent-Bench-v2/hpcagent_bench/envs/vecmath.h -Wall -Wextra,1,5,30,26a4f0cfc1540cead109dfc8d736f1c45263e390,2026-10-02T16:38:50+0200,rank=5 arm=llr40v10-qwen38-c job=621016 seq=1 lang=c campaign_speedup=15.585 sha256=5360f2a4292b3ea0,debug/4969572
compact_threshold_pack,c,M,,ok,111925539,110855650,112223771 111834438 111397747 111778216 111760776 112332312 110855650 111814214 112198971 112346743 111908260 111838982 112028672 110907137 112609711 111274615 112249050 112231323 111478481 111755464 111985154 112391446 112351031 111795463 112557521 112959173 111844006 111997825 111942819 111837350,gcc,gcc-14 (SUSE Linux) 14.2.0 [/usr/bin/gcc-14],-O3 -march=native -fopenmp -fno-math-errno -fno-trapping-math -fno-signed-zeros  -ffp-contract=fast -fstrict-aliasing -fPIC -include /capstor/scratch/cscs/lhulsbergen/HPCAgent-Bench-v2/hpcagent_bench/envs/vecmath.h -Wall -Wextra,1,5,30,26a4f0cfc1540cead109dfc8d736f1c45263e390,2026-10-02T16:38:32+0200,,debug/4969572
compact_threshold_pack,cpp,M,,ok,112233231,111388728,111654480 114748693 123297562 111634737 112485976 111899529 112762064 112446073 112699026 112024837 111709230 112233600 112696497 111657424 113287744 111914632 112654707 112072804 112638259 111971111 112338907 112331804 111388728 111447702 112543797 111958503 112363739 111651920 112050404 112232863,g++,g++ (SUSE Linux) 13.3.1 20250313 [revision 4ef1d8c84faeebffeb0cc01ee22e891b41e5c4e0] [/users/lhulsbergen/bin/g++],-O3 -march=native -fopenmp -fno-math-errno -fno-trapping-math -fno-signed-zeros  -ffp-contract=fast -fstrict-aliasing -fPIC -include /capstor/scratch/cscs/lhulsbergen/HPCAgent-Bench-v2/hpcagent_bench/envs/vecmath.h -Wall -Wextra,1,5,30,26a4f0cfc1540cead109dfc8d736f1c45263e390,2026-10-02T16:38:52+0200,,debug/4969572
compact_threshold_pack,fortran,M,,ok,112213359,111102432,112375355 112612564 112604532 112341884 112530167 112442265 111961000 112357627 112726832 112066948 111426807 112112387 113151044 111997510 112343036 111102432 112016453 111126720 112627603 112126146 112377467 112503735 111218270 112034917 112405946 111734894 111821099 111724206 112300573 111135615,gfortran,GNU Fortran (SUSE Linux) 13.3.1 20250313 [revision 4ef1d8c84faeebffeb0cc01ee22e891b41e5c4e0] [/users/lhulsbergen/bin/gfortran],-O3 -march=native -fopenmp -fno-math-errno -fno-trapping-math -fno-signed-zeros  -ffp-contract=fast -fstrict-aliasing -fPIC -ftree-parallelize-loops=1 -Wall -Wextra,1,5,30,26a4f0cfc1540cead109dfc8d736f1c45263e390,2026-10-02T16:39:12+0200,,debug/4969572
compact_threshold_pack,numba,M,,ok,106611348,106151058,106351084 106605701 106784127 106785664 106151058 107019640 106896828 106633956 106904860 106575781 106300013 106448488 107103446 106824670 106525351 106796479 106611908 106486888 106627684 106784767 106322732 106369099 106387691 106610789 106826270 106346124 106840286 106877021 106440106 106270927,numba,numba 0.67.0,"@nb.njit(parallel=True, cache=True)",1,5,30,26a4f0cfc1540cead109dfc8d736f1c45263e390,2026-10-02T16:39:32+0200,,debug/4969572
compact_threshold_pack,c_reference,M,,unsupported,,,,gcc,gcc-14 (SUSE Linux) 14.2.0 [/usr/bin/gcc-14],-O3 -march=native -fopenmp -fno-math-errno -fno-trapping-math -fno-signed-zeros  -ffp-contract=fast -fstrict-aliasing -fPIC -include /capstor/scratch/cscs/lhulsbergen/HPCAgent-Bench-v2/hpcagent_bench/envs/vecmath.h -Wall -Wextra,1,5,0,26a4f0cfc1540cead109dfc8d736f1c45263e390,2026-10-02T16:39:32+0200,no hand-written _reference.c in the corpus,debug/4969572
compact_threshold_pack,agent,M,,ok,144857109,143683320,144898163 145521441 143683320 144839606 145711836 143970959 144517567 145147596 144258566 144987825 144825077 144538943 145019759 144551550 144196905 144809654 144807351 144665658 144553694 144964050 144874612 145081934 145410372 145388453 144406594 145370598 145113197 144506432 145569407 145435492,gcc,gcc-14 (SUSE Linux) 14.2.0 [/usr/bin/gcc-14],-O3 -march=native -fopenmp -fno-math-errno -fno-trapping-math -fno-signed-zeros  -ffp-contract=fast -fstrict-aliasing -fPIC -include /capstor/scratch/cscs/lhulsbergen/HPCAgent-Bench-v2/hpcagent_bench/envs/vecmath.h -Wall -Wextra,1,5,30,26a4f0cfc1540cead109dfc8d736f1c45263e390,2026-10-02T16:39:59+0200,rank=2 arm=llr40v10-qwen38-c job=621383 seq=1 lang=c campaign_speedup=11.678 sha256=c3bbca9bc6710a07,debug/4969572
ext_break_capture,c,M,,ok,67386184,67081217,67376600 67264987 67620722 67472181 67396888 67571251 67528180 67378681 67617298 67471318 67393688 67410264 67375928 67214461 67531315 67403639 67237309 67373785 67453462 67866986 67190750 67236668 67433463 67293179 67199422 67081217 67499253 67251100 67136864 67259836,gcc,gcc-14 (SUSE Linux) 14.2.0 [/usr/bin/gcc-14],-O3 -march=native -fopenmp -fno-math-errno -fno-trapping-math -fno-signed-zeros  -ffp-contract=fast -fstrict-aliasing -fPIC -include /capstor/scratch/cscs/lhulsbergen/HPCAgent-Bench-v2/hpcagent_bench/envs/vecmath.h -Wall -Wextra,1,5,30,26a4f0cfc1540cead109dfc8d736f1c45263e390,2026-10-02T16:39:09+0200,,debug/4969572
ext_break_capture,cpp,M,,ok,67174910,66444149,67519316 67377688 67423511 67838762 67243389 67237373 67622545 67477494 67282972 67168094 67261565 67666032 67156287 66878887 67333977 67281883 67150847 66808778 67181726 67061890 66755436 66668430 67022115 66835688 66707309 77055094 66816937 66725420 66794090 66444149,g++,g++ (SUSE Linux) 13.3.1 20250313 [revision 4ef1d8c84faeebffeb0cc01ee22e891b41e5c4e0] [/users/lhulsbergen/bin/g++],-O3 -march=native -fopenmp -fno-math-errno -fno-trapping-math -fno-signed-zeros  -ffp-contract=fast -fstrict-aliasing -fPIC -include /capstor/scratch/cscs/lhulsbergen/HPCAgent-Bench-v2/hpcagent_bench/envs/vecmath.h -Wall -Wextra,1,5,30,26a4f0cfc1540cead109dfc8d736f1c45263e390,2026-10-02T16:39:22+0200,,debug/4969572
ext_break_capture,fortran,M,,ok,67112816,66867880,67185246 67143008 67244892 68033957 67463703 67028419 67162271 67226077 67265244 67008867 66870055 67045666 67188990 66926022 67118624 66949733 67255388 67020995 67033123 66980068 67166238 67047523 67005764 67064162 67131361 66898119 67166014 66867880 67107009 67310875,gfortran,GNU Fortran (SUSE Linux) 13.3.1 20250313 [revision 4ef1d8c84faeebffeb0cc01ee22e891b41e5c4e0] [/users/lhulsbergen/bin/gfortran],-O3 -march=native -fopenmp -fno-math-errno -fno-trapping-math -fno-signed-zeros  -ffp-contract=fast -fstrict-aliasing -fPIC -ftree-parallelize-loops=1 -Wall -Wextra,1,5,30,26a4f0cfc1540cead109dfc8d736f1c45263e390,2026-10-02T16:39:36+0200,,debug/4969572
ext_break_capture,numba,M,,ok,71176790,70906095,70995724 70906095 71525052 71116840 71001644 71019083 71251364 71494876 71085161 71018059 71244612 71225605 71043787 70951085 71279619 71359712 71143336 71010475 71317730 71365185 71152519 71140039 71214085 71498333 71034763 71201062 71355937 71372609 71054749 71259031,numba,numba 0.67.0,"@nb.njit(parallel=True, cache=True)",1,5,30,26a4f0cfc1540cead109dfc8d736f1c45263e390,2026-10-02T16:39:49+0200,,debug/4969572
ext_break_capture,c_reference,M,,ok,67379276,66914778,67598821 67777632 67272592 67089557 67528360 67180882 66969657 67002295 67443659 67246544 66984312 66914778 67376365 67340973 67147987 67016151 67460650 67355821 67566567 67382188 67499048 67390796 67493577 67233073 67431819 67441803 67258416 67703394 68158645 67527111,gcc,gcc-14 (SUSE Linux) 14.2.0 [/usr/bin/gcc-14],-O3 -march=native -fopenmp -fno-math-errno -fno-trapping-math -fno-signed-zeros  -ffp-contract=fast -fstrict-aliasing -fPIC -include /capstor/scratch/cscs/lhulsbergen/HPCAgent-Bench-v2/hpcagent_bench/envs/vecmath.h -Wall -Wextra,1,5,30,26a4f0cfc1540cead109dfc8d736f1c45263e390,2026-10-02T16:40:03+0200,source=ext_break_capture_reference.c sha256=c8a1d98b15a038f4,debug/4969572
ext_break_capture,agent,M,,ok,29924280,29684735,30419081 29826043 30147058 29986774 29832827 29902840 30046165 29823451 30020277 29930008 29970999 29832027 29940760 30549477 29684735 29948119 29907864 29787964 29759453 30061460 29700415 30032180 30058356 29799548 29918872 29790684 29929688 29917560 29857754 29973271,gcc,gcc-14 (SUSE Linux) 14.2.0 [/usr/bin/gcc-14],-O3 -march=native -fopenmp -fno-math-errno -fno-trapping-math -fno-signed-zeros  -ffp-contract=fast -fstrict-aliasing -fPIC -include /capstor/scratch/cscs/lhulsbergen/HPCAgent-Bench-v2/hpcagent_bench/envs/vecmath.h -Wall -Wextra,1,5,30,26a4f0cfc1540cead109dfc8d736f1c45263e390,2026-10-02T16:40:20+0200,rank=2 arm=llr40v10-qwen38-c job=621383 seq=1 lang=c campaign_speedup=9.763 sha256=099bb334d1962157,debug/4969572
ext_war_unit,c,M,,ok,61983132,61616215,169365354 62117353 61985324 62238085 61701268 61877488 61932270 61773554 61940910 61712852 62125736 61708852 61616215 61761843 62071754 62111208 62062442 61942478 62275972 62017867 61943790 62030987 62030283 61980940 61923182 61902831 62600506 62159016 61868720 62112008,gcc,gcc-14 (SUSE Linux) 14.2.0 [/usr/bin/gcc-14],-O3 -march=native -fopenmp -fno-math-errno -fno-trapping-math -fno-signed-zeros  -ffp-contract=fast -fstrict-aliasing -fPIC -include /capstor/scratch/cscs/lhulsbergen/HPCAgent-Bench-v2/hpcagent_bench/envs/vecmath.h -Wall -Wextra,1,5,30,26a4f0cfc1540cead109dfc8d736f1c45263e390,2026-10-02T16:38:58+0200,,debug/4969572
ext_war_unit,cpp,M,,ok,61772658,61468411,62891154 61821233 61772338 61938733 62126152 61821361 61671061 61787090 61668437 61756915 61670037 61756083 61523834 61983020 61931758 61703125 61662614 61559321 61589048 62283107 62106792 61886320 61468411 61536697 61772978 62021292 61667765 61729876 66825375 62070410,g++,g++ (SUSE Linux) 13.3.1 20250313 [revision 4ef1d8c84faeebffeb0cc01ee22e891b41e5c4e0] [/users/lhulsbergen/bin/g++],-O3 -march=native -fopenmp -fno-math-errno -fno-trapping-math -fno-signed-zeros  -ffp-contract=fast -fstrict-aliasing -fPIC -include /capstor/scratch/cscs/lhulsbergen/HPCAgent-Bench-v2/hpcagent_bench/envs/vecmath.h -Wall -Wextra,1,5,30,26a4f0cfc1540cead109dfc8d736f1c45263e390,2026-10-02T16:39:13+0200,,debug/4969572
ext_war_unit,fortran,M,,ok,60883724,60447386,60876685 61052615 61108998 60592629 60645236 60447386 60998089 60982313 61237346 61461180 61069799 60874637 60744304 60804271 61188676 61097766 60942475 60770799 60817134 60791632 60968170 60724049 60890764 60725425 60998537 61073927 61138853 60774735 60798287 60662131,gfortran,GNU Fortran (SUSE Linux) 13.3.1 20250313 [revision 4ef1d8c84faeebffeb0cc01ee22e891b41e5c4e0] [/users/lhulsbergen/bin/gfortran],-O3 -march=native -fopenmp -fno-math-errno -fno-trapping-math -fno-signed-zeros  -ffp-contract=fast -fstrict-aliasing -fPIC -ftree-parallelize-loops=1 -Wall -Wextra,1,5,30,26a4f0cfc1540cead109dfc8d736f1c45263e390,2026-10-02T16:39:28+0200,,debug/4969572
ext_war_unit,numba,M,,ok,61807953,61481403,62169031 61735475 61969869 61481403 63439873 61547960 61762579 61804466 62171687 61574872 61655542 61811441 62045035 61557016 61779283 62087657 61929358 62241637 61758483 61889103 61821201 61517722 61752499 61800945 61812561 61789938 61854001 62231237 61989420 61764819,numba,numba 0.67.0,"@nb.njit(parallel=True, cache=True)",1,5,30,26a4f0cfc1540cead109dfc8d736f1c45263e390,2026-10-02T16:39:43+0200,,debug/4969572
ext_war_unit,c_reference,M,,ok,61747388,61311801,61878568 61630352 61716972 61604048 61519987 61786667 61750412 61609936 61676589 61756236 61744364 61678253 61311801 61725133 61902343 61668111 62006660 68270981 61840649 61859688 61576593 61873639 61963685 61776939 61568370 61968133 61379095 61738092 61794058 62143935,gcc,gcc-14 (SUSE Linux) 14.2.0 [/usr/bin/gcc-14],-O3 -march=native -fopenmp -fno-math-errno -fno-trapping-math -fno-signed-zeros  -ffp-contract=fast -fstrict-aliasing -fPIC -include /capstor/scratch/cscs/lhulsbergen/HPCAgent-Bench-v2/hpcagent_bench/envs/vecmath.h -Wall -Wextra,1,5,30,26a4f0cfc1540cead109dfc8d736f1c45263e390,2026-10-02T16:39:58+0200,source=ext_war_unit_reference.c sha256=2ee53f9778ce59a0,debug/4969572
ext_war_unit,agent,M,,ok,61899751,61548049,61993189 61786666 61926503 62162175 62125472 61662222 61890023 61592433 62154784 61951526 61843817 62013571 61548049 61981028 61997508 61694541 61797706 61672718 61629872 62208765 61909479 61789386 61756331 61838921 61857288 61963110 61974117 65037736 61630319 62096737,gcc,gcc-14 (SUSE Linux) 14.2.0 [/usr/bin/gcc-14],-O3 -march=native -fopenmp -fno-math-errno -fno-trapping-math -fno-signed-zeros  -ffp-contract=fast -fstrict-aliasing -fPIC -include /capstor/scratch/cscs/lhulsbergen/HPCAgent-Bench-v2/hpcagent_bench/envs/vecmath.h -Wall -Wextra,1,5,30,26a4f0cfc1540cead109dfc8d736f1c45263e390,2026-10-02T16:40:13+0200,rank=1 arm=llr40v10-kimi27sglang-c job=621729 seq=3 lang=c campaign_speedup=5.996 sha256=20906b99b5e25abf,debug/4969572
fuse_diamond,c,M,,ok,175849195,168808996,175944744 169558797 176911594 168943136 175764590 169355219 176305309 168867554 176165825 169865731 176984392 168808996 176299933 169859076 176792205 169231735 175974983 169767942 175933800 169305109 175533109 170148378 176259423 559156528 177624500 170623308 176902730 179466427 177312349 170416850,gcc,gcc-14 (SUSE Linux) 14.2.0 [/usr/bin/gcc-14],-O3 -march=native -fopenmp -fno-math-errno -fno-trapping-math -fno-signed-zeros  -ffp-contract=fast -fstrict-aliasing -fPIC -include /capstor/scratch/cscs/lhulsbergen/HPCAgent-Bench-v2/hpcagent_bench/envs/vecmath.h -Wall -Wextra,1,5,30,26a4f0cfc1540cead109dfc8d736f1c45263e390,2026-10-02T16:31:45+0200,,debug/4969572
fuse_diamond,cpp,M,,ok,174725165,169300309,180448989 169857476 179660885 169447056 179328543 169720649 179556376 169507087 185337862 170420946 179596662 169304725 179433052 170053694 179619606 169300309 179947148 169903362 179549336 169384114 179792561 169643403 179029385 169434385 179319136 169648970 179450011 169502767 179647125 169935298,g++,g++ (SUSE Linux) 13.3.1 20250313 [revision 4ef1d8c84faeebffeb0cc01ee22e891b41e5c4e0] [/users/lhulsbergen/bin/g++],-O3 -march=native -fopenmp -fno-math-errno -fno-trapping-math -fno-signed-zeros  -ffp-contract=fast -fstrict-aliasing -fPIC -include /capstor/scratch/cscs/lhulsbergen/HPCAgent-Bench-v2/hpcagent_bench/envs/vecmath.h -Wall -Wextra,1,5,30,26a4f0cfc1540cead109dfc8d736f1c45263e390,2026-10-02T16:32:02+0200,,debug/4969572
fuse_diamond,fortran,M,,ok,172650759,167842498,175406456 167842498 176124482 168146136 175177343 168085882 175673648 168302996 176072388 168224239 176741583 168306631 175254209 170439584 179004228 170838035 173381055 171913871 174137862 171707735 174280001 171464639 173206053 170838387 173976236 171483165 172504349 172797170 173824016 172080650,gfortran,GNU Fortran (SUSE Linux) 13.3.1 20250313 [revision 4ef1d8c84faeebffeb0cc01ee22e891b41e5c4e0] [/users/lhulsbergen/bin/gfortran],-O3 -march=native -fopenmp -fno-math-errno -fno-trapping-math -fno-signed-zeros  -ffp-contract=fast -fstrict-aliasing -fPIC -ftree-parallelize-loops=1 -Wall -Wextra,1,5,30,26a4f0cfc1540cead109dfc8d736f1c45263e390,2026-10-02T16:32:18+0200,,debug/4969572
fuse_diamond,numba,M,,ok,199010715,186439277,201295167 186439277 201469626 187385390 200559640 186911998 201165860 187368749 200406653 187286832 201603701 187997369 200878829 187536457 201256736 186837631 201942506 187846622 201962698 187041240 201875244 188299183 200945835 187382382 200971435 187850174 200332127 399004566 197689303 189440522,numba,numba 0.67.0,"@nb.njit(parallel=True, cache=True)",1,5,30,26a4f0cfc1540cead109dfc8d736f1c45263e390,2026-10-02T16:32:35+0200,,debug/4969572
fuse_diamond,c_reference,M,,ok,30184324,29838016,30163925 30112759 29950205 30109751 30204724 30072633 29838016 29946749 30410158 30161910 38944402 35991316 30962555 29921630 32438314 30147798 30218612 29968380 30138071 30414285 30299953 30560168 30424397 30057978 30070201 30374542 30163349 30232947 30569480 30342864,gcc,gcc-14 (SUSE Linux) 14.2.0 [/usr/bin/gcc-14],-O3 -march=native -fopenmp -fno-math-errno -fno-trapping-math -fno-signed-zeros  -ffp-contract=fast -fstrict-aliasing -fPIC -include /capstor/scratch/cscs/lhulsbergen/HPCAgent-Bench-v2/hpcagent_bench/envs/vecmath.h -Wall -Wextra,1,5,30,26a4f0cfc1540cead109dfc8d736f1c45263e390,2026-10-02T16:32:45+0200,source=fuse_diamond_reference.c sha256=ead7cb4b8d194d60,debug/4969572
fuse_diamond,agent,M,,ok,31276122,30883335,31122816 31216413 30883335 31274107 31417751 31004707 31591090 31341529 31401719 31086081 31315994 31130400 31272123 31117728 31225245 31595602 31559762 31603985 31258715 31025347 31498644 31278138 31394839 31259996 31561778 31157599 31623024 31341657 31427894 31252348,gfortran,GNU Fortran (SUSE Linux) 13.3.1 20250313 [revision 4ef1d8c84faeebffeb0cc01ee22e891b41e5c4e0] [/users/lhulsbergen/bin/gfortran],-O3 -march=native -fopenmp -fno-math-errno -fno-trapping-math -fno-signed-zeros  -ffp-contract=fast -fstrict-aliasing -fPIC -ftree-parallelize-loops=1 -Wall -Wextra,1,5,30,26a4f0cfc1540cead109dfc8d736f1c45263e390,2026-10-02T16:33:03+0200,rank=3 arm=llr40v10-oss120b-fortran job=621019 seq=1 lang=fortran campaign_speedup=62.761 sha256=1f00f370099f0e48,debug/4969572
fuse_move_ifs,c,M,,ok,68826153,68231483,69369208 68812394 68777066 68605392 68966821 68419702 70455831 68848105 69326202 69320954 68664494 68622576 69016515 68839913 68761675 68600848 69212317 68683246 68907207 68231483 69223485 68372183 68529458 68481716 68852808 69084898 69121791 68743244 68656110 69559634,gcc,gcc-14 (SUSE Linux) 14.2.0 [/usr/bin/gcc-14],-O3 -march=native -fopenmp -fno-math-errno -fno-trapping-math -fno-signed-zeros  -ffp-contract=fast -fstrict-aliasing -fPIC -include /capstor/scratch/cscs/lhulsbergen/HPCAgent-Bench-v2/hpcagent_bench/envs/vecmath.h -Wall -Wextra,1,5,30,26a4f0cfc1540cead109dfc8d736f1c45263e390,2026-10-02T16:37:37+0200,,debug/4969572
fuse_move_ifs,cpp,M,,ok,68027330,67736107,67992003 68300090 68085408 67922821 67796041 68249947 68001667 68140159 68092063 68012802 68087616 68006531 67786986 68124606 68016226 68037601 67736107 68025858 68145470 68039617 67790505 68012003 67947781 68049697 67958916 68028802 68096769 68058210 67853288 68190046,g++,g++ (SUSE Linux) 13.3.1 20250313 [revision 4ef1d8c84faeebffeb0cc01ee22e891b41e5c4e0] [/users/lhulsbergen/bin/g++],-O3 -march=native -fopenmp -fno-math-errno -fno-trapping-math -fno-signed-zeros  -ffp-contract=fast -fstrict-aliasing -fPIC -include /capstor/scratch/cscs/lhulsbergen/HPCAgent-Bench-v2/hpcagent_bench/envs/vecmath.h -Wall -Wextra,1,5,30,26a4f0cfc1540cead109dfc8d736f1c45263e390,2026-10-02T16:37:58+0200,,debug/4969572
fuse_move_ifs,fortran,M,,ok,67856760,67528946,70039492 67528946 68005059 67847336 67828072 67804617 68006659 67788106 68063489 67635535 67972357 67819401 67943653 67681326 75367259 67861544 67985988 67639599 68073633 67851976 67923846 67711885 68033155 67959461 67925414 67782634 67839017 67739179 67797706 67933190,gfortran,GNU Fortran (SUSE Linux) 13.3.1 20250313 [revision 4ef1d8c84faeebffeb0cc01ee22e891b41e5c4e0] [/users/lhulsbergen/bin/gfortran],-O3 -march=native -fopenmp -fno-math-errno -fno-trapping-math -fno-signed-zeros  -ffp-contract=fast -fstrict-aliasing -fPIC -ftree-parallelize-loops=1 -Wall -Wextra,1,5,30,26a4f0cfc1540cead109dfc8d736f1c45263e390,2026-10-02T16:38:19+0200,,debug/4969572
fuse_move_ifs,numba,M,,ok,65684556,65298072,65749930 65649134 65322488 65642446 65363798 65562448 65432468 65879430 66049185 65590063 65464148 66139102 65923333 65760714 65298072 65690348 65758538 65840423 65580688 65619054 65848072 65765482 65607311 65678765 65579920 65781578 66535025 65712844 65977763 65676525,numba,numba 0.67.0,"@nb.njit(parallel=True, cache=True)",1,5,30,26a4f0cfc1540cead109dfc8d736f1c45263e390,2026-10-02T16:38:38+0200,,debug/4969572
fuse_move_ifs,c_reference,M,,ok,68203501,67922502,67982371 68252731 68235260 68623056 67922502 68365176 67985796 68155103 67996675 68387063 68006595 68242588 68058881 68363992 68013411 68411447 68028579 68263835 68148511 68274650 68196062 68263675 68337849 68247739 68078977 68194141 68090240 68076609 68210941 68369368,gcc,gcc-14 (SUSE Linux) 14.2.0 [/usr/bin/gcc-14],-O3 -march=native -fopenmp -fno-math-errno -fno-trapping-math -fno-signed-zeros  -ffp-contract=fast -fstrict-aliasing -fPIC -include /capstor/scratch/cscs/lhulsbergen/HPCAgent-Bench-v2/hpcagent_bench/envs/vecmath.h -Wall -Wextra,1,5,30,26a4f0cfc1540cead109dfc8d736f1c45263e390,2026-10-02T16:38:59+0200,source=fuse_move_ifs_reference.c sha256=473478cf8c0223e4,debug/4969572
fuse_move_ifs,agent,M,,ok,51912795,51701890,51883292 52017496 51727521 51879068 51806975 51931067 52046423 51903196 51772000 51865597 51915227 51772800 51751361 58283570 52059735 51768704 52093589 51745280 52205554 52035351 51701890 51755712 51926267 52416619 51910363 52122421 51979769 56802657 52119477 51729696,gcc,gcc-14 (SUSE Linux) 14.2.0 [/usr/bin/gcc-14],-O3 -march=native -fopenmp -fno-math-errno -fno-trapping-math -fno-signed-zeros  -ffp-contract=fast -fstrict-aliasing -fPIC -include /capstor/scratch/cscs/lhulsbergen/HPCAgent-Bench-v2/hpcagent_bench/envs/vecmath.h -Wall -Wextra,1,5,30,26a4f0cfc1540cead109dfc8d736f1c45263e390,2026-10-02T16:39:18+0200,rank=1 arm=llr40v10-kimi27sglang-c job=621017 seq=2 lang=c campaign_speedup=8.839 sha256=4be046ffc4b2dabd,debug/4969572
fuse_stencil_through_transient,c,M,,ok,113107226,112280418,113252582 112446429 113310916 113032972 113078315 112280418 113331780 113059372 113314181 112458429 113403938 112799700 113607964 112515964 113145705 112578394 113683354 112536444 113339331 113136137 113670970 112384896 112984846 112309922 113238662 124989387 112974990 112504956 264082420 113688794,gcc,gcc-14 (SUSE Linux) 14.2.0 [/usr/bin/gcc-14],-O3 -march=native -fopenmp -fno-math-errno -fno-trapping-math -fno-signed-zeros  -ffp-contract=fast -fstrict-aliasing -fPIC -include /capstor/scratch/cscs/lhulsbergen/HPCAgent-Bench-v2/hpcagent_bench/envs/vecmath.h -Wall -Wextra,1,5,30,26a4f0cfc1540cead109dfc8d736f1c45263e390,2026-10-02T16:31:45+0200,,debug/4969572
fuse_stencil_through_transient,cpp,M,,ok,118936286,112978479,113346244 119012411 113469311 119231605 113188585 119326419 124153668 119317330 113320260 118878976 113389890 119723623 113028717 118993596 113439137 119476942 112987790 119104346 113408802 119339346 112978479 119609322 113873460 119889026 113221096 119356177 113452289 119269204 113186312 119588299,g++,g++ (SUSE Linux) 13.3.1 20250313 [revision 4ef1d8c84faeebffeb0cc01ee22e891b41e5c4e0] [/users/lhulsbergen/bin/g++],-O3 -march=native -fopenmp -fno-math-errno -fno-trapping-math -fno-signed-zeros  -ffp-contract=fast -fstrict-aliasing -fPIC -include /capstor/scratch/cscs/lhulsbergen/HPCAgent-Bench-v2/hpcagent_bench/envs/vecmath.h -Wall -Wextra,1,5,30,26a4f0cfc1540cead109dfc8d736f1c45263e390,2026-10-02T16:32:02+0200,,debug/4969572
fuse_stencil_through_transient,fortran,M,,ok,119975999,114404612,114596159 120319382 114701244 120764807 126766774 133029469 114404612 120233272 114478402 119718727 114631997 125384767 115004434 123985512 115763133 123483415 114694268 124275679 114431011 124472251 115033425 124223713 114562335 123912074 114844918 123934473 114411268 123618387 114963187 124067046,gfortran,GNU Fortran (SUSE Linux) 13.3.1 20250313 [revision 4ef1d8c84faeebffeb0cc01ee22e891b41e5c4e0] [/users/lhulsbergen/bin/gfortran],-O3 -march=native -fopenmp -fno-math-errno -fno-trapping-math -fno-signed-zeros  -ffp-contract=fast -fstrict-aliasing -fPIC -ftree-parallelize-loops=1 -Wall -Wextra,1,5,30,26a4f0cfc1540cead109dfc8d736f1c45263e390,2026-10-02T16:32:21+0200,,debug/4969572
fuse_stencil_through_transient,numba,M,,ok,200883586,186343281,187649035 202122334 186949664 203340794 186780260 204728688 187940898 203067394 187494447 203097185 187308981 203445751 187022077 203327451 299697589 203749806 186343281 202106847 187321044 200831396 187461936 200935777 186657128 202868936 186887713 201117468 187358675 201199322 187253463 201516656,numba,numba 0.67.0,"@nb.njit(parallel=True, cache=True)",1,5,30,26a4f0cfc1540cead109dfc8d736f1c45263e390,2026-10-02T16:32:41+0200,,debug/4969572
fuse_stencil_through_transient,c_reference,M,,ok,48627856,47730139,48579298 47744218 48631519 47875542 48787131 48184525 48313417 48265354 48799195 48087983 49284845 48906584 48682782 48629504 48768988 48252042 48914360 47950324 49077586 48529027 49028468 47924181 49065939 47730139 48585217 49992567 48811098 48626208 48914680 47789881,gcc,gcc-14 (SUSE Linux) 14.2.0 [/usr/bin/gcc-14],-O3 -march=native -fopenmp -fno-math-errno -fno-trapping-math -fno-signed-zeros  -ffp-contract=fast -fstrict-aliasing -fPIC -include /capstor/scratch/cscs/lhulsbergen/HPCAgent-Bench-v2/hpcagent_bench/envs/vecmath.h -Wall -Wextra,1,5,30,26a4f0cfc1540cead109dfc8d736f1c45263e390,2026-10-02T16:32:56+0200,source=fuse_stencil_through_transient_reference.c sha256=0acd59d853882c06,debug/4969572
fuse_stencil_through_transient,agent,M,,ok,51812833,47764185,55183102 47768602 55467925 48044945 56016197 47932692 55114560 47764185 55325753 48511107 55346745 47769273 55767501 48131087 55536756 47999122 55377464 48129390 55253595 48420422 56147361 48216044 55465461 48507171 55247932 48476868 55356600 48283818 55313081 48152686,gcc,gcc-14 (SUSE Linux) 14.2.0 [/usr/bin/gcc-14],-O3 -march=native -fopenmp -fno-math-errno -fno-trapping-math -fno-signed-zeros  -ffp-contract=fast -fstrict-aliasing -fPIC -include /capstor/scratch/cscs/lhulsbergen/HPCAgent-Bench-v2/hpcagent_bench/envs/vecmath.h -Wall -Wextra,1,5,30,26a4f0cfc1540cead109dfc8d736f1c45263e390,2026-10-02T16:33:11+0200,rank=1 arm=llr40v10-kimi27sglang-c job=621017 seq=1 lang=c campaign_speedup=28.882 sha256=19dae12d481d0433,debug/4969572
quasi_affine_reduce_odd,c,M,,ok,64044773,63753833,64070372 64021093 64090499 64141666 64070692 64051813 63808108 63957671 64657042 64232447 63840235 64066084 66679763 64179137 63949512 64198561 63960807 64057989 64037733 64222271 63938376 64013862 63807532 64013413 64084099 63970631 63753833 63801128 63883909 64150301,gcc,gcc-14 (SUSE Linux) 14.2.0 [/usr/bin/gcc-14],-O3 -march=native -fopenmp -fno-math-errno -fno-trapping-math -fno-signed-zeros  -ffp-contract=fast -fstrict-aliasing -fPIC -include /capstor/scratch/cscs/lhulsbergen/HPCAgent-Bench-v2/hpcagent_bench/envs/vecmath.h -Wall -Wextra,1,5,30,26a4f0cfc1540cead109dfc8d736f1c45263e390,2026-10-02T16:39:27+0200,,debug/4969572
quasi_affine_reduce_odd,cpp,M,,ok,63971618,63622765,63890885 63980578 63812968 63972962 63887494 63928356 63749002 64003842 64029506 64025953 63856198 63872486 63827463 64280057 64057440 63953987 64057696 63916485 63994850 64065792 64007618 63979491 63658189 63943716 63950307 64053536 64219131 63970274 63622765 64110174,g++,g++ (SUSE Linux) 13.3.1 20250313 [revision 4ef1d8c84faeebffeb0cc01ee22e891b41e5c4e0] [/users/lhulsbergen/bin/g++],-O3 -march=native -fopenmp -fno-math-errno -fno-trapping-math -fno-signed-zeros  -ffp-contract=fast -fstrict-aliasing -fPIC -include /capstor/scratch/cscs/lhulsbergen/HPCAgent-Bench-v2/hpcagent_bench/envs/vecmath.h -Wall -Wextra,1,5,30,26a4f0cfc1540cead109dfc8d736f1c45263e390,2026-10-02T16:39:37+0200,,debug/4969572
quasi_affine_reduce_odd,fortran,M,,ok,63823511,63571983,63822152 63710187 63941283 63837031 63853030 64130142 64065920 63963811 64059648 63778664 63798441 63969154 63724778 63769929 63905284 64043584 63810120 63681515 63824871 63749322 64022561 64269817 64013346 63571983 63821320 63735658 63871430 63752330 63739274 63754570,gfortran,GNU Fortran (SUSE Linux) 13.3.1 20250313 [revision 4ef1d8c84faeebffeb0cc01ee22e891b41e5c4e0] [/users/lhulsbergen/bin/gfortran],-O3 -march=native -fopenmp -fno-math-errno -fno-trapping-math -fno-signed-zeros  -ffp-contract=fast -fstrict-aliasing -fPIC -ftree-parallelize-loops=1 -Wall -Wextra,1,5,30,26a4f0cfc1540cead109dfc8d736f1c45263e390,2026-10-02T16:39:48+0200,,debug/4969572
quasi_affine_reduce_odd,numba,M,,ok,67821195,67380761,68071395 67946920 67855722 67574259 68154209 67667024 67803308 67423000 68283133 67609778 68095779 67429783 67905673 67839083 67951208 67785068 67983366 67408952 68012933 67627506 67775341 67513045 67695791 67938215 68064452 67536564 67946951 67380761 67856042 67728718,numba,numba 0.67.0,"@nb.njit(parallel=True, cache=True)",1,5,30,26a4f0cfc1540cead109dfc8d736f1c45263e390,2026-10-02T16:39:59+0200,,debug/4969572
quasi_affine_reduce_odd,c_reference,M,,ok,66659535,66295803,66772685 67047588 66331417 66919431 66797355 66646288 66744012 66632272 66325657 66933671 66866921 66723149 66519220 66295803 66744141 66661455 66463637 66856841 66649169 66926984 66779435 66687566 66583250 66612049 66412920 66668047 66657615 66591057 66374072 66454774,gcc,gcc-14 (SUSE Linux) 14.2.0 [/usr/bin/gcc-14],-O3 -march=native -fopenmp -fno-math-errno -fno-trapping-math -fno-signed-zeros  -ffp-contract=fast -fstrict-aliasing -fPIC -include /capstor/scratch/cscs/lhulsbergen/HPCAgent-Bench-v2/hpcagent_bench/envs/vecmath.h -Wall -Wextra,1,5,30,26a4f0cfc1540cead109dfc8d736f1c45263e390,2026-10-02T16:40:09+0200,source=quasi_affine_reduce_odd_reference.c sha256=743ca676c255011f,debug/4969572
quasi_affine_reduce_odd,agent,M,,ok,63922148,63497169,64047809 64059232 64075040 63628781 63848038 63712267 64072928 63953283 64113406 63575374 64439668 63714379 63904804 63668396 63961091 63623182 64000002 63696587 64035745 63725450 64029281 63939492 63812839 63864390 64305368 63497169 64336279 63850567 64240314 63635821,gfortran,GNU Fortran (SUSE Linux) 13.3.1 20250313 [revision 4ef1d8c84faeebffeb0cc01ee22e891b41e5c4e0] [/users/lhulsbergen/bin/gfortran],-O3 -march=native -fopenmp -fno-math-errno -fno-trapping-math -fno-signed-zeros  -ffp-contract=fast -fstrict-aliasing -fPIC -ftree-parallelize-loops=1 -Wall -Wextra,1,5,30,26a4f0cfc1540cead109dfc8d736f1c45263e390,2026-10-02T16:40:20+0200,rank=1 arm=llr40v10-qwen38-fortran job=621728 seq=1 lang=fortran campaign_speedup=10.364 sha256=fb86640f50a897ed,debug/4969572
scan_affine_decay,c,M,,ok,118781245,118237756,119132643 118701615 118656529 119066213 118652880 118790125 119045126 119049477 118772365 118969064 119741746 118731054 118886283 119000967 118559283 118771277 118648112 118519124 118415864 118711183 118964648 118237756 118998119 118680144 118373112 118834571 134035939 118528820 118934121 120301378,gcc,gcc-14 (SUSE Linux) 14.2.0 [/usr/bin/gcc-14],-O3 -march=native -fopenmp -fno-math-errno -fno-trapping-math -fno-signed-zeros  -ffp-contract=fast -fstrict-aliasing -fPIC -include /capstor/scratch/cscs/lhulsbergen/HPCAgent-Bench-v2/hpcagent_bench/envs/vecmath.h -Wall -Wextra,1,5,30,26a4f0cfc1540cead109dfc8d736f1c45263e390,2026-10-02T16:38:15+0200,,debug/4969572
scan_affine_decay,cpp,M,,ok,118771309,118297306,118456214 118919305 118550387 130716512 118434966 119104772 118662769 118623473 118772397 119027143 118323098 118445079 119215521 119083236 118401656 118881450 118426775 118297306 118925801 118770222 118515700 119083077 119066021 118830156 118359960 120532189 118646385 118798733 118580435 118781485,g++,g++ (SUSE Linux) 13.3.1 20250313 [revision 4ef1d8c84faeebffeb0cc01ee22e891b41e5c4e0] [/users/lhulsbergen/bin/g++],-O3 -march=native -fopenmp -fno-math-errno -fno-trapping-math -fno-signed-zeros  -ffp-contract=fast -fstrict-aliasing -fPIC -include /capstor/scratch/cscs/lhulsbergen/HPCAgent-Bench-v2/hpcagent_bench/envs/vecmath.h -Wall -Wextra,1,5,30,26a4f0cfc1540cead109dfc8d736f1c45263e390,2026-10-02T16:38:34+0200,,debug/4969572
scan_affine_decay,fortran,M,,ok,148220987,148016625,148394002 148300981 148972130 148985275 148250155 148847065 148173100 148188397 148968375 148210924 148302729 148479524 148117646 148181133 148179148 148150669 148252843 148113999 148043185 148401319 148249291 148016625 148037456 148231051 148169613 148638399 148378055 148029361 148116079 148167053,gfortran,GNU Fortran (SUSE Linux) 13.3.1 20250313 [revision 4ef1d8c84faeebffeb0cc01ee22e891b41e5c4e0] [/users/lhulsbergen/bin/gfortran],-O3 -march=native -fopenmp -fno-math-errno -fno-trapping-math -fno-signed-zeros  -ffp-contract=fast -fstrict-aliasing -fPIC -ftree-parallelize-loops=1 -Wall -Wextra,1,5,30,26a4f0cfc1540cead109dfc8d736f1c45263e390,2026-10-02T16:38:54+0200,,debug/4969572
scan_affine_decay,numba,M,,ok,148118206,147501088,148174988 148001521 147909045 148194412 148202252 148067759 148003762 148168653 148029073 147811447 148289801 149173552 147664795 148321161 148294921 148193357 148452485 148217195 147724986 148250698 148049585 147812151 148281642 147817335 147501088 148041904 147924340 147551263 148269098 161558963,numba,numba 0.67.0,"@nb.njit(parallel=True, cache=True)",1,5,30,26a4f0cfc1540cead109dfc8d736f1c45263e390,2026-10-02T16:39:14+0200,,debug/4969572
scan_affine_decay,c_reference,M,,unsupported,,,,gcc,gcc-14 (SUSE Linux) 14.2.0 [/usr/bin/gcc-14],-O3 -march=native -fopenmp -fno-math-errno -fno-trapping-math -fno-signed-zeros  -ffp-contract=fast -fstrict-aliasing -fPIC -include /capstor/scratch/cscs/lhulsbergen/HPCAgent-Bench-v2/hpcagent_bench/envs/vecmath.h -Wall -Wextra,1,5,0,26a4f0cfc1540cead109dfc8d736f1c45263e390,2026-10-02T16:39:14+0200,no hand-written _reference.c in the corpus,debug/4969572
scan_affine_decay,agent,M,,ok,235782998,235269173,236439988 235565324 240255624 235727303 235481327 235880643 235444911 236152763 235381393 235833733 235586891 235791590 235913634 235405457 235852963 235269173 236157531 235519565 236201338 235368817 236155259 235314771 236088317 235774406 235566156 235908610 235280052 236252024 235918498 235770214,gcc,gcc-14 (SUSE Linux) 14.2.0 [/usr/bin/gcc-14],-O3 -march=native -fopenmp -fno-math-errno -fno-trapping-math -fno-signed-zeros  -ffp-contract=fast -fstrict-aliasing -fPIC -include /capstor/scratch/cscs/lhulsbergen/HPCAgent-Bench-v2/hpcagent_bench/envs/vecmath.h -Wall -Wextra,1,5,30,26a4f0cfc1540cead109dfc8d736f1c45263e390,2026-10-02T16:39:37+0200,rank=1 arm=llr40v10-qwen38-c job=621727 seq=2 lang=c campaign_speedup=8.244 sha256=7764c69a6bf0b572,debug/4969572
scatter_accum_dup,c,M,,ok,352576603,351243055,353230831 351925911 351950332 352633673 352657193 352543467 352645577 352170326 463206881 352519660 354389369 353372565 352242516 352768293 352577579 352187606 351819648 352636873 352075833 353051550 351277390 354043651 352575627 352931233 352728039 351709987 352856770 351243055 352508652 351749538,gcc,gcc-14 (SUSE Linux) 14.2.0 [/usr/bin/gcc-14],-O3 -march=native -fopenmp -fno-math-errno -fno-trapping-math -fno-signed-zeros  -ffp-contract=fast -fstrict-aliasing -fPIC -include /capstor/scratch/cscs/lhulsbergen/HPCAgent-Bench-v2/hpcagent_bench/envs/vecmath.h -Wall -Wextra,1,5,30,26a4f0cfc1540cead109dfc8d736f1c45263e390,2026-10-02T16:35:42+0200,,debug/4969572
scatter_accum_dup,cpp,M,,ok,354861243,352384144,356736440 352711431 354032130 353680013 353395380 353009535 352384144 354117217 353804265 355142692 353312183 354705008 354913482 354809005 355170916 354480566 355256481 354542005 355308672 354576980 355163908 354424984 465834105 355220578 355764211 354925802 359728998 359532459 355615735 356131241,g++,g++ (SUSE Linux) 13.3.1 20250313 [revision 4ef1d8c84faeebffeb0cc01ee22e891b41e5c4e0] [/users/lhulsbergen/bin/g++],-O3 -march=native -fopenmp -fno-math-errno -fno-trapping-math -fno-signed-zeros  -ffp-contract=fast -fstrict-aliasing -fPIC -include /capstor/scratch/cscs/lhulsbergen/HPCAgent-Bench-v2/hpcagent_bench/envs/vecmath.h -Wall -Wextra,1,5,30,26a4f0cfc1540cead109dfc8d736f1c45263e390,2026-10-02T16:36:07+0200,,debug/4969572
scatter_accum_dup,fortran,M,,ok,373061158,371434339,373686949 374346194 374837733 373941151 374740200 373338702 372973368 373954494 373022071 373166803 374154744 373846528 486929524 373532201 372753727 372426536 372542916 372918266 372767902 373082166 372702816 373040150 371936885 372743742 371622526 373229010 371924374 373268337 371434339 372693505,gfortran,GNU Fortran (SUSE Linux) 13.3.1 20250313 [revision 4ef1d8c84faeebffeb0cc01ee22e891b41e5c4e0] [/users/lhulsbergen/bin/gfortran],-O3 -march=native -fopenmp -fno-math-errno -fno-trapping-math -fno-signed-zeros  -ffp-contract=fast -fstrict-aliasing -fPIC -ftree-parallelize-loops=1 -Wall -Wextra,1,5,30,26a4f0cfc1540cead109dfc8d736f1c45263e390,2026-10-02T16:36:33+0200,,debug/4969572
scatter_accum_dup,numba,M,,ok,411658648,409764030,522238647 411212692 412287510 423231294 412628396 409802461 411827779 410391180 411154902 409764030 412235479 411397776 412282486 411155094 412881381 410724642 412068252 410624678 411778372 410723106 520025783 411269043 411048346 411985919 412167833 411430991 411825219 411538924 412125403 411124503,numba,numba 0.67.0,"@nb.njit(parallel=True, cache=True)",1,5,30,26a4f0cfc1540cead109dfc8d736f1c45263e390,2026-10-02T16:37:00+0200,,debug/4969572
scatter_accum_dup,c_reference,M,,unsupported,,,,gcc,gcc-14 (SUSE Linux) 14.2.0 [/usr/bin/gcc-14],-O3 -march=native -fopenmp -fno-math-errno -fno-trapping-math -fno-signed-zeros  -ffp-contract=fast -fstrict-aliasing -fPIC -include /capstor/scratch/cscs/lhulsbergen/HPCAgent-Bench-v2/hpcagent_bench/envs/vecmath.h -Wall -Wextra,1,5,0,26a4f0cfc1540cead109dfc8d736f1c45263e390,2026-10-02T16:37:00+0200,no hand-written _reference.c in the corpus,debug/4969572
scatter_accum_dup,agent,M,,ok,953766448,938442833,954925224 955616020 954543730 955094243 954003490 1087736861 956603448 954470741 953915205 955278717 954240947 952731411 953140584 953617691 952634997 1085052523 950426323 948786919 946928804 946473905 946046077 990097808 945160886 943327273 954007807 1069984282 940617301 939731277 938442833 941070600,gcc,gcc-14 (SUSE Linux) 14.2.0 [/usr/bin/gcc-14],-O3 -march=native -fopenmp -fno-math-errno -fno-trapping-math -fno-signed-zeros  -ffp-contract=fast -fstrict-aliasing -fPIC -include /capstor/scratch/cscs/lhulsbergen/HPCAgent-Bench-v2/hpcagent_bench/envs/vecmath.h -Wall -Wextra,1,5,30,26a4f0cfc1540cead109dfc8d736f1c45263e390,2026-10-02T16:37:53+0200,rank=2 arm=llr40v10-qwen38-c job=621727 seq=5 lang=c campaign_speedup=17.737 sha256=420c4bdf8babe5c9,debug/4969572
segment_reduce_ragged,c,M,,ok,39210347,38998515,39388294 39370247 39192652 39097488 38998515 39270089 39151053 39077104 39240235 39063888 39118702 39161037 39134478 39313609 39219851 39234187 39239339 39378726 39047121 39469987 39026834 39402694 39471043 39200844 39163853 39272426 39188301 39596287 39200268 39424549,gcc,gcc-14 (SUSE Linux) 14.2.0 [/usr/bin/gcc-14],-O3 -march=native -fopenmp -fno-math-errno -fno-trapping-math -fno-signed-zeros  -ffp-contract=fast -fstrict-aliasing -fPIC -include /capstor/scratch/cscs/lhulsbergen/HPCAgent-Bench-v2/hpcagent_bench/envs/vecmath.h -Wall -Wextra,1,5,30,26a4f0cfc1540cead109dfc8d736f1c45263e390,2026-10-02T16:39:32+0200,,debug/4969572
segment_reduce_ragged,cpp,M,,ok,39254443,38891254,39132814 39314632 39249547 39029777 39280266 39242731 39438789 38979059 39009042 39291049 39816729 38891254 39181420 39335176 39290697 39098191 39172493 39337672 39777690 39172173 39269034 38969011 39276426 39410821 39319400 39072945 39152494 39259339 39298825 39046288,g++,g++ (SUSE Linux) 13.3.1 20250313 [revision 4ef1d8c84faeebffeb0cc01ee22e891b41e5c4e0] [/users/lhulsbergen/bin/g++],-O3 -march=native -fopenmp -fno-math-errno -fno-trapping-math -fno-signed-zeros  -ffp-contract=fast -fstrict-aliasing -fPIC -include /capstor/scratch/cscs/lhulsbergen/HPCAgent-Bench-v2/hpcagent_bench/envs/vecmath.h -Wall -Wextra,1,5,30,26a4f0cfc1540cead109dfc8d736f1c45263e390,2026-10-02T16:39:40+0200,,debug/4969572
segment_reduce_ragged,fortran,M,,ok,40109567,39790682,40333256 39858903 40185389 39947157 40005587 39959508 40330793 39867222 40209420 39936405 40166862 39918485 40052273 40011762 40324072 40030578 40315081 39790682 40288202 40181741 40213932 40220460 40368775 40016659 40272330 39852472 40005779 40011794 40569985 40309673,gfortran,GNU Fortran (SUSE Linux) 13.3.1 20250313 [revision 4ef1d8c84faeebffeb0cc01ee22e891b41e5c4e0] [/users/lhulsbergen/bin/gfortran],-O3 -march=native -fopenmp -fno-math-errno -fno-trapping-math -fno-signed-zeros  -ffp-contract=fast -fstrict-aliasing -fPIC -ftree-parallelize-loops=1 -Wall -Wextra,1,5,30,26a4f0cfc1540cead109dfc8d736f1c45263e390,2026-10-02T16:39:48+0200,,debug/4969572
segment_reduce_ragged,numba,M,,ok,56382062,56113975,56324016 56335152 56113975 56345647 56427725 56490250 56391630 56262130 56425933 56173077 56386478 56413774 56603880 56375311 56337808 56318000 56295185 56377647 56668773 56457100 56415693 56519530 56368239 56178709 56390318 56673445 56710180 56477707 56195796 56372623,numba,numba 0.67.0,"@nb.njit(parallel=True, cache=True)",1,5,30,26a4f0cfc1540cead109dfc8d736f1c45263e390,2026-10-02T16:39:57+0200,,debug/4969572
segment_reduce_ragged,c_reference,M,,unsupported,,,,gcc,gcc-14 (SUSE Linux) 14.2.0 [/usr/bin/gcc-14],-O3 -march=native -fopenmp -fno-math-errno -fno-trapping-math -fno-signed-zeros  -ffp-contract=fast -fstrict-aliasing -fPIC -include /capstor/scratch/cscs/lhulsbergen/HPCAgent-Bench-v2/hpcagent_bench/envs/vecmath.h -Wall -Wextra,1,5,0,26a4f0cfc1540cead109dfc8d736f1c45263e390,2026-10-02T16:39:57+0200,no hand-written _reference.c in the corpus,debug/4969572
segment_reduce_ragged,agent,M,,ok,38252424,37979728,38049807 38150155 38145227 38148459 38174635 38472769 38342694 38124493 38130060 38155179 38059246 38162603 38250216 40114542 38499488 38108524 38309543 38961330 38303751 37979728 38380613 38389444 38583838 38290055 38378693 38254632 38206954 38092173 38331398 38414435,gcc,gcc-14 (SUSE Linux) 14.2.0 [/usr/bin/gcc-14],-O3 -march=native -fopenmp -fno-math-errno -fno-trapping-math -fno-signed-zeros  -ffp-contract=fast -fstrict-aliasing -fPIC -include /capstor/scratch/cscs/lhulsbergen/HPCAgent-Bench-v2/hpcagent_bench/envs/vecmath.h -Wall -Wextra,1,5,30,26a4f0cfc1540cead109dfc8d736f1c45263e390,2026-10-02T16:40:05+0200,rank=1 arm=llr40v10-kimi27sglang-c job=621729 seq=3 lang=c campaign_speedup=13.969 sha256=387cc5b48888c086,debug/4969572
tsvc_2_s115,c,M,,incorrect,84002318,83063016,84246375 83384032 84741625 83930257 84044621 83957391 84658684 84008494 84477569 86294670 84150314 83625080 84134507 83794932 84038510 83868882 84119499 83897041 84096171 84001614 83921968 83229092 84003023 83582010 84053453 83063016 83752149 83926993 84051917 83554491,gcc,gcc-14 (SUSE Linux) 14.2.0 [/usr/bin/gcc-14],-O3 -march=native -fopenmp -fno-math-errno -fno-trapping-math -fno-signed-zeros  -ffp-contract=fast -fstrict-aliasing -fPIC -include /capstor/scratch/cscs/lhulsbergen/HPCAgent-Bench-v2/hpcagent_bench/envs/vecmath.h -Wall -Wextra,1,5,30,26a4f0cfc1540cead109dfc8d736f1c45263e390,2026-10-02T19:16:14+0200,output did not match the NumPy reference,debug/4970062
tsvc_2_s115,cpp,M,,incorrect,83888544,83300193,83466781 84315556 83468124 84108458 83300193 84264774 83442237 84266981 83483388 84352483 83755668 84355044 83653751 84033388 83363680 84767608 83603609 84503456 83787475 84504606 83461756 83982445 83450077 84231815 83794643 84734297 83658711 84078763 83517243 84423713,g++,g++ (SUSE Linux) 13.3.1 20250313 [revision 4ef1d8c84faeebffeb0cc01ee22e891b41e5c4e0] [/users/lhulsbergen/bin/g++],-O3 -march=native -fopenmp -fno-math-errno -fno-trapping-math -fno-signed-zeros  -ffp-contract=fast -fstrict-aliasing -fPIC -include /capstor/scratch/cscs/lhulsbergen/HPCAgent-Bench-v2/hpcagent_bench/envs/vecmath.h -Wall -Wextra,1,5,30,26a4f0cfc1540cead109dfc8d736f1c45263e390,2026-10-02T19:16:34+0200,output did not match the NumPy reference,debug/4970062
tsvc_2_s115,fortran,M,,incorrect,84949570,84344739,84532318 85141869 84344739 85555201 84999089 84856308 85143149 85803962 84812246 84860021 84588445 84970002 84797142 84874996 84744376 85022577 84832502 85247690 84986834 85126381 84445697 85110158 84932531 84987025 84560989 85582240 84966610 85118861 84773975 84918035,gfortran,GNU Fortran (SUSE Linux) 13.3.1 20250313 [revision 4ef1d8c84faeebffeb0cc01ee22e891b41e5c4e0] [/users/lhulsbergen/bin/gfortran],-O3 -march=native -fopenmp -fno-math-errno -fno-trapping-math -fno-signed-zeros  -ffp-contract=fast -fstrict-aliasing -fPIC -ftree-parallelize-loops=1 -Wall -Wextra,1,5,30,26a4f0cfc1540cead109dfc8d736f1c45263e390,2026-10-02T19:16:55+0200,output did not match the NumPy reference,debug/4970062
tsvc_2_s115,numba,M,,ok,143675741,140967578,143369142 143854249 143077471 143511155 143659566 144945705 143981733 143988165 144661746 143275225 144025892 143806890 142706153 143029473 143465203 143734988 142772935 143991077 144052387 143806154 142976258 143598928 142979809 143691917 143735437 142921636 143721004 143806217 143548529 140967578,numba,numba 0.67.0,"@nb.njit(parallel=True, cache=True)",1,5,30,26a4f0cfc1540cead109dfc8d736f1c45263e390,2026-10-02T19:17:18+0200,,debug/4970062
tsvc_2_s115,c_reference,M,,incorrect,84296478,83970535,84407003 84166946 84285183 84137570 84175169 84160290 83973799 84083300 84457433 84447802 84310494 84638900 83970535 84343901 91601809 84155426 84358076 84528920 84307774 84346525 84686259 84071972 84042694 84015174 84739601 84098084 84548087 84251231 84416762 84198337,gcc,gcc-14 (SUSE Linux) 14.2.0 [/usr/bin/gcc-14],-O3 -march=native -fopenmp -fno-math-errno -fno-trapping-math -fno-signed-zeros  -ffp-contract=fast -fstrict-aliasing -fPIC -include /capstor/scratch/cscs/lhulsbergen/HPCAgent-Bench-v2/hpcagent_bench/envs/vecmath.h -Wall -Wextra,1,5,30,26a4f0cfc1540cead109dfc8d736f1c45263e390,2026-10-02T19:17:37+0200,source=tsvc_2_s115_reference.c sha256=123993dec309bef2; output did not match the NumPy reference,debug/4970062
tsvc_2_s115,agent,M,,incorrect,87712341,86784987,87839974 88691981 87665515 88601072 87343124 88731788 87012927 88267833 87501776 88404725 87562095 88273849 87588942 88233114 87109564 87861117 87018677 87812318 87204816 88458316 87111474 87993145 87022581 87796862 87222383 86833754 86784987 87910236 87102290 87759167,gcc,gcc-14 (SUSE Linux) 14.2.0 [/usr/bin/gcc-14],-O3 -march=native -fopenmp -fno-math-errno -fno-trapping-math -fno-signed-zeros  -ffp-contract=fast -fstrict-aliasing -fPIC -include /capstor/scratch/cscs/lhulsbergen/HPCAgent-Bench-v2/hpcagent_bench/envs/vecmath.h -Wall -Wextra,1,5,30,26a4f0cfc1540cead109dfc8d736f1c45263e390,2026-10-02T19:19:14+0200,rank=5 arm=llr40v10-qwen38-c job=621383 seq=2 lang=c campaign_speedup=2.027 sha256=790a60721ae27536 | output did not match the NumPy reference,debug/4970062
tsvc_2_s119,c,M,,ok,70524654,70122122,70517182 70607708 70136905 72400171 70234470 70122122 70408290 70453600 70257509 70512575 70468352 70770199 70335492 70538174 70774679 70174760 70637627 70986257 70611035 70911955 70359522 70498719 70215783 70562333 70306885 70656282 70915508 70532126 70908883 70878804,gcc,gcc-14 (SUSE Linux) 14.2.0 [/usr/bin/gcc-14],-O3 -march=native -fopenmp -fno-math-errno -fno-trapping-math -fno-signed-zeros  -ffp-contract=fast -fstrict-aliasing -fPIC -include /capstor/scratch/cscs/lhulsbergen/HPCAgent-Bench-v2/hpcagent_bench/envs/vecmath.h -Wall -Wextra,1,5,30,26a4f0cfc1540cead109dfc8d736f1c45263e390,2026-10-02T16:35:17+0200,,debug/4969572
tsvc_2_s119,cpp,M,,ok,70862298,70423607,71058948 70706543 70866474 70526100 70858122 70423607 71383867 70609842 71635347 70680815 71698866 70528468 70918120 70632720 71377820 70694030 71112675 70788012 71180833 77690371 71175522 70427126 71581877 70645968 71268958 70568019 71646579 70491893 71172545 70715886,g++,g++ (SUSE Linux) 13.3.1 20250313 [revision 4ef1d8c84faeebffeb0cc01ee22e891b41e5c4e0] [/users/lhulsbergen/bin/g++],-O3 -march=native -fopenmp -fno-math-errno -fno-trapping-math -fno-signed-zeros  -ffp-contract=fast -fstrict-aliasing -fPIC -include /capstor/scratch/cscs/lhulsbergen/HPCAgent-Bench-v2/hpcagent_bench/envs/vecmath.h -Wall -Wextra,1,5,30,26a4f0cfc1540cead109dfc8d736f1c45263e390,2026-10-02T16:35:34+0200,,debug/4969572
tsvc_2_s119,fortran,M,,ok,70850026,70037411,70669103 70075969 70738414 70037411 71013350 70895465 70449494 70719086 70957959 70461366 71147361 70628145 71263519 70920489 70861898 70882505 70998918 70519700 71329756 70730254 70826667 70832075 71214464 70765389 70741709 70913289 71278334 70872011 70838154 70955047,gfortran,GNU Fortran (SUSE Linux) 13.3.1 20250313 [revision 4ef1d8c84faeebffeb0cc01ee22e891b41e5c4e0] [/users/lhulsbergen/bin/gfortran],-O3 -march=native -fopenmp -fno-math-errno -fno-trapping-math -fno-signed-zeros  -ffp-contract=fast -fstrict-aliasing -fPIC -ftree-parallelize-loops=1 -Wall -Wextra,1,5,30,26a4f0cfc1540cead109dfc8d736f1c45263e390,2026-10-02T16:35:50+0200,,debug/4969572
tsvc_2_s119,numba,M,,ok,69800770,69111069,69343062 69242521 69961348 69111069 70045538 71633076 69873896 69358070 77266255 77251120 69854312 69212826 69513074 70070690 69992035 69397653 70107968 69464947 69876903 69686572 70227824 69696734 69747229 69348521 70062932 69491013 69643616 70014134 70573702 69609409,numba,numba 0.67.0,"@nb.njit(parallel=True, cache=True)",1,5,30,26a4f0cfc1540cead109dfc8d736f1c45263e390,2026-10-02T16:36:06+0200,,debug/4969572
tsvc_2_s119,c_reference,M,,ok,71011338,70486505,71018970 70591462 71221876 70725730 71081464 71150071 71222197 70616646 71124439 70697796 71012698 70709251 71095319 71329202 71009978 70585222 71079033 70832223 70766880 70851775 71438767 70624292 71376944 70593990 71356945 70486505 71265139 70866015 71054329 70604581,gcc,gcc-14 (SUSE Linux) 14.2.0 [/usr/bin/gcc-14],-O3 -march=native -fopenmp -fno-math-errno -fno-trapping-math -fno-signed-zeros  -ffp-contract=fast -fstrict-aliasing -fPIC -include /capstor/scratch/cscs/lhulsbergen/HPCAgent-Bench-v2/hpcagent_bench/envs/vecmath.h -Wall -Wextra,1,5,30,26a4f0cfc1540cead109dfc8d736f1c45263e390,2026-10-02T16:36:22+0200,source=tsvc_2_s119_reference.c sha256=49dbe536bda55b77,debug/4969572
tsvc_2_s119,agent,M,,ok,57322455,56940290,57344118 57404917 57007968 57415765 57151035 57547665 57041951 57412692 57317240 57477714 57352342 57689741 57038655 57287800 57327671 57411988 57066271 57217306 57091518 57342710 57316407 57444148 56940290 57544977 57183163 57714028 57119069 57519025 57046463 57068702,gfortran,GNU Fortran (SUSE Linux) 13.3.1 20250313 [revision 4ef1d8c84faeebffeb0cc01ee22e891b41e5c4e0] [/users/lhulsbergen/bin/gfortran],-O3 -march=native -fopenmp -fno-math-errno -fno-trapping-math -fno-signed-zeros  -ffp-contract=fast -fstrict-aliasing -fPIC -ftree-parallelize-loops=1 -Wall -Wextra,1,5,30,26a4f0cfc1540cead109dfc8d736f1c45263e390,2026-10-02T16:36:38+0200,rank=1 arm=llr40v10-kimi27sglang-fortran job=621731 seq=1 lang=fortran campaign_speedup=3.434 sha256=43fd78e971948199,debug/4969572
tsvc_2_s1232,c,M,,ok,55355616,39130421,70961693 39462732 71956576 39556169 72101948 39450764 71525740 39218579 71820740 39749540 71952800 39130421 71845955 39444172 71649033 39358095 71450767 39257393 71785509 39130613 72214873 39336143 72060893 39406893 71491533 39712452 72605966 39301200 72166810 39515658,gcc,gcc-14 (SUSE Linux) 14.2.0 [/usr/bin/gcc-14],-O3 -march=native -fopenmp -fno-math-errno -fno-trapping-math -fno-signed-zeros  -ffp-contract=fast -fstrict-aliasing -fPIC -include /capstor/scratch/cscs/lhulsbergen/HPCAgent-Bench-v2/hpcagent_bench/envs/vecmath.h -Wall -Wextra,1,5,30,26a4f0cfc1540cead109dfc8d736f1c45263e390,2026-10-02T16:40:07+0200,,debug/4969572
tsvc_2_s1232,cpp,M,,ok,64966250,50065305,51491536 79402409 50317618 79259661 50673415 78757116 51518991 78625439 50520971 79276525 50065305 79223566 50399567 79085874 50238068 79188176 50822019 161341705 50954783 79071795 50634633 79131409 50950559 79061011 51291926 78394599 51537902 78624000 50976446 78903768,g++,g++ (SUSE Linux) 13.3.1 20250313 [revision 4ef1d8c84faeebffeb0cc01ee22e891b41e5c4e0] [/users/lhulsbergen/bin/g++],-O3 -march=native -fopenmp -fno-math-errno -fno-trapping-math -fno-signed-zeros  -ffp-contract=fast -fstrict-aliasing -fPIC -include /capstor/scratch/cscs/lhulsbergen/HPCAgent-Bench-v2/hpcagent_bench/envs/vecmath.h -Wall -Wextra,1,5,30,26a4f0cfc1540cead109dfc8d736f1c45263e390,2026-10-02T16:40:33+0200,,debug/4969572
tsvc_2_s1232,fortran,M,,ok,59483888,55642251,56495828 60246091 55980546 60313162 56287514 60941848 58721686 61408298 56936295 60612641 58064392 62106103 55642251 60474117 56794251 62909505 56073408 60783323 56251099 61045749 56383031 61951838 56698644 61800610 57377088 61602952 56742578 60782048 57188517 61639271,gfortran,GNU Fortran (SUSE Linux) 13.3.1 20250313 [revision 4ef1d8c84faeebffeb0cc01ee22e891b41e5c4e0] [/users/lhulsbergen/bin/gfortran],-O3 -march=native -fopenmp -fno-math-errno -fno-trapping-math -fno-signed-zeros  -ffp-contract=fast -fstrict-aliasing -fPIC -ftree-parallelize-loops=1 -Wall -Wextra,1,5,30,26a4f0cfc1540cead109dfc8d736f1c45263e390,2026-10-02T16:40:59+0200,,debug/4969572
tsvc_2_s1232,numba,M,,ok,84391327,83492026,84822292 117479539 84097288 84902321 85773017 85215913 84888177 83610806 83828432 84201669 85037261 83728243 85623645 83492026 84443038 83933804 85664667 84035178 84427806 84266979 84862802 84987823 84654905 83508280 84959087 83934125 84354849 83753650 84190149 83995435,numba,numba 0.67.0,"@nb.njit(parallel=True, cache=True)",1,5,30,26a4f0cfc1540cead109dfc8d736f1c45263e390,2026-10-02T16:41:25+0200,,debug/4969572
tsvc_2_s1232,c_reference,M,,ok,62490894,56188610,68704222 56188610 68642783 58281607 66876337 58168873 67755929 58887989 67560574 57341761 68050032 57024971 68206796 56398972 69182512 58508384 66755285 57434783 66597306 58367139 66093800 57652760 67636700 56528344 68175213 56289215 112962515 57852530 67479937 57638265,gcc,gcc-14 (SUSE Linux) 14.2.0 [/usr/bin/gcc-14],-O3 -march=native -fopenmp -fno-math-errno -fno-trapping-math -fno-signed-zeros  -ffp-contract=fast -fstrict-aliasing -fPIC -include /capstor/scratch/cscs/lhulsbergen/HPCAgent-Bench-v2/hpcagent_bench/envs/vecmath.h -Wall -Wextra,1,5,30,26a4f0cfc1540cead109dfc8d736f1c45263e390,2026-10-02T16:41:51+0200,source=tsvc_2_s1232_reference.c sha256=455109e4e2c80bee,debug/4969572
tsvc_2_s1232,agent,M,,ok,13533729,13082702,13694684 13106093 13594816 13257897 13515874 13555905 13730171 13269257 13852344 13178252 13929398 13082702 13453859 13551585 13561856 13084206 13745531 13445220 13655613 13670909 13207530 13800441 13469731 13619199 13351719 13276008 13507234 13346342 13679389 13580928,gfortran,GNU Fortran (SUSE Linux) 13.3.1 20250313 [revision 4ef1d8c84faeebffeb0cc01ee22e891b41e5c4e0] [/users/lhulsbergen/bin/gfortran],-O3 -march=native -fopenmp -fno-math-errno -fno-trapping-math -fno-signed-zeros  -ffp-contract=fast -fstrict-aliasing -fPIC -ftree-parallelize-loops=1 -Wall -Wextra,1,5,30,26a4f0cfc1540cead109dfc8d736f1c45263e390,2026-10-02T16:42:20+0200,rank=2 arm=llr40v10-qwen38-fortran job=621385 seq=1 lang=fortran campaign_speedup=169.757 sha256=6440021a759f92e9,debug/4969572
tsvc_2_s1244,c,M,,ok,54336970,53934727,54245021 54088257 54271612 54440183 54152448 54655633 54196479 54402329 54172448 69186500 54596915 54085730 54605587 54151808 54479894 54466038 54248381 54170175 54863755 54182111 54547892 54098146 53949958 54698320 54630130 54521397 53934727 54548948 54473111 54259901,gcc,gcc-14 (SUSE Linux) 14.2.0 [/usr/bin/gcc-14],-O3 -march=native -fopenmp -fno-math-errno -fno-trapping-math -fno-signed-zeros  -ffp-contract=fast -fstrict-aliasing -fPIC -include /capstor/scratch/cscs/lhulsbergen/HPCAgent-Bench-v2/hpcagent_bench/envs/vecmath.h -Wall -Wextra,1,5,30,26a4f0cfc1540cead109dfc8d736f1c45263e390,2026-10-02T16:34:47+0200,,debug/4969572
tsvc_2_s1244,cpp,M,,ok,53880104,53555602,54413816 53737548 54453560 53796971 54174047 53815018 54028740 53860808 54039300 53655439 53880200 53871912 54295388 53971781 53880008 53555602 53996197 53976262 54021252 53849289 54871147 53689933 54168832 53783883 67453239 53785484 53815531 53716588 53723724 54002532,g++,g++ (SUSE Linux) 13.3.1 20250313 [revision 4ef1d8c84faeebffeb0cc01ee22e891b41e5c4e0] [/users/lhulsbergen/bin/g++],-O3 -march=native -fopenmp -fno-math-errno -fno-trapping-math -fno-signed-zeros  -ffp-contract=fast -fstrict-aliasing -fPIC -include /capstor/scratch/cscs/lhulsbergen/HPCAgent-Bench-v2/hpcagent_bench/envs/vecmath.h -Wall -Wextra,1,5,30,26a4f0cfc1540cead109dfc8d736f1c45263e390,2026-10-02T16:35:02+0200,,debug/4969572
tsvc_2_s1244,fortran,M,,ok,54997383,53625520,55756369 54218686 55611477 53803050 55604566 54218046 55592630 54000196 55505144 54583571 55697267 54049219 55665811 53711662 55934763 53625520 56488571 53903688 55998442 53791403 55411195 53938470 55853294 54143168 55606677 53795467 55910285 54354875 55460250 54269693,gfortran,GNU Fortran (SUSE Linux) 13.3.1 20250313 [revision 4ef1d8c84faeebffeb0cc01ee22e891b41e5c4e0] [/users/lhulsbergen/bin/gfortran],-O3 -march=native -fopenmp -fno-math-errno -fno-trapping-math -fno-signed-zeros  -ffp-contract=fast -fstrict-aliasing -fPIC -ftree-parallelize-loops=1 -Wall -Wextra,1,5,30,26a4f0cfc1540cead109dfc8d736f1c45263e390,2026-10-02T16:35:18+0200,,debug/4969572
tsvc_2_s1244,numba,M,,ok,54564360,53458280,55139780 53807594 55258399 53592869 55251892 53675203 55231573 53593412 55286770 53895804 54817025 53458280 55724870 54088022 55173303 53674626 54877566 53840253 57821641 53902587 55327730 54311695 55067513 54224594 54949373 54311248 55226837 53852637 54966717 54111734,numba,numba 0.67.0,"@nb.njit(parallel=True, cache=True)",1,5,30,26a4f0cfc1540cead109dfc8d736f1c45263e390,2026-10-02T16:35:33+0200,,debug/4969572
tsvc_2_s1244,c_reference,M,,ok,53603620,53085619,53085619 54090677 53527270 66507948 53314477 53594789 53612451 53750783 53285933 53710849 53148914 53502247 53454217 53719681 53572869 53479624 53688258 53544038 54091478 54038967 53542534 53568293 53745376 53707616 53967674 53735264 53382090 53693121 53433257 53765151,gcc,gcc-14 (SUSE Linux) 14.2.0 [/usr/bin/gcc-14],-O3 -march=native -fopenmp -fno-math-errno -fno-trapping-math -fno-signed-zeros  -ffp-contract=fast -fstrict-aliasing -fPIC -include /capstor/scratch/cscs/lhulsbergen/HPCAgent-Bench-v2/hpcagent_bench/envs/vecmath.h -Wall -Wextra,1,5,30,26a4f0cfc1540cead109dfc8d736f1c45263e390,2026-10-02T16:35:48+0200,source=tsvc_2_s1244_reference.c sha256=8d30e45e13623ebc,debug/4969572
tsvc_2_s1244,agent,M,,ok,61079322,57978789,62992403 58313051 63169228 59741745 62912693 58179935 62819800 58516373 62911284 58225085 62839319 58055938 63607936 58471606 62910996 58127040 62416899 58814284 62588446 58339002 66950367 57978789 63085616 58129279 63402982 58359194 63150254 58621041 62654748 58502133,gcc,gcc-14 (SUSE Linux) 14.2.0 [/usr/bin/gcc-14],-O3 -march=native -fopenmp -fno-math-errno -fno-trapping-math -fno-signed-zeros  -ffp-contract=fast -fstrict-aliasing -fPIC -include /capstor/scratch/cscs/lhulsbergen/HPCAgent-Bench-v2/hpcagent_bench/envs/vecmath.h -Wall -Wextra,1,5,30,26a4f0cfc1540cead109dfc8d736f1c45263e390,2026-10-02T16:36:04+0200,rank=1 arm=llr40v10-qwen38-c job=622265 seq=1 lang=c campaign_speedup=5.592 sha256=4e6c66640f14417b,debug/4969572
tsvc_2_s152,c,M,,ok,63736765,63172255,64012836 63451479 63693551 63886440 63731117 63630001 63628880 63172255 63853066 63672656 63807275 63765068 73189476 63606321 63742413 63424119 63801803 63798475 63556307 64826443 64025412 63968934 64000581 63430743 63708238 64362137 63879880 63717614 63509524 63648048,gcc,gcc-14 (SUSE Linux) 14.2.0 [/usr/bin/gcc-14],-O3 -march=native -fopenmp -fno-math-errno -fno-trapping-math -fno-signed-zeros  -ffp-contract=fast -fstrict-aliasing -fPIC -include /capstor/scratch/cscs/lhulsbergen/HPCAgent-Bench-v2/hpcagent_bench/envs/vecmath.h -Wall -Wextra,1,5,30,26a4f0cfc1540cead109dfc8d736f1c45263e390,2026-10-02T16:39:17+0200,,debug/4969572
tsvc_2_s152,cpp,M,,ok,62783115,62457109,62751596 62622257 62808683 62699822 62957798 62457109 62548402 62738252 63161471 62528883 65099235 62662671 62559442 62581073 62794187 63023908 62891560 62567186 62710926 62772044 62954022 62802411 62719566 62704429 63127488 63002788 63188607 62808523 62854504 62859273,g++,g++ (SUSE Linux) 13.3.1 20250313 [revision 4ef1d8c84faeebffeb0cc01ee22e891b41e5c4e0] [/users/lhulsbergen/bin/g++],-O3 -march=native -fopenmp -fno-math-errno -fno-trapping-math -fno-signed-zeros  -ffp-contract=fast -fstrict-aliasing -fPIC -include /capstor/scratch/cscs/lhulsbergen/HPCAgent-Bench-v2/hpcagent_bench/envs/vecmath.h -Wall -Wextra,1,5,30,26a4f0cfc1540cead109dfc8d736f1c45263e390,2026-10-02T16:39:31+0200,,debug/4969572
tsvc_2_s152,fortran,M,,ok,62791755,62562994,62740428 62881640 62971686 62679663 62792043 63036291 62882472 64681840 62684494 62562994 62781643 62568881 62718317 62721358 62844009 62752844 62676719 62804650 63031459 62861225 62791467 63007428 63761261 62704750 62661167 62647664 66453016 62619696 62886440 62946055,gfortran,GNU Fortran (SUSE Linux) 13.3.1 20250313 [revision 4ef1d8c84faeebffeb0cc01ee22e891b41e5c4e0] [/users/lhulsbergen/bin/gfortran],-O3 -march=native -fopenmp -fno-math-errno -fno-trapping-math -fno-signed-zeros  -ffp-contract=fast -fstrict-aliasing -fPIC -ftree-parallelize-loops=1 -Wall -Wextra,1,5,30,26a4f0cfc1540cead109dfc8d736f1c45263e390,2026-10-02T16:39:44+0200,,debug/4969572
tsvc_2_s152,numba,M,,ok,63573303,63075000,63559496 63474186 63581351 63565255 63546473 63362703 63707460 63359598 63409388 63075000 63303409 63696708 63515882 63360174 63772129 63168372 63633990 63556136 63958172 63615815 63261009 63428493 63818976 63656422 63769794 63634341 63589224 63753346 63679108 63852608,numba,numba 0.67.0,"@nb.njit(parallel=True, cache=True)",1,5,30,26a4f0cfc1540cead109dfc8d736f1c45263e390,2026-10-02T16:39:59+0200,,debug/4969572
tsvc_2_s152,c_reference,M,,ok,51799500,51475590,51794973 52119858 51900985 51804027 52045588 51675263 51560100 52602115 52163153 51670240 51884793 52130705 51597378 51820123 51726430 51491845 52199983 51724927 51785597 51682304 51718910 51792924 51902136 51913528 51825307 51816315 51793852 51946391 51475590 51714750,gcc,gcc-14 (SUSE Linux) 14.2.0 [/usr/bin/gcc-14],-O3 -march=native -fopenmp -fno-math-errno -fno-trapping-math -fno-signed-zeros  -ffp-contract=fast -fstrict-aliasing -fPIC -include /capstor/scratch/cscs/lhulsbergen/HPCAgent-Bench-v2/hpcagent_bench/envs/vecmath.h -Wall -Wextra,1,5,30,26a4f0cfc1540cead109dfc8d736f1c45263e390,2026-10-02T16:40:12+0200,source=tsvc_2_s152_reference.c sha256=3c358eebfba6b2a7,debug/4969572
tsvc_2_s152,agent,M,,ok,52111361,51630049,52548549 51683104 52311052 52139761 51866649 52445575 52355722 51946935 52741214 52183728 51939799 52250062 52281132 51630049 52403432 52240750 52450407 51813468 52064371 52035092 51911192 51823931 52391561 52104018 52018837 52038388 51890009 52118705 52188815 51950615,gcc,gcc-14 (SUSE Linux) 14.2.0 [/usr/bin/gcc-14],-O3 -march=native -fopenmp -fno-math-errno -fno-trapping-math -fno-signed-zeros  -ffp-contract=fast -fstrict-aliasing -fPIC -include /capstor/scratch/cscs/lhulsbergen/HPCAgent-Bench-v2/hpcagent_bench/envs/vecmath.h -Wall -Wextra,1,5,30,26a4f0cfc1540cead109dfc8d736f1c45263e390,2026-10-02T16:40:25+0200,rank=1 arm=llr40v10-oss120b-c job=621015 seq=1 lang=c campaign_speedup=6.056 sha256=1e896fc393340952,debug/4969572
tsvc_2_s2233,c,M,,ok,435028082,430446729,434908815 436374722 434904975 438570942 432652630 439515680 436320452 437939921 449702210 432312928 434794323 435361217 434523981 440951328 430446729 439128856 433649316 440546731 433073206 438483565 432020503 438605705 432019607 732263282 433119348 435880638 435147349 432301519 431070870 434584935,gcc,gcc-14 (SUSE Linux) 14.2.0 [/usr/bin/gcc-14],-O3 -march=native -fopenmp -fno-math-errno -fno-trapping-math -fno-signed-zeros  -ffp-contract=fast -fstrict-aliasing -fPIC -include /capstor/scratch/cscs/lhulsbergen/HPCAgent-Bench-v2/hpcagent_bench/envs/vecmath.h -Wall -Wextra,1,5,30,26a4f0cfc1540cead109dfc8d736f1c45263e390,2026-10-02T16:36:56+0200,,debug/4969572
tsvc_2_s2233,cpp,M,,ok,438559882,434572583,435168756 439377136 438053914 437901823 440861442 439218006 436742435 439738468 438383183 516464192 448591120 436805602 438282707 436695780 439067227 440345171 437913407 439384816 439007036 440217654 439062107 437036026 438736581 436086743 439191031 436919837 437084665 569727482 437602760 434572583,g++,g++ (SUSE Linux) 13.3.1 20250313 [revision 4ef1d8c84faeebffeb0cc01ee22e891b41e5c4e0] [/users/lhulsbergen/bin/g++],-O3 -march=native -fopenmp -fno-math-errno -fno-trapping-math -fno-signed-zeros  -ffp-contract=fast -fstrict-aliasing -fPIC -include /capstor/scratch/cscs/lhulsbergen/HPCAgent-Bench-v2/hpcagent_bench/envs/vecmath.h -Wall -Wextra,1,5,30,26a4f0cfc1540cead109dfc8d736f1c45263e390,2026-10-02T16:37:25+0200,,debug/4969572
tsvc_2_s2233,fortran,M,,ok,428262781,422000881,432710465 430632450 429222639 433896636 428354346 430102675 430016631 431007415 427696351 430024662 430605347 428171216 441091290 429805916 425815194 426911927 428581988 430174321 423555713 428442343 427010196 424231307 423715099 427480837 422000881 423963380 424751136 426183219 424677954 426206066,gfortran,GNU Fortran (SUSE Linux) 13.3.1 20250313 [revision 4ef1d8c84faeebffeb0cc01ee22e891b41e5c4e0] [/users/lhulsbergen/bin/gfortran],-O3 -march=native -fopenmp -fno-math-errno -fno-trapping-math -fno-signed-zeros  -ffp-contract=fast -fstrict-aliasing -fPIC -ftree-parallelize-loops=1 -Wall -Wextra,1,5,30,26a4f0cfc1540cead109dfc8d736f1c45263e390,2026-10-02T16:37:54+0200,,debug/4969572
tsvc_2_s2233,numba,M,,ok,456427038,453903214,454934669 455127271 456740277 455269443 457529149 454123207 456396544 453903214 456830931 455118280 456520412 456322850 455276579 455270179 456259012 484842724 456059178 600288674 456457533 457468574 455847313 458241990 456859761 458596091 455291330 457971566 456961550 458412672 455982861 458044684,numba,numba 0.67.0,"@nb.njit(parallel=True, cache=True)",1,5,30,26a4f0cfc1540cead109dfc8d736f1c45263e390,2026-10-02T16:38:23+0200,,debug/4969572
tsvc_2_s2233,c_reference,M,,ok,425936586,422570724,423974361 423015606 425910683 425487497 424297262 424165426 428171349 427499914 425533831 422570724 427858750 426205074 424859197 423010166 426504105 426516520 424039830 435788934 427243889 429209588 431689478 638151103 428417933 426263600 425470601 424895163 425949018 425924155 428718147 424630564,gcc,gcc-14 (SUSE Linux) 14.2.0 [/usr/bin/gcc-14],-O3 -march=native -fopenmp -fno-math-errno -fno-trapping-math -fno-signed-zeros  -ffp-contract=fast -fstrict-aliasing -fPIC -include /capstor/scratch/cscs/lhulsbergen/HPCAgent-Bench-v2/hpcagent_bench/envs/vecmath.h -Wall -Wextra,1,5,30,26a4f0cfc1540cead109dfc8d736f1c45263e390,2026-10-02T16:38:50+0200,source=tsvc_2_s2233_reference.c sha256=c8663d708d82e4c5,debug/4969572
tsvc_2_s2233,agent,M,,unsupported,,,,,,,1,5,0,26a4f0cfc1540cead109dfc8d736f1c45263e390,2026-10-02T16:38:50+0200,no agent submission in either campaign,debug/4969572
tsvc_2_s2275,c,M,,ok,854163610,668725388,949787730 708786424 951539262 710323370 951155754 707425698 947621396 707619260 1136397645 708538529 949428414 706862867 949923951 705880368 968465825 761874366 946954536 706172487 1128455036 705301250 947849484 705262051 948623094 706638073 946452855 706719318 947534326 705857777 946680080 668725388,gcc,gcc-14 (SUSE Linux) 14.2.0 [/usr/bin/gcc-14],-O3 -march=native -fopenmp -fno-math-errno -fno-trapping-math -fno-signed-zeros  -ffp-contract=fast -fstrict-aliasing -fPIC -include /capstor/scratch/cscs/lhulsbergen/HPCAgent-Bench-v2/hpcagent_bench/envs/vecmath.h -Wall -Wextra,1,5,30,26a4f0cfc1540cead109dfc8d736f1c45263e390,2026-10-02T16:34:00+0200,,debug/4969572
tsvc_2_s2275,cpp,M,,ok,775043292,606938955,950286467 686805580 951285829 689306818 849090595 688088166 947727473 688023593 950146920 687124643 946523604 688265601 947424204 687298734 999756680 688937886 949173484 689782915 947109514 688099478 948677755 687112244 947721751 686834812 952268944 606938955 948771032 689002044 953178261 700995989,g++,g++ (SUSE Linux) 13.3.1 20250313 [revision 4ef1d8c84faeebffeb0cc01ee22e891b41e5c4e0] [/users/lhulsbergen/bin/g++],-O3 -march=native -fopenmp -fno-math-errno -fno-trapping-math -fno-signed-zeros  -ffp-contract=fast -fstrict-aliasing -fPIC -include /capstor/scratch/cscs/lhulsbergen/HPCAgent-Bench-v2/hpcagent_bench/envs/vecmath.h -Wall -Wextra,1,5,30,26a4f0cfc1540cead109dfc8d736f1c45263e390,2026-10-02T16:34:45+0200,,debug/4969572
tsvc_2_s2275,fortran,M,,ok,713844566,684133325,954520140 715130544 951885659 705448209 950490725 706108574 948359781 703331184 951784511 704118488 944965769 702971131 684133325 702822463 950994838 732689604 946932079 703186037 950130416 703880287 955218616 704027451 712558589 705505615 946851345 704280244 946421662 704388849 948698682 703766307,gfortran,GNU Fortran (SUSE Linux) 13.3.1 20250313 [revision 4ef1d8c84faeebffeb0cc01ee22e891b41e5c4e0] [/users/lhulsbergen/bin/gfortran],-O3 -march=native -fopenmp -fno-math-errno -fno-trapping-math -fno-signed-zeros  -ffp-contract=fast -fstrict-aliasing -fPIC -ftree-parallelize-loops=1 -Wall -Wextra,1,5,30,26a4f0cfc1540cead109dfc8d736f1c45263e390,2026-10-02T16:35:29+0200,,debug/4969572
tsvc_2_s2275,numba,M,,ok,945506271,645966934,951110408 942491786 943310641 942625253 939241802 944158104 938461506 855663697 944064666 945423473 941416106 949057189 942748577 947134847 944164280 948048963 645966934 948704208 943983325 949151522 953744153 952780406 949753200 951360928 949675346 945174234 957243280 965197762 945589069 949367484,numba,numba 0.67.0,"@nb.njit(parallel=True, cache=True)",1,5,30,26a4f0cfc1540cead109dfc8d736f1c45263e390,2026-10-02T16:36:17+0200,,debug/4969572
tsvc_2_s2275,c_reference,M,,ok,745465648,426454194,686132452 945284246 706897686 942344430 702168292 943354196 700209434 943938019 701122302 947095652 780869518 970766113 702897833 945823722 709408390 945798411 705252706 944378038 704002504 945169821 710061779 426454194 703922667 945052993 708360166 948660117 703830990 952149965 703024421 945636336,gcc,gcc-14 (SUSE Linux) 14.2.0 [/usr/bin/gcc-14],-O3 -march=native -fopenmp -fno-math-errno -fno-trapping-math -fno-signed-zeros  -ffp-contract=fast -fstrict-aliasing -fPIC -include /capstor/scratch/cscs/lhulsbergen/HPCAgent-Bench-v2/hpcagent_bench/envs/vecmath.h -Wall -Wextra,1,5,30,26a4f0cfc1540cead109dfc8d736f1c45263e390,2026-10-02T16:37:02+0200,source=tsvc_2_s2275_reference.c sha256=37d66de66de797fc,debug/4969572
tsvc_2_s2275,agent,M,,ok,75824133,75137529,75818885 76160763 75731976 76079869 75396530 75852740 75690377 76152059 75438992 75467663 75829381 75651306 75462992 75631435 75742280 75887395 76478257 76027103 75626571 76294615 75995520 75871267 75137529 75614827 75737512 76019487 76163899 75699177 75952641 76012607,gcc,gcc-14 (SUSE Linux) 14.2.0 [/usr/bin/gcc-14],-O3 -march=native -fopenmp -fno-math-errno -fno-trapping-math -fno-signed-zeros  -ffp-contract=fast -fstrict-aliasing -fPIC -include /capstor/scratch/cscs/lhulsbergen/HPCAgent-Bench-v2/hpcagent_bench/envs/vecmath.h -Wall -Wextra,1,5,30,26a4f0cfc1540cead109dfc8d736f1c45263e390,2026-10-02T16:37:19+0200,rank=1 arm=llr40v10-qwen38-c job=621016 seq=1 lang=c campaign_speedup=125.947 sha256=a58a2749beacaa62,debug/4969572
tsvc_2_s231,c,M,,ok,786244634,723288262,786599441 786435957 800478911 783674238 783567649 876426713 784964060 788538717 785349394 784265871 784379564 784434090 787014950 787675124 785691369 915205361 785079993 782564828 786053311 787813648 785929411 785615243 785824453 787607093 787316829 786834347 723288262 787917069 791155767 787121731,gcc,gcc-14 (SUSE Linux) 14.2.0 [/usr/bin/gcc-14],-O3 -march=native -fopenmp -fno-math-errno -fno-trapping-math -fno-signed-zeros  -ffp-contract=fast -fstrict-aliasing -fPIC -include /capstor/scratch/cscs/lhulsbergen/HPCAgent-Bench-v2/hpcagent_bench/envs/vecmath.h -Wall -Wextra,1,5,30,26a4f0cfc1540cead109dfc8d736f1c45263e390,2026-10-02T16:32:11+0200,,debug/4969572
tsvc_2_s231,cpp,M,,ok,762561697,693995628,790112858 894649530 793271360 709649107 793638839 707761000 789461292 708084160 788740256 707213688 789509067 708179325 789090262 709226495 791867336 708604657 793023079 709364347 789785763 736383138 791422805 708033345 788886588 708559858 693995628 709048421 791857833 709246495 791730156 709572117,g++,g++ (SUSE Linux) 13.3.1 20250313 [revision 4ef1d8c84faeebffeb0cc01ee22e891b41e5c4e0] [/users/lhulsbergen/bin/g++],-O3 -march=native -fopenmp -fno-math-errno -fno-trapping-math -fno-signed-zeros  -ffp-contract=fast -fstrict-aliasing -fPIC -include /capstor/scratch/cscs/lhulsbergen/HPCAgent-Bench-v2/hpcagent_bench/envs/vecmath.h -Wall -Wextra,1,5,30,26a4f0cfc1540cead109dfc8d736f1c45263e390,2026-10-02T16:32:54+0200,,debug/4969572
tsvc_2_s231,fortran,M,,ok,790829974,706686699,786547750 706686699 798316659 708528475 795112199 710123505 797166001 709869753 797682946 710941660 796939831 914853392 800069572 714576541 800664631 715157438 801814369 716336029 847740728 721564263 814704974 715900617 851813955 716259519 804976327 714880774 800256239 714787241 802376210 712919295,gfortran,GNU Fortran (SUSE Linux) 13.3.1 20250313 [revision 4ef1d8c84faeebffeb0cc01ee22e891b41e5c4e0] [/users/lhulsbergen/bin/gfortran],-O3 -march=native -fopenmp -fno-math-errno -fno-trapping-math -fno-signed-zeros  -ffp-contract=fast -fstrict-aliasing -fPIC -ftree-parallelize-loops=1 -Wall -Wextra,1,5,30,26a4f0cfc1540cead109dfc8d736f1c45263e390,2026-10-02T16:33:37+0200,,debug/4969572
tsvc_2_s231,numba,M,,ok,721357292,594693929,608190564 777311011 594732808 779801274 595189627 771956925 622399308 776530201 594693929 774298170 673627050 769087535 607156515 777169414 595858151 784702894 595078014 778009815 607621839 777026097 595443571 772546057 668922063 771750525 607710541 773490223 609716568 773934403 595041470 776767064,numba,numba 0.67.0,"@nb.njit(parallel=True, cache=True)",1,5,30,26a4f0cfc1540cead109dfc8d736f1c45263e390,2026-10-02T16:34:17+0200,,debug/4969572
tsvc_2_s231,c_reference,M,,ok,712386600,547473416,549637708 801061442 548206899 800114492 550304473 802899694 548279474 802875726 547473416 801254332 549595789 997275235 550776267 801764750 566778666 802435099 551458297 805735486 551669650 801943401 552674039 802759442 553187399 804531137 624658708 804380356 549923972 803176102 550495699 802862607,gcc,gcc-14 (SUSE Linux) 14.2.0 [/usr/bin/gcc-14],-O3 -march=native -fopenmp -fno-math-errno -fno-trapping-math -fno-signed-zeros  -ffp-contract=fast -fstrict-aliasing -fPIC -include /capstor/scratch/cscs/lhulsbergen/HPCAgent-Bench-v2/hpcagent_bench/envs/vecmath.h -Wall -Wextra,1,5,30,26a4f0cfc1540cead109dfc8d736f1c45263e390,2026-10-02T16:34:57+0200,source=tsvc_2_s231_reference.c sha256=9f1ad23b84e1aa3a,debug/4969572
tsvc_2_s231,agent,M,,ok,70568997,69884152,70823486 70109778 70755935 70521382 70750112 70541286 70472840 70571397 71467372 70566597 70560518 69884152 70718177 70396042 70807358 69975574 70903196 70345868 70733312 70346507 70948379 70416522 71169301 70390250 70693409 70779167 70882108 70379339 70795230 70420554,gcc,gcc-14 (SUSE Linux) 14.2.0 [/usr/bin/gcc-14],-O3 -march=native -fopenmp -fno-math-errno -fno-trapping-math -fno-signed-zeros  -ffp-contract=fast -fstrict-aliasing -fPIC -include /capstor/scratch/cscs/lhulsbergen/HPCAgent-Bench-v2/hpcagent_bench/envs/vecmath.h -Wall -Wextra,1,5,30,26a4f0cfc1540cead109dfc8d736f1c45263e390,2026-10-02T16:35:14+0200,rank=1 arm=llr40v10-qwen38-c job=621016 seq=2 lang=c campaign_speedup=96.274 sha256=04ed18204f6a6fb8,debug/4969572
tsvc_2_s233,c,M,,ok,687235306,681603219,689976048 685919710 687842826 702301281 689920978 682815218 686627787 684257579 789247596 683887030 689747190 683753369 683631195 684465541 686611947 683936404 681603219 685548040 691133777 697567394 682846673 823238996 688870158 687915687 684803900 687869353 689530620 690814777 685798881 690535649,gcc,gcc-14 (SUSE Linux) 14.2.0 [/usr/bin/gcc-14],-O3 -march=native -fopenmp -fno-math-errno -fno-trapping-math -fno-signed-zeros  -ffp-contract=fast -fstrict-aliasing -fPIC -include /capstor/scratch/cscs/lhulsbergen/HPCAgent-Bench-v2/hpcagent_bench/envs/vecmath.h -Wall -Wextra,1,5,30,26a4f0cfc1540cead109dfc8d736f1c45263e390,2026-10-02T16:32:06+0200,,debug/4969572
tsvc_2_s233,cpp,M,,ok,687919641,681915981,682659161 685629832 687665712 683970773 692197141 684405769 689852117 684797118 696744954 686163546 681915981 688123236 739572074 687750446 693911430 685995423 691208304 688298335 686360628 687703951 684898844 688088837 692847267 689846229 803081384 687069249 686290390 688884463 689989105 699186167,g++,g++ (SUSE Linux) 13.3.1 20250313 [revision 4ef1d8c84faeebffeb0cc01ee22e891b41e5c4e0] [/users/lhulsbergen/bin/g++],-O3 -march=native -fopenmp -fno-math-errno -fno-trapping-math -fno-signed-zeros  -ffp-contract=fast -fstrict-aliasing -fPIC -include /capstor/scratch/cscs/lhulsbergen/HPCAgent-Bench-v2/hpcagent_bench/envs/vecmath.h -Wall -Wextra,1,5,30,26a4f0cfc1540cead109dfc8d736f1c45263e390,2026-10-02T16:32:45+0200,,debug/4969572
tsvc_2_s233,fortran,M,,ok,691047276,657113998,692069433 686219064 686851591 694352699 692670792 685882625 686128474 693347605 692385744 690364615 687365657 695065863 693140796 686695403 687508629 835064385 692600779 687956777 686788840 698176019 695462364 688422204 690409574 696039050 696566594 691042588 691051964 697519527 657113998 688992757,gfortran,GNU Fortran (SUSE Linux) 13.3.1 20250313 [revision 4ef1d8c84faeebffeb0cc01ee22e891b41e5c4e0] [/users/lhulsbergen/bin/gfortran],-O3 -march=native -fopenmp -fno-math-errno -fno-trapping-math -fno-signed-zeros  -ffp-contract=fast -fstrict-aliasing -fPIC -ftree-parallelize-loops=1 -Wall -Wextra,1,5,30,26a4f0cfc1540cead109dfc8d736f1c45263e390,2026-10-02T16:33:23+0200,,debug/4969572
tsvc_2_s233,numba,M,,ok,675746982,673528964,674502920 677356313 680310375 675880451 675406255 675442286 731887144 674076980 684022879 676468434 675275028 678428284 674892190 675971008 673595714 676268920 674303439 678831952 675762342 739755149 675442863 677889386 675048410 673528964 686843377 676783946 674436715 675409104 675731623 674424811,numba,numba 0.67.0,"@nb.njit(parallel=True, cache=True)",1,5,30,26a4f0cfc1540cead109dfc8d736f1c45263e390,2026-10-02T16:34:02+0200,,debug/4969572
tsvc_2_s233,c_reference,M,,ok,695117638,690875361,698902945 691401202 696510531 690875361 694165924 692534995 702491772 692172189 699407283 691442700 770006220 691154356 693036320 692021692 707149850 693304953 701219517 693130269 695285186 693404502 695884466 693154301 697197901 746553973 702407100 696498720 699502861 694950091 698018262 692245527,gcc,gcc-14 (SUSE Linux) 14.2.0 [/usr/bin/gcc-14],-O3 -march=native -fopenmp -fno-math-errno -fno-trapping-math -fno-signed-zeros  -ffp-contract=fast -fstrict-aliasing -fPIC -include /capstor/scratch/cscs/lhulsbergen/HPCAgent-Bench-v2/hpcagent_bench/envs/vecmath.h -Wall -Wextra,1,5,30,26a4f0cfc1540cead109dfc8d736f1c45263e390,2026-10-02T16:34:40+0200,source=tsvc_2_s233_reference.c sha256=3d027645c0272e89,debug/4969572
tsvc_2_s233,agent,M,,ok,67106429,66695432,67898087 66695432 67048094 67383926 67111260 66860931 67499090 66925826 67296184 66770022 67168507 67128093 67022047 66800678 66998016 66856260 66707976 67045247 66713832 66768550 70727320 69965198 67177819 67342806 67160859 67158108 67105181 67063934 67107677 67393013,gcc,gcc-14 (SUSE Linux) 14.2.0 [/usr/bin/gcc-14],-O3 -march=native -fopenmp -fno-math-errno -fno-trapping-math -fno-signed-zeros  -ffp-contract=fast -fstrict-aliasing -fPIC -include /capstor/scratch/cscs/lhulsbergen/HPCAgent-Bench-v2/hpcagent_bench/envs/vecmath.h -Wall -Wextra,1,5,30,26a4f0cfc1540cead109dfc8d736f1c45263e390,2026-10-02T16:34:58+0200,rank=2 arm=llr40v10-qwen38-c job=621727 seq=1 lang=c campaign_speedup=75.072 sha256=5179b85fb41f95d2,debug/4969572
tsvc_2_s235,c,M,,ok,795256148,789169703,797900528 969497528 794550459 789785908 798357536 792251300 796422047 791267843 797359265 796045738 792795571 789547738 818330721 789169703 797640919 804659095 794776883 791587450 800037771 791455261 798385344 794910447 794693078 862307936 796642200 792132936 795601849 794348769 796705622 792197798,gcc,gcc-14 (SUSE Linux) 14.2.0 [/usr/bin/gcc-14],-O3 -march=native -fopenmp -fno-math-errno -fno-trapping-math -fno-signed-zeros  -ffp-contract=fast -fstrict-aliasing -fPIC -include /capstor/scratch/cscs/lhulsbergen/HPCAgent-Bench-v2/hpcagent_bench/envs/vecmath.h -Wall -Wextra,1,5,30,26a4f0cfc1540cead109dfc8d736f1c45263e390,2026-10-02T16:32:11+0200,,debug/4969572
tsvc_2_s235,cpp,M,,ok,718167777,544958692,718414826 567221962 719820608 548396256 717920729 563302912 721190103 557591435 720440333 547933773 719159108 755788958 720440427 549272409 720270993 544958692 721552904 549810184 720894973 551994371 722850270 560287864 721285296 548667533 747718433 550596687 722840991 548156766 720711875 551862854,g++,g++ (SUSE Linux) 13.3.1 20250313 [revision 4ef1d8c84faeebffeb0cc01ee22e891b41e5c4e0] [/users/lhulsbergen/bin/g++],-O3 -march=native -fopenmp -fno-math-errno -fno-trapping-math -fno-signed-zeros  -ffp-contract=fast -fstrict-aliasing -fPIC -include /capstor/scratch/cscs/lhulsbergen/HPCAgent-Bench-v2/hpcagent_bench/envs/vecmath.h -Wall -Wextra,1,5,30,26a4f0cfc1540cead109dfc8d736f1c45263e390,2026-10-02T16:32:50+0200,,debug/4969572
tsvc_2_s235,fortran,M,,ok,798677135,539444596,797925047 882726457 800778332 668184950 800786171 665466861 799429223 663175094 801002709 676488652 803401031 664110841 804505284 539444596 800386252 665787926 803674680 663367680 803282339 662661494 822289826 663680214 813283508 721739634 836744715 663882960 804327268 665140362 801418269 663788467,gfortran,GNU Fortran (SUSE Linux) 13.3.1 20250313 [revision 4ef1d8c84faeebffeb0cc01ee22e891b41e5c4e0] [/users/lhulsbergen/bin/gfortran],-O3 -march=native -fopenmp -fno-math-errno -fno-trapping-math -fno-signed-zeros  -ffp-contract=fast -fstrict-aliasing -fPIC -ftree-parallelize-loops=1 -Wall -Wextra,1,5,30,26a4f0cfc1540cead109dfc8d736f1c45263e390,2026-10-02T16:33:33+0200,,debug/4969572
tsvc_2_s235,numba,M,,ok,522107176,460214200,632235130 460900802 580984760 463229592 636704716 460214200 631377174 462109372 627000865 460811717 636849896 461906146 634453812 462004063 627364534 461535822 721430374 462649195 635553041 462695081 627775656 461311381 632995170 462510734 633017794 462004736 628005313 460979007 632764586 461633739,numba,numba 0.67.0,"@nb.njit(parallel=True, cache=True)",1,5,30,26a4f0cfc1540cead109dfc8d736f1c45263e390,2026-10-02T16:34:07+0200,,debug/4969572
tsvc_2_s235,c_reference,M,,ok,808967918,799183423,799183423 804294972 801165248 804766349 815357916 805034405 805677008 805586675 808825996 807683408 807719599 808692240 809109841 807936181 812291023 808521731 810448648 800768625 810575301 809189902 807162925 818232975 810072417 811321499 809811786 811268093 809675182 989182786 811738670 809296410,gcc,gcc-14 (SUSE Linux) 14.2.0 [/usr/bin/gcc-14],-O3 -march=native -fopenmp -fno-math-errno -fno-trapping-math -fno-signed-zeros  -ffp-contract=fast -fstrict-aliasing -fPIC -include /capstor/scratch/cscs/lhulsbergen/HPCAgent-Bench-v2/hpcagent_bench/envs/vecmath.h -Wall -Wextra,1,5,30,26a4f0cfc1540cead109dfc8d736f1c45263e390,2026-10-02T16:34:52+0200,source=tsvc_2_s235_reference.c sha256=2b951a54990630ee,debug/4969572
tsvc_2_s235,agent,M,,ok,58856426,57964950,58749342 59366090 58594627 59109363 57964950 59767166 58290892 59530629 58326923 59146065 58463942 59317324 58472614 59011029 58139056 59149554 58654913 59161393 58100498 59464968 58058003 59644835 58665536 58950391 58762462 59262478 58465319 59437352 58114737 59443176,gfortran,GNU Fortran (SUSE Linux) 13.3.1 20250313 [revision 4ef1d8c84faeebffeb0cc01ee22e891b41e5c4e0] [/users/lhulsbergen/bin/gfortran],-O3 -march=native -fopenmp -fno-math-errno -fno-trapping-math -fno-signed-zeros  -ffp-contract=fast -fstrict-aliasing -fPIC -ftree-parallelize-loops=1 -Wall -Wextra,1,5,30,26a4f0cfc1540cead109dfc8d736f1c45263e390,2026-10-02T16:35:09+0200,rank=1 arm=llr40v10-kimi27sglang-fortran job=621022 seq=2 lang=fortran campaign_speedup=32.223 sha256=a769df14b4e33607,debug/4969572
tsvc_2_s252,c,M,,ok,88227083,82331684,82689627 92326817 83031731 91952522 82331684 92125671 82489120 91807374 82699996 92526107 83182318 91920172 84646792 91916012 82692220 92321920 82921365 91866925 82676539 92297793 82479937 92156421 82899990 92413695 82439265 92098151 82622524 91980393 82530654 92539067,gcc,gcc-14 (SUSE Linux) 14.2.0 [/usr/bin/gcc-14],-O3 -march=native -fopenmp -fno-math-errno -fno-trapping-math -fno-signed-zeros  -ffp-contract=fast -fstrict-aliasing -fPIC -include /capstor/scratch/cscs/lhulsbergen/HPCAgent-Bench-v2/hpcagent_bench/envs/vecmath.h -Wall -Wextra,1,5,30,26a4f0cfc1540cead109dfc8d736f1c45263e390,2026-10-02T16:38:01+0200,,debug/4969572
tsvc_2_s252,cpp,M,,ok,89084052,87736055,89833665 88452356 89379149 88210635 89725027 87770647 89574855 88088654 89504106 88074862 102462904 88460229 89619334 88788956 89464906 87750999 89665317 87828917 89627174 88545346 89453835 87736055 89747363 88173516 89908895 87966577 89841120 87847541 89476266 87984432,g++,g++ (SUSE Linux) 13.3.1 20250313 [revision 4ef1d8c84faeebffeb0cc01ee22e891b41e5c4e0] [/users/lhulsbergen/bin/g++],-O3 -march=native -fopenmp -fno-math-errno -fno-trapping-math -fno-signed-zeros  -ffp-contract=fast -fstrict-aliasing -fPIC -include /capstor/scratch/cscs/lhulsbergen/HPCAgent-Bench-v2/hpcagent_bench/envs/vecmath.h -Wall -Wextra,1,5,30,26a4f0cfc1540cead109dfc8d736f1c45263e390,2026-10-02T16:38:20+0200,,debug/4969572
tsvc_2_s252,fortran,M,,ok,86215342,85632109,86067139 86063555 86539510 86241054 86060195 86575797 86783760 87038250 86713970 85632109 86189631 86164000 86400858 85722955 86081954 86135233 86406010 86336348 86419673 85932582 85830313 85915623 86297276 86395195 86498775 85993924 86471416 85829641 86248190 86012964,gfortran,GNU Fortran (SUSE Linux) 13.3.1 20250313 [revision 4ef1d8c84faeebffeb0cc01ee22e891b41e5c4e0] [/users/lhulsbergen/bin/gfortran],-O3 -march=native -fopenmp -fno-math-errno -fno-trapping-math -fno-signed-zeros  -ffp-contract=fast -fstrict-aliasing -fPIC -ftree-parallelize-loops=1 -Wall -Wextra,1,5,30,26a4f0cfc1540cead109dfc8d736f1c45263e390,2026-10-02T16:38:40+0200,,debug/4969572
tsvc_2_s252,numba,M,,ok,81638614,80709486,80979239 81969582 80969062 81595415 81076612 81940046 81382588 81853137 81100036 81850737 81256128 85673293 81091108 82358627 80709486 82049226 81095140 81802097 81014214 82065322 81121827 81811186 80997959 81731316 81149826 81681813 81272223 81873552 81788850 81897615,numba,numba 0.67.0,"@nb.njit(parallel=True, cache=True)",1,5,30,26a4f0cfc1540cead109dfc8d736f1c45263e390,2026-10-02T16:38:59+0200,,debug/4969572
tsvc_2_s252,c_reference,M,,ok,86576249,85917723,87157306 86832483 87169434 86342320 86992766 100039306 86563306 86263986 87061436 86273873 86424749 86633000 86552874 86260977 86673351 86584393 86803236 86244338 86438861 86568106 86713126 86350479 86808675 86702374 86968447 85917723 87013567 86491436 86235283 86179219,gcc,gcc-14 (SUSE Linux) 14.2.0 [/usr/bin/gcc-14],-O3 -march=native -fopenmp -fno-math-errno -fno-trapping-math -fno-signed-zeros  -ffp-contract=fast -fstrict-aliasing -fPIC -include /capstor/scratch/cscs/lhulsbergen/HPCAgent-Bench-v2/hpcagent_bench/envs/vecmath.h -Wall -Wextra,1,5,30,26a4f0cfc1540cead109dfc8d736f1c45263e390,2026-10-02T16:39:18+0200,source=tsvc_2_s252_reference.c sha256=99dd993ff020229d,debug/4969572
tsvc_2_s252,agent,M,,ok,84414514,83854289,84980019 83927343 85203278 83854289 85110128 84157320 85127247 84107083 84959059 84045644 85074960 84397122 85023890 84041899 84929748 84170280 84817271 83943791 86077878 84341764 84871478 84268550 85238765 83907087 84903445 84149417 84431906 84253766 84702970 84264006,gcc,gcc-14 (SUSE Linux) 14.2.0 [/usr/bin/gcc-14],-O3 -march=native -fopenmp -fno-math-errno -fno-trapping-math -fno-signed-zeros  -ffp-contract=fast -fstrict-aliasing -fPIC -include /capstor/scratch/cscs/lhulsbergen/HPCAgent-Bench-v2/hpcagent_bench/envs/vecmath.h -Wall -Wextra,1,5,30,26a4f0cfc1540cead109dfc8d736f1c45263e390,2026-10-02T16:39:38+0200,rank=1 arm=llr40v10-kimi27sglang-c job=621018 seq=2 lang=c campaign_speedup=5.216 sha256=71abe07e7f72019f,debug/4969572
tsvc_2_s255,c,M,,ok,79830693,77590027,79949761 79968225 80467601 81119549 79849220 77994047 78702888 79550638 79812166 79485743 81421139 80191002 78781030 80758696 92978187 77972127 78580524 80573070 78876163 80227097 79245400 79961377 81860838 79198264 78787718 79471025 78193656 77590027 80496688 80080958,gcc,gcc-14 (SUSE Linux) 14.2.0 [/usr/bin/gcc-14],-O3 -march=native -fopenmp -fno-math-errno -fno-trapping-math -fno-signed-zeros  -ffp-contract=fast -fstrict-aliasing -fPIC -include /capstor/scratch/cscs/lhulsbergen/HPCAgent-Bench-v2/hpcagent_bench/envs/vecmath.h -Wall -Wextra,1,5,30,26a4f0cfc1540cead109dfc8d736f1c45263e390,2026-10-02T16:34:48+0200,,debug/4969572
tsvc_2_s255,cpp,M,,ok,78846020,77273077,79881028 79855045 77629258 78320052 79811430 77776389 80630796 79621996 79344436 79645899 79517903 78688681 78546381 78500814 79213017 77789668 78939553 78734855 77313716 77881922 78217847 78752487 79998144 78312852 80149084 80789831 78468944 79041853 77273077 79873188,g++,g++ (SUSE Linux) 13.3.1 20250313 [revision 4ef1d8c84faeebffeb0cc01ee22e891b41e5c4e0] [/users/lhulsbergen/bin/g++],-O3 -march=native -fopenmp -fno-math-errno -fno-trapping-math -fno-signed-zeros  -ffp-contract=fast -fstrict-aliasing -fPIC -include /capstor/scratch/cscs/lhulsbergen/HPCAgent-Bench-v2/hpcagent_bench/envs/vecmath.h -Wall -Wextra,1,5,30,26a4f0cfc1540cead109dfc8d736f1c45263e390,2026-10-02T16:35:08+0200,,debug/4969572
tsvc_2_s255,fortran,M,,ok,79270550,77747878,78764455 79061629 80143804 79498447 78618443 78132314 79055710 79428210 79844933 79013215 80029695 79786183 78505422 79514063 78093915 81036160 79450385 79141595 78432369 79221304 79319797 79874788 80025759 77747878 78524910 79769190 78720008 80056957 79778151 78800230,gfortran,GNU Fortran (SUSE Linux) 13.3.1 20250313 [revision 4ef1d8c84faeebffeb0cc01ee22e891b41e5c4e0] [/users/lhulsbergen/bin/gfortran],-O3 -march=native -fopenmp -fno-math-errno -fno-trapping-math -fno-signed-zeros  -ffp-contract=fast -fstrict-aliasing -fPIC -ftree-parallelize-loops=1 -Wall -Wextra,1,5,30,26a4f0cfc1540cead109dfc8d736f1c45263e390,2026-10-02T16:35:27+0200,,debug/4969572
tsvc_2_s255,numba,M,,ok,81541425,80599088,81781800 80656427 82069920 81011361 82025441 81282968 82077694 81199962 82220763 80854629 81642444 81148284 81612782 81020964 81808970 81064802 81470069 80884584 81853450 80742124 81726093 80938502 81966789 85060837 81642608 80975077 81915335 80599088 81639504 80625007,numba,numba 0.67.0,"@nb.njit(parallel=True, cache=True)",1,5,30,26a4f0cfc1540cead109dfc8d736f1c45263e390,2026-10-02T16:35:46+0200,,debug/4969572
tsvc_2_s255,c_reference,M,,ok,79509026,77487762,78173180 79119871 80340216 80370231 79260794 79376662 78832328 79245211 91038443 80185630 79641390 78535793 80238844 80530355 80234747 135046128 80035778 77887270 79979204 78578127 79983972 80364632 80743212 78391829 77487762 79056960 78961251 78460787 78689164 80287642,gcc,gcc-14 (SUSE Linux) 14.2.0 [/usr/bin/gcc-14],-O3 -march=native -fopenmp -fno-math-errno -fno-trapping-math -fno-signed-zeros  -ffp-contract=fast -fstrict-aliasing -fPIC -include /capstor/scratch/cscs/lhulsbergen/HPCAgent-Bench-v2/hpcagent_bench/envs/vecmath.h -Wall -Wextra,1,5,30,26a4f0cfc1540cead109dfc8d736f1c45263e390,2026-10-02T16:36:05+0200,source=tsvc_2_s255_reference.c sha256=d0906f68c79e1e1d,debug/4969572
tsvc_2_s255,agent,M,,ok,67013160,66126100,66543014 66472809 66517639 67084342 66822430 66539174 66683554 66977657 66748927 67852669 67320750 67779520 67048663 67924028 67219633 67194130 67368396 67221330 67250576 67121141 67346542 67278447 67393996 66393515 66918874 66396811 66523335 66126100 66938234 66416458,gfortran,GNU Fortran (SUSE Linux) 13.3.1 20250313 [revision 4ef1d8c84faeebffeb0cc01ee22e891b41e5c4e0] [/users/lhulsbergen/bin/gfortran],-O3 -march=native -fopenmp -fno-math-errno -fno-trapping-math -fno-signed-zeros  -ffp-contract=fast -fstrict-aliasing -fPIC -ftree-parallelize-loops=1 -Wall -Wextra,1,5,30,26a4f0cfc1540cead109dfc8d736f1c45263e390,2026-10-02T16:36:23+0200,rank=1 arm=llr40v10-qwen38-fortran job=621728 seq=1 lang=fortran campaign_speedup=247.766 sha256=38ad53a4faa12be5,debug/4969572
tsvc_2_s2710,c,M,,ok,222318008,220599869,222632542 220750584 222551937 220599869 223750268 221838135 223658175 221007761 223468453 221095758 223199341 222048432 222994131 220952882 224170832 221087246 223919223 221863734 222983987 221660028 222064752 221197899 222353095 222245194 223325065 222282921 223504212 220881309 224207319 222506091,gcc,gcc-14 (SUSE Linux) 14.2.0 [/usr/bin/gcc-14],-O3 -march=native -fopenmp -fno-math-errno -fno-trapping-math -fno-signed-zeros  -ffp-contract=fast -fstrict-aliasing -fPIC -include /capstor/scratch/cscs/lhulsbergen/HPCAgent-Bench-v2/hpcagent_bench/envs/vecmath.h -Wall -Wextra,1,5,30,26a4f0cfc1540cead109dfc8d736f1c45263e390,2026-10-02T16:34:06+0200,,debug/4969572
tsvc_2_s2710,cpp,M,,ok,220128612,216705725,218150609 221797473 218275853 220476937 218276653 221148724 218667040 221760386 217084209 221814945 217397416 221400045 218120594 221366958 219857756 220399468 218376074 220745473 218489511 221114262 217774077 221226226 216705725 221678116 218192400 246644453 218510565 221220498 217544100 220792991,g++,g++ (SUSE Linux) 13.3.1 20250313 [revision 4ef1d8c84faeebffeb0cc01ee22e891b41e5c4e0] [/users/lhulsbergen/bin/g++],-O3 -march=native -fopenmp -fno-math-errno -fno-trapping-math -fno-signed-zeros  -ffp-contract=fast -fstrict-aliasing -fPIC -include /capstor/scratch/cscs/lhulsbergen/HPCAgent-Bench-v2/hpcagent_bench/envs/vecmath.h -Wall -Wextra,1,5,30,26a4f0cfc1540cead109dfc8d736f1c45263e390,2026-10-02T16:34:34+0200,,debug/4969572
tsvc_2_s2710,fortran,M,,ok,226050830,225108763,226779592 225350451 226028479 226313270 227034368 226989730 226377972 225781094 226482609 226380180 226670220 776374609 227455443 226359253 226430770 225702665 225613451 226530639 225590732 226574413 225806374 226010911 225302325 226045438 225646091 225468880 226056222 225871972 225404178 225108763,gfortran,GNU Fortran (SUSE Linux) 13.3.1 20250313 [revision 4ef1d8c84faeebffeb0cc01ee22e891b41e5c4e0] [/users/lhulsbergen/bin/gfortran],-O3 -march=native -fopenmp -fno-math-errno -fno-trapping-math -fno-signed-zeros  -ffp-contract=fast -fstrict-aliasing -fPIC -ftree-parallelize-loops=1 -Wall -Wextra,1,5,30,26a4f0cfc1540cead109dfc8d736f1c45263e390,2026-10-02T16:35:01+0200,,debug/4969572
tsvc_2_s2710,numba,M,,ok,97729079,93438060,101450164 94468621 102053089 94680678 101512178 94281747 101240506 93974556 100777481 94172501 101002786 93762915 101750122 94082488 101449268 94102136 101316376 94025018 101072960 94082809 100883333 93438060 101219707 93945116 101209339 93884319 101170204 93891262 100987298 94386831,numba,numba 0.67.0,"@nb.njit(parallel=True, cache=True)",1,5,30,26a4f0cfc1540cead109dfc8d736f1c45263e390,2026-10-02T16:35:24+0200,,debug/4969572
tsvc_2_s2710,c_reference,M,,ok,223849613,219744989,224161268 219750525 224687204 219812187 224048951 220958904 224048663 220970647 223247248 220212430 224027096 220420679 223889341 220047892 224167155 230196344 224243057 564881287 224915132 219744989 223838814 220256525 224141716 221882427 224075574 221325773 223860413 220732862 224764545 221805501,gcc,gcc-14 (SUSE Linux) 14.2.0 [/usr/bin/gcc-14],-O3 -march=native -fopenmp -fno-math-errno -fno-trapping-math -fno-signed-zeros  -ffp-contract=fast -fstrict-aliasing -fPIC -include /capstor/scratch/cscs/lhulsbergen/HPCAgent-Bench-v2/hpcagent_bench/envs/vecmath.h -Wall -Wextra,1,5,30,26a4f0cfc1540cead109dfc8d736f1c45263e390,2026-10-02T16:35:51+0200,source=tsvc_2_s2710_reference.c sha256=b9082229eb88c749,debug/4969572
tsvc_2_s2710,agent,M,,ok,85539633,84452099,85643742 84452099 85416581 85013138 85740636 85239019 85790170 91368429 86607681 86347145 85930645 85184781 85245419 84925012 97497775 85848888 86044722 85044305 86296586 85049329 85096143 85665758 85883575 84691260 85435525 85137358 85052752 85990963 85660030 84885654,gfortran,GNU Fortran (SUSE Linux) 13.3.1 20250313 [revision 4ef1d8c84faeebffeb0cc01ee22e891b41e5c4e0] [/users/lhulsbergen/bin/gfortran],-O3 -march=native -fopenmp -fno-math-errno -fno-trapping-math -fno-signed-zeros  -ffp-contract=fast -fstrict-aliasing -fPIC -ftree-parallelize-loops=1 -Wall -Wextra,1,5,30,26a4f0cfc1540cead109dfc8d736f1c45263e390,2026-10-02T16:36:14+0200,rank=1 arm=llr40v10-kimi27sglang-fortran job=621022 seq=5 lang=fortran campaign_speedup=40.509 sha256=91c5abb4bd6419b5,debug/4969572
tsvc_2_s275,c,M,,ok,855712166,703957382,710274271 896155620 707424985 891978855 710002984 989715507 707361371 893025222 705408921 894055237 705265181 895005768 708015879 991027913 709524856 893779023 709426298 893547765 707950537 899902191 704553971 891256573 820205550 892604179 707960456 894165986 706336795 892643410 703957382 891218783,gcc,gcc-14 (SUSE Linux) 14.2.0 [/usr/bin/gcc-14],-O3 -march=native -fopenmp -fno-math-errno -fno-trapping-math -fno-signed-zeros  -ffp-contract=fast -fstrict-aliasing -fPIC -include /capstor/scratch/cscs/lhulsbergen/HPCAgent-Bench-v2/hpcagent_bench/envs/vecmath.h -Wall -Wextra,1,5,30,26a4f0cfc1540cead109dfc8d736f1c45263e390,2026-10-02T16:34:27+0200,,debug/4969572
tsvc_2_s275,cpp,M,,ok,775511357,719880872,736485178 819134845 740267977 719880872 738014412 818883556 738805812 815504079 737379955 819044800 731398155 812937788 849300221 811409355 729563587 812503754 742566067 813528907 728575554 808456647 724745816 873658127 727265130 810437290 728412935 811104405 736193559 809631138 728255052 810903900,g++,g++ (SUSE Linux) 13.3.1 20250313 [revision 4ef1d8c84faeebffeb0cc01ee22e891b41e5c4e0] [/users/lhulsbergen/bin/g++],-O3 -march=native -fopenmp -fno-math-errno -fno-trapping-math -fno-signed-zeros  -ffp-contract=fast -fstrict-aliasing -fPIC -include /capstor/scratch/cscs/lhulsbergen/HPCAgent-Bench-v2/hpcagent_bench/envs/vecmath.h -Wall -Wextra,1,5,30,26a4f0cfc1540cead109dfc8d736f1c45263e390,2026-10-02T16:35:20+0200,,debug/4969572
tsvc_2_s275,fortran,M,,ok,635845274,545746239,720632502 546561893 720456604 549322160 720928974 546302765 720478523 545746239 734809570 548634086 724121803 549562025 721434814 550538155 723345795 549152470 723825492 548342799 721988940 548514857 725425379 548954172 727260778 549629040 724763999 550444402 723959736 550660427 726293679 551233945,gfortran,GNU Fortran (SUSE Linux) 13.3.1 20250313 [revision 4ef1d8c84faeebffeb0cc01ee22e891b41e5c4e0] [/users/lhulsbergen/bin/gfortran],-O3 -march=native -fopenmp -fno-math-errno -fno-trapping-math -fno-signed-zeros  -ffp-contract=fast -fstrict-aliasing -fPIC -ftree-parallelize-loops=1 -Wall -Wextra,1,5,30,26a4f0cfc1540cead109dfc8d736f1c45263e390,2026-10-02T16:36:07+0200,,debug/4969572
tsvc_2_s275,numba,M,,ok,523535587,476215020,572449737 480159858 570413736 479646306 569769052 478804444 569359369 479797341 569034163 477718206 569048690 478339241 567425380 477593313 567939861 478298124 569608129 476215020 566911317 477816314 569382632 478918872 569896696 477981301 567092751 478334058 572251151 478781372 569730653 477373768,numba,numba 0.67.0,"@nb.njit(parallel=True, cache=True)",1,5,30,26a4f0cfc1540cead109dfc8d736f1c45263e390,2026-10-02T16:36:50+0200,,debug/4969572
tsvc_2_s275,c_reference,M,,ok,815460527,720849151,728479027 907799815 725804646 908226106 725976672 914316221 726368820 908497233 728274425 908718794 726779368 909288312 727046335 908766408 727014880 908081822 726268120 910261627 725790182 907705545 726904260 1069323584 725097147 908051422 726902500 906332308 722946335 904327442 720849151 902442028,gcc,gcc-14 (SUSE Linux) 14.2.0 [/usr/bin/gcc-14],-O3 -march=native -fopenmp -fno-math-errno -fno-trapping-math -fno-signed-zeros  -ffp-contract=fast -fstrict-aliasing -fPIC -include /capstor/scratch/cscs/lhulsbergen/HPCAgent-Bench-v2/hpcagent_bench/envs/vecmath.h -Wall -Wextra,1,5,30,26a4f0cfc1540cead109dfc8d736f1c45263e390,2026-10-02T16:37:44+0200,source=tsvc_2_s275_reference.c sha256=f1196da07f7aa442,debug/4969572
tsvc_2_s275,agent,M,,ok,165139697,163869617,166264263 164138633 165592604 165589788 164549885 164474110 163869617 166681018 165039086 164545277 174583718 166027663 166132332 166187402 166619068 165173097 166175018 164951696 165521389 164757189 167396402 165106298 164188343 164861026 164590155 164969983 167051037 167011999 164139865 164679592,gfortran,GNU Fortran (SUSE Linux) 13.3.1 20250313 [revision 4ef1d8c84faeebffeb0cc01ee22e891b41e5c4e0] [/users/lhulsbergen/bin/gfortran],-O3 -march=native -fopenmp -fno-math-errno -fno-trapping-math -fno-signed-zeros  -ffp-contract=fast -fstrict-aliasing -fPIC -ftree-parallelize-loops=1 -Wall -Wextra,1,5,30,26a4f0cfc1540cead109dfc8d736f1c45263e390,2026-10-02T16:38:14+0200,rank=1 arm=llr40v10-qwen38-fortran job=621385 seq=2 lang=fortran campaign_speedup=52.994 sha256=0f148b2b32589e8d,debug/4969572
tsvc_2_s311,c,M,,ok,135799725,135537428,135770287 135944170 135754255 135840812 135792622 135718223 135709488 135732623 135873292 135537428 135881388 135983849 135673424 135708432 135773486 135795373 135622034 136036296 135804078 135582836 135751311 135988361 135820429 135572051 135845932 135856300 135904739 135983553 135827525 135940003,gcc,gcc-14 (SUSE Linux) 14.2.0 [/usr/bin/gcc-14],-O3 -march=native -fopenmp -fno-math-errno -fno-trapping-math -fno-signed-zeros  -ffp-contract=fast -fstrict-aliasing -fPIC -include /capstor/scratch/cscs/lhulsbergen/HPCAgent-Bench-v2/hpcagent_bench/envs/vecmath.h -Wall -Wextra,1,5,30,26a4f0cfc1540cead109dfc8d736f1c45263e390,2026-10-02T19:16:23+0200,,debug/4970062
tsvc_2_s311,cpp,M,,ok,135796086,135544557,135752584 136287769 135884741 135807750 135794631 135597164 135813510 135690602 135544557 135742472 135907908 135844934 135871621 135918243 135836293 135604012 135789607 135734728 136048992 135748648 135936579 135685929 135746984 135875396 135667882 136056224 135810055 135797542 135563276 135775783,g++,g++ (SUSE Linux) 13.3.1 20250313 [revision 4ef1d8c84faeebffeb0cc01ee22e891b41e5c4e0] [/users/lhulsbergen/bin/g++],-O3 -march=native -fopenmp -fno-math-errno -fno-trapping-math -fno-signed-zeros  -ffp-contract=fast -fstrict-aliasing -fPIC -include /capstor/scratch/cscs/lhulsbergen/HPCAgent-Bench-v2/hpcagent_bench/envs/vecmath.h -Wall -Wextra,1,5,30,26a4f0cfc1540cead109dfc8d736f1c45263e390,2026-10-02T19:16:55+0200,,debug/4970062
tsvc_2_s311,fortran,M,,ok,135703945,135397009,135760935 135868933 135814278 135750600 135667242 135647178 135653802 135588236 135812295 135789735 135717129 136003585 135688426 135499310 135685641 135932675 135540365 135755303 135924579 135483886 135496238 135818566 135578796 135397009 135800134 136383159 135475215 135916227 135690762 135677609,gfortran,GNU Fortran (SUSE Linux) 13.3.1 20250313 [revision 4ef1d8c84faeebffeb0cc01ee22e891b41e5c4e0] [/users/lhulsbergen/bin/gfortran],-O3 -march=native -fopenmp -fno-math-errno -fno-trapping-math -fno-signed-zeros  -ffp-contract=fast -fstrict-aliasing -fPIC -ftree-parallelize-loops=1 -Wall -Wextra,1,5,30,26a4f0cfc1540cead109dfc8d736f1c45263e390,2026-10-02T19:17:26+0200,,debug/4970062
tsvc_2_s311,numba,M,,ok,135923942,135412468,136275836 135597103 135903527 135885639 135837896 135944357 136073091 136153344 135952678 136037060 135636525 136176864 135692972 135880807 136995178 135678477 135956358 136044036 135872648 136312027 135661965 136238238 135573967 136174336 154749526 135897607 135816937 135984356 135845319 135412468,numba,numba 0.67.0,"@nb.njit(parallel=True, cache=True)",1,5,30,26a4f0cfc1540cead109dfc8d736f1c45263e390,2026-10-02T19:17:57+0200,,debug/4970062
tsvc_2_s311,c_reference,M,,ok,136077660,135700513,136121921 135865735 135993156 135835400 135870984 136122977 136209951 136075234 135989220 136107937 135709100 135837320 136148288 136324923 136050136 135817214 136092311 135700513 135963386 136130293 136049048 136351599 136165204 136080086 135825854 136253874 136115670 136230548 136238642 136003416,gcc,gcc-14 (SUSE Linux) 14.2.0 [/usr/bin/gcc-14],-O3 -march=native -fopenmp -fno-math-errno -fno-trapping-math -fno-signed-zeros  -ffp-contract=fast -fstrict-aliasing -fPIC -include /capstor/scratch/cscs/lhulsbergen/HPCAgent-Bench-v2/hpcagent_bench/envs/vecmath.h -Wall -Wextra,1,5,30,26a4f0cfc1540cead109dfc8d736f1c45263e390,2026-10-02T19:18:27+0200,source=tsvc_2_s311_reference.c sha256=0f8523ac721d9f18,debug/4970062
tsvc_2_s311,agent,M,,ok,76542333,76237285,76683033 76506590 76603867 76653082 76237285 76618427 76519614 76352002 76324035 97880330 76454752 77370887 76546589 76515870 76288196 76432992 76452575 76594044 76603164 77049935 76677177 76538077 76445376 76355394 76586140 76463807 76629115 76552700 76657146 76403809,gfortran,GNU Fortran (SUSE Linux) 13.3.1 20250313 [revision 4ef1d8c84faeebffeb0cc01ee22e891b41e5c4e0] [/users/lhulsbergen/bin/gfortran],-O3 -march=native -fopenmp -fno-math-errno -fno-trapping-math -fno-signed-zeros  -ffp-contract=fast -fstrict-aliasing -fPIC -ftree-parallelize-loops=1 -Wall -Wextra,1,5,30,26a4f0cfc1540cead109dfc8d736f1c45263e390,2026-10-02T19:18:54+0200,rank=1 arm=llr40v10-qwen38-fortran job=622266 seq=1 lang=fortran campaign_speedup=20.388 sha256=a0e8000562ea9700,debug/4970062
tsvc_2_s3110,c,M,,ok,121362126,120156475,122004372 120481664 121919126 120807255 121578208 120719865 121951701 120505824 122989463 120862837 121548416 120739193 122025268 120520497 121658703 121013985 121568881 120885766 121821226 120156475 121672078 120365237 121175836 120490257 129011477 120168635 153746488 124369791 121029825 189910986,gcc,gcc-14 (SUSE Linux) 14.2.0 [/usr/bin/gcc-14],-O3 -march=native -fopenmp -fno-math-errno -fno-trapping-math -fno-signed-zeros  -ffp-contract=fast -fstrict-aliasing -fPIC -include /capstor/scratch/cscs/lhulsbergen/HPCAgent-Bench-v2/hpcagent_bench/envs/vecmath.h -Wall -Wextra,1,5,30,26a4f0cfc1540cead109dfc8d736f1c45263e390,2026-10-02T16:31:45+0200,,debug/4969572
tsvc_2_s3110,cpp,M,,ok,121644223,120389236,122195967 121442133 121655023 121784746 121865481 121491635 165555387 162352186 121735564 121973573 121781899 121088256 121997700 121444085 121807466 121609520 121543794 121179741 121575473 120998178 121594736 121633423 121859017 121393558 121800106 121568561 121662990 121432054 121893543 120389236,g++,g++ (SUSE Linux) 13.3.1 20250313 [revision 4ef1d8c84faeebffeb0cc01ee22e891b41e5c4e0] [/users/lhulsbergen/bin/g++],-O3 -march=native -fopenmp -fno-math-errno -fno-trapping-math -fno-signed-zeros  -ffp-contract=fast -fstrict-aliasing -fPIC -include /capstor/scratch/cscs/lhulsbergen/HPCAgent-Bench-v2/hpcagent_bench/envs/vecmath.h -Wall -Wextra,1,5,30,26a4f0cfc1540cead109dfc8d736f1c45263e390,2026-10-02T16:32:03+0200,,debug/4969572
tsvc_2_s3110,fortran,M,,ok,121894391,121467252,122102913 121504083 122326042 121507347 121610416 121696685 121717005 122545588 122290780 121864776 121900487 121888295 121884360 121467252 122260668 121609616 122058403 122235838 122107298 121734253 122147168 121785771 121809674 121679470 121841065 174866920 189704304 188368344 188904296 177560472,gfortran,GNU Fortran (SUSE Linux) 13.3.1 20250313 [revision 4ef1d8c84faeebffeb0cc01ee22e891b41e5c4e0] [/users/lhulsbergen/bin/gfortran],-O3 -march=native -fopenmp -fno-math-errno -fno-trapping-math -fno-signed-zeros  -ffp-contract=fast -fstrict-aliasing -fPIC -ftree-parallelize-loops=1 -Wall -Wextra,1,5,30,26a4f0cfc1540cead109dfc8d736f1c45263e390,2026-10-02T16:32:21+0200,,debug/4969572
tsvc_2_s3110,numba,M,,ok,316056259,315336201,315336201 316295117 315551203 316533766 315431047 316235054 316088242 316666721 316811421 316024276 316362411 315884921 316197455 315798619 316335115 316362219 315874969 315999894 317817727 316120114 316013653 315717886 316091346 315617056 321291428 315636489 316209655 315930528 315629257 315664456,numba,numba 0.67.0,"@nb.njit(parallel=True, cache=True)",1,5,30,26a4f0cfc1540cead109dfc8d736f1c45263e390,2026-10-02T16:32:46+0200,,debug/4969572
tsvc_2_s3110,c_reference,M,,ok,122549751,120759934,157034188 190228248 187392847 176707604 130576019 182377160 169009919 190263607 191524113 190514095 190660523 191108542 190941794 168226774 122224114 121079124 122211250 120759934 122313582 121877532 122099925 121084469 122650853 121010391 122448650 121057781 122343918 120923993 122319982 120808637,gcc,gcc-14 (SUSE Linux) 14.2.0 [/usr/bin/gcc-14],-O3 -march=native -fopenmp -fno-math-errno -fno-trapping-math -fno-signed-zeros  -ffp-contract=fast -fstrict-aliasing -fPIC -include /capstor/scratch/cscs/lhulsbergen/HPCAgent-Bench-v2/hpcagent_bench/envs/vecmath.h -Wall -Wextra,1,5,30,26a4f0cfc1540cead109dfc8d736f1c45263e390,2026-10-02T16:33:04+0200,source=tsvc_2_s3110_reference.c sha256=f761d4122cc24220,debug/4969572
tsvc_2_s3110,agent,M,,ok,123611607,121915388,123092183 122911645 123804897 123479275 122003833 123776163 122076438 122661189 123854432 130519349 132933739 125597227 123740419 131131618 124637927 124130711 123482795 125444016 124110552 124532299 122875422 123073879 122508649 123441452 121915388 123329264 122622821 122798911 123785922 124665639,gcc,gcc-14 (SUSE Linux) 14.2.0 [/usr/bin/gcc-14],-O3 -march=native -fopenmp -fno-math-errno -fno-trapping-math -fno-signed-zeros  -ffp-contract=fast -fstrict-aliasing -fPIC -include /capstor/scratch/cscs/lhulsbergen/HPCAgent-Bench-v2/hpcagent_bench/envs/vecmath.h -Wall -Wextra,1,5,30,26a4f0cfc1540cead109dfc8d736f1c45263e390,2026-10-02T16:33:30+0200,rank=3 arm=llr40v10-kimi27sglang-c job=621730 seq=2 lang=c campaign_speedup=14.828 sha256=200d711633cc4004,debug/4969572
tsvc_2_s3111,c,M,,ok,126937624,126491207,126777117 127381163 126827452 128033334 127185969 127345516 126821500 127867547 126744703 127014870 126872890 127495976 126847963 126579876 126491207 126584036 127369483 127029622 127360843 126576036 127069045 127002359 127619556 126800541 126869563 126766623 127139570 126606468 127007991 126726336,gcc,gcc-14 (SUSE Linux) 14.2.0 [/usr/bin/gcc-14],-O3 -march=native -fopenmp -fno-math-errno -fno-trapping-math -fno-signed-zeros  -ffp-contract=fast -fstrict-aliasing -fPIC -include /capstor/scratch/cscs/lhulsbergen/HPCAgent-Bench-v2/hpcagent_bench/envs/vecmath.h -Wall -Wextra,1,5,30,26a4f0cfc1540cead109dfc8d736f1c45263e390,2026-10-02T16:34:57+0200,,debug/4969572
tsvc_2_s3111,cpp,M,,ok,125544724,124905368,126676034 125676192 126263150 126069684 126390730 125601154 126123986 126335852 125220687 125271117 125637570 125883098 125207791 125409417 125268365 125241934 125360810 125552676 125372618 124905368 125522181 125484839 125351082 125198031 125662177 125551076 125538373 125144945 125733022 125740574,g++,g++ (SUSE Linux) 13.3.1 20250313 [revision 4ef1d8c84faeebffeb0cc01ee22e891b41e5c4e0] [/users/lhulsbergen/bin/g++],-O3 -march=native -fopenmp -fno-math-errno -fno-trapping-math -fno-signed-zeros  -ffp-contract=fast -fstrict-aliasing -fPIC -include /capstor/scratch/cscs/lhulsbergen/HPCAgent-Bench-v2/hpcagent_bench/envs/vecmath.h -Wall -Wextra,1,5,30,26a4f0cfc1540cead109dfc8d736f1c45263e390,2026-10-02T16:35:12+0200,,debug/4969572
tsvc_2_s3111,fortran,M,,ok,730357802,728596290,729484772 729998995 729692701 728928546 730970424 728596290 730071284 730459815 730254798 729876953 729991542 730288044 729461927 731947224 730393258 728865177 731160240 730322347 730564804 730902041 730760381 730429160 735523367 735892923 730426440 730814172 731702624 730986838 729330762 729629314,gfortran,GNU Fortran (SUSE Linux) 13.3.1 20250313 [revision 4ef1d8c84faeebffeb0cc01ee22e891b41e5c4e0] [/users/lhulsbergen/bin/gfortran],-O3 -march=native -fopenmp -fno-math-errno -fno-trapping-math -fno-signed-zeros  -ffp-contract=fast -fstrict-aliasing -fPIC -ftree-parallelize-loops=1 -Wall -Wextra,1,5,30,26a4f0cfc1540cead109dfc8d736f1c45263e390,2026-10-02T16:35:48+0200,,debug/4969572
tsvc_2_s3111,numba,M,,ok,316065634,313951508,313951508 315022162 314265515 316612832 315307146 315616192 314885975 314957525 314555905 314933461 314927542 314967348 315551650 315491203 317263372 315850777 316641792 315834201 316460613 316391688 318276557 319218094 316526723 317940022 316280491 316840473 316726301 316879896 316593698 317177295,numba,numba 0.67.0,"@nb.njit(parallel=True, cache=True)",1,5,30,26a4f0cfc1540cead109dfc8d736f1c45263e390,2026-10-02T16:36:09+0200,,debug/4969572
tsvc_2_s3111,c_reference,M,,ok,127005403,126333936,126869120 127141111 129552363 127430958 127249972 128339729 126895359 127962845 126965660 127101464 127033594 126485260 126926014 126664741 127385455 126333936 127206517 126835681 127258995 126937021 127431918 126977213 126714853 127257972 126683430 126512683 127523083 127133015 126752131 126718052,gcc,gcc-14 (SUSE Linux) 14.2.0 [/usr/bin/gcc-14],-O3 -march=native -fopenmp -fno-math-errno -fno-trapping-math -fno-signed-zeros  -ffp-contract=fast -fstrict-aliasing -fPIC -include /capstor/scratch/cscs/lhulsbergen/HPCAgent-Bench-v2/hpcagent_bench/envs/vecmath.h -Wall -Wextra,1,5,30,26a4f0cfc1540cead109dfc8d736f1c45263e390,2026-10-02T16:36:23+0200,source=tsvc_2_s3111_reference.c sha256=85c653ceb8551f40,debug/4969572
tsvc_2_s3111,agent,M,,ok,126223234,125840238,126159300 126151556 126244097 126987978 126518425 126283072 126068359 126705811 126342526 126177955 125901165 126755377 126454075 125873613 126149476 126201347 126285440 126158788 126184388 126378589 125954346 126220194 126988426 126303679 126044231 126226274 126726802 126312415 125952426 125840238,gcc,gcc-14 (SUSE Linux) 14.2.0 [/usr/bin/gcc-14],-O3 -march=native -fopenmp -fno-math-errno -fno-trapping-math -fno-signed-zeros  -ffp-contract=fast -fstrict-aliasing -fPIC -include /capstor/scratch/cscs/lhulsbergen/HPCAgent-Bench-v2/hpcagent_bench/envs/vecmath.h -Wall -Wextra,1,5,30,26a4f0cfc1540cead109dfc8d736f1c45263e390,2026-10-02T16:36:41+0200,rank=2 arm=llr40v10-qwen38-c job=622265 seq=1 lang=c campaign_speedup=28.882 sha256=d001c96b2307f575,debug/4969572
tsvc_2_s3112,c,M,,ok,80137337,79808612,80159224 80373906 79883874 80018973 80163353 80251318 79808612 79939456 80254102 80039901 79967839 79961183 80113402 79968671 80992670 80243383 80319604 80030973 80292053 80335636 80140249 80108026 80274645 80150713 80134426 79928288 80174200 80278901 80101627 79864835,gcc,gcc-14 (SUSE Linux) 14.2.0 [/usr/bin/gcc-14],-O3 -march=native -fopenmp -fno-math-errno -fno-trapping-math -fno-signed-zeros  -ffp-contract=fast -fstrict-aliasing -fPIC -include /capstor/scratch/cscs/lhulsbergen/HPCAgent-Bench-v2/hpcagent_bench/envs/vecmath.h -Wall -Wextra,1,5,30,26a4f0cfc1540cead109dfc8d736f1c45263e390,2026-10-02T16:38:37+0200,,debug/4969572
tsvc_2_s3112,cpp,M,,ok,80106202,79904513,80186040 80096826 80092603 80116570 80079868 80072540 80306069 80173688 80333747 80052508 80053916 80123770 80236758 80002622 80149977 79952352 80137369 80053756 80261813 80131514 80033469 80078043 80115995 80120314 80028797 79904513 80115579 80022974 80126746 80031069,g++,g++ (SUSE Linux) 13.3.1 20250313 [revision 4ef1d8c84faeebffeb0cc01ee22e891b41e5c4e0] [/users/lhulsbergen/bin/g++],-O3 -march=native -fopenmp -fno-math-errno -fno-trapping-math -fno-signed-zeros  -ffp-contract=fast -fstrict-aliasing -fPIC -include /capstor/scratch/cscs/lhulsbergen/HPCAgent-Bench-v2/hpcagent_bench/envs/vecmath.h -Wall -Wextra,1,5,30,26a4f0cfc1540cead109dfc8d736f1c45263e390,2026-10-02T16:38:56+0200,,debug/4969572
tsvc_2_s3112,fortran,M,,ok,80005700,79758630,80017662 79872770 80008094 79993534 79948768 79989439 80196855 79979743 79758630 79955455 80178360 80166649 79951999 79949636 80219013 80182758 79901679 80003307 79880527 80035466 79787570 80126321 80041786 80147414 79861950 80175156 80078008 80102679 79799553 80130742,gfortran,GNU Fortran (SUSE Linux) 13.3.1 20250313 [revision 4ef1d8c84faeebffeb0cc01ee22e891b41e5c4e0] [/users/lhulsbergen/bin/gfortran],-O3 -march=native -fopenmp -fno-math-errno -fno-trapping-math -fno-signed-zeros  -ffp-contract=fast -fstrict-aliasing -fPIC -ftree-parallelize-loops=1 -Wall -Wextra,1,5,30,26a4f0cfc1540cead109dfc8d736f1c45263e390,2026-10-02T16:39:15+0200,,debug/4969572
tsvc_2_s3112,numba,M,,ok,79956555,79744291,79803905 79943932 79970299 80166837 79841183 79970203 80071576 80185684 79777889 80077560 80022874 79857471 79817216 80055865 79866527 80018585 79965947 79892190 80020537 79950844 79834560 79926940 80248594 79882270 79744291 79962267 80187349 79931164 79841919 80023450,numba,numba 0.67.0,"@nb.njit(parallel=True, cache=True)",1,5,30,26a4f0cfc1540cead109dfc8d736f1c45263e390,2026-10-02T16:39:34+0200,,debug/4969572
tsvc_2_s3112,c_reference,M,,ok,80112215,79797729,80125110 79880253 79961339 80197780 80289009 79936381 80160757 79986779 80252370 80182933 79982715 80001946 80002811 80150389 80113719 79797729 80193108 80601704 80095575 80564681 80110711 80251122 80159350 79928157 80031161 80090519 80206420 79829919 79904157 80208724,gcc,gcc-14 (SUSE Linux) 14.2.0 [/usr/bin/gcc-14],-O3 -march=native -fopenmp -fno-math-errno -fno-trapping-math -fno-signed-zeros  -ffp-contract=fast -fstrict-aliasing -fPIC -include /capstor/scratch/cscs/lhulsbergen/HPCAgent-Bench-v2/hpcagent_bench/envs/vecmath.h -Wall -Wextra,1,5,30,26a4f0cfc1540cead109dfc8d736f1c45263e390,2026-10-02T16:39:53+0200,source=tsvc_2_s3112_reference.c sha256=32971573861117eb,debug/4969572
tsvc_2_s3112,agent,M,,ok,80174293,79884446,80512106 80371887 80106039 80525482 80230163 80156085 79884446 80138838 80079736 80026457 79965147 80274258 80026521 80044665 80198516 80264306 79954780 80306385 80216403 80039992 79900413 80258258 80104407 80161493 80187093 80409709 80113847 80943101 80224500 80352240,gfortran,GNU Fortran (SUSE Linux) 13.3.1 20250313 [revision 4ef1d8c84faeebffeb0cc01ee22e891b41e5c4e0] [/users/lhulsbergen/bin/gfortran],-O3 -march=native -fopenmp -fno-math-errno -fno-trapping-math -fno-signed-zeros  -ffp-contract=fast -fstrict-aliasing -fPIC -ftree-parallelize-loops=1 -Wall -Wextra,1,5,30,26a4f0cfc1540cead109dfc8d736f1c45263e390,2026-10-02T16:40:12+0200,rank=1 arm=llr40v10-oss120b-fortran job=621019 seq=1 lang=fortran campaign_speedup=1.000 sha256=a24bd69bafc495b7,debug/4969572
tsvc_2_s316,c,M,,ok,276619496,275838896,276608313 277014892 276259203 277424159 276173126 276867920 276879984 276106568 276482812 276149063 276766835 277022444 277085481 276630679 276732149 277123047 276003627 277119240 276225380 276454333 277025995 275876174 276788370 276093992 276564186 276709045 276394399 276600121 275838896 277788883,gcc,gcc-14 (SUSE Linux) 14.2.0 [/usr/bin/gcc-14],-O3 -march=native -fopenmp -fno-math-errno -fno-trapping-math -fno-signed-zeros  -ffp-contract=fast -fstrict-aliasing -fPIC -include /capstor/scratch/cscs/lhulsbergen/HPCAgent-Bench-v2/hpcagent_bench/envs/vecmath.h -Wall -Wextra,1,5,30,26a4f0cfc1540cead109dfc8d736f1c45263e390,2026-10-02T16:39:14+0200,,debug/4969572
tsvc_2_s316,cpp,M,,ok,80275897,79980115,80467491 80413445 80050384 80203979 80221866 80622974 80038929 80164364 80019377 80420484 80150061 80357990 80133709 80286121 80341383 80359463 80104846 80984147 80121741 80537601 80680860 80095246 79980115 80331015 80774202 80288393 80161133 80334535 80265673 80104079,g++,g++ (SUSE Linux) 13.3.1 20250313 [revision 4ef1d8c84faeebffeb0cc01ee22e891b41e5c4e0] [/users/lhulsbergen/bin/g++],-O3 -march=native -fopenmp -fno-math-errno -fno-trapping-math -fno-signed-zeros  -ffp-contract=fast -fstrict-aliasing -fPIC -include /capstor/scratch/cscs/lhulsbergen/HPCAgent-Bench-v2/hpcagent_bench/envs/vecmath.h -Wall -Wextra,1,5,30,26a4f0cfc1540cead109dfc8d736f1c45263e390,2026-10-02T16:39:26+0200,,debug/4969572
tsvc_2_s316,fortran,M,,ok,80694988,80220555,80858550 80955988 81232458 80995923 80836215 81208843 80694524 80907925 81091888 81044401 81060433 80695452 81390630 80751099 80582079 80495043 80455140 80517282 80389829 80417061 80380966 80719803 80714588 80465315 80220555 80589600 80397573 80447875 80441156 80464004,gfortran,GNU Fortran (SUSE Linux) 13.3.1 20250313 [revision 4ef1d8c84faeebffeb0cc01ee22e891b41e5c4e0] [/users/lhulsbergen/bin/gfortran],-O3 -march=native -fopenmp -fno-math-errno -fno-trapping-math -fno-signed-zeros  -ffp-contract=fast -fstrict-aliasing -fPIC -ftree-parallelize-loops=1 -Wall -Wextra,1,5,30,26a4f0cfc1540cead109dfc8d736f1c45263e390,2026-10-02T16:39:38+0200,,debug/4969572
tsvc_2_s316,numba,M,,ok,123429950,123056650,123297891 123375713 123590618 123144520 123530012 123733205 124540572 123228677 123216166 123980109 123540796 123322050 123306947 123550460 123424223 123241221 123554715 124317860 123319075 123248293 123649336 123633113 123056650 123371681 123435678 123436447 123132840 123314627 135446501 123593626,numba,numba 0.67.0,"@nb.njit(parallel=True, cache=True)",1,5,30,26a4f0cfc1540cead109dfc8d736f1c45263e390,2026-10-02T16:39:52+0200,,debug/4969572
tsvc_2_s316,c_reference,M,,ok,276947026,275989844,277573530 275989844 277315190 276869828 277067423 277422867 276388787 277620557 277410355 278428371 277373844 276427186 277300023 276555246 277597133 276957794 276764392 387765563 276425363 276936258 276484721 277354741 276811622 276838886 276804422 276603052 277247160 276797030 277072062 276917923,gcc,gcc-14 (SUSE Linux) 14.2.0 [/usr/bin/gcc-14],-O3 -march=native -fopenmp -fno-math-errno -fno-trapping-math -fno-signed-zeros  -ffp-contract=fast -fstrict-aliasing -fPIC -include /capstor/scratch/cscs/lhulsbergen/HPCAgent-Bench-v2/hpcagent_bench/envs/vecmath.h -Wall -Wextra,1,5,30,26a4f0cfc1540cead109dfc8d736f1c45263e390,2026-10-02T16:40:11+0200,source=tsvc_2_s316_reference.c sha256=319aa50c0a4fc32c,debug/4969572
tsvc_2_s316,agent,M,,ok,69578830,69300886,69599277 69306198 69814183 69545903 69632684 69374932 69749065 69639820 69814726 69454002 69397044 69830245 69920355 69558383 69726665 69317750 69895492 69431474 69759399 69656939 69507920 69511984 69537807 69300886 69757896 69420307 69729801 69369780 69729129 69351029,gfortran,GNU Fortran (SUSE Linux) 13.3.1 20250313 [revision 4ef1d8c84faeebffeb0cc01ee22e891b41e5c4e0] [/users/lhulsbergen/bin/gfortran],-O3 -march=native -fopenmp -fno-math-errno -fno-trapping-math -fno-signed-zeros  -ffp-contract=fast -fstrict-aliasing -fPIC -ftree-parallelize-loops=1 -Wall -Wextra,1,5,30,26a4f0cfc1540cead109dfc8d736f1c45263e390,2026-10-02T16:40:23+0200,rank=1 arm=llr40v10-oss120b-fortran job=621019 seq=1 lang=fortran campaign_speedup=13.831 sha256=5db746384e6f0c8f,debug/4969572
tsvc_2_s318,c,M,,ok,80780952,80177303,80927168 81220215 80673895 80620809 82105499 80863394 80810531 80177303 80972446 81196664 80897345 80675335 80879124 80565567 80755897 80806007 80409924 80974610 80528513 80908564 80191243 80262728 80583199 80962130 80924595 80187147 80919636 80237258 80697882 80318278,gcc,gcc-14 (SUSE Linux) 14.2.0 [/usr/bin/gcc-14],-O3 -march=native -fopenmp -fno-math-errno -fno-trapping-math -fno-signed-zeros  -ffp-contract=fast -fstrict-aliasing -fPIC -include /capstor/scratch/cscs/lhulsbergen/HPCAgent-Bench-v2/hpcagent_bench/envs/vecmath.h -Wall -Wextra,1,5,30,26a4f0cfc1540cead109dfc8d736f1c45263e390,2026-10-02T16:33:19+0200,,debug/4969572
tsvc_2_s318,cpp,M,,ok,80404948,79740858,80612862 80060879 80252457 80410468 80126253 80334951 80080719 80399428 79740858 80269577 80478306 80330247 80461186 80509633 80607741 79994097 80374725 80633150 79960595 80442115 80133325 80318182 80084142 80448035 80532383 80676860 80998513 81070448 81030768 80860117,g++,g++ (SUSE Linux) 13.3.1 20250313 [revision 4ef1d8c84faeebffeb0cc01ee22e891b41e5c4e0] [/users/lhulsbergen/bin/g++],-O3 -march=native -fopenmp -fno-math-errno -fno-trapping-math -fno-signed-zeros  -ffp-contract=fast -fstrict-aliasing -fPIC -include /capstor/scratch/cscs/lhulsbergen/HPCAgent-Bench-v2/hpcagent_bench/envs/vecmath.h -Wall -Wextra,1,5,30,26a4f0cfc1540cead109dfc8d736f1c45263e390,2026-10-02T16:33:32+0200,,debug/4969572
tsvc_2_s318,fortran,M,,ok,80539183,79990482,80686555 80700859 80287496 80970834 80657980 80441795 80493473 80669244 80640060 80446179 80199050 80177931 80671452 79990482 80401189 80926067 80460227 80516384 80654172 80426595 80606173 90226408 80643357 80307719 80465218 80034384 80758553 80349702 80614206 80561982,gfortran,GNU Fortran (SUSE Linux) 13.3.1 20250313 [revision 4ef1d8c84faeebffeb0cc01ee22e891b41e5c4e0] [/users/lhulsbergen/bin/gfortran],-O3 -march=native -fopenmp -fno-math-errno -fno-trapping-math -fno-signed-zeros  -ffp-contract=fast -fstrict-aliasing -fPIC -ftree-parallelize-loops=1 -Wall -Wextra,1,5,30,26a4f0cfc1540cead109dfc8d736f1c45263e390,2026-10-02T16:33:44+0200,,debug/4969572
tsvc_2_s318,numba,M,,ok,291873613,290682100,291766417 291646261 291741458 294342110 291407357 291575224 291266466 292092710 292234978 291480474 293042440 291209667 291405181 290815856 291980810 292001001 292062249 291981418 290682100 291349855 291311616 292629398 293134693 291430045 292407996 291182852 293294656 293225859 292415356 293250753,numba,numba 0.67.0,"@nb.njit(parallel=True, cache=True)",1,5,30,26a4f0cfc1540cead109dfc8d736f1c45263e390,2026-10-02T16:34:04+0200,,debug/4969572
tsvc_2_s318,c_reference,M,,ok,80819022,80179810,80745169 80667508 81648277 80852461 80904684 81350558 81014377 81532568 81176516 81082182 93025652 80997993 80288703 80488025 80584118 80488345 80852142 80429275 80561367 80440507 80722546 80890796 80524568 80361789 80829230 80481081 83290530 80808815 80179810 81242434,gcc,gcc-14 (SUSE Linux) 14.2.0 [/usr/bin/gcc-14],-O3 -march=native -fopenmp -fno-math-errno -fno-trapping-math -fno-signed-zeros  -ffp-contract=fast -fstrict-aliasing -fPIC -include /capstor/scratch/cscs/lhulsbergen/HPCAgent-Bench-v2/hpcagent_bench/envs/vecmath.h -Wall -Wextra,1,5,30,26a4f0cfc1540cead109dfc8d736f1c45263e390,2026-10-02T16:34:17+0200,source=tsvc_2_s318_reference.c sha256=f6f47d5151c6663d,debug/4969572
tsvc_2_s318,agent,M,,ok,253668728,252555834,252835219 253918256 254203559 252954478 253076971 253353698 254152009 252787540 252555834 253216198 254298596 253967439 253009869 253799156 254133897 262156942 253793620 253174247 253489501 253996877 253249733 253731639 252688598 253580378 253986798 253605818 254104011 253260165 254344931 254136553,gfortran,GNU Fortran (SUSE Linux) 13.3.1 20250313 [revision 4ef1d8c84faeebffeb0cc01ee22e891b41e5c4e0] [/users/lhulsbergen/bin/gfortran],-O3 -march=native -fopenmp -fno-math-errno -fno-trapping-math -fno-signed-zeros  -ffp-contract=fast -fstrict-aliasing -fPIC -ftree-parallelize-loops=1 -Wall -Wextra,1,5,30,26a4f0cfc1540cead109dfc8d736f1c45263e390,2026-10-02T16:34:40+0200,rank=2 arm=llr40v10-kimi27sglang-fortran job=621022 seq=4 lang=fortran campaign_speedup=16.218 sha256=c7b51f9e96e435a4,debug/4969572
tsvc_2_s319,c,M,,ok,75248559,75015751,75088197 75528855 75573494 75173762 75258911 75223265 75694418 75348733 75351645 75463289 75238208 75170530 75164418 75536599 75114755 75460921 75358268 75015751 75219680 75619092 75394042 87251504 75195041 75141315 75178850 75187714 75288318 75236896 75096773 75323069,gcc,gcc-14 (SUSE Linux) 14.2.0 [/usr/bin/gcc-14],-O3 -march=native -fopenmp -fno-math-errno -fno-trapping-math -fno-signed-zeros  -ffp-contract=fast -fstrict-aliasing -fPIC -include /capstor/scratch/cscs/lhulsbergen/HPCAgent-Bench-v2/hpcagent_bench/envs/vecmath.h -Wall -Wextra,1,5,30,26a4f0cfc1540cead109dfc8d736f1c45263e390,2026-10-02T16:31:46+0200,,debug/4969572
tsvc_2_s319,cpp,M,,ok,75047825,74502355,74683085 75560657 74682605 74989828 75095296 75153758 74665005 74741259 74686285 75060706 74657614 74920613 74626158 75007235 74643503 75169118 75194172 75664142 75098528 75210652 75011234 75048641 74915877 75096096 75178302 75315128 74502355 75062593 76784810 75047009,g++,g++ (SUSE Linux) 13.3.1 20250313 [revision 4ef1d8c84faeebffeb0cc01ee22e891b41e5c4e0] [/users/lhulsbergen/bin/g++],-O3 -march=native -fopenmp -fno-math-errno -fno-trapping-math -fno-signed-zeros  -ffp-contract=fast -fstrict-aliasing -fPIC -include /capstor/scratch/cscs/lhulsbergen/HPCAgent-Bench-v2/hpcagent_bench/envs/vecmath.h -Wall -Wextra,1,5,30,26a4f0cfc1540cead109dfc8d736f1c45263e390,2026-10-02T16:32:07+0200,,debug/4969572
tsvc_2_s319,fortran,M,,ok,75174429,74760586,75832713 75235132 75216348 75465492 75186781 74963460 74760586 75429334 75325496 75277274 74889862 75605840 75162078 74768298 74860327 75623535 75126079 75017219 75519379 75076737 75575921 75059361 74910726 75451573 75120191 74801545 75133726 75478611 75064448 83945033,gfortran,GNU Fortran (SUSE Linux) 13.3.1 20250313 [revision 4ef1d8c84faeebffeb0cc01ee22e891b41e5c4e0] [/users/lhulsbergen/bin/gfortran],-O3 -march=native -fopenmp -fno-math-errno -fno-trapping-math -fno-signed-zeros  -ffp-contract=fast -fstrict-aliasing -fPIC -ftree-parallelize-loops=1 -Wall -Wextra,1,5,30,26a4f0cfc1540cead109dfc8d736f1c45263e390,2026-10-02T16:32:27+0200,,debug/4969572
tsvc_2_s319,numba,M,,ok,77753063,76552444,76552444 78418340 76629530 78130252 77043917 78709659 76772694 78282312 77391778 78197195 77198472 78312488 76822132 78961939 76798197 78600862 77041646 78529472 77051821 78114349 76728055 78552192 76593210 78258441 76829972 78177419 76866738 78384261 77211881 78301767,numba,numba 0.67.0,"@nb.njit(parallel=True, cache=True)",1,5,30,26a4f0cfc1540cead109dfc8d736f1c45263e390,2026-10-02T16:32:47+0200,,debug/4969572
tsvc_2_s319,c_reference,M,,ok,75466585,74940009,75306466 75577497 75038794 74940009 75529367 75266079 75800078 75096357 75666195 75307709 75466905 75683026 75990729 75384220 75419994 75633652 75045510 75766865 74963048 75550167 75145603 75357980 75565109 75839629 75066245 75466265 75768847 75661363 75788623 75371964,gcc,gcc-14 (SUSE Linux) 14.2.0 [/usr/bin/gcc-14],-O3 -march=native -fopenmp -fno-math-errno -fno-trapping-math -fno-signed-zeros  -ffp-contract=fast -fstrict-aliasing -fPIC -include /capstor/scratch/cscs/lhulsbergen/HPCAgent-Bench-v2/hpcagent_bench/envs/vecmath.h -Wall -Wextra,1,5,30,26a4f0cfc1540cead109dfc8d736f1c45263e390,2026-10-02T16:33:07+0200,source=tsvc_2_s319_reference.c sha256=8455b2506e830a7f,debug/4969572
tsvc_2_s319,agent,M,,ok,74680401,74111331,74720848 75316382 74235295 75038951 74572149 74804237 74736783 74814349 74898602 74111331 74480951 74563892 75336957 74375259 75058822 74358266 75015495 74319996 74609012 75262559 74581140 74352028 74571316 74923050 74586356 74802701 75168226 74639954 74601427 75169027,gcc,gcc-14 (SUSE Linux) 14.2.0 [/usr/bin/gcc-14],-O3 -march=native -fopenmp -fno-math-errno -fno-trapping-math -fno-signed-zeros  -ffp-contract=fast -fstrict-aliasing -fPIC -include /capstor/scratch/cscs/lhulsbergen/HPCAgent-Bench-v2/hpcagent_bench/envs/vecmath.h -Wall -Wextra,1,5,30,26a4f0cfc1540cead109dfc8d736f1c45263e390,2026-10-02T16:33:35+0200,rank=3 arm=llr40v10-kimi27sglang-c job=621730 seq=1 lang=c campaign_speedup=92.518 sha256=a9eb81276e9442c3,debug/4969572
tsvc_2_s323,c,M,,ok,83564490,83030315,83728566 86540605 83427871 83842866 83535739 84167431 83243621 83593242 83494749 83615096 83764980 83415679 83494236 83778388 83495229 83359680 83030315 83956398 83863505 84014189 83454302 84815347 83299811 84072970 83092201 83214245 83960014 83490396 84025324 83385920,gcc,gcc-14 (SUSE Linux) 14.2.0 [/usr/bin/gcc-14],-O3 -march=native -fopenmp -fno-math-errno -fno-trapping-math -fno-signed-zeros  -ffp-contract=fast -fstrict-aliasing -fPIC -include /capstor/scratch/cscs/lhulsbergen/HPCAgent-Bench-v2/hpcagent_bench/envs/vecmath.h -Wall -Wextra,1,5,30,26a4f0cfc1540cead109dfc8d736f1c45263e390,2026-10-02T16:35:33+0200,,debug/4969572
tsvc_2_s323,cpp,M,,ok,88923779,88186885,89392165 88886869 88860085 88445986 88803703 88960690 88331270 88799896 89280840 88883285 88733786 88967342 89516668 88186885 89196998 89316962 89476509 88426558 88875568 89072330 88648054 88849617 89155847 89135496 88584569 88659831 89296163 89073225 88979533 89029900,g++,g++ (SUSE Linux) 13.3.1 20250313 [revision 4ef1d8c84faeebffeb0cc01ee22e891b41e5c4e0] [/users/lhulsbergen/bin/g++],-O3 -march=native -fopenmp -fno-math-errno -fno-trapping-math -fno-signed-zeros  -ffp-contract=fast -fstrict-aliasing -fPIC -include /capstor/scratch/cscs/lhulsbergen/HPCAgent-Bench-v2/hpcagent_bench/envs/vecmath.h -Wall -Wextra,1,5,30,26a4f0cfc1540cead109dfc8d736f1c45263e390,2026-10-02T16:35:53+0200,,debug/4969572
tsvc_2_s323,fortran,M,,ok,80928007,80143872,80656688 81099842 81215167 80963431 80578963 80811659 80350393 80939047 81177824 81454871 81573140 80999878 81478967 80143872 80908935 80394424 81784108 80844459 80844970 80916968 81350395 81041636 81177024 80720334 80848330 82633010 80822923 80576275 80874089 81724879,gfortran,GNU Fortran (SUSE Linux) 13.3.1 20250313 [revision 4ef1d8c84faeebffeb0cc01ee22e891b41e5c4e0] [/users/lhulsbergen/bin/gfortran],-O3 -march=native -fopenmp -fno-math-errno -fno-trapping-math -fno-signed-zeros  -ffp-contract=fast -fstrict-aliasing -fPIC -ftree-parallelize-loops=1 -Wall -Wextra,1,5,30,26a4f0cfc1540cead109dfc8d736f1c45263e390,2026-10-02T16:36:13+0200,,debug/4969572
tsvc_2_s323,numba,M,,ok,82345243,81968615,83309405 82138850 82367419 82247103 82505335 82652722 82296381 82412441 82874731 82143937 82355515 82275614 82672977 82313533 82400378 82481367 82917706 82841228 81983814 82292797 82180064 82381402 82281565 82922601 82511063 82264158 82334972 82111331 82216000 81968615,numba,numba 0.67.0,"@nb.njit(parallel=True, cache=True)",1,5,30,26a4f0cfc1540cead109dfc8d736f1c45263e390,2026-10-02T16:36:33+0200,,debug/4969572
tsvc_2_s323,c_reference,M,,ok,83599577,82754991,83565750 83624755 83081924 83972073 83828909 83599668 83859148 83611316 83506808 83110628 84095717 82754991 83766288 83390715 84306814 83480408 83081477 83900107 83769711 83111235 82987176 84361149 83611092 83542614 83397573 83599487 83333287 83697756 84162734 83260841,gcc,gcc-14 (SUSE Linux) 14.2.0 [/usr/bin/gcc-14],-O3 -march=native -fopenmp -fno-math-errno -fno-trapping-math -fno-signed-zeros  -ffp-contract=fast -fstrict-aliasing -fPIC -include /capstor/scratch/cscs/lhulsbergen/HPCAgent-Bench-v2/hpcagent_bench/envs/vecmath.h -Wall -Wextra,1,5,30,26a4f0cfc1540cead109dfc8d736f1c45263e390,2026-10-02T16:36:53+0200,source=tsvc_2_s323_reference.c sha256=ff85c3b6d5ec33b9,debug/4969572
tsvc_2_s323,agent,M,,ok,83518033,82746842,83189163 147244393 83017809 83112430 83537600 83350246 83855479 83337191 83728923 82746842 83753594 83420484 83799256 82936980 83851991 83406917 84232171 83663677 83498466 83603582 83334279 83386502 82849270 83748890 83836983 83949908 83239050 83204843 92660390 91423213,gcc,gcc-14 (SUSE Linux) 14.2.0 [/usr/bin/gcc-14],-O3 -march=native -fopenmp -fno-math-errno -fno-trapping-math -fno-signed-zeros  -ffp-contract=fast -fstrict-aliasing -fPIC -include /capstor/scratch/cscs/lhulsbergen/HPCAgent-Bench-v2/hpcagent_bench/envs/vecmath.h -Wall -Wextra,1,5,30,26a4f0cfc1540cead109dfc8d736f1c45263e390,2026-10-02T16:37:13+0200,rank=1 arm=llr40v10-qwen38-c job=621727 seq=1 lang=c campaign_speedup=16.057 sha256=1d8d4e93f9f41258,debug/4969572
tsvc_2_s4112,c,M,,ok,467688743,465476865,468656846 468659342 468842057 467768069 469990923 466328426 468727372 467496333 467711495 468334679 467483021 467740005 465727226 467790404 467355824 573742980 467665991 467588682 467524811 466127375 466823966 465689275 467657480 468045086 465476865 466908572 467511371 467850978 478640299 477979932,gcc,gcc-14 (SUSE Linux) 14.2.0 [/usr/bin/gcc-14],-O3 -march=native -fopenmp -fno-math-errno -fno-trapping-math -fno-signed-zeros  -ffp-contract=fast -fstrict-aliasing -fPIC -include /capstor/scratch/cscs/lhulsbergen/HPCAgent-Bench-v2/hpcagent_bench/envs/vecmath.h -Wall -Wextra,1,5,30,26a4f0cfc1540cead109dfc8d736f1c45263e390,2026-10-02T16:35:15+0200,,debug/4969572
tsvc_2_s4112,cpp,M,,ok,464208577,462999041,465799544 462999041 464994637 465018380 464185026 464749811 464177666 464306847 464578296 464271360 464665014 465998419 464814098 463499796 464137443 463837548 463780172 463919209 463235835 464496825 463597937 464309726 463565395 464106148 463980807 463913001 464232129 463407094 464423708 465061100,g++,g++ (SUSE Linux) 13.3.1 20250313 [revision 4ef1d8c84faeebffeb0cc01ee22e891b41e5c4e0] [/users/lhulsbergen/bin/g++],-O3 -march=native -fopenmp -fno-math-errno -fno-trapping-math -fno-signed-zeros  -ffp-contract=fast -fstrict-aliasing -fPIC -include /capstor/scratch/cscs/lhulsbergen/HPCAgent-Bench-v2/hpcagent_bench/envs/vecmath.h -Wall -Wextra,1,5,30,26a4f0cfc1540cead109dfc8d736f1c45263e390,2026-10-02T16:35:43+0200,,debug/4969572
tsvc_2_s4112,fortran,M,,ok,488844697,486178766,487817955 486624354 488880296 486178766 594467442 486685153 487954943 486307178 486466054 486588708 487225971 487742982 488293174 487350991 489967883 487728614 488643534 491015568 494279228 490209637 489428186 601334303 488809098 490573851 490778966 489475352 489434713 490934738 489527031 490270564,gfortran,GNU Fortran (SUSE Linux) 13.3.1 20250313 [revision 4ef1d8c84faeebffeb0cc01ee22e891b41e5c4e0] [/users/lhulsbergen/bin/gfortran],-O3 -march=native -fopenmp -fno-math-errno -fno-trapping-math -fno-signed-zeros  -ffp-contract=fast -fstrict-aliasing -fPIC -ftree-parallelize-loops=1 -Wall -Wextra,1,5,30,26a4f0cfc1540cead109dfc8d736f1c45263e390,2026-10-02T16:36:13+0200,,debug/4969572
tsvc_2_s4112,numba,M,,ok,470446582,468864944,469512863 469973107 472081180 469220647 469860630 469169704 469226662 470208877 468864944 471845539 469351107 470477125 471044695 471490060 470919290 469443681 471643111 469272677 471357871 468939246 470505093 470449414 470076848 471217331 470950265 472202873 470360968 473342876 471998238 470443751,numba,numba 0.67.0,"@nb.njit(parallel=True, cache=True)",1,5,30,26a4f0cfc1540cead109dfc8d736f1c45263e390,2026-10-02T16:36:41+0200,,debug/4969572
tsvc_2_s4112,c_reference,M,,ok,465891781,463703854,465146256 466988128 466363310 467006648 465686875 466316650 467098583 466866972 466977273 466355593 466479877 466144015 468165274 467111606 466031442 466431367 465559582 465508159 465168616 465752121 464953549 466785214 463703854 463966312 464723316 464573624 465180391 464988525 464576728 465483104,gcc,gcc-14 (SUSE Linux) 14.2.0 [/usr/bin/gcc-14],-O3 -march=native -fopenmp -fno-math-errno -fno-trapping-math -fno-signed-zeros  -ffp-contract=fast -fstrict-aliasing -fPIC -include /capstor/scratch/cscs/lhulsbergen/HPCAgent-Bench-v2/hpcagent_bench/envs/vecmath.h -Wall -Wextra,1,5,30,26a4f0cfc1540cead109dfc8d736f1c45263e390,2026-10-02T16:37:10+0200,source=tsvc_2_s4112_reference.c sha256=728fe69187948308,debug/4969572
tsvc_2_s4112,agent,M,,ok,451697830,449718170,453077762 451015288 451300400 451702886 451692774 451284496 452027710 451913889 451802371 452484466 452296502 454192901 452728300 453259837 453080739 655874956 451512267 451430637 452057181 451360047 452166682 450694784 452347413 451398382 450723967 450188397 450271243 450388328 449718170 450975865,gcc,gcc-14 (SUSE Linux) 14.2.0 [/usr/bin/gcc-14],-O3 -march=native -fopenmp -fno-math-errno -fno-trapping-math -fno-signed-zeros  -ffp-contract=fast -fstrict-aliasing -fPIC -include /capstor/scratch/cscs/lhulsbergen/HPCAgent-Bench-v2/hpcagent_bench/envs/vecmath.h -Wall -Wextra,1,5,30,26a4f0cfc1540cead109dfc8d736f1c45263e390,2026-10-02T16:37:38+0200,rank=1 arm=llr40v10-oss120b-c job=621382 seq=1 lang=c campaign_speedup=22.746 sha256=93fee5121e469a3c,debug/4969572
tsvc_2_vag,c,M,,ok,449982522,447773982,450430220 448278799 450216595 449959387 450716356 450064632 448952282 450226387 449340239 450225011 448637892 450005658 447809852 450909854 448934811 449951899 447773982 448706977 449924220 449280976 450247283 448352012 450650662 447994967 450762402 449684100 462756788 452272084 450912094 450225651,gcc,gcc-14 (SUSE Linux) 14.2.0 [/usr/bin/gcc-14],-O3 -march=native -fopenmp -fno-math-errno -fno-trapping-math -fno-signed-zeros  -ffp-contract=fast -fstrict-aliasing -fPIC -include /capstor/scratch/cscs/lhulsbergen/HPCAgent-Bench-v2/hpcagent_bench/envs/vecmath.h -Wall -Wextra,1,5,30,26a4f0cfc1540cead109dfc8d736f1c45263e390,2026-10-02T16:36:45+0200,,debug/4969572
tsvc_2_vag,cpp,M,,ok,451051706,449566727,451038842 451001755 451807234 451851746 452372785 453145146 453349876 450392622 452110297 451696486 450762883 450725060 453981152 450578376 450049144 451064570 450987644 451500588 451139447 656671304 450260146 452638762 451867393 450942493 451590410 450591079 450388110 449566727 450311952 449906973,g++,g++ (SUSE Linux) 13.3.1 20250313 [revision 4ef1d8c84faeebffeb0cc01ee22e891b41e5c4e0] [/users/lhulsbergen/bin/g++],-O3 -march=native -fopenmp -fno-math-errno -fno-trapping-math -fno-signed-zeros  -ffp-contract=fast -fstrict-aliasing -fPIC -include /capstor/scratch/cscs/lhulsbergen/HPCAgent-Bench-v2/hpcagent_bench/envs/vecmath.h -Wall -Wextra,1,5,30,26a4f0cfc1540cead109dfc8d736f1c45263e390,2026-10-02T16:37:13+0200,,debug/4969572
tsvc_2_vag,fortran,M,,ok,468998208,464596039,472493492 471308249 471258427 472060354 470293721 470676461 470378262 469586382 469870341 469748488 469238809 469775144 468465681 469760137 468757608 469380245 467598604 468698793 467512014 467783333 468026174 466444654 642948623 465077976 466930655 466350481 464803616 466452814 464596039 465572809,gfortran,GNU Fortran (SUSE Linux) 13.3.1 20250313 [revision 4ef1d8c84faeebffeb0cc01ee22e891b41e5c4e0] [/users/lhulsbergen/bin/gfortran],-O3 -march=native -fopenmp -fno-math-errno -fno-trapping-math -fno-signed-zeros  -ffp-contract=fast -fstrict-aliasing -fPIC -ftree-parallelize-loops=1 -Wall -Wextra,1,5,30,26a4f0cfc1540cead109dfc8d736f1c45263e390,2026-10-02T16:37:42+0200,,debug/4969572
tsvc_2_vag,numba,M,,ok,439703857,438249326,439506088 438776318 439835453 438249326 440123733 438467815 439827614 439131699 439147923 541205693 438253998 439551014 438584292 439730305 439263471 439699554 439409195 440047159 439722465 440297743 439857084 439708161 440581958 439249712 441059000 439177330 440317263 439263279 440105334 647908503,numba,numba 0.67.0,"@nb.njit(parallel=True, cache=True)",1,5,30,26a4f0cfc1540cead109dfc8d736f1c45263e390,2026-10-02T16:38:10+0200,,debug/4969572
tsvc_2_vag,c_reference,M,,ok,441032275,439367115,439367115 441338341 440629167 440085408 440306937 440082240 440439446 440477908 440766506 440864072 440883079 440064033 441231933 440901831 441162719 442585747 440714477 443212031 441180670 445983946 440023203 442264573 441538100 442823340 440572977 442528309 442238174 442400409 441317530 442721582,gcc,gcc-14 (SUSE Linux) 14.2.0 [/usr/bin/gcc-14],-O3 -march=native -fopenmp -fno-math-errno -fno-trapping-math -fno-signed-zeros  -ffp-contract=fast -fstrict-aliasing -fPIC -include /capstor/scratch/cscs/lhulsbergen/HPCAgent-Bench-v2/hpcagent_bench/envs/vecmath.h -Wall -Wextra,1,5,30,26a4f0cfc1540cead109dfc8d736f1c45263e390,2026-10-02T16:38:37+0200,source=tsvc_2_vag_reference.c sha256=3ed7a9f6c00c016a,debug/4969572
tsvc_2_vag,agent,M,,ok,483595456,482478434,483107630 482801944 483598944 482478434 483685949 483044977 483274922 483672477 483119150 484819162 483753499 483200267 483418181 484490820 483895158 483897878 484063506 484870201 482798392 483899926 482993426 484469220 484141199 482980722 483725979 483591968 483461987 482887638 593295714 483566208,gfortran,GNU Fortran (SUSE Linux) 13.3.1 20250313 [revision 4ef1d8c84faeebffeb0cc01ee22e891b41e5c4e0] [/users/lhulsbergen/bin/gfortran],-O3 -march=native -fopenmp -fno-math-errno -fno-trapping-math -fno-signed-zeros  -ffp-contract=fast -fstrict-aliasing -fPIC -ftree-parallelize-loops=1 -Wall -Wextra,1,5,30,26a4f0cfc1540cead109dfc8d736f1c45263e390,2026-10-02T16:39:12+0200,rank=2 arm=llr40v10-kimi27sglang-fortran job=621022 seq=2 lang=fortran campaign_speedup=23.436 sha256=d7a97d2985f6e004,debug/4969572
tsvc_2_vpvts,c,M,,ok,88848175,88258961,88957596 89079673 89442415 89962175 89236500 89211765 88934494 88830976 88794849 89103288 88886815 88545161 89359345 88643846 88865375 89115960 88455371 89260243 88258961 88662630 88502313 88659013 88449995 89005308 88500298 88916734 88401901 88612422 88331566 88363310,gcc,gcc-14 (SUSE Linux) 14.2.0 [/usr/bin/gcc-14],-O3 -march=native -fopenmp -fno-math-errno -fno-trapping-math -fno-signed-zeros  -ffp-contract=fast -fstrict-aliasing -fPIC -include /capstor/scratch/cscs/lhulsbergen/HPCAgent-Bench-v2/hpcagent_bench/envs/vecmath.h -Wall -Wextra,1,5,30,26a4f0cfc1540cead109dfc8d736f1c45263e390,2026-10-02T16:36:27+0200,,debug/4969572
tsvc_2_vpvts,cpp,M,,ok,90486779,89511416,90048521 90168582 90775764 91202791 90753428 90866801 89962859 90758261 89511416 91320931 89930988 91419969 91237382 91469696 90254467 90366848 90792723 90961550 90160485 90988525 90540602 90234915 90217252 90635736 90340544 90432957 90778260 90064265 90420574 89689235,g++,g++ (SUSE Linux) 13.3.1 20250313 [revision 4ef1d8c84faeebffeb0cc01ee22e891b41e5c4e0] [/users/lhulsbergen/bin/g++],-O3 -march=native -fopenmp -fno-math-errno -fno-trapping-math -fno-signed-zeros  -ffp-contract=fast -fstrict-aliasing -fPIC -include /capstor/scratch/cscs/lhulsbergen/HPCAgent-Bench-v2/hpcagent_bench/envs/vecmath.h -Wall -Wextra,1,5,30,26a4f0cfc1540cead109dfc8d736f1c45263e390,2026-10-02T16:36:48+0200,,debug/4969572
tsvc_2_vpvts,fortran,M,,ok,90449228,89607445,90446269 90703638 90101223 90627607 90082056 89796656 90714902 89607445 90288674 90525403 90767892 90104327 89779729 89971435 89836207 90557210 89928268 90551514 90373791 90452188 201551899 91028076 90368511 92954163 90490844 91775989 89877038 104637628 89797744 91592892,gfortran,GNU Fortran (SUSE Linux) 13.3.1 20250313 [revision 4ef1d8c84faeebffeb0cc01ee22e891b41e5c4e0] [/users/lhulsbergen/bin/gfortran],-O3 -march=native -fopenmp -fno-math-errno -fno-trapping-math -fno-signed-zeros  -ffp-contract=fast -fstrict-aliasing -fPIC -ftree-parallelize-loops=1 -Wall -Wextra,1,5,30,26a4f0cfc1540cead109dfc8d736f1c45263e390,2026-10-02T16:37:08+0200,,debug/4969572
tsvc_2_vpvts,numba,M,,ok,87898232,87065441,87877481 87506228 88249502 87583633 88412697 87140671 88348891 87515795 87935367 87627344 87514131 87612337 87918983 87440149 87636880 87981094 88184896 88179455 87863753 87257019 88007717 87065441 95745409 88846348 88065763 87771500 88172800 88246462 88509558 87855273,numba,numba 0.67.0,"@nb.njit(parallel=True, cache=True)",1,5,30,26a4f0cfc1540cead109dfc8d736f1c45263e390,2026-10-02T16:37:28+0200,,debug/4969572
tsvc_2_vpvts,c_reference,M,,ok,88293690,87343286,88436534 88806571 88325561 88770189 88543827 88210109 88566131 88783692 88190461 88396376 87976612 88721742 87984676 88122720 88394167 88275547 87942148 88416023 88126208 88311834 87809705 88422103 87937797 88448182 87995012 87840584 87343286 87907398 89894924 87362070,gcc,gcc-14 (SUSE Linux) 14.2.0 [/usr/bin/gcc-14],-O3 -march=native -fopenmp -fno-math-errno -fno-trapping-math -fno-signed-zeros  -ffp-contract=fast -fstrict-aliasing -fPIC -include /capstor/scratch/cscs/lhulsbergen/HPCAgent-Bench-v2/hpcagent_bench/envs/vecmath.h -Wall -Wextra,1,5,30,26a4f0cfc1540cead109dfc8d736f1c45263e390,2026-10-02T16:37:49+0200,source=tsvc_2_vpvts_reference.c sha256=0f208afd7a9a6bc0,debug/4969572
tsvc_2_vpvts,agent,M,,ok,87735483,87107422,87990660 87334167 87807593 87747499 87564048 87184027 87693548 87355542 87723467 87554353 87895398 87284377 87781801 87292152 88285083 87215706 88195261 87835240 87818312 87136252 88190589 87832168 88233373 87328983 88171966 87546800 94108336 88077729 87282680 87107422,gfortran,GNU Fortran (SUSE Linux) 13.3.1 20250313 [revision 4ef1d8c84faeebffeb0cc01ee22e891b41e5c4e0] [/users/lhulsbergen/bin/gfortran],-O3 -march=native -fopenmp -fno-math-errno -fno-trapping-math -fno-signed-zeros  -ffp-contract=fast -fstrict-aliasing -fPIC -ftree-parallelize-loops=1 -Wall -Wextra,1,5,30,26a4f0cfc1540cead109dfc8d736f1c45263e390,2026-10-02T16:38:09+0200,rank=1 arm=llr40v10-qwen38-fortran job=621020 seq=1 lang=fortran campaign_speedup=6.056 sha256=99a20955df4554d2,debug/4969572
tsvc_2_vtvtv,c,M,,ok,97149011,96445912,97395580 97099717 98309441 97468666 97112708 97680052 96849259 97353181 97715539 97234977 97119460 96445912 98158918 97005319 97152067 97589783 96654513 97463290 97801488 96841996 97483833 97453755 96616307 97291712 96749487 97145956 96516054 96978088 97117445 97001031,gcc,gcc-14 (SUSE Linux) 14.2.0 [/usr/bin/gcc-14],-O3 -march=native -fopenmp -fno-math-errno -fno-trapping-math -fno-signed-zeros  -ffp-contract=fast -fstrict-aliasing -fPIC -include /capstor/scratch/cscs/lhulsbergen/HPCAgent-Bench-v2/hpcagent_bench/envs/vecmath.h -Wall -Wextra,1,5,30,26a4f0cfc1540cead109dfc8d736f1c45263e390,2026-10-02T16:37:01+0200,,debug/4969572
tsvc_2_vtvtv,cpp,M,,ok,97005127,96303452,96931946 96987592 97291327 97262144 96955688 99597086 97162915 97187843 97594294 96613555 96952488 97119684 96891211 97412892 97260896 96566324 96923786 96630450 97773650 96671185 97008903 97235073 97090725 97001351 96663824 97352638 96518101 97555640 96658001 96303452,g++,g++ (SUSE Linux) 13.3.1 20250313 [revision 4ef1d8c84faeebffeb0cc01ee22e891b41e5c4e0] [/users/lhulsbergen/bin/g++],-O3 -march=native -fopenmp -fno-math-errno -fno-trapping-math -fno-signed-zeros  -ffp-contract=fast -fstrict-aliasing -fPIC -include /capstor/scratch/cscs/lhulsbergen/HPCAgent-Bench-v2/hpcagent_bench/envs/vecmath.h -Wall -Wextra,1,5,30,26a4f0cfc1540cead109dfc8d736f1c45263e390,2026-10-02T16:37:21+0200,,debug/4969572
tsvc_2_vtvtv,fortran,M,,ok,96409437,95827894,97076678 96933162 96413432 96648337 96878411 96966152 96780846 95828809 96797805 96735567 96238045 96596415 96654139 96343205 96628060 96405443 96571870 96162283 96298183 96076269 95937521 96667388 96361605 95863604 95892179 96318662 96231784 95827894 96107725 106904703,gfortran,GNU Fortran (SUSE Linux) 13.3.1 20250313 [revision 4ef1d8c84faeebffeb0cc01ee22e891b41e5c4e0] [/users/lhulsbergen/bin/gfortran],-O3 -march=native -fopenmp -fno-math-errno -fno-trapping-math -fno-signed-zeros  -ffp-contract=fast -fstrict-aliasing -fPIC -ftree-parallelize-loops=1 -Wall -Wextra,1,5,30,26a4f0cfc1540cead109dfc8d736f1c45263e390,2026-10-02T16:37:41+0200,,debug/4969572
tsvc_2_vtvtv,numba,M,,ok,95334980,94847859,95638811 95082604 95770263 95311205 95289574 94847859 95412993 95004942 95098636 95225128 95254535 95065709 95551390 95414242 95410434 95171818 95705977 95070828 95049965 95615419 95707672 95523679 95358756 95603708 95273702 95126346 95463137 95375363 95179305 95366820,numba,numba 0.67.0,"@nb.njit(parallel=True, cache=True)",1,5,30,26a4f0cfc1540cead109dfc8d736f1c45263e390,2026-10-02T16:38:01+0200,,debug/4969572
tsvc_2_vtvtv,c_reference,M,,ok,95205603,94936331,95731989 95194724 95544058 95209315 95367807 95015529 95201891 104487325 94938731 95298401 95185572 95014345 95197923 95062983 94950795 95137669 95291936 95391998 95037416 95586361 95384126 95216419 95065959 95520155 94936331 95339295 95123526 95506075 96848373 95129253,gcc,gcc-14 (SUSE Linux) 14.2.0 [/usr/bin/gcc-14],-O3 -march=native -fopenmp -fno-math-errno -fno-trapping-math -fno-signed-zeros  -ffp-contract=fast -fstrict-aliasing -fPIC -include /capstor/scratch/cscs/lhulsbergen/HPCAgent-Bench-v2/hpcagent_bench/envs/vecmath.h -Wall -Wextra,1,5,30,26a4f0cfc1540cead109dfc8d736f1c45263e390,2026-10-02T16:38:21+0200,source=tsvc_2_vtvtv_reference.c sha256=b07b384ec1946d11,debug/4969572
tsvc_2_vtvtv,agent,M,,ok,95283905,94752752,95059367 95635543 95557242 95569081 96413506 95404221 95217059 94999689 95196260 95212483 95640951 95372319 95186148 95079527 95424989 95306912 94752752 95690421 95100710 95129766 96283557 95549562 95430685 95196804 95363710 95222051 94835309 95722229 95260898 95096966,gfortran,GNU Fortran (SUSE Linux) 13.3.1 20250313 [revision 4ef1d8c84faeebffeb0cc01ee22e891b41e5c4e0] [/users/lhulsbergen/bin/gfortran],-O3 -march=native -fopenmp -fno-math-errno -fno-trapping-math -fno-signed-zeros  -ffp-contract=fast -fstrict-aliasing -fPIC -ftree-parallelize-loops=1 -Wall -Wextra,1,5,30,26a4f0cfc1540cead109dfc8d736f1c45263e390,2026-10-02T16:38:40+0200,rank=1 arm=llr40v10-kimi27sglang-fortran job=621022 seq=2 lang=fortran campaign_speedup=5.321 sha256=aa3e23d066d003dd,debug/4969572
versioned_distance_update,c,M,,ok,303897284,302923986,304160779 303087565 304880276 303474720 304402659 304673627 304466465 304127468 305277000 304027024 375096438 303244744 303169418 303354117 302997648 302970736 303136107 303138219 303185354 302923986 304303943 303740504 303602076 303529279 304685787 303767544 304051086 304727737 304228457 304044302,gcc,gcc-14 (SUSE Linux) 14.2.0 [/usr/bin/gcc-14],-O3 -march=native -fopenmp -fno-math-errno -fno-trapping-math -fno-signed-zeros  -ffp-contract=fast -fstrict-aliasing -fPIC -include /capstor/scratch/cscs/lhulsbergen/HPCAgent-Bench-v2/hpcagent_bench/envs/vecmath.h -Wall -Wextra,1,5,30,26a4f0cfc1540cead109dfc8d736f1c45263e390,2026-10-02T16:37:12+0200,,debug/4969572
versioned_distance_update,cpp,M,,ok,302680169,300593428,304171787 302672282 304790391 302688057 304573630 302952785 305037520 302812598 304774296 302543262 304697626 302329477 303663578 301763703 303853109 301783734 304271048 301647610 302591196 301565469 303241000 302031502 303011577 302795374 302255584 300942121 301961832 301038438 301494104 300593428,g++,g++ (SUSE Linux) 13.3.1 20250313 [revision 4ef1d8c84faeebffeb0cc01ee22e891b41e5c4e0] [/users/lhulsbergen/bin/g++],-O3 -march=native -fopenmp -fno-math-errno -fno-trapping-math -fno-signed-zeros  -ffp-contract=fast -fstrict-aliasing -fPIC -include /capstor/scratch/cscs/lhulsbergen/HPCAgent-Bench-v2/hpcagent_bench/envs/vecmath.h -Wall -Wextra,1,5,30,26a4f0cfc1540cead109dfc8d736f1c45263e390,2026-10-02T16:37:39+0200,,debug/4969572
versioned_distance_update,fortran,M,,ok,333478115,330803736,336485731 330919316 337816505 331159085 335767258 331408996 335904886 331527297 335196300 331840663 335541858 331806040 336626015 332001618 334954612 331408804 335348712 331407333 335192269 331422276 335680445 330986290 336180078 330828631 335893398 331520481 335980468 330803736 335885751 331428388,gfortran,GNU Fortran (SUSE Linux) 13.3.1 20250313 [revision 4ef1d8c84faeebffeb0cc01ee22e891b41e5c4e0] [/users/lhulsbergen/bin/gfortran],-O3 -march=native -fopenmp -fno-math-errno -fno-trapping-math -fno-signed-zeros  -ffp-contract=fast -fstrict-aliasing -fPIC -ftree-parallelize-loops=1 -Wall -Wextra,1,5,30,26a4f0cfc1540cead109dfc8d736f1c45263e390,2026-10-02T16:38:08+0200,,debug/4969572
versioned_distance_update,numba,M,,ok,325975920,325195497,325975408 325569342 326728377 326681307 326048494 325737240 325976432 325533375 325865620 542238450 325195497 325671226 325952946 326137963 326168682 326427330 325713465 325945361 325888083 326295879 326254535 325450369 326414466 325324325 328910355 325424130 326323142 325642875 326536255 326252968,numba,numba 0.67.0,"@nb.njit(parallel=True, cache=True)",1,5,30,26a4f0cfc1540cead109dfc8d736f1c45263e390,2026-10-02T16:38:36+0200,,debug/4969572
versioned_distance_update,c_reference,M,,unsupported,,,,gcc,gcc-14 (SUSE Linux) 14.2.0 [/usr/bin/gcc-14],-O3 -march=native -fopenmp -fno-math-errno -fno-trapping-math -fno-signed-zeros  -ffp-contract=fast -fstrict-aliasing -fPIC -include /capstor/scratch/cscs/lhulsbergen/HPCAgent-Bench-v2/hpcagent_bench/envs/vecmath.h -Wall -Wextra,1,5,0,26a4f0cfc1540cead109dfc8d736f1c45263e390,2026-10-02T16:38:36+0200,no hand-written _reference.c in the corpus,debug/4969572
versioned_distance_update,agent,M,,ok,123389658,123101348,123185281 123559253 123938985 123526583 123979785 123886443 123201441 123393083 123364155 123350556 123508886 123677713 123386234 123331644 123195264 123561366 123199136 123276319 123651602 123101348 123251263 123682385 123110435 123586933 123406874 123273022 123305342 123299774 123751951 123681106,gfortran,GNU Fortran (SUSE Linux) 13.3.1 20250313 [revision 4ef1d8c84faeebffeb0cc01ee22e891b41e5c4e0] [/users/lhulsbergen/bin/gfortran],-O3 -march=native -fopenmp -fno-math-errno -fno-trapping-math -fno-signed-zeros  -ffp-contract=fast -fstrict-aliasing -fPIC -ftree-parallelize-loops=1 -Wall -Wextra,1,5,30,26a4f0cfc1540cead109dfc8d736f1c45263e390,2026-10-02T16:38:57+0200,rank=1 arm=llr40v10-qwen38-fortran job=621385 seq=3 lang=fortran campaign_speedup=30.055 sha256=01661d852f138e7e,debug/4969572
wf_diff_skew,c,M,,ok,60226186,59869572,60450229 60692174 60486708 60211099 60540370 60088381 60234618 60219706 60395766 60232666 60414037 59906210 60177531 59869572 60332407 60185820 60420437 59944482 60321591 60071070 60640623 60187323 60530002 60126429 59973857 60105405 60582384 60148796 60162267 60248729,gcc,gcc-14 (SUSE Linux) 14.2.0 [/usr/bin/gcc-14],-O3 -march=native -fopenmp -fno-math-errno -fno-trapping-math -fno-signed-zeros  -ffp-contract=fast -fstrict-aliasing -fPIC -include /capstor/scratch/cscs/lhulsbergen/HPCAgent-Bench-v2/hpcagent_bench/envs/vecmath.h -Wall -Wextra,1,5,30,26a4f0cfc1540cead109dfc8d736f1c45263e390,2026-10-02T16:39:55+0200,,debug/4969572
wf_diff_skew,cpp,M,,ok,60465091,60056190,60623856 60368438 60276633 60130748 60524242 60461332 60353398 60468851 60302296 60056190 60572721 60472404 60684718 60302968 60230171 60722638 60651055 60357078 60555314 60383702 60181147 60800522 60765612 60548305 60374231 60587025 60327289 60323065 61002631 60704942,g++,g++ (SUSE Linux) 13.3.1 20250313 [revision 4ef1d8c84faeebffeb0cc01ee22e891b41e5c4e0] [/users/lhulsbergen/bin/g++],-O3 -march=native -fopenmp -fno-math-errno -fno-trapping-math -fno-signed-zeros  -ffp-contract=fast -fstrict-aliasing -fPIC -include /capstor/scratch/cscs/lhulsbergen/HPCAgent-Bench-v2/hpcagent_bench/envs/vecmath.h -Wall -Wextra,1,5,30,26a4f0cfc1540cead109dfc8d736f1c45263e390,2026-10-02T16:40:10+0200,,debug/4969572
wf_diff_skew,fortran,M,,ok,60417078,60083936,60600594 60331320 60791085 61028871 60324153 60436822 61382685 60230683 60562355 60489973 60083936 60123677 60383095 60412150 60404982 60460053 61035974 60412662 60434486 60236155 61300255 60301594 60243483 60411542 60543123 60480181 60532852 60421495 60234044 60199996,gfortran,GNU Fortran (SUSE Linux) 13.3.1 20250313 [revision 4ef1d8c84faeebffeb0cc01ee22e891b41e5c4e0] [/users/lhulsbergen/bin/gfortran],-O3 -march=native -fopenmp -fno-math-errno -fno-trapping-math -fno-signed-zeros  -ffp-contract=fast -fstrict-aliasing -fPIC -ftree-parallelize-loops=1 -Wall -Wextra,1,5,30,26a4f0cfc1540cead109dfc8d736f1c45263e390,2026-10-02T16:40:25+0200,,debug/4969572
wf_diff_skew,numba,M,,ok,61933727,61548793,61924463 62057036 61816049 61810450 61670613 61942991 62040108 61870705 61548793 61910895 61621464 61761459 61874897 62070316 61708756 61817137 61906320 62274886 61988557 62655260 61771891 61813426 62043469 62255846 62082795 61996973 61955854 61956622 61994029 62186216,numba,numba 0.67.0,"@nb.njit(parallel=True, cache=True)",1,5,30,26a4f0cfc1540cead109dfc8d736f1c45263e390,2026-10-02T16:40:39+0200,,debug/4969572
wf_diff_skew,c_reference,M,,ok,60774861,60372824,60630737 60930889 60942057 60580274 60954344 61391228 60372824 61031367 60735215 60694032 60691152 61034599 60702767 61050694 60696591 60716239 60903562 60973864 60763565 61267232 60716751 60765773 61111940 60884426 60832715 60783949 60683343 60598961 61018950 60648049,gcc,gcc-14 (SUSE Linux) 14.2.0 [/usr/bin/gcc-14],-O3 -march=native -fopenmp -fno-math-errno -fno-trapping-math -fno-signed-zeros  -ffp-contract=fast -fstrict-aliasing -fPIC -include /capstor/scratch/cscs/lhulsbergen/HPCAgent-Bench-v2/hpcagent_bench/envs/vecmath.h -Wall -Wextra,1,5,30,26a4f0cfc1540cead109dfc8d736f1c45263e390,2026-10-02T16:40:54+0200,source=wf_diff_skew_reference.c sha256=32113cc55b653084,debug/4969572
wf_diff_skew,agent,M,,ok,67449742,66313180,67270275 67671929 67449822 66539094 67449663 66469849 66913709 67769366 66618708 67134407 68585537 67259491 67999984 67474110 66849327 67749462 67943250 66313180 68044655 68367687 66918893 67276419 67814805 66528055 67941681 66795408 66337244 67517501 68234090 69295343,gcc,gcc-14 (SUSE Linux) 14.2.0 [/usr/bin/gcc-14],-O3 -march=native -fopenmp -fno-math-errno -fno-trapping-math -fno-signed-zeros  -ffp-contract=fast -fstrict-aliasing -fPIC -include /capstor/scratch/cscs/lhulsbergen/HPCAgent-Bench-v2/hpcagent_bench/envs/vecmath.h -Wall -Wextra,1,5,30,26a4f0cfc1540cead109dfc8d736f1c45263e390,2026-10-02T16:41:09+0200,rank=1 arm=llr40v10-oss120b-c job=621015 seq=1 lang=c campaign_speedup=3.469 sha256=620a8bb7753cad61,debug/4969572
wf_triangular,c,M,,ok,100881211,99520657,100882219 101825617 99777609 101003112 100420600 100978248 100722799 100836844 100673264 100919114 101134308 101509881 101148804 101567672 99520657 100207838 100612370 101310782 100621618 101060166 100237532 101243457 101224705 101304767 100783725 100880203 100852332 100716783 100409112 100897386,gcc,gcc-14 (SUSE Linux) 14.2.0 [/usr/bin/gcc-14],-O3 -march=native -fopenmp -fno-math-errno -fno-trapping-math -fno-signed-zeros  -ffp-contract=fast -fstrict-aliasing -fPIC -include /capstor/scratch/cscs/lhulsbergen/HPCAgent-Bench-v2/hpcagent_bench/envs/vecmath.h -Wall -Wextra,1,5,30,26a4f0cfc1540cead109dfc8d736f1c45263e390,2026-10-02T19:16:22+0200,,debug/4970062
wf_triangular,cpp,M,,ok,100548683,99733017,100298747 102995920 100716496 99771241 100541204 100151263 100177854 101046310 100163423 100544308 100630752 100226284 100928953 100553059 100776380 100648096 100944823 101355116 100434246 99733017 100421734 100714942 112500405 100543459 100324553 100235979 100773276 99904916 100859257 100789500,g++,g++ (SUSE Linux) 13.3.1 20250313 [revision 4ef1d8c84faeebffeb0cc01ee22e891b41e5c4e0] [/users/lhulsbergen/bin/g++],-O3 -march=native -fopenmp -fno-math-errno -fno-trapping-math -fno-signed-zeros  -ffp-contract=fast -fstrict-aliasing -fPIC -include /capstor/scratch/cscs/lhulsbergen/HPCAgent-Bench-v2/hpcagent_bench/envs/vecmath.h -Wall -Wextra,1,5,30,26a4f0cfc1540cead109dfc8d736f1c45263e390,2026-10-02T19:16:57+0200,,debug/4970062
wf_triangular,fortran,M,,ok,100587473,99464481,100831163 99904405 100723453 101109971 100677599 100805659 100604545 100820283 100533955 100624001 100550467 101012757 100791260 99464481 99887381 99986098 99763513 100570402 100475173 100221004 101189809 100743710 100959927 100304937 100412710 100531139 100519620 99737977 100994678 100609633,gfortran,GNU Fortran (SUSE Linux) 13.3.1 20250313 [revision 4ef1d8c84faeebffeb0cc01ee22e891b41e5c4e0] [/users/lhulsbergen/bin/gfortran],-O3 -march=native -fopenmp -fno-math-errno -fno-trapping-math -fno-signed-zeros  -ffp-contract=fast -fstrict-aliasing -fPIC -ftree-parallelize-loops=1 -Wall -Wextra,1,5,30,26a4f0cfc1540cead109dfc8d736f1c45263e390,2026-10-02T19:17:24+0200,,debug/4970062
wf_triangular,numba,M,,ok,383504093,382762699,383432792 383488374 383143936 382762699 383222845 383701328 383804814 383724976 383720464 383713487 383333850 384313375 383109057 384905038 383429816 383479702 383495670 394868920 383580084 384375773 383147536 383530724 383280524 383512517 383391785 383751486 383321451 383729470 386262964 383305611,numba,numba 0.67.0,"@nb.njit(parallel=True, cache=True)",1,5,30,26a4f0cfc1540cead109dfc8d736f1c45263e390,2026-10-02T19:18:02+0200,,debug/4970062
wf_triangular,c_reference,M,,ok,101313401,100514416,101435062 101708750 101142430 101319225 101449269 101554706 100928197 100583919 101655407 101438614 100736874 101028130 101944391 100584559 101097247 101045409 101669646 101422774 101530578 101960934 101179102 101687215 101307578 101292570 101423414 101000387 101021922 101135583 101458933 100514416,gcc,gcc-14 (SUSE Linux) 14.2.0 [/usr/bin/gcc-14],-O3 -march=native -fopenmp -fno-math-errno -fno-trapping-math -fno-signed-zeros  -ffp-contract=fast -fstrict-aliasing -fPIC -include /capstor/scratch/cscs/lhulsbergen/HPCAgent-Bench-v2/hpcagent_bench/envs/vecmath.h -Wall -Wextra,1,5,30,26a4f0cfc1540cead109dfc8d736f1c45263e390,2026-10-02T19:18:29+0200,source=wf_triangular_reference.c sha256=fef1c39715e90ace,debug/4970062
wf_triangular,agent,M,,ok,157423477,153364727,157774556 154795919 154485463 156201288 156276645 160076732 154432696 154783056 154630131 158563046 158209520 164107148 153364727 160869894 157812506 157072399 154838542 158569830 155924112 173662786 164337094 158765824 162366556 153490035 157871929 158650212 154756591 156695930 156298501 158525607,gcc,gcc-14 (SUSE Linux) 14.2.0 [/usr/bin/gcc-14],-O3 -march=native -fopenmp -fno-math-errno -fno-trapping-math -fno-signed-zeros  -ffp-contract=fast -fstrict-aliasing -fPIC -include /capstor/scratch/cscs/lhulsbergen/HPCAgent-Bench-v2/hpcagent_bench/envs/vecmath.h -Wall -Wextra,1,5,30,26a4f0cfc1540cead109dfc8d736f1c45263e390,2026-10-02T19:18:58+0200,rank=1 arm=llr40v10-kimi27sglang-c job=621730 seq=1 lang=c campaign_speedup=13.291 sha256=88d2c0e0c018f868,debug/4970062
tsvc_2_s115,c,F,,ok,12192,11680,13024 13216 12640 11935 12544 13376 13407 12607 12192 12128 11935 11936 12192 12095 13728 11712 12032 16959 12287 13120 13184 13023 12096 12160 11967 12671 11680 11872 11967 11776,gcc,gcc-14 (SUSE Linux) 14.2.0 [/usr/bin/gcc-14],-O3 -march=native -fopenmp -fno-math-errno -fno-trapping-math -fno-signed-zeros  -ffp-contract=fast -fstrict-aliasing -fPIC -include /capstor/scratch/cscs/lhulsbergen/HPCAgent-Bench-v2-F/hpcagent_bench/envs/vecmath.h -Wall -Wextra,1,5,30,26a4f0cfc1540cead109dfc8d736f1c45263e390,2026-10-02T16:40:13+0200,,debug/4969572
tsvc_2_s115,cpp,F,,ok,12271,11424,13279 12288 13024 12255 12768 13248 12800 12095 12864 11424 11872 11871 12544 11936 14559 12703 12032 31680 13216 11648 12479 12512 12192 11679 12959 11840 11840 11743 11424 11648,g++,g++ (SUSE Linux) 13.3.1 20250313 [revision 4ef1d8c84faeebffeb0cc01ee22e891b41e5c4e0] [/users/lhulsbergen/bin/g++],-O3 -march=native -fopenmp -fno-math-errno -fno-trapping-math -fno-signed-zeros  -ffp-contract=fast -fstrict-aliasing -fPIC -include /capstor/scratch/cscs/lhulsbergen/HPCAgent-Bench-v2-F/hpcagent_bench/envs/vecmath.h -Wall -Wextra,1,5,30,26a4f0cfc1540cead109dfc8d736f1c45263e390,2026-10-02T16:40:16+0200,,debug/4969572
tsvc_2_s115,fortran,F,,ok,13056,12191,14975 13600 13344 12575 13439 13632 27071 15999 14303 13344 13056 12928 12191 13056 13536 12352 12255 12672 13120 12672 12703 36223 14656 13759 12607 12736 12640 12223 12383 12256,gfortran,GNU Fortran (SUSE Linux) 13.3.1 20250313 [revision 4ef1d8c84faeebffeb0cc01ee22e891b41e5c4e0] [/users/lhulsbergen/bin/gfortran],-O3 -march=native -fopenmp -fno-math-errno -fno-trapping-math -fno-signed-zeros  -ffp-contract=fast -fstrict-aliasing -fPIC -ftree-parallelize-loops=1 -Wall -Wextra,1,5,30,26a4f0cfc1540cead109dfc8d736f1c45263e390,2026-10-02T16:40:18+0200,,debug/4969572
tsvc_2_s115,numba,F,,ok,6048,5824,6048 6592 6080 6111 5951 6048 5984 6272 6432 6272 5824 6144 6368 6016 5952 5920 6272 6048 5856 5984 5856 6848 6144 5952 6080 5888 5984 6016 5888 6112,numba,numba 0.67.0,"@nb.njit(parallel=True, cache=True)",1,5,30,26a4f0cfc1540cead109dfc8d736f1c45263e390,2026-10-02T16:40:20+0200,,debug/4969572
tsvc_2_s115,c_reference,F,,ok,11664,10944,13280 13504 12511 11744 11872 12799 12735 12352 12384 11327 11680 11168 11647 11328 12672 10975 11744 11232 12095 11040 12704 11647 11648 13600 11487 11616 11232 11071 11456 10944,gcc,gcc-14 (SUSE Linux) 14.2.0 [/usr/bin/gcc-14],-O3 -march=native -fopenmp -fno-math-errno -fno-trapping-math -fno-signed-zeros  -ffp-contract=fast -fstrict-aliasing -fPIC -include /capstor/scratch/cscs/lhulsbergen/HPCAgent-Bench-v2-F/hpcagent_bench/envs/vecmath.h -Wall -Wextra,1,5,30,26a4f0cfc1540cead109dfc8d736f1c45263e390,2026-10-02T16:40:23+0200,source=tsvc_2_s115_reference.c sha256=123993dec309bef2,debug/4969572
tsvc_2_s115,agent,F,,ok,35295,33919,35807 35967 36191 35423 35295 35870 35583 35071 34847 34367 36062 35071 34623 35391 34687 34207 35295 34623 34399 35871 36575 35647 35679 35935 35231 36191 34591 34751 33919 35135,gcc,gcc-14 (SUSE Linux) 14.2.0 [/usr/bin/gcc-14],-O3 -march=native -fopenmp -fno-math-errno -fno-trapping-math -fno-signed-zeros  -ffp-contract=fast -fstrict-aliasing -fPIC -include /capstor/scratch/cscs/lhulsbergen/HPCAgent-Bench-v2-F/hpcagent_bench/envs/vecmath.h -Wall -Wextra,1,5,30,26a4f0cfc1540cead109dfc8d736f1c45263e390,2026-10-02T16:40:25+0200,rank=1 arm=llr40v10-kimi27sglang-c job=621729 seq=2 lang=c campaign_speedup=3.018 sha256=881ca8bcf492d072,debug/4969572
wf_diff_skew,c,F,,ok,277847,263704,287222 278903 281399 278039 288118 280791 278903 277975 276887 277495 351637 281207 281527 273783 277719 271351 277239 280951 275096 302838 280695 269464 270519 278551 273367 265560 277623 268599 265015 263704,gcc,gcc-14 (SUSE Linux) 14.2.0 [/usr/bin/gcc-14],-O3 -march=native -fopenmp -fno-math-errno -fno-trapping-math -fno-signed-zeros  -ffp-contract=fast -fstrict-aliasing -fPIC -include /capstor/scratch/cscs/lhulsbergen/HPCAgent-Bench-v2-F/hpcagent_bench/envs/vecmath.h -Wall -Wextra,1,5,30,26a4f0cfc1540cead109dfc8d736f1c45263e390,2026-10-02T16:40:26+0200,,debug/4969572
wf_diff_skew,cpp,F,,ok,265783,262487,294359 283799 268183 298614 288950 269047 264472 265688 265656 265879 263575 283863 264856 264536 265303 263287 264727 294839 276215 264216 288503 264472 265080 262872 268023 297526 264440 262487 273592 270583,g++,g++ (SUSE Linux) 13.3.1 20250313 [revision 4ef1d8c84faeebffeb0cc01ee22e891b41e5c4e0] [/users/lhulsbergen/bin/g++],-O3 -march=native -fopenmp -fno-math-errno -fno-trapping-math -fno-signed-zeros  -ffp-contract=fast -fstrict-aliasing -fPIC -include /capstor/scratch/cscs/lhulsbergen/HPCAgent-Bench-v2-F/hpcagent_bench/envs/vecmath.h -Wall -Wextra,1,5,30,26a4f0cfc1540cead109dfc8d736f1c45263e390,2026-10-02T16:40:28+0200,,debug/4969572
wf_diff_skew,fortran,F,,ok,266343,262935,272919 273943 273463 266263 269271 266679 268055 264664 271351 266360 268312 265943 265592 262935 265112 276599 267351 263191 266616 264151 266327 263416 268087 264023 264152 263127 263672 263415 272375 272376,gfortran,GNU Fortran (SUSE Linux) 13.3.1 20250313 [revision 4ef1d8c84faeebffeb0cc01ee22e891b41e5c4e0] [/users/lhulsbergen/bin/gfortran],-O3 -march=native -fopenmp -fno-math-errno -fno-trapping-math -fno-signed-zeros  -ffp-contract=fast -fstrict-aliasing -fPIC -ftree-parallelize-loops=1 -Wall -Wextra,1,5,30,26a4f0cfc1540cead109dfc8d736f1c45263e390,2026-10-02T16:40:31+0200,,debug/4969572
wf_diff_skew,numba,F,,ok,308054,304055,316886 308118 312342 323765 309750 307990 307766 304438 308182 304918 346741 311318 309302 306294 305686 336949 346965 325845 357205 306166 306294 305047 306518 308278 305686 304662 304055 304694 304150 314294,numba,numba 0.67.0,"@nb.njit(parallel=True, cache=True)",1,5,30,26a4f0cfc1540cead109dfc8d736f1c45263e390,2026-10-02T16:40:33+0200,,debug/4969572
wf_diff_skew,c_reference,F,,ok,267192,262840,271927 266104 269943 471888 299926 268343 275767 266007 267352 273367 271191 267032 265720 264055 265783 262904 266136 273527 289622 265432 264855 262840 265976 290870 276759 264120 288599 269719 266584 266999,gcc,gcc-14 (SUSE Linux) 14.2.0 [/usr/bin/gcc-14],-O3 -march=native -fopenmp -fno-math-errno -fno-trapping-math -fno-signed-zeros  -ffp-contract=fast -fstrict-aliasing -fPIC -include /capstor/scratch/cscs/lhulsbergen/HPCAgent-Bench-v2-F/hpcagent_bench/envs/vecmath.h -Wall -Wextra,1,5,30,26a4f0cfc1540cead109dfc8d736f1c45263e390,2026-10-02T16:40:35+0200,source=wf_diff_skew_reference.c sha256=32113cc55b653084,debug/4969572
wf_diff_skew,agent,F,,ok,471313,464434,474481 498992 537327 477744 468721 473265 469649 507056 468753 470417 464434 503408 466737 471793 465393 497360 473809 469649 468049 496272 470577 482864 467313 477104 475568 469169 575693 468657 468561 470833,gcc,gcc-14 (SUSE Linux) 14.2.0 [/usr/bin/gcc-14],-O3 -march=native -fopenmp -fno-math-errno -fno-trapping-math -fno-signed-zeros  -ffp-contract=fast -fstrict-aliasing -fPIC -include /capstor/scratch/cscs/lhulsbergen/HPCAgent-Bench-v2-F/hpcagent_bench/envs/vecmath.h -Wall -Wextra,1,5,30,26a4f0cfc1540cead109dfc8d736f1c45263e390,2026-10-02T16:40:38+0200,rank=1 arm=llr40v10-oss120b-c job=621015 seq=1 lang=c campaign_speedup=3.469 sha256=620a8bb7753cad61,debug/4969572
wf_triangular,c,F,,ok,89533,88382,91229 90397 92285 91934 92157 89693 90557 89053 89565 89629 89117 89117 89342 89341 89501 88382 88477 88733 90237 228281 91869 90045 89405 89405 90237 88989 89213 88829 88989 89661,gcc,gcc-14 (SUSE Linux) 14.2.0 [/usr/bin/gcc-14],-O3 -march=native -fopenmp -fno-math-errno -fno-trapping-math -fno-signed-zeros  -ffp-contract=fast -fstrict-aliasing -fPIC -include /capstor/scratch/cscs/lhulsbergen/HPCAgent-Bench-v2-F/hpcagent_bench/envs/vecmath.h -Wall -Wextra,1,5,30,26a4f0cfc1540cead109dfc8d736f1c45263e390,2026-10-02T16:40:14+0200,,debug/4969572
wf_triangular,cpp,F,,ok,90877,88445,99133 90237 115324 94301 91805 92285 90365 95421 91197 91293 90013 94301 90461 92765 90493 91613 89629 91837 90557 90909 93405 93437 90397 89565 90077 88989 88445 88861 89246 90845,g++,g++ (SUSE Linux) 13.3.1 20250313 [revision 4ef1d8c84faeebffeb0cc01ee22e891b41e5c4e0] [/users/lhulsbergen/bin/g++],-O3 -march=native -fopenmp -fno-math-errno -fno-trapping-math -fno-signed-zeros  -ffp-contract=fast -fstrict-aliasing -fPIC -include /capstor/scratch/cscs/lhulsbergen/HPCAgent-Bench-v2-F/hpcagent_bench/envs/vecmath.h -Wall -Wextra,1,5,30,26a4f0cfc1540cead109dfc8d736f1c45263e390,2026-10-02T16:40:17+0200,,debug/4969572
wf_triangular,fortran,F,,ok,90637,88733,91741 91197 91421 90333 91261 89405 89597 98557 93341 89917 91741 90173 88733 90717 127228 94365 90877 89565 91421 90557 91229 88766 98045 91805 89181 89501 89533 88926 89149 90141,gfortran,GNU Fortran (SUSE Linux) 13.3.1 20250313 [revision 4ef1d8c84faeebffeb0cc01ee22e891b41e5c4e0] [/users/lhulsbergen/bin/gfortran],-O3 -march=native -fopenmp -fno-math-errno -fno-trapping-math -fno-signed-zeros  -ffp-contract=fast -fstrict-aliasing -fPIC -ftree-parallelize-loops=1 -Wall -Wextra,1,5,30,26a4f0cfc1540cead109dfc8d736f1c45263e390,2026-10-02T16:40:19+0200,,debug/4969572
wf_triangular,numba,F,,ok,317654,314134,317270 317974 316758 315830 316982 361877 321621 369781 319862 328374 316182 315766 316086 317430 314998 317686 374708 318518 315126 317622 317814 348277 318902 318870 318582 314134 316790 315926 352149 316758,numba,numba 0.67.0,"@nb.njit(parallel=True, cache=True)",1,5,30,26a4f0cfc1540cead109dfc8d736f1c45263e390,2026-10-02T16:40:21+0200,,debug/4969572
wf_triangular,c_reference,F,,ok,89757,88286,92734 91837 90557 91197 89501 92381 90781 89245 88413 89374 88637 89117 90109 94525 89981 89789 89757 88445 90077 88286 89757 119260 102844 90557 88830 89661 89693 89661 89342 88573,gcc,gcc-14 (SUSE Linux) 14.2.0 [/usr/bin/gcc-14],-O3 -march=native -fopenmp -fno-math-errno -fno-trapping-math -fno-signed-zeros  -ffp-contract=fast -fstrict-aliasing -fPIC -include /capstor/scratch/cscs/lhulsbergen/HPCAgent-Bench-v2-F/hpcagent_bench/envs/vecmath.h -Wall -Wextra,1,5,30,26a4f0cfc1540cead109dfc8d736f1c45263e390,2026-10-02T16:40:24+0200,source=wf_triangular_reference.c sha256=fef1c39715e90ace,debug/4969572
wf_triangular,agent,F,,ok,145979,142459,147324 144795 147611 147228 148764 146651 145147 147035 169947 147452 148764 145692 145467 146107 145628 145052 169179 145851 146139 145436 143996 145627 142715 146363 144284 144731 142459 146235 147291 144827,gcc,gcc-14 (SUSE Linux) 14.2.0 [/usr/bin/gcc-14],-O3 -march=native -fopenmp -fno-math-errno -fno-trapping-math -fno-signed-zeros  -ffp-contract=fast -fstrict-aliasing -fPIC -include /capstor/scratch/cscs/lhulsbergen/HPCAgent-Bench-v2-F/hpcagent_bench/envs/vecmath.h -Wall -Wextra,1,5,30,26a4f0cfc1540cead109dfc8d736f1c45263e390,2026-10-02T16:40:26+0200,rank=1 arm=llr40v10-kimi27sglang-c job=621730 seq=1 lang=c campaign_speedup=13.291 sha256=88d2c0e0c018f868,debug/4969572
tsvc_2_s115,c,M,-ffp-contract=off,ok,84927265,84488317,84602650 85010703 84547355 84488317 84741398 84920849 84877906 84639385 84535836 85997842 84986671 84963951 85088172 84764405 85062797 84874194 84960079 85199561 84547835 84706295 85034765 85023054 84825172 85147370 85135466 85064845 84865298 85124683 84933681 84796436,gcc,gcc-14 (SUSE Linux) 14.2.0 [/usr/bin/gcc-14],-O3 -march=native -fopenmp -fno-math-errno -fno-trapping-math -fno-signed-zeros  -ffp-contract=off -fstrict-aliasing -fPIC -include /capstor/scratch/cscs/lhulsbergen/HPCAgent-Bench-v2-fpoff/hpcagent_bench/envs/vecmath.h -Wall -Wextra,1,5,30,26a4f0cfc1540cead109dfc8d736f1c45263e390,2026-10-02T16:40:43+0200,,debug/4969572
tsvc_2_s115,cpp,M,-ffp-contract=off,ok,85741657,85221064,86156365 85350597 85925876 85343108 85329221 86176524 85429987 85539008 85937043 85640892 85373412 85386660 85560158 86075375 85551871 85842423 86300777 85221064 85570655 85622397 85587550 86942262 85398755 86416229 86025872 85957746 85994642 86644767 86337320 85871381,g++,g++ (SUSE Linux) 13.3.1 20250313 [revision 4ef1d8c84faeebffeb0cc01ee22e891b41e5c4e0] [/users/lhulsbergen/bin/g++],-O3 -march=native -fopenmp -fno-math-errno -fno-trapping-math -fno-signed-zeros  -ffp-contract=off -fstrict-aliasing -fPIC -include /capstor/scratch/cscs/lhulsbergen/HPCAgent-Bench-v2-fpoff/hpcagent_bench/envs/vecmath.h -Wall -Wextra,1,5,30,26a4f0cfc1540cead109dfc8d736f1c45263e390,2026-10-02T16:41:02+0200,,debug/4969572
tsvc_2_s115,fortran,M,-ffp-contract=off,ok,85961074,85211177,85998449 86415397 85211177 85929204 85873973 85923252 95104449 87246284 86698012 86108014 85584798 86548609 86022865 85494977 85696090 85844023 86195788 85949395 85651899 86522466 85825591 86071599 85687515 86775995 86540354 87024403 85667355 85972754 85401027 85346629,gfortran,GNU Fortran (SUSE Linux) 13.3.1 20250313 [revision 4ef1d8c84faeebffeb0cc01ee22e891b41e5c4e0] [/users/lhulsbergen/bin/gfortran],-O3 -march=native -fopenmp -fno-math-errno -fno-trapping-math -fno-signed-zeros  -ffp-contract=off -fstrict-aliasing -fPIC -ftree-parallelize-loops=1 -Wall -Wextra,1,5,30,26a4f0cfc1540cead109dfc8d736f1c45263e390,2026-10-02T16:41:21+0200,,debug/4969572
tsvc_2_s115,c_reference,M,-ffp-contract=off,ok,85694554,85047133,85834981 85875781 85487503 86392886 86054239 85683402 85809062 85503503 85658475 85047133 85393651 85796135 86245497 85507311 86861224 85566030 85941795 85224344 85579789 85498256 85839557 85670346 85681354 85781191 86649070 85430417 85693098 85696010 86057119 86149500,gcc,gcc-14 (SUSE Linux) 14.2.0 [/usr/bin/gcc-14],-O3 -march=native -fopenmp -fno-math-errno -fno-trapping-math -fno-signed-zeros  -ffp-contract=off -fstrict-aliasing -fPIC -include /capstor/scratch/cscs/lhulsbergen/HPCAgent-Bench-v2-fpoff/hpcagent_bench/envs/vecmath.h -Wall -Wextra,1,5,30,26a4f0cfc1540cead109dfc8d736f1c45263e390,2026-10-02T16:41:41+0200,source=tsvc_2_s115_reference.c sha256=123993dec309bef2,debug/4969572
