kernel,label,representation,round,position,preset,status,time_ns_median,time_ns_min,time_ns_all,rsd_pct,compiler_resolved,compiler_version,flags,override,bin_prefix,cell_env,source_sha256,provenance,perf_cycles,perf_instructions,perf_branch_misses,perf_page_faults,perf_gated_reps,perf_raw,notes,slurm_job,node,timestamp,commit_hash
comet_int4_gemm,c,c,1,1,M,ok,87309,83613,107645 96669 91902 92254 87582 86173 91933 88637 86301 86270 86109 92957 88477 91165 88990 87454 86013 84989 84446 85149 96797 87262 85278 87357 84798 83613 87806 85662 85757 86493,5.56,/usr/bin/gcc-14,gcc-14 (SUSE Linux) 14.2.0,-O3 -march=native -fopenmp -fno-math-errno -fno-trapping-math -fno-signed-zeros  -ffp-contract=fast -fstrict-aliasing -fPIC -include /capstor/scratch/cscs/lhulsbergen/HPCAgent-Bench-ext/hpcagent_bench/envs/vecmath.h -Wall -Wextra,,,,c83275c6544d7fb4eba90b36bcb2036b1d3b0f12f7ba5b7859ac8390245ec426,autogen,9917313,25410053,21718,0,30,"9917313,,cycles,3115104,100.00,, | 25410053,,instructions,3115104,100.00,2.56,insn per cycle | 21718,,branch-misses,3115104,100.00,, | 0,,page-faults,3115104,100.00,,",,debug/5009929,nid006549,2026-10-09T10:16:52+0200,26a4f0cfc1540cead109dfc8d736f1c45263e390
comet_int4_gemm,cloops,c,1,2,M,ok,598830,593647,619246 603183 599311 603566 596943 598798 593967 596975 758890 603791 597999 597583 605679 627822 603534 596399 603663 603215 600015 605422 596655 595183 598127 598863 593647 600431 595407 595407 594926 596335,4.91,/usr/bin/gcc-14,gcc-14 (SUSE Linux) 14.2.0,-O3 -march=native -fopenmp -fno-math-errno -fno-trapping-math -fno-signed-zeros  -ffp-contract=fast -fstrict-aliasing -fPIC -include /capstor/scratch/cscs/lhulsbergen/HPCAgent-Bench-ext/hpcagent_bench/envs/vecmath.h -Wall -Wextra,variants/comet_int4_gemm_cloops_fp64.c variants/comet_int4_gemm_cloops_fp32.c,,,0d877e12644810502a0e85b47ed266f5024b5b47eb80bcfff659bc29586aa72a,hand,60269847,199919713,154860,0,30,"60269847,,cycles,18565984,100.00,, | 199919713,,instructions,18565984,100.00,3.32,insn per cycle | 154860,,branch-misses,18565984,100.00,, | 0,,page-faults,18565984,100.00,,",,debug/5009929,nid006549,2026-10-09T10:16:56+0200,26a4f0cfc1540cead109dfc8d736f1c45263e390
comet_int4_gemm,cloopsT,c,1,3,M,ok,553552,549552,573775 559088 555248 554543 568752 553264 551888 551792 552784 552080 562576 552144 558128 553840 551248 551184 571151 551600 552336 551536 558608 554384 565039 552880 551216 553264 549552 605742 598191 554032,2.37,/usr/bin/gcc-14,gcc-14 (SUSE Linux) 14.2.0,-O3 -march=native -fopenmp -fno-math-errno -fno-trapping-math -fno-signed-zeros  -ffp-contract=fast -fstrict-aliasing -fPIC -include /capstor/scratch/cscs/lhulsbergen/HPCAgent-Bench-ext/hpcagent_bench/envs/vecmath.h -Wall -Wextra,variants/comet_int4_gemm_cloopsT_fp64.c variants/comet_int4_gemm_cloopsT_fp32.c,,,32db18c64a2c5da3d7a19b9563cd1d8e7233fe0c46f116f75249f6e6e48279e8,hand,55984867,66405058,27677,0,30,"55984867,,cycles,17253120,100.00,, | 66405058,,instructions,17253120,100.00,1.19,insn per cycle | 27677,,branch-misses,17253120,100.00,, | 0,,page-faults,17253120,100.00,,",,debug/5009929,nid006549,2026-10-09T10:17:01+0200,26a4f0cfc1540cead109dfc8d736f1c45263e390
comet_int4_gemm,fortran,fortran,1,4,M,ok,383269,380149,404532 386869 387860 382933 383157 381909 384149 388853 381621 381813 381781 380821 381685 380149 382293 384661 427699 383381 381973 381365 387765 387157 402037 383925 381941 385940 387541 383860 382165 380757,2.48,/users/lhulsbergen/bin/gfortran,GNU Fortran (SUSE Linux) 13.3.1 20250313 [revision 4ef1d8c84faeebffeb0cc01ee22e891b41e5c4e0],-O3 -march=native -fopenmp -fno-math-errno -fno-trapping-math -fno-signed-zeros  -ffp-contract=fast -fstrict-aliasing -fPIC -ftree-parallelize-loops=1 -Wall -Wextra,,,,3fe78aeb1a82db237a2d1a666aaecd8d2e11ef12303e65b7d4f0cdb573d768fc,autogen,39066544,96755977,30538,0,30,"39066544,,cycles,12067040,100.00,, | 96755977,,instructions,12067040,100.00,2.48,insn per cycle | 30538,,branch-misses,12067040,100.00,, | 0,,page-faults,12067040,100.00,,",,debug/5009929,nid006549,2026-10-09T10:17:06+0200,26a4f0cfc1540cead109dfc8d736f1c45263e390
comet_int4_gemm,numba,numba,1,5,M,ok,168219,166651,186811 171707 168891 168891 167675 167995 167003 167132 167259 168188 169755 167003 167515 206074 170363 167035 169243 166715 166779 168251 168923 167323 166651 169531 166651 166875 179579 171611 169659 169531,4.62,numba,numba 0.67.0,@nb.njit as written in the numba file,,,,4f0802f89f2e1a5c3cb6712880db6eda81093a1de18278a65261129f97725756,autogen,17873877,51686608,21155,0,30,"17873877,,cycles,5569152,100.00,, | 51686608,,instructions,5569152,100.00,2.89,insn per cycle | 21155,,branch-misses,5569152,100.00,, | 0,,page-faults,5569152,100.00,,",,debug/5009929,nid006549,2026-10-09T10:17:14+0200,26a4f0cfc1540cead109dfc8d736f1c45263e390
comet_int4_gemm,native32,cpp,1,6,M,ok,154651,151612,179195 160667 160219 158268 168987 156635 154428 154971 154331 151612 152092 154907 153819 154332 156380 154364 152508 155868 153979 152507 295511 158011 155195 152060 153372 152316 154332 155068 154875 153147,16.19,/users/lhulsbergen/bin/g++,g++ (SUSE Linux) 13.3.1 20250313 [revision 4ef1d8c84faeebffeb0cc01ee22e891b41e5c4e0],-O3 -march=native -fopenmp -fno-math-errno -fno-trapping-math -fno-signed-zeros  -ffp-contract=fast -fstrict-aliasing -fPIC -include /capstor/scratch/cscs/lhulsbergen/HPCAgent-Bench-ext/hpcagent_bench/envs/vecmath.h -Wall -Wextra,variants/comet_int4_gemm_native_fp64.cpp variants/comet_int4_gemm_native_fp32.cpp,,,a57607ece182fdd396d7a204b42a113cc9684c9937bb01b3082ecee8db37e0c7,hand,16447000,53943750,19600,0,30,"16447000,,cycles,5113536,100.00,, | 53943750,,instructions,5113536,100.00,3.28,insn per cycle | 19600,,branch-misses,5113536,100.00,, | 0,,page-faults,5113536,100.00,,",,debug/5009929,nid006549,2026-10-09T10:17:19+0200,26a4f0cfc1540cead109dfc8d736f1c45263e390
comet_int4_gemm,native32noomp,cpp,1,7,M,ok,131820,128540,152251 138556 135004 133372 132285 131836 131421 131580 132508 132093 130492 131037 131356 138460 134780 133212 132604 130365 134076 128540 132188 129340 131804 129404 130876 130428 132701 129596 131804 130332,3.27,/users/lhulsbergen/bin/g++,g++ (SUSE Linux) 13.3.1 20250313 [revision 4ef1d8c84faeebffeb0cc01ee22e891b41e5c4e0],-O3 -march=native -fopenmp -fno-math-errno -fno-trapping-math -fno-signed-zeros  -ffp-contract=fast -fstrict-aliasing -fPIC -include /capstor/scratch/cscs/lhulsbergen/HPCAgent-Bench-ext/hpcagent_bench/envs/vecmath.h -Wall -Wextra,variants/comet_int4_gemm_native_noomp_fp64.cpp variants/comet_int4_gemm_native_fp32.cpp,,,f9d245da517623c247050dd7dbce9f7ea671140504a9f2dc5cbe65a3ba3fc74d,hand,14036163,53618207,18530,0,30,"14036163,,cycles,4371552,100.00,, | 53618207,,instructions,4371552,100.00,3.82,insn per cycle | 18530,,branch-misses,4371552,100.00,, | 0,,page-faults,4371552,100.00,,",,debug/5009929,nid006549,2026-10-09T10:17:23+0200,26a4f0cfc1540cead109dfc8d736f1c45263e390
comet_int4_gemm,native32noomp,cpp,2,1,M,ok,132236,129276,153468 139324 135420 133852 132636 135132 134108 133180 248121 134588 131516 132253 131900 130204 130333 129372 132220 130716 129276 129308 129500 129853 132124 139452 136764 135996 131196 131900 131996 132445,15.62,/users/lhulsbergen/bin/g++,g++ (SUSE Linux) 13.3.1 20250313 [revision 4ef1d8c84faeebffeb0cc01ee22e891b41e5c4e0],-O3 -march=native -fopenmp -fno-math-errno -fno-trapping-math -fno-signed-zeros  -ffp-contract=fast -fstrict-aliasing -fPIC -include /capstor/scratch/cscs/lhulsbergen/HPCAgent-Bench-ext/hpcagent_bench/envs/vecmath.h -Wall -Wextra,variants/comet_int4_gemm_native_noomp_fp64.cpp variants/comet_int4_gemm_native_fp32.cpp,,,f9d245da517623c247050dd7dbce9f7ea671140504a9f2dc5cbe65a3ba3fc74d,hand,14285381,53648093,21231,0,30,"14285381,,cycles,4459008,100.00,, | 53648093,,instructions,4459008,100.00,3.76,insn per cycle | 21231,,branch-misses,4459008,100.00,, | 0,,page-faults,4459008,100.00,,",,debug/5009929,nid006549,2026-10-09T10:17:27+0200,26a4f0cfc1540cead109dfc8d736f1c45263e390
comet_int4_gemm,native32,cpp,2,2,M,ok,155020,151323,178779 161244 157531 155228 153916 155195 153755 154972 154620 152828 152316 155163 159963 158972 154683 161371 156476 157467 157051 157404 154523 155068 155516 152828 152988 154684 151323 151803 154268 152764,3.2,/users/lhulsbergen/bin/g++,g++ (SUSE Linux) 13.3.1 20250313 [revision 4ef1d8c84faeebffeb0cc01ee22e891b41e5c4e0],-O3 -march=native -fopenmp -fno-math-errno -fno-trapping-math -fno-signed-zeros  -ffp-contract=fast -fstrict-aliasing -fPIC -include /capstor/scratch/cscs/lhulsbergen/HPCAgent-Bench-ext/hpcagent_bench/envs/vecmath.h -Wall -Wextra,variants/comet_int4_gemm_native_fp64.cpp variants/comet_int4_gemm_native_fp32.cpp,,,a57607ece182fdd396d7a204b42a113cc9684c9937bb01b3082ecee8db37e0c7,hand,16269500,53865879,19815,0,30,"16269500,,cycles,5056544,100.00,, | 53865879,,instructions,5056544,100.00,3.31,insn per cycle | 19815,,branch-misses,5056544,100.00,, | 0,,page-faults,5056544,100.00,,",,debug/5009929,nid006549,2026-10-09T10:17:31+0200,26a4f0cfc1540cead109dfc8d736f1c45263e390
comet_int4_gemm,numba,numba,2,3,M,ok,170171,167355,173211 170843 170043 169531 170939 169051 171195 167355 178426 170299 169468 167611 170907 169211 169659 171611 169276 171707 168923 169371 169883 209562 170427 169691 171771 171419 169979 171867 171547 169851,4.3,numba,numba 0.67.0,@nb.njit as written in the numba file,,,,4f0802f89f2e1a5c3cb6712880db6eda81093a1de18278a65261129f97725756,autogen,18003510,51795602,22401,0,30,"18003510,,cycles,5610720,100.00,, | 51795602,,instructions,5610720,100.00,2.88,insn per cycle | 22401,,branch-misses,5610720,100.00,, | 0,,page-faults,5610720,100.00,,",,debug/5009929,nid006549,2026-10-09T10:17:37+0200,26a4f0cfc1540cead109dfc8d736f1c45263e390
comet_int4_gemm,fortran,fortran,2,4,M,ok,381829,377878,399893 387189 386388 381429 381397 393685 382069 380565 380149 378261 383477 381205 380213 389429 378741 377878 379573 383861 380756 379605 381589 451378 381173 381589 382740 382133 420116 386901 383029 390485,3.8,/users/lhulsbergen/bin/gfortran,GNU Fortran (SUSE Linux) 13.3.1 20250313 [revision 4ef1d8c84faeebffeb0cc01ee22e891b41e5c4e0],-O3 -march=native -fopenmp -fno-math-errno -fno-trapping-math -fno-signed-zeros  -ffp-contract=fast -fstrict-aliasing -fPIC -ftree-parallelize-loops=1 -Wall -Wextra,,,,3fe78aeb1a82db237a2d1a666aaecd8d2e11ef12303e65b7d4f0cdb573d768fc,autogen,39056924,96866164,29946,0,30,"39056924,,cycles,12066240,100.00,, | 96866164,,instructions,12066240,100.00,2.48,insn per cycle | 29946,,branch-misses,12066240,100.00,, | 0,,page-faults,12066240,100.00,,",,debug/5009929,nid006549,2026-10-09T10:17:42+0200,26a4f0cfc1540cead109dfc8d736f1c45263e390
comet_int4_gemm,cloopsT,c,2,5,M,ok,552560,547952,573935 566800 551376 550512 552848 551536 550256 720331 562063 553104 550224 553008 550416 559183 547952 552784 549968 548272 549777 571024 552752 585743 556944 552752 551472 560047 549456 548400 548561 552368,5.59,/usr/bin/gcc-14,gcc-14 (SUSE Linux) 14.2.0,-O3 -march=native -fopenmp -fno-math-errno -fno-trapping-math -fno-signed-zeros  -ffp-contract=fast -fstrict-aliasing -fPIC -include /capstor/scratch/cscs/lhulsbergen/HPCAgent-Bench-ext/hpcagent_bench/envs/vecmath.h -Wall -Wextra,variants/comet_int4_gemm_cloopsT_fp64.c variants/comet_int4_gemm_cloopsT_fp32.c,,,32db18c64a2c5da3d7a19b9563cd1d8e7233fe0c46f116f75249f6e6e48279e8,hand,55868740,66423678,28422,0,30,"55868740,,cycles,17213984,100.00,, | 66423678,,instructions,17213984,100.00,1.19,insn per cycle | 28422,,branch-misses,17213984,100.00,, | 0,,page-faults,17213984,100.00,,",,debug/5009929,nid006549,2026-10-09T10:17:46+0200,26a4f0cfc1540cead109dfc8d736f1c45263e390
comet_int4_gemm,cloops,c,2,6,M,ok,596862,592750,617486 601742 611214 600206 597071 596846 595311 597166 602799 594702 594479 595343 594830 605711 613614 596366 595471 596879 654797 746987 599631 595439 597359 594607 603790 596303 593871 592750 593167 594287,4.82,/usr/bin/gcc-14,gcc-14 (SUSE Linux) 14.2.0,-O3 -march=native -fopenmp -fno-math-errno -fno-trapping-math -fno-signed-zeros  -ffp-contract=fast -fstrict-aliasing -fPIC -include /capstor/scratch/cscs/lhulsbergen/HPCAgent-Bench-ext/hpcagent_bench/envs/vecmath.h -Wall -Wextra,variants/comet_int4_gemm_cloops_fp64.c variants/comet_int4_gemm_cloops_fp32.c,,,0d877e12644810502a0e85b47ed266f5024b5b47eb80bcfff659bc29586aa72a,hand,60080565,199988374,149120,0,30,"60080565,,cycles,18506240,100.00,, | 199988374,,instructions,18506240,100.00,3.33,insn per cycle | 149120,,branch-misses,18506240,100.00,, | 0,,page-faults,18506240,100.00,,",,debug/5009929,nid006549,2026-10-09T10:17:50+0200,26a4f0cfc1540cead109dfc8d736f1c45263e390
comet_int4_gemm,c,c,2,7,M,ok,88109,83261,109533 94397 93726 87390 87518 89406 88670 89086 85374 86045 84477 85629 87582 87230 88061 85277 83261 84990 88349 88157 93981 89565 87069 89181 87454 88637 94173 87965 88733 88445,5.37,/usr/bin/gcc-14,gcc-14 (SUSE Linux) 14.2.0,-O3 -march=native -fopenmp -fno-math-errno -fno-trapping-math -fno-signed-zeros  -ffp-contract=fast -fstrict-aliasing -fPIC -include /capstor/scratch/cscs/lhulsbergen/HPCAgent-Bench-ext/hpcagent_bench/envs/vecmath.h -Wall -Wextra,,,,c83275c6544d7fb4eba90b36bcb2036b1d3b0f12f7ba5b7859ac8390245ec426,autogen,10018760,25498962,22113,0,30,"10018760,,cycles,3153888,100.00,, | 25498962,,instructions,3153888,100.00,2.55,insn per cycle | 22113,,branch-misses,3153888,100.00,, | 0,,page-faults,3153888,100.00,,",,debug/5009929,nid006549,2026-10-09T10:17:54+0200,26a4f0cfc1540cead109dfc8d736f1c45263e390
comet_int4_gemm,c,c,3,1,M,ok,88653,86174,111517 98142 130076 91293 87581 90334 87326 86942 88702 87901 87453 88893 87262 88349 92509 92701 91646 91198 86814 86429 87165 93373 88605 92733 88510 87518 93534 93790 86334 86174,9.56,/usr/bin/gcc-14,gcc-14 (SUSE Linux) 14.2.0,-O3 -march=native -fopenmp -fno-math-errno -fno-trapping-math -fno-signed-zeros  -ffp-contract=fast -fstrict-aliasing -fPIC -include /capstor/scratch/cscs/lhulsbergen/HPCAgent-Bench-ext/hpcagent_bench/envs/vecmath.h -Wall -Wextra,,,,c83275c6544d7fb4eba90b36bcb2036b1d3b0f12f7ba5b7859ac8390245ec426,autogen,10260142,25504121,28991,0,30,"10260142,,cycles,3232352,100.00,, | 25504121,,instructions,3232352,100.00,2.49,insn per cycle | 28991,,branch-misses,3232352,100.00,, | 0,,page-faults,3232352,100.00,,",,debug/5009929,nid006549,2026-10-09T10:17:58+0200,26a4f0cfc1540cead109dfc8d736f1c45263e390
comet_int4_gemm,cloops,c,3,2,M,ok,598494,594095,616014 602351 600431 597967 709739 600015 596942 599535 597327 681644 636013 638829 597646 598255 595118 601838 598574 598415 595790 595759 736202 599982 599695 597006 594095 594510 604367 597135 594478 595887,5.75,/usr/bin/gcc-14,gcc-14 (SUSE Linux) 14.2.0,-O3 -march=native -fopenmp -fno-math-errno -fno-trapping-math -fno-signed-zeros  -ffp-contract=fast -fstrict-aliasing -fPIC -include /capstor/scratch/cscs/lhulsbergen/HPCAgent-Bench-ext/hpcagent_bench/envs/vecmath.h -Wall -Wextra,variants/comet_int4_gemm_cloops_fp64.c variants/comet_int4_gemm_cloops_fp32.c,,,0d877e12644810502a0e85b47ed266f5024b5b47eb80bcfff659bc29586aa72a,hand,60753691,200092549,150875,0,30,"60753691,,cycles,18735744,100.00,, | 200092549,,instructions,18735744,100.00,3.29,insn per cycle | 150875,,branch-misses,18735744,100.00,, | 0,,page-faults,18735744,100.00,,",,debug/5009929,nid006549,2026-10-09T10:18:02+0200,26a4f0cfc1540cead109dfc8d736f1c45263e390
comet_int4_gemm,cloopsT,c,3,3,M,ok,554800,549136,612846 563279 558447 564720 552208 551856 550352 552912 549745 558063 558064 558960 552368 557200 551952 712747 559664 552048 591055 553392 596943 551088 549136 556208 588239 551472 564720 551536 550352 551088,5.63,/usr/bin/gcc-14,gcc-14 (SUSE Linux) 14.2.0,-O3 -march=native -fopenmp -fno-math-errno -fno-trapping-math -fno-signed-zeros  -ffp-contract=fast -fstrict-aliasing -fPIC -include /capstor/scratch/cscs/lhulsbergen/HPCAgent-Bench-ext/hpcagent_bench/envs/vecmath.h -Wall -Wextra,variants/comet_int4_gemm_cloopsT_fp64.c variants/comet_int4_gemm_cloopsT_fp32.c,,,32db18c64a2c5da3d7a19b9563cd1d8e7233fe0c46f116f75249f6e6e48279e8,hand,56130520,66437722,32246,0,30,"56130520,,cycles,17312800,100.00,, | 66437722,,instructions,17312800,100.00,1.18,insn per cycle | 32246,,branch-misses,17312800,100.00,, | 0,,page-faults,17312800,100.00,,",,debug/5009929,nid006549,2026-10-09T10:18:06+0200,26a4f0cfc1540cead109dfc8d736f1c45263e390
comet_int4_gemm,fortran,fortran,3,4,M,ok,380821,379445,403412 390101 388373 383701 381653 398868 382709 380469 380149 381109 380629 380789 380821 384309 382005 380821 379445 379765 380053 379797 380693 380533 388948 381269 381653 379925 380565 382453 379733 379701,1.47,/users/lhulsbergen/bin/gfortran,GNU Fortran (SUSE Linux) 13.3.1 20250313 [revision 4ef1d8c84faeebffeb0cc01ee22e891b41e5c4e0],-O3 -march=native -fopenmp -fno-math-errno -fno-trapping-math -fno-signed-zeros  -ffp-contract=fast -fstrict-aliasing -fPIC -ftree-parallelize-loops=1 -Wall -Wextra,,,,3fe78aeb1a82db237a2d1a666aaecd8d2e11ef12303e65b7d4f0cdb573d768fc,autogen,38743391,96769740,23729,0,30,"38743391,,cycles,11973216,100.00,, | 96769740,,instructions,11973216,100.00,2.50,insn per cycle | 23729,,branch-misses,11973216,100.00,, | 0,,page-faults,11973216,100.00,,",,debug/5009929,nid006549,2026-10-09T10:18:10+0200,26a4f0cfc1540cead109dfc8d736f1c45263e390
comet_int4_gemm,numba,numba,3,5,M,ok,168987,166779,170651 170651 170651 170491 168379 168315 170075 167995 168635 168987 169179 167836 168603 168987 167291 168315 177883 168475 168507 169627 167067 169115 170363 169499 169371 168892 171483 166779 168283 182075,1.8,numba,numba 0.67.0,@nb.njit as written in the numba file,,,,4f0802f89f2e1a5c3cb6712880db6eda81093a1de18278a65261129f97725756,autogen,17720740,51658942,20990,0,30,"17720740,,cycles,5521344,100.00,, | 51658942,,instructions,5521344,100.00,2.92,insn per cycle | 20990,,branch-misses,5521344,100.00,, | 0,,page-faults,5521344,100.00,,",,debug/5009929,nid006549,2026-10-09T10:18:16+0200,26a4f0cfc1540cead109dfc8d736f1c45263e390
comet_int4_gemm,native32,cpp,3,6,M,ok,156316,151899,219130 165403 190971 163100 173435 160316 157275 157724 156124 154459 160284 157531 155355 157116 156220 154971 155035 152987 152476 155740 166907 158748 156412 155611 152571 151899 153468 152508 152540 158748,8.43,/users/lhulsbergen/bin/g++,g++ (SUSE Linux) 13.3.1 20250313 [revision 4ef1d8c84faeebffeb0cc01ee22e891b41e5c4e0],-O3 -march=native -fopenmp -fno-math-errno -fno-trapping-math -fno-signed-zeros  -ffp-contract=fast -fstrict-aliasing -fPIC -include /capstor/scratch/cscs/lhulsbergen/HPCAgent-Bench-ext/hpcagent_bench/envs/vecmath.h -Wall -Wextra,variants/comet_int4_gemm_native_fp64.cpp variants/comet_int4_gemm_native_fp32.cpp,,,a57607ece182fdd396d7a204b42a113cc9684c9937bb01b3082ecee8db37e0c7,hand,16684565,53945596,21892,0,30,"16684565,,cycles,5196320,100.00,, | 53945596,,instructions,5196320,100.00,3.23,insn per cycle | 21892,,branch-misses,5196320,100.00,, | 0,,page-faults,5196320,100.00,,",,debug/5009929,nid006549,2026-10-09T10:18:20+0200,26a4f0cfc1540cead109dfc8d736f1c45263e390
comet_int4_gemm,native32noomp,cpp,3,7,M,ok,131580,128573,148828 140796 138268 134140 134108 134012 132476 131293 130108 296280 138140 130109 128924 129213 130108 128573 131132 130076 130076 130332 129181 132892 129916 163643 139164 133404 134940 131868 130204 129021,21.87,/users/lhulsbergen/bin/g++,g++ (SUSE Linux) 13.3.1 20250313 [revision 4ef1d8c84faeebffeb0cc01ee22e891b41e5c4e0],-O3 -march=native -fopenmp -fno-math-errno -fno-trapping-math -fno-signed-zeros  -ffp-contract=fast -fstrict-aliasing -fPIC -include /capstor/scratch/cscs/lhulsbergen/HPCAgent-Bench-ext/hpcagent_bench/envs/vecmath.h -Wall -Wextra,variants/comet_int4_gemm_native_noomp_fp64.cpp variants/comet_int4_gemm_native_fp32.cpp,,,f9d245da517623c247050dd7dbce9f7ea671140504a9f2dc5cbe65a3ba3fc74d,hand,14266202,53668829,19683,0,30,"14266202,,cycles,4452288,100.00,, | 53668829,,instructions,4452288,100.00,3.76,insn per cycle | 19683,,branch-misses,4452288,100.00,, | 0,,page-faults,4452288,100.00,,",,debug/5009929,nid006549,2026-10-09T10:18:24+0200,26a4f0cfc1540cead109dfc8d736f1c45263e390
comet_int4_gemm,c,c,record,1,M,ok,109340,98237,118109 116573 109757 108893 111261 111389 114044 112349 109725 109597 111197 113021 109532 112317 111388 104029 106269 108157 107613 109245 109564 109117 104989 108317 111356 111389 110429 110813 111389 112381 109436 110364 113085 111132 112444 109340 109309 106045 112348 108796 111453 106781 124508 108381 105949 111485 106397 110204 111900 110940 107965 111517 109789 105693 112093 108700 110397 107485 110429 109372 104477 111325 108381 111325 105789 107517 108701 105693 109949 108157 111165 109181 108381 105436 107069 110685 110397 107933 110237 102781 108573 107293 354134 110301 104285 110172 110877 110877 110717 109308 107965 108445 107325 101277 110556 229370 107453 108925 107261 111165 109565 108797 112732 108861 112093 108317 109405 110205 139804 105021 107293 108189 107581 106877 108317 111581 110525 109405 113629 107165 107869 109789 110396 104829 112028 109149 107901 109276 106716 109181 110365 110812 110077 111869 111453 111037 110204 111069 109117 110365 105437 107741 109661 106493 110237 108701 110749 110973 109885 109213 111740 107293 113789 107485 107580 106525 106525 110429 108509 109789 110621 106908 111773 110076 107357 110301 109629 110973 111293 110077 107997 147643 108445 107357 108604 110269 109053 108381 108189 109053 108605 109213 106365 104253 109885 110813 110652 108669 111356 108861 109885 105117 110045 103581 107869 105629 104925 101213 108445 108925 109340 111229 102429 107197 106301 175259 112061 102301 102493 103773 112220 102301 108573 112605 106557 107485 111036 111292 112221 111164 110813 110172 108573 108765 110813 105085 109661 108733 111420 109469 109629 110461 107645 105404 105437 102557 107837 108476 103421 101054 108125 112189 108605 103645 107453 103677 105213 107068 104413 110204 110333 103261 108957 109309 103485 106205 109789 107901 106461 109533 111037 107773 110461 111389 107101 105501 111645 110300 110525 112957 107325 104381 110621 108284 108348 109181 110172 109565 106333 109981 104765 108445 110685 110141 109245 108125 105405 110749 108317 108829 109212 107485 101917 101085 112061 108252 121245 100317 107133 109212 110205 107805 109853 109660 108893 104893 111292 108092 108157 102141 102397 103421 108125 136476 107453 180443 107197 109693 109533 111165 105885 108733 110653 110077 111004 108893 109949 106621 105341 110109 107901 110781 109948 140572 112061 108637 115196 103389 112989 110493 110717 112253 104061 112285 110108 106813 115389 106333 110877 107324 110141 109501 106653 110397 107773 110237 111517 105789 113212 110461 108253 110333 111260 105628 109533 110493 120636 112349 111581 106269 110812 107581 107677 106332 109437 109661 108829 108861 104573 104445 106525 102461 105693 110365 107869 109149 111069 107101 108093 108253 107965 105597 104221 107965 105181 103485 108541 110845 105213 110524 105181 106109 105661 106301 109117 106621 110909 110109 109853 107709 107677 106749 110973 145468 106205 101853 99005 108317 109117 111549 110077 109693 108573 109021 109436 185851 110877 107325 111101 104796 106909 108445 101597 103773 104733 102877 109181 108477 109373 110077 113533 108701 109052 118269 109213 108797 108093 108508 103453 108701 109181 109821 99325 118205 108669 108285 106429 101149 111965 108861 110301 107677 107261 106973 108253 113789 111581 139580 107645 109693 108221 103933 104445 101277 109021 105021 111069 109597 108829 106525 103357 107101 109821 109564 110461 110588 106941 105693 107901 107357 107964 108381 105181 110908 107933 107388 107901 110621 110333 107772 108925 106749 106621 112413 109149 110557 107293 109949 109053 106845 117436 107260 105373 107869 108893 105021 108636 107709 106845 110141 106429 104317 107485 111421 110333 110557 111837 111165 108189 104445 110109 110716 109597 103773 108925 174075 110397 111261 231001 101693 111388 107645 109340 114429 102237 104861 108764 109693 107773 109405 109277 110077 108765 109725 110941 108413 105021 112221 108093 110973 106493 108733 106301 108637 107933 105789 104317 110237 102077 103293 137500 110013 107901 114076 109117 110204 111229 108797 104573 108349 109501 109949 108701 135420 115677 109757 109757 110621 108093 105501 108061 109244 109597 107549 110973 106973 106813 106045 107612 109308 108029 108285 102109 109436 107996 106845 103933 103645 103005 102493 102909 109405 109948 109021 110461 105405 113852 107101 103229 106941 108285 109981 107709 106013 106941 110173 108733 108381 105981 103677 112796 109693 108316 107709 107869 108093 102653 103901 109373 109213 111261 109373 106525 110461 109085 169211 110717 109405 107997 103997 102333 107133 109373 137180 107773 109053 105949 106877 105148 106717 125596 104125 142172 111101 104445 103773 106781 110013 107165 108221 109021 109309 109565 107741 105085 110524 109277 134748 110333 107165 109789 106045 106909 106109 137884 103901 106493 108477 108060 107741 111101 109341 105405 109469 110141 111037 107549 116509 112093 110333 110365 109021 107229 107677 108797 108413 107036 105789 110813 110813 107805 105469 105501 108764 110204 136508 108220 104989 101501 107741 108189 108349 129084 107261 109693 103197 111005 104157 107261 103805 101949 105181 108220 109341 116317 108445 109437 108380 106941 111676 109853 113021 110461 107965 108125 108637 169211 105437 103165 109597 104861 108253 109245 107037 112156 247192 107549 107677 111517 105436 111996 110269 107325 106429 109021 107805 102621 107997 108669 104989 109468 107901 108925 107452 106589 108957 108189 112413 110940 110301 106493 112765 107837 110140 108093 105693 109885 109437 109469 111997 111709 110717 104093 106429 108668 111612 109501 109661 102877 102110 102045 102589 112380 108956 115805 109821 107357 106045 110045 108829 105309 107197 111773 170331 105725 108508 107517 108028 103389 103517 108669 103933 109020 105565 112061 105501 111708 111773 106397 108381 107997 107421 108957 109724 109821 107805 106076 109661 110173 111805 110876 109404 110717 109885 111677 108349 102589 105373 108349 103933 110109 101693 108988 101021 103421 110077 109597 100541 108125 108445 107484 136316 104637 108701 108861 42870820 124029 110461 120988 114365 111901 108957 111004 109341 110716 107261 111037 110973 111132 107709 112093 112092 111229 108957 111037 109085 107869 111548 106845 107933 111453 111548 99389 106141 105916 109117 110237 105885 109148 105629 111389 110365 110141 111357 114013 110365 111005 110749 104221 111197 106333 106653 111645 108125 107645 111293 109181 105213 109180 142748 107165 110236 107293 112797 107069 104861 111293 109949 104317 102493 102269 108765 105693 110205 110269 109853 104189 111581 110109 118204 108220 109821 110972 111229 110333 107453 110141 107453 108957 110205 104957 105469 106045 109309 108669 110332 111388 105245 107485 102909 108029 109020 104861 111997 172731 104605 111933 110173 109597 110301 107517 104829 112636 109245 106397 111389 109565 108253 108125 105693 111709 108477 102462 111709 111165 110524 108509 107741 104413 109628 110301 110013 107901 105789 108061 105597 109725 107549 112285 109180 106813 111517 108861 109565 109821 110428 107677 109661 112124 108477 106333 104701 104829 110300 108957 105277 109373 110397 103101 109629 110141 108477 106685 110557 106781 111965 110269 106429 110269 103613 111997 109052 110845 102973 109213 105789 119772 112765 109277 110844 110525 111645 112093 109437 110557 103997 103165 101437 110205 110205 109821 110429 111325 110909 106525 107228 110492 108957 107708 110077 109053 110301 104893 107933 105565 109789 111517 107517 100701 109181 110908 105917 110269 120829 189178 106973 106717 111069 109661 109757 111901 104925 108829 121469 109053 108061 108381 109341 110909 107965 102717 109660 106813 104573 107101 109021 108445 109180 108957 106589 103677 110557 110012 108957 104925 108317 106141 103389 108444 104477 111868 111805 108349 102685 111996 107997 110557 110364 108508 109789 133116 109597 107197 107965 106141 105917 109181 108252 111901 104893 105309 110492 103581 112829 105789 107741 108573 108957 109405 107421 107677 105469 107837 102941 136956 107037 109372 115741 106941 110877 113501 105597 112125 131164 107261 109053 132220 106205 103197 108829 109213 109629 113053 109405 107517 108029 104381 118524 106877 111677 109277 109373 109469 108061 108253 111101 107965 107581 110173 108477 108669 107293 108445 108061 185915 109053 105981 120636 109341 110237 106813 107772 105021 111196 105053 108797 110749 116668 110301 109373 110333 108701 107933 107517 106877 108573 110813 140764 108477 105981 109692 111100 103741 109725 107069 109373 107132 105501 111325 107741 106077 109533 107229 110460 109245 108605 106589 106493 111837 109245 114012 112188 106525 110717 107549 101117 106172 122301 107548 109437 105821 109725 101501 108861 109180 107933 105053 108252 109085 107357 107421 109341 111581 106717 108989 110973 104733 108829 109309 100989 108253 107613 110557 109693 108861 109340 110237 111581 103453 101437 104540 107005 106396 104733 116413 111100 110397 104989 112988 108605 111357 109725 109757 104829 118461 106492 108733 108956 103965 109789 110749 111389 107645 111165 188283 109756 110461 106301 104093 103005 112445 103997 111069 108861 106748 111612 108188 109437 103101 105565 111900 107101 110173 108861 103933 110045 107645 108669 106332 108765 104413 112604 108381 106685 110173 110876 105981 100125 110877 109276 100541 109404 109373 105373 109372 110013 109629 109949 110269 104509 111421 108637 110588 110941 106493 105821 109149 108925 109277 107485 106493 109148 109373 106749 110492 107836 109565 107837 105693 108412 106973 110461 107837 109949 110013 107197 108028 109692 109981 108445 107805 111036 104285 109693 108669 105597 107773 112348 109885 107165 105053 103485 105021 108189 108893 103325 107901 109949 107677 111197 108189 100253 108636 107261 112541 111644 104605 106941 101885 105820 98749 109213 110269 107581 179931 106013 105565 109629 110140 106781 105501 110493 107933 106909 106461 103933 108925 103869 111133 108445 111805 109692 108765 105437 110045 111133 108477 110653 106589 112252 112572 109629 110812 111773 109916 109308 103677 106813 116253 108509 110973 105277 110397 109533 108541 135932 137276 105725 108509 108381 104157 110589 109725 109021 103549 107997 106845 108573 120860 107581 104637 109789 109565 105085 106109 106813 108125 109725 108349 105405 112221 108861 107581 112060 107676 109405 111037 103901 111229 110300 104317 106045 103677 106077 111773 111037 132476 107101 114524 110653 111613 114620 109949 113053 114684 109213 113917 107869 112637 110076 111613 114012 106141 108413 110204 111645 137596 108604 121660 105373 114685 105565 107420 111485 193531 111709 110301 109725 110845 109117 109981 108669 110653 109693 132252 109373 104189 102621 110589 109757 104957 111004 108413 108989 111581 106013 107965 105277 108733 108445 110140 109405 100925 104829 109917 109757 110173 107741 124189 105404 107517 110204 111453 109021 105981 112541 110813 106429 119453 110205 108829 113149 109245 106333 109564 103197 112381 108861 119997 111037 111165 111132 106717 107197 111229 107229 108189 107997 137276 108669 112061 110909 103613 110845 105149 110780 109181 111485 112764 128285 106301 105309 110653 109149 108509 109533 105501 113885 109917 111484 111452 112093 111772 109757 111228 110333 112413 111741 112093 108125 108061 111133 111612 107389 106237 107229 110620 108893 119101 112157 106909 111677 107869 108093 175003 105501 112125 109821 107293 107997 109788 112061 109468 104861 109629 109373 114621 103069 102557 110749 110588 111325 107389 112829 111101 109181 110205 110780 111293 110908 112157 113021 109021 110781 110685 110940 113501 110365 109757 108509 105661 108029 110524 109693 109149 105213 113213 109660 144700 111612 108829 108765 110845 111932 111709 105981 105820 108157 111197 103645 109117 113405 110173 111965 115388 108893 109501 110877 110045 110269 108541 104477 108605 104989 110045 111101 108989 110557 109533 109565 107901 102461 104157 103453 109661 106173 102909 101757 98365 108573 107837 111837 110300 109021 142236 108637 107229 111165 108893 109981 114557 109757 111357 109917 109180 109340 108509 106301 112733 110621 111869 112988 111933 112477 185243 103805 106877 108477 109309 110845 111261 107197 110301 110685 104573 111709 109341 110557 111997 105021 109820 108541 111549 111677 104349 112541 111229 111100 111357 111421 111101 109565 109789 109885 111805 111292 110781 108253 108829 107101 107709 110396 107357 109437 109277 141852 101597 111069 110396 111069 110781 111549 110877 111196 106685 109021 106109 103325 104989 110941 106877 110813 108509 110749 111069 110781 110876 111069 109501 110013 105757 107677 113565 111740 111453 109053 103229 107581 109693 111933 107932 108061 111709 109245 110780 108284 110557 111772 107613 108349 110973 105149 104157 105853 111197 110365 110237 112444 112765 111197 110621 110621 119996 108701 103549 111709 111229 111356 112541 110973 106205 111453 119772 103325 180059 110205 108381 110013 109085 108413 111869 108701 122332 113117 106781 104957 108221 108221 108380 109917 110109 108669 134844 110429 109853 107900 108125 107869 111645 110492 107293 107549 109853 104605 112189 104957 115101 110141 103325 113212 104829 108765 106077 113149 103133 107197 111005 100733 109660 107581 109565 110109 107901 108093 102429 112765 108796 107292 109885 113916 109693 112572 110013 112413 111228 102685 110365 109212 111197 105373 111837 110813 106429 110973 107677 109501 104924 112509 111388 108765 110173 110493 110557 111837 109980 109277 109500 111197 108509 111164 110493 109373 109885 108317 109981 108957 114909 109021 108316 109021 113085 108733 111261 109981 107133 112317 137308 107580 108765 106909 109949 110525 113245 113308 179866 107869 111261 111901 108349 110909 108765 110525 110109 107485 112349 104573 117693 107581 104509 104925 103965 109245 110236 112445 109949 111485 117533 102877 110301 110653 110396 110525 106140 112669 107389 103901 104413 102621 108092 104093 109501 108157 106877 109821 109085 109853 109501 111069 109725 108669 106493 112445 141852 109885 111069 106301 113116 111261 110172 108349 110077 111868 109149 101277 106525 110109 104956 108925 113180 107293 111165 109885 110877 105885 109340 112413 109277 110141 111804 107004 111645 106397 110301 106173 114173 106365 112029 110205 102493 104381 108829 104573 111260 112476 108381 157564 114845 109341 106940 109053 106396 112604 111453 108317 112253 110556 101981 113373 111868 111165 112188 110557 110365 121885 188378 111773 105949 106780 107836 110013 111324 105117 107997 116573 110589 106685 109917 109629 109276 111229 104669 112765 107645 118301 110077 108669 112796 110333 112093 107677 111805 112061 107325 110717 108413 107805 111037 112796 110301 108189 107677 112316 110909 105213 107869 108733 108093 142524 109501 110173 154875 110333 109693 109021 112093 115004 111485 111485 110237 110301 109533 110301 108861 110941 107837 109245 107933 111420 102845 108124 108989 106525 111197 104797 110781 111549 107773 108701 107613 107517 108636 108061 109821 138300 99965 111485 103709 110461 110973 113085 109789 110109 110525 105053 103037 103709 106589 104989 102397 105373 107997 110973 111197 104092 109757 103229 106717 112221 105597 111132 116285 111165 108349 109981 236729 108605 107293 109085 105565 109629 106621 104733 99485 109469 106845 105213 110493 104509 100957 110908 106397 111421 108029 111453 104029 109021 103677 107677 110013 106429 110237 107613 109181 111645 110525 107645 105277 111101 105693 106429 115773 111741 111453 109949 110685 106717 108829 111037 109148 107869 119901 108893 110237 109341 109597 111549 109053 102429 104381 113597 110268 109660 112733 108413 109436 111357 105917 106013 111197 110461 102813 112636 109917 109789 111357 111645 105981 111261 107165 109437 135676 107869 109917 107805 109180 110653 109725 112509 112381 107869 109853 107485 104253 109788 111933 109085 106909 108957 106621 111485 110652 99549 109437 105629 113628 107869 111581 113021 111741 106813 108413 109565 108733 106588 191035 111421 108733 106845 109180 109597 114493 110077 106973 113213 112253 106973 107901 110909 110493 113469 116732 111165 107773 107101 111708 107997 112733 112956 108829 110684 115581 105437 110365 109149 112380 110141 138556 131260 112797 106653 113469 111069 112381 107773 109948 111900 136316 112861 112573 111581 109533 111517 113373 110877 109853 109245 113597 110109 105149 111709 105597 108380 110429 106909 107645 107933 110396 107805 112317 105021 108765 109117 156987 111677 108765 106461 111069 106877 109885 109565 106749 107805 105501 106365 113788 107357 101565 112701 110428 110365 110589 105085 112188 110749 111740 108669 107261 114844 111997 108668 109725 113405 112317 117180 108541 111133 108732 109437 104509 111773 110172 110717 104349 112285 192635 111901 105853 111965 110781 102109 110077 106973 113244 120188 106428 113309 111197 108957 108988 103005 112573 110717 112285 108605 108605 110973 105309 110973 115357 110461 110237 112700 109885 107901 108605 102685 109053 113053 106973 108957 106205 109341 108285 109277 112605 109949 107773 107517 113085 108797 105469 104381 110429 110588 111453 111260 109917 109053 102685 108828 109917 110429 107613 108541 112604 108861 107261 104925 103453 109789 110781 138524 110237 110653 109629 105885 111805 110173 106429 109565 134716 113597 110109 106109 103101 112028 113533 112924 107261 109789 112860 112925 112092 108285 112093 110397 114525 114781 134492 109917 110812 112253 112509 118076 98237 111005 103677 114333 106653 109917 110525 108029 112989 117789 192762 111069 110141 109917 106397 112124 109661 110461 110205 109373 112285 111037 136860 110909 110268 107292 110781 112253 106077 104829 109053 108125 108189 129117 109341 111261 110556 111741 110941 111581 109853 138972 107773 103581 106877 110716 110237 112125 110333 105725 110781 111964 108285 112188 110461 118589 111900 104989 111357 111037 110941 112445 113725 106813 107677 135708 110077 105565 105853 110493 106077 110205 110653 110492 109117 117980 108925 107901 113021 111548 110908 111325 110205 110717 107933 112732 110525 110301 108797 109629 109149 106589 111421 110109 105501 109693 112797 111197 109148 104893 111805 110045 106653 110524 111004 123900 109085 109533 110877 110045 107901 109373 105053 105981 107517 190619 110525 108157 109821 109277 191867 99709 113661 111101 108541 111548 108541 112861 110621 107709 112892 106941 111613 113117 112637 112412 112253 112028 110876 110429 108445 112957 110557 111773 111325 108093 110653 111101 109213 107773 107709 140796 109341 111709 109404 107773 105629 112285 111132 109629 106973 113213 109309 109565 111357 108317 107453 109853 103869 110172 110588 103869 111932 104701 112412 121725 110013 112669 108957 108861 111773 111357 112381 113244 108381 114909 108381 105085 103069 109373 106589 110941 108637 104509 112221 108317 111997 108381 106205 112061 106141 110333 108796 106557 107133 112957 111325 106973 110461 107741 107997 106173 109405 106301 111836 111165 111868 107485 110365 111101 106653 107357 104989 107133 105629 106813 102909 109245 111165 109500 188731 108701 104221 107613 110685 109853 107229 108829 104445 110045 107965 109309 115709 107965 108637 110236 106813 108157 108989 110685 105053 111516 104349 110205 110525 112860 108893 101309 111132 111165 106941 111165 125660 112700 109693 107357 109277 109021 111997 111677 108637 109533 121532 107805 108924 111645 106397 105981 110685 112093 109149 108669 106620 113244 107900 108604 108637 109660 111357 105852 110013 109533 102909 112189 108893 110749 109789 111485 110749 109437 107453 109437 111517 112445 114397 107069 114909 110173 109917 111741 108797 109661 112413 107741 113693 112572 111197 115004 113565 109725 109085 106301 113149 107165 104669 112509 109725 108349 110781 107293 113980 111197 104509 110493 107133 109244 113309 106877 108477 110365 182907 111261 121885 111517 113052 110941 110429 109021 106461 106013 111549 107741 102461 108349 104701 113885 109661 111485 111517 111644 104893 109212 104861 109181 108701 109373 111645 111965 110140 111453 106813 105021 142908 111261 109789 112509 104957 107261 108381 110940 112509 111773 118365 112860 106493 110396 103933 107997 111773 106333 113725 110685 121180 111165 104637 114077 111772 107069 106268 107005 106013 106941 111997 107837 137980 111453 107069 103613 106173 110108 107389 111773 121148 111229 104125 104477 110365 109149 111837 112925 109501 110973 148155 107069 105469 107868 110109 109853 105757 110781 104509 108925 108413 106557 110940 108701 109469 99741 105405 102109 110236 106621 108348 109181 108509 109373 144092 111869 108796 112925 189403 111613 119965 110332 114749 107773 114013 107261 114269 112317 108829 112381 139324 105629 103165 105181 103261 108509 110685 109981 109501 110301 104765 108797 111005 109917 107101 109821 107517 109117 112285 139996 106077 112605 108541 109341 109789 111645 109436 113117 109021 108573 110077 107165 104509 106397 113725 107165 109245 111549 101341 107869 105757 105533 113052 112252,626.05,/usr/bin/gcc-14,gcc-14 (SUSE Linux) 14.2.0,-O3 -march=native -fopenmp -fno-math-errno -fno-trapping-math -fno-signed-zeros  -ffp-contract=fast -fstrict-aliasing -fPIC -include /capstor/scratch/cscs/lhulsbergen/HPCAgent-Bench-ext/hpcagent_bench/envs/vecmath.h -Wall -Wextra,,,,c83275c6544d7fb4eba90b36bcb2036b1d3b0f12f7ba5b7859ac8390245ec426,autogen,,,,,3000,,,debug/5009929,nid006549,2026-10-09T10:18:36+0200,26a4f0cfc1540cead109dfc8d736f1c45263e390
comet_int4_gemm,cloops,c,record,2,M,ok,627757,618062,648461 635790 641389 638189 631021 631501 639437 632205 629549 632782 633710 632653 632877 634061 667820 630862 744298 627918 668236 631917 631214 632845 660940 629485 633741 635981 632397 648109 630094 629326 632333 631309 628334 733803 624941 632205 646957 631886 629070 627630 631661 629166 630638 645773 629806 626990 626670 626222 631437 627629 660749 633165 629997 634413 633933 627437 630222 641389 625837 628749 625678 625198 630030 625357 637294 632621 629677 630734 692396 627469 629614 641390 629645 629261 632014 633581 631501 631886 633710 624366 629869 633006 626605 631533 628205 642669 630446 632173 630286 631566 632174 627886 630798 628397 628493 723083 632013 629229 627598 638093 629133 630829 630254 626861 631854 629006 637037 628653 627278 629005 626190 625934 626381 652909 629838 629262 629773 627629 632013 628653 626253 630797 627309 626701 690700 624909 626349 642509 628461 628077 625133 624686 627437 669612 648813 630317 629997 630509 629805 634125 631085 640461 626318 629422 628525 628750 627853 631406 645773 628557 626925 629485 626382 629102 630573 643214 661932 629741 629549 629998 622638 628430 638606 628238 627213 624109 626798 637485 628974 625518 666445 629390 625326 629902 657228 629166 627470 627278 626894 628365 636014 641165 628270 625838 627565 625582 627630 631341 636781 627245 627502 627630 627950 626190 629965 632717 629741 629517 626990 629133 621422 625165 637326 631693 629485 701931 628558 632110 635534 636942 631246 635661 629901 629486 629677 634925 639373 629005 628365 629742 628333 625709 630126 641453 631790 629773 628910 629166 629517 628109 638125 623821 627630 626638 625262 627886 628206 657869 629165 623086 630957 628782 628078 621454 635469 626734 628493 630894 626158 627246 629421 638957 629389 629614 628366 626893 637901 629006 626765 629517 626350 624846 622830 638381 626574 627405 634829 623917 626029 627214 625902 627597 631565 626190 629198 627309 683756 628270 633518 639661 628590 640109 628366 631918 626926 629614 639694 624782 629422 633933 629038 627693 628590 654540 631245 667181 631374 632493 630414 629838 667661 632302 627950 630286 631533 630925 625710 640365 628014 627149 624270 629294 629518 627565 639053 694700 638286 629389 625101 628493 630573 636141 625006 674444 627821 625869 628910 622542 637709 628334 629198 625037 762281 626253 626637 624398 623885 639373 626382 625774 627150 623373 623438 625229 643021 627726 629741 628685 628909 631597 622382 646253 630957 628750 628365 626798 629934 662092 650829 632622 632909 630222 626413 628013 627853 639982 631021 633773 630766 692268 633421 633197 647501 681708 629837 628014 625102 624558 626222 637453 621838 624909 625965 624654 629837 621454 640781 631053 626349 624846 629934 626285 627182 633773 626734 625357 624461 627054 628014 629806 640365 626125 626861 620398 623630 626189 628270 639373 622701 626509 627918 626798 658764 628557 640365 628941 624910 629550 628430 626766 628814 648621 629901 667436 624206 696428 628621 628781 638157 630254 628334 625870 627054 627085 625902 634157 628013 630509 622606 628877 629933 626702 634574 627085 626478 626733 660524 680748 626446 635469 628558 625101 627917 627470 623981 620814 634861 628238 627438 620749 659596 627918 622574 633262 626542 629134 627630 621230 622862 626637 644205 627918 623726 628973 629581 624878 626765 636717 625966 627310 629357 625102 626125 625902 650253 628430 626830 629549 632717 625166 626702 637038 626797 623533 618158 620653 623693 622766 638189 624173 626285 624078 625838 624878 624685 642061 626062 627725 627950 629709 622638 625389 633677 626734 624462 628077 625198 631246 623310 697259 627150 623854 622798 625550 634413 698635 633102 626125 626093 629389 627565 635918 628014 665709 627117 753129 630413 629006 625997 627918 643469 628366 623054 627597 625806 650445 627885 637038 629358 627182 631181 625677 635277 697483 632429 629965 627277 624174 620686 624397 625230 637294 625006 624398 626510 627374 629325 629006 636621 622253 627085 628045 725515 627117 625582 638733 624941 623053 625838 623917 626221 660813 639181 627949 628493 628045 628397 626606 627085 640333 626541 661837 628301 629517 625838 626381 633997 627661 618062 626253 626829 627661 625998 648621 625389 625998 627373 626797 623853 627086 635661 627245 626414 620813 624494 626926 625006 636014 620558 624493 626638 626542 618990 624718 639021 623566 625806 625806 660620 628461 625134 640398 626381 624846 630445 627661 629261 627758 637229 627437 628493 629453 628302 628142 629389 711243 628589 625037 622253 658349 625069 625709 636813 621581 627277 627662 626509 635917 620270 672780 629549 627725 623886 624782 636909 625518 636589 666348 627917 624462 621133 628494 631789 638989 630030 625294 627565 625357 632910 626126 625037 625133 624686 625357 622446 634861 623438 626158 628366 627405 621741 626349 633902 625709 624302 623598 624622 627086 626062 636365 625517 626798 628141 628141 622350 626574 634317 627501 625966 621390 624366 634541 627886 634541 621198 624813 624685 623726 625486 626478 649261 623918 626765 627533 623885 649901 624718 635374 625805 627181 622061 661005 626478 623917 640365 628269 623405 625869 626541 625262 621646 636205 624462 628589 625261 625614 629518 624526 624109 625710 626094 621230 624398 636909 626382 694379 627309 626990 628237 627821 633805 624686 625262 628814 624973 624462 626638 636302 623886 624237 621774 625741 624910 626637 639789 628685 626573 627118 628077 624942 628398 650797 624110 623534 629421 624046 627565 626509 639085 622478 627021 628365 626286 624685 623566 636365 626990 626254 627437 624109 625422 624110 640525 624685 622381 625485 626798 629005 627277 635086 625261 629197 627053 620974 634637 627662 625294 623150 626830 627277 624045 636109 621870 625326 627661 625485 626573 625518 635981 628941 627662 627917 627405 630830 628717 637677 663884 627277 624013 628590 627790 626317 650893 625645 625102 626350 628045 624110 623822 638125 626381 628718 628238 626125 622926 626637 638797 624237 626541 626253 625774 625582 623342 634446 625934 768905 625325 623757 627533 626574 633709 626189 662156 620141 624622 625358 628301 636526 621645 626318 627246 625422 627821 621997 640461 627118 684492 662605 626350 629422 627854 625773 627853 691083 629325 631886 628110 624398 627086 629742 659853 625998 626254 623886 626158 626414 627406 639917 625389 673996 625582 751978 627534 626925 634126 628269 626221 627726 621294 627085 629485 677484 622925 625998 624558 627566 627630 621805 700107 625038 627021 625774 632013 631149 630221 636333 625741 626414 628654 626893 629486 627790 640493 629646 629454 629550 624750 625421 624686 639917 622062 625678 624045 624622 626157 623885 635854 625102 626189 627373 624941 620462 625614 656685 627246 681516 621038 621805 623949 625902 634830 627246 625005 626222 624814 43726872 645229 643181 631629 627886 632366 627821 629229 633582 626478 629229 633454 625613 633133 626350 638126 631277 640685 632173 696971 628685 632558 631245 630477 633645 626861 627790 631757 625454 630189 641389 625037 637134 630446 623565 629198 680108 625678 627981 631373 627437 630638 630030 630285 628174 640141 628813 634989 632206 628461 625197 628173 639277 631086 637901 629485 631054 629198 629197 628269 629645 637197 626830 630765 628046 629422 638094 628269 636301 628269 629518 630093 661997 629805 630381 653709 632462 630382 630573 623597 630254 629453 672076 630254 627341 634094 623054 627501 629870 638989 623982 661036 632110 629741 629261 628654 643437 628110 634477 693867 631150 629133 628429 642861 628557 632494 626062 631085 627885 688459 639757 627277 633070 629933 627086 627790 626766 634349 627502 628525 627758 624078 627885 629517 637741 624302 626606 629741 627150 625710 630702 641037 622062 623502 627341 627118 629646 627149 634189 625454 627213 629582 627501 627437 625901 638221 627502 666828 629069 680748 628493 626253 619854 625102 639277 626830 628781 629038 625966 628590 626190 633646 629390 629454 627502 705419 627917 625966 640142 626221 618990 627726 626638 627662 666925 637133 627885 621454 631054 626862 627278 660300 633869 629518 629485 626381 625390 629773 626413 635086 627758 624750 630222 629677 627150 632110 687148 628750 626893 626861 623950 629485 701131 634381 627214 638733 627085 628750 625325 695628 636045 625102 635981 627278 628142 626766 625806 637230 629966 626222 626734 626382 680236 630029 637262 627598 632654 628014 625134 630733 627310 631885 629518 627886 629357 627885 627278 629710 637710 626765 626093 629165 629933 632557 629486 640877 624493 630637 630606 627982 626414 628558 669709 629357 628205 626990 627118 626638 625646 655949 629037 625837 625614 630094 630285 628077 636301 668364 628173 625006 629358 630445 627918 632174 628813 628814 632749 626797 627725 628141 637901 624205 628109 627726 629101 623822 627053 635501 627181 628333 631949 629070 624558 627278 635662 629294 631310 629197 627437 629101 627021 640333 625966 633358 629230 628622 623086 626381 643021 629710 626286 630125 630542 628494 629326 637454 628749 625645 627085 698220 623662 628814 657964 629486 636269 629613 629742 626157 624974 634285 627374 653613 627790 624398 628014 629454 633997 628078 635662 624973 630030 626669 631405 642445 623534 638829 628973 628141 629037 627406 638861 630285 627693 670605 629645 626606 629102 635757 628846 642446 629261 625645 629038 626637 634861 622478 627726 621869 625678 625645 626254 635757 623758 638445 626830 626894 624302 627565 640589 625357 624590 630894 629933 623470 629006 638957 626253 637293 627341 624301 627790 627789 633454 625358 623374 627917 624814 620782 625358 634797 629486 628365 625262 622029 624942 627437 634893 623598 625901 627342 627918 628206 627726 635981 625582 623630 625070 621006 624269 622669 640589 628237 621070 627214 626061 624974 624622 639725 625902 699019 626094 623598 628781 625166 638189 622221 620686 629070 629133 630125 626382 659597 629134 628558 668236 664876 626062 631789 638605 626765 640877 627950 623150 632493 663373 632621 631469 654765 629486 625710 627565 633549 626126 625902 637261 627821 629358 629197 629518 626829 626862 637390 627950 627501 625710 629166 626190 630925 638861 627565 620558 627629 713387 628686 626157 635277 629645 627341 629453 619086 624046 625230 639789 624749 628301 630253 624942 627789 627725 659724 627534 630190 628365 682987 627469 623822 643245 626925 625453 624557 627534 629165 631341 664300 628910 638893 626829 627886 629837 627437 624974 626702 636045 622670 625261 627309 625165 624942 620973 634061 625102 625294 625870 623982 636685 628814 664300 627918 627214 696171 671852 630541 628109 643661 629453 628845 628589 660908 626062 628366 640141 624782 630382 632173 634477 632237 628621 660332 629742 629358 628621 627949 629165 627918 633710 632846 630158 628621 627726 628814 631277 637357 629485 628334 626157 629741 631214 628141 638798 625645 627662 627853 621774 666381 627373 643213 624461 623629 625294 622990 661836 627246 636782 624942 627982 627117 625613 624589 625325 641325 626605 622029 625517 625422 635246 625710 623918 628718 629101 627086 725515 626445 629293 632525 624270 620590 626222 621486 626926 624398 656301 622830 626061 627150 628270 634221 624461 636461 641517 628269 629358 624493 629678 625934 636973 624686 626510 627566 630797 622542 626029 637517 627214 627918 625486 624941 626189 631181 636109 700971 625582 628302 664652 634253 628141 640877 628206 627182 627117 627150 628046 625806 642093 629006 663885 629326 628558 628717 626829 636141 626701 626957 624750 673037 628270 625773 632398 626414 628077 627502 627438 624750 626190 654957 628014 625550 627950 659148 627726 623054 630541 625166 627821 627917 620558 627822 662636 632782 626574 625229 628845 626605 626413 622510 637166 627566 664908 624686 626253 628558 625806 630605 626125 627630 627854 664588 627630 662412 636909 629773 637422 624909 625710 630573 626061 667821 629389 641485 629517 626189 628141 629101 634125 629901 639373 631021 627214 629710 628494 634862 624334 627053 630029 626765 627085 625165 631053 627661 658093 632429 642957 623822 626446 623278 659468 642990 626478 626510 629102 695275 627854 667148 632045 627405 629165 626701 623534 626382 626221 639118 621453 625646 627406 624974 625198 630030 637261 623405 627630 625710 660493 626126 710891 636046 620749 628430 627981 626893 628333 677740 637261 628078 668044 627726 627886 886278 1047553 1123807 1042498 1039489 1036737 1044066 1086688 1047585 1034114 1044193 1020514 1025538 832936 625805 621070 625262 678156 626190 622094 638253 627789 622957 629325 627885 626254 626670 636782 627758 628237 625261 626766 626093 628014 637453 627981 626509 627117 627565 627533 626094 640333 628014 622670 626158 625454 630030 627981 635693 625773 625293 625646 620718 634221 627693 637965 624398 627149 624142 625870 633230 626253 621453 625262 626478 629966 625837 649101 626349 636941 625805 621774 627374 625646 700299 622382 640813 629006 628142 625901 623566 624877 626605 636205 627789 626990 625325 628077 627054 622798 638477 628045 626157 621389 624046 634957 626829 635501 624717 623917 627630 626606 651500 629069 638221 627181 623245 628141 629997 716587 626894 636622 629165 627438 621262 625933 633485 625613 639213 621998 626477 628014 628718 625966 626382 653964 625741 626638 623886 626541 627694 623566 644045 626286 626189 627246 626093 637389 624334 626221 626958 624366 629998 623725 636077 627149 625581 623150 626285 628622 626958 631758 623853 625326 625294 626254 627533 624622 635085 625453 622126 628494 622605 624942 628942 639437 625805 622605 625485 627917 626029 627085 635181 627182 625998 622797 629165 624429 626350 636621 626317 628557 625293 626158 695371 625358 650189 626958 627469 623886 627693 626093 627021 631470 624846 628110 628845 625262 660653 627341 637357 628045 628333 625261 626093 626189 627757 638702 624621 625294 625645 626702 622254 624974 637741 628398 625774 654413 625389 626094 627310 635982 626798 671916 622670 627405 625070 627854 640237 627342 624525 626702 625614 630478 625486 621933 627214 628782 626829 625453 636717 628878 636045 627885 621518 626733 698220 629518 621326 637069 627149 626029 629262 621933 623277 625741 638254 628013 621454 626126 673548 626541 625837 639021 628557 625966 625678 622541 626670 628078 636909 622894 628398 625614 624653 625613 624494 666157 627341 624077 628014 623373 625933 625774 639725 622542 626094 625805 624654 624141 624590 635566 626350 626766 700331 623502 625230 629101 637101 625038 625614 625101 627118 628781 625454 655500 626414 623342 624013 626381 625421 627661 635533 621326 668556 626445 626510 626094 620877 637294 626189 629006 629710 628334 628973 627501 633613 628557 629581 629357 627342 630286 626606 632494 626509 622542 626381 626318 620750 622862 636814 625518 624302 626221 622766 628717 627758 642221 628014 625773 624590 628685 626989 625422 639501 625198 625390 627693 624173 626221 626670 638509 621966 625710 624205 626574 627214 624813 658861 627918 625421 628078 624462 625422 626222 636013 627469 627085 627181 627374 685260 625997 637037 627341 627629 622894 623726 662061 626574 630414 625101 627693 627277 624589 633421 626606 634221 628429 625101 627405 625741 631981 627501 637678 693228 628686 629261 671917 627981 626733 642573 628366 629197 627470 626222 627214 628013 636141 628462 626446 623566 625678 624878 627118 633517 626094 768201 625549 621582 626702 629326 653580 624814 626094 628942 626381 618286 625134 637805 627598 624366 623086 625646 623150 627502 637933 627597 625869 627086 628014 621677 627022 637773 627341 623790 628301 624942 626349 626798 638253 626061 626253 628429 621805 627661 624814 639661 625485 623565 623694 626349 626254 626382 634989 623630 625550 629165 631886 624366 625038 641165 625710 626669 626702 687435 628238 625678 638157 625869 625934 628493 622669 623790 621742 654669 625774 625998 621709 677164 676748 691371 628942 624814 636589 626830 663692 628525 626765 627630 661260 636205 623022 625805 626862 749930 629741 624109 633261 629614 675116 621294 626222 628333 626317 635597 625293 626893 625838 629166 624845 646061 637613 623918 627629 627694 628781 625229 627341 638477 631662 656909 626893 624654 626221 625966 684332 627597 628045 625421 624045 627182 628493 653516 624525 627213 624525 676172 628269 626989 635725 627213 634381 625485 625165 628237 626957 630861 633262 627853 626990 621326 625582 622190 633965 628141 700555 626541 625613 623022 623822 636749 633901 625998 627789 627822 631661 626445 672204 625677 634317 628462 629389 627374 662220 624718 628269 636749 619277 621869 625934 623598 636109 624686 635757 625741 627022 624525 626349 636877 627086 625582 627053 623949 620142 628334 651597 655757 626413 622221 626445 626477 629870 635694 626285 698828 627981 628685 626189 622574 633453 627533 627790 629069 625390 626958 630190 635373 627853 629678 627533 625709 630733 628077 638734 628174 628717 629485 622478 625390 627885 641709 623822 625454 626413 628046 625358 621006 636877 626509 627373 623854 624781 626734 625518 634861 622125 624589 627886 624718 627949 621837 634797 625998 626861 624590 620686 628046 625197 651085 626445 625902 629165 624686 624302 627149 638893 626446 626670 624653 621166 619822 626350 638062 627213 630478 627469 625294 627246 625678 632686 627597 627821 626829 621102 625005 625069 641677 626030 622606 627886 630382 626318 624046 635885 628013 626797 625997 668396 628653 624718 638669 628494 629838 626510 628397 628685 630638 635565 624365 628814 630414 628365 627277 626702 711307 629325 621421 626766 625934 627822 626350 653421 627053 625390 628013 622861 626062 628078 637709 624749 621102 625965 625902 627885 627278 638285 626638 628238 626766 628141 625005 627086 632813 621326 621038 625550 625102 625262 625678 631725 628237 623629 629229 628621 624174 628814 637101 626350 624206 627725 628493 636781 626638 638158 626766 627821 621038 626957 633422 627661 628301 629613 628749 625133 628045 637198 628045 628846 626669 630957 628494 626989 660972 626606 626925 629102 623374 626157 623854 627053 625070 637101 629165 625677 630094 624942 625997 630189 639597 627405 626157 629454 627086 626445 627405 641549 628141 626094 625901 627694 631757 622190 688460 626862 627598 623502 759722 629773 626350 637997 627597 627886 628493 626477 701355 625198 641677 628749 626765 621966 628685 627470 627597 633517 629614 679276 628814 624621 624653 627821 664396 625934 622285 626702 627853 627342 622766 638637 626766 628781 629101 625742 624205 624814 636173 626381 674124 627853 626350 624366 624270 632973 625485 626062 625837 622189 628621 626254 636045 623022 625709 628141 625358 625613 623470 634382 625070 628270 628846 627630 626253 662508 629869 627725 661837 627853 623374 628877 627469 637357 628973 627054 628781 624653 627341 627022 637453 622349 627246 627565 626414 625262 623118 653901 625741 626893 623086 628494 627150 627181 633261 627854 624942 624654 623725 622190 625805 638701 626286 626478 620589 626126 626349 629293 639341 625902 626446 627406 626605 628270 627278 638829 629357 624942 700652 628686 624654 623565 634029 1053025 1020930 1012674 1031746 1012418 1070945 1015010 1010018 1009667 1027074 1116159 1011874 995331 633261 626606 626542 623342 626957 644525 626157 644429 628910 627662 626157 625229 621486 627117 637773 626190 622190 627597 626445 624718 622734 637325 629134 628430 623342 673900 626925 625069 636781 626925 629006 627917 622542 625837 629741 636877 625326 623790 624717 627214 627853 626029 634669 626093 661196 628558 661196 626477 624974 639341 622957 627981 626478 627694 620589 627149 636877 625614 623821 627917 625966 1040513 1043009 1070592 1008770 1008771 1071329 1046881 1002787 1089056 1038753 1020002 1024674 1011971 661293 683596 623726 638029 626861 628622 621069 626381 630893 627085 624653 628077 624685 627982 664460 635565 622606 626830 697771 652781 628397 626861 633966 619502 620206 627309 624941 626829 676524 631790 627853 634381 622926 622094 624686 625902 635694 624718 673868 626254 692716 626830 627277 636333 626286 628429 626509 627693 628589 625838 656909 626701 624014 628205 627309 626670 626510 639373 623694 673612 625678 625997 625069 624398 636013 626030 625838 626862 627790 627181 625518 636845 628302 623022 660236 628333 626925 623405 625485 624973 637645 626093 625549 625517 661805 625774 622094 640942 628334 627277 623246 627758 632909 627341 633101 627597 625070 629070 627885 632494 629709 625357 629293 625646 626541 625293 652077 622510 628941 629294 627437 624046 626509 652940 629005 640621 629710 626701 628334 628013 634829 662860 639245 627662 628526 626702 627277 636749 699499 635630 627886 627917 627597 624173 626061 629965 634797 622766 625934 626733 657997 634510 622606 625325 626926 624813 628366 623118 637357 626285 627181 623213 626381 625933 624462 634862 622350 626830 628429 627374 621869 627405 637741 628333 621902 626350 626798 628749 625326 636909 630061 627694 626926 627981 626221 621358 652781 626702 629453 625421 626381 624526 626862 640621,120.99,/usr/bin/gcc-14,gcc-14 (SUSE Linux) 14.2.0,-O3 -march=native -fopenmp -fno-math-errno -fno-trapping-math -fno-signed-zeros  -ffp-contract=fast -fstrict-aliasing -fPIC -include /capstor/scratch/cscs/lhulsbergen/HPCAgent-Bench-ext/hpcagent_bench/envs/vecmath.h -Wall -Wextra,variants/comet_int4_gemm_cloops_fp64.c variants/comet_int4_gemm_cloops_fp32.c,,,0d877e12644810502a0e85b47ed266f5024b5b47eb80bcfff659bc29586aa72a,hand,,,,,3000,,,debug/5009929,nid006549,2026-10-09T10:18:50+0200,26a4f0cfc1540cead109dfc8d736f1c45263e390
comet_int4_gemm,cloopsT,c,record,3,M,ok,582286,570831,588303 586126 586703 587374 583790 625261 724587 579855 594446 585071 596431 586895 618766 585263 586830 581806 583503 579183 584527 586063 587407 582223 588335 591150 580335 600526 582639 585551 583887 643885 579663 585935 598031 584015 582062 579727 582671 580943 581070 582703 580463 585263 582447 583599 586414 584079 585583 582511 581903 584687 581359 588302 583759 580847 583119 580527 587055 583470 584398 582478 577327 578479 580495 587343 582543 586095 582511 641422 580239 581039 580751 581295 576239 588239 582671 593774 581679 583406 582798 583823 589838 578287 583119 581839 579855 580303 583278 590254 578319 579471 580590 575631 590158 581199 582671 682988 573935 582639 580335 593166 580271 583983 581775 579023 578095 581103 722250 584046 577327 584783 581871 589710 579471 580559 582959 580271 580271 618446 607342 580687 582287 581871 586095 582191 578831 595118 580303 633934 584847 585039 589294 582062 581295 581007 581711 581519 583951 595566 580591 574671 584015 579855 587951 584303 584559 580591 632749 583183 582382 586063 577519 583439 584911 609774 578479 585199 583982 580846 580655 581647 585423 593167 577807 586287 582703 612526 579855 681676 594958 582575 577711 584431 586127 588238 575887 585743 583439 579279 576751 579279 611406 579983 581871 582255 581135 582351 578159 583791 582895 579631 579119 585710 633422 583534 585966 585199 581327 581167 579055 580911 582255 688396 579470 581647 593582 645357 581902 581710 580719 584303 581039 586703 586287 582895 584559 584815 596270 585262 584270 579919 646221 583022 583311 581679 576655 582127 584623 581359 587790 580687 583887 579119 577775 590446 584590 579119 579438 580751 575695 579183 610958 584014 580271 582831 578959 593935 580495 578127 582831 582799 578159 579279 627054 582639 583215 576815 657485 594862 578607 581871 578191 581039 580175 584079 592782 581199 582990 585231 620174 590702 575087 581135 579407 578991 584463 580207 590190 582159 583054 579119 582286 592078 580079 578511 580110 583215 588015 584142 582703 582223 579247 580622 582606 594575 592622 578671 579919 578831 603854 578831 584591 576879 582191 583791 584878 609615 584975 617518 585135 580015 689708 584015 579407 579567 579247 645933 583631 613358 579823 580335 583278 579375 581198 580367 603566 582927 576591 583375 582703 588590 586830 583919 586319 583886 595279 581647 577647 581871 583951 581807 582927 585647 584399 583439 583919 579151 596046 584559 583758 582286 577711 582927 574703 589550 584047 582479 581455 578639 592463 586063 583438 581807 582639 586095 626221 600815 582990 583247 585135 582798 601262 582959 580238 581807 583855 580111 583311 595438 584815 583631 583183 576431 594959 581423 580463 580911 585871 583503 581839 584271 583055 579183 571951 584719 590574 578479 583279 585838 582063 583055 602286 585327 581551 580143 583247 584943 589198 577423 580399 603214 583278 593167 583631 575247 580751 582383 579375 577391 585903 584495 579055 581967 581295 595695 580975 646541 578159 581391 582095 582127 609070 585391 582254 583214 580335 588303 582703 619725 580271 583695 584687 579215 587151 582863 582799 583631 581742 589583 621358 618733 579951 583567 581039 579599 589903 576175 579183 582415 578479 593487 576623 582766 584718 581646 579311 582863 590862 584495 582222 584751 682635 579471 580047 580367 583695 582287 583471 579919 591598 576719 582319 584079 580718 588015 581166 584110 583023 580495 586063 582703 620814 582479 616942 582703 582159 594031 579119 594415 582478 581518 580110 582447 598190 581359 584303 580047 581583 581807 578223 592142 582607 580623 580398 584814 594190 581967 581390 579407 585295 582351 579119 584495 585646 580015 579343 585998 590863 583567 584495 585775 584591 582095 581807 582351 616558 650669 583055 579695 591599 585071 580847 584302 579791 594127 577327 582927 586574 585679 582703 582415 611662 584815 585327 583535 577935 583951 584207 592111 595022 584431 582223 583311 592046 582350 584271 579503 584111 582383 582479 579375 584527 581615 586991 582063 593902 580687 584911 583791 580879 583119 583535 580879 574895 579951 581231 578959 592783 583919 579759 580623 582383 590191 584463 583918 579343 573711 580463 586127 592654 582319 579631 583247 579919 587343 581071 637197 583374 582447 582958 578863 645709 581039 581263 580751 587631 589199 577807 576559 584719 576527 584623 579087 592462 581551 585743 579407 578895 590447 585071 581839 582350 582351 581359 580271 590510 582639 586415 574896 583823 592302 580047 580495 580175 657293 579758 647245 591599 582703 578383 575247 582863 585423 580206 579183 575887 577359 583823 583983 581295 581199 580847 580783 579886 589551 643693 583183 582863 580943 576911 583375 607054 582543 580783 580943 581199 592335 579759 580687 582383 574735 582703 582703 595534 580015 577775 582287 580047 594511 577519 607918 582575 578703 582735 583087 594094 578959 578511 581903 579727 589871 575823 616238 580335 577743 579695 579791 589807 570992 572847 575791 582446 592463 579983 579055 582447 584719 592943 580847 627182 581263 581934 580175 576847 591758 580879 578991 579791 580399 581423 629518 603854 581455 579535 580783 577295 587566 582063 579247 578127 620014 580079 579823 578959 580271 582127 581231 575215 591439 582734 580303 577135 578287 580623 579599 575407 714795 585167 579630 609486 643853 584431 580847 577583 582639 574224 577135 595502 582127 578575 581230 580815 582063 578863 579503 580975 582287 576783 577487 608590 582223 580175 578767 580559 580655 579823 577263 581359 581198 578383 580911 607566 581743 582991 581007 578223 582063 580079 589198 610254 581455 581807 579503 592622 580239 580751 579823 577519 583407 581263 621837 578255 581775 579631 578831 587438 581359 580559 578799 577935 582895 581263 580399 577839 579951 577231 580879 589775 583599 595086 580591 576943 591535 581711 576207 581583 629965 578831 582799 588719 578543 584239 579631 577263 593198 581870 578703 581742 578063 579983 581870 607758 575951 580463 581807 579951 579599 581711 578639 578607 581518 577999 580430 578031 578415 580911 44432098 598638 587599 584303 593134 585775 594606 586191 588655 587182 583822 584431 580687 584559 583087 583375 582735 612430 583118 647853 579535 580527 584399 582351 587087 584078 581326 585071 587790 582255 595278 584175 584335 578863 580719 582895 582799 584943 583951 591694 582415 590703 579695 584399 583823 582895 593391 582927 578671 587503 587631 583951 588590 594158 581743 580719 584047 581966 584047 579183 584495 583726 580047 584591 582287 592399 581455 580847 578127 582734 578063 578927 597423 584911 585231 582095 582894 591151 579311 582959 582159 582734 580655 583215 587119 582255 584015 579791 585454 596559 583631 587535 580879 579887 582127 582863 596559 581199 582447 649165 584398 584271 584623 580559 580847 576047 579951 580686 594382 580751 584366 580655 580111 590895 585134 578895 580846 582895 586415 581135 589679 581359 578991 583470 580783 586030 583183 583439 583663 579151 577199 581839 590703 581327 577647 581135 582543 610702 581423 579023 581775 578799 580015 580622 634861 580431 581071 583598 584495 593198 583439 624782 575183 582671 581839 628909 590159 581071 582382 574831 580975 592079 581871 581231 577775 583791 641037 580943 591023 577519 636494 584303 581263 589839 577999 584239 579567 584303 578511 582319 594126 580975 581903 583727 583631 625261 579535 581967 581807 721547 581519 579215 598287 583951 584303 587119 578863 584303 629581 680812 586383 583247 583534 578735 583311 583727 592015 580751 581743 659213 583919 583311 578991 592655 581455 580238 584334 579503 594542 584079 585327 584974 581935 579983 584879 590447 580367 580686 582222 583407 582799 580207 580399 582926 585710 581295 581903 588462 583151 576271 577871 583662 615886 583055 580335 582479 580847 578863 580271 596110 580207 578799 580015 584719 590703 584847 582447 583727 583279 585134 583151 613038 579311 583854 586574 583439 585295 580975 637581 587535 584207 581295 581071 624462 585487 577167 581359 578831 580655 581231 614830 584239 576431 581135 584206 593198 575855 584686 584623 582990 580367 583119 593838 582575 575919 585615 583535 590702 579535 582351 582830 581039 612526 601295 590062 581967 581039 583822 577711 592974 584878 581103 580815 582511 581743 581423 589679 582734 575631 651917 583471 583119 583439 581903 582319 581103 577487 582703 593711 583663 579567 581518 583599 589007 579247 578575 583630 585487 582319 579375 603758 583215 585134 582063 581262 584623 583022 580623 581519 578287 578767 581071 586287 580975 585103 580527 581935 581519 581487 581743 578511 663021 585582 582607 593550 574863 584367 581967 581039 578415 585071 581198 580943 582671 584559 575791 589455 584911 581711 582703 634957 585231 583407 616142 583471 572335 584846 580815 594031 580078 587374 585615 584175 582607 581455 589167 583631 580111 584015 583599 587566 578511 583823 583951 581839 582959 581839 593582 582191 580335 577071 613518 591214 581039 580879 579215 581903 580782 583631 616525 582831 582991 667948 575311 595887 584238 582319 581615 576879 654476 577519 595919 584591 580751 580783 581967 590158 580142 591630 583470 626157 584111 582607 607982 582927 583471 583150 583567 580655 585135 592686 579279 582479 580975 580495 587759 585390 583215 582735 576751 576815 581967 595470 580655 580239 582414 581647 595471 583023 611918 582447 615950 584559 581455 589999 581263 583375 583407 683052 581647 579407 591407 580175 579695 583342 612654 587439 580623 576975 582319 585519 580495 580879 589199 582606 580975 603214 646221 582223 580335 581583 582031 582639 583631 580303 606382 579503 585039 583215 583023 581903 579535 581295 582479 580495 582415 619566 594894 575375 578319 583823 583790 579695 582831 577647 582895 581391 578351 576911 597294 582191 580975 583279 640237 578383 582575 631629 582255 579023 652140 582479 593647 575471 576879 582671 580815 577135 581647 583471 583247 583087 578351 581743 590638 579535 581295 582959 582863 591439 578926 578543 582543 583599 578767 579023 607214 583311 581551 582063 579951 591567 582894 581775 578959 584175 575567 579311 592271 583055 581679 645485 579503 593518 583631 581263 577743 584015 582063 580079 592238 585039 583823 583407 577999 590542 582927 581231 581679 580494 581326 620142 595022 580335 577199 583791 581103 587279 575919 582479 582863 580270 579727 580431 594703 579535 579311 579727 583951 591438 582895 582447 582927 580399 583375 579119 580910 579535 579663 582223 582799 606798 582543 617902 584014 613230 580751 581807 579727 583662 581359 582127 577551 593710 583919 583887 580879 584815 591086 582543 652397 581423 582543 580559 583055 591886 581359 580463 580143 580623 582831 579183 589519 583087 581199 580239 577903 590191 583055 580719 579023 583855 582927 583503 576495 580367 584207 583919 584655 591279 577231 582319 581999 580911 585870 582639 580239 580207 577231 582798 581711 606606 582286 581487 582287 581903 593614 580527 581583 582607 580879 582543 581839 592751 580495 581326 571663 580398 590126 581135 580559 581903 579214 579407 581167 583311 582159 583503 579951 582030 591119 584367 583503 580943 581103 582799 581231 581487 575279 583919 581679 581007 585646 581967 583663 626381 582991 580623 581743 583598 579471 577551 582223 629742 591471 581903 585934 581807 580303 590990 575663 582574 584175 581583 578575 583119 611246 618350 581487 578639 650285 579791 580943 593134 573135 623693 585614 583215 593134 581359 583727 584814 576431 583918 582863 595119 579823 577199 581231 578831 590863 584207 579695 581871 642157 582319 583759 590191 575919 580847 582927 581167 585583 575407 581583 582063 582127 577487 576367 597070 584175 578927 582991 622990 592430 579055 579215 583887 584654 584207 581167 590991 582927 583951 583758 580239 607822 582446 581711 581391 577935 581423 581678 591119 579599 578415 582830 580559 588430 581999 580047 581263 582159 582703 621486 592590 577327 582223 581391 631278 579662 581039 583695 580271 580527 582703 581071 590798 582670 581519 583087 582127 579919 577711 582479 576367 581871 613390 582574 591695 581391 577263 582542 584462 585295 583375 581871 584495 580335 579247 655052 589487 582830 585231 580431 581487 611022 582479 581839 581711 576208 583407 583119 593327 579726 579247 582286 579759 587791 577135 580431 579503 580079 577551 581711 594543 577711 578095 580879 584078 590639 577327 581935 583727 578575 579023 582447 582575 584367 580879 578063 582479 595566 575855 579535 582415 617421 628237 576975 596975 583279 580847 579151 580783 590351 581679 581135 577199 580527 585071 578895 588367 578863 576655 582223 582895 611758 580495 611982 578927 581327 584398 580559 593070 582031 581391 580463 580463 594031 584975 576399 578095 580527 576911 580559 593902 583342 616717 583983 581295 589230 582095 574767 577519 583183 583407 580847 590351 582575 583567 581679 581935 586959 584142 580079 580366 619278 579535 583214 591375 652780 580815 581743 581551 583983 582831 582350 584399 582735 579535 583503 597455 581103 581199 649357 581487 613230 579951 625326 578831 580559 582991 579983 591886 581167 583119 582895 615150 578895 582735 583215 582575 579695 580911 686220 597262 578191 579823 580399 580175 581871 579855 581903 620686 582894 580975 610447 590735 581679 581135 580143 578511 624494 581263 587310 580335 578031 583183 583471 590863 581391 580207 581551 584719 582286 580655 588239 582255 581999 583183 580655 592846 581615 580335 583343 577519 579823 580943 611246 579759 576975 581199 626286 677132 582639 589199 580079 579695 580687 583342 589007 576751 582991 581039 577583 581646 582511 582831 582447 577327 583439 616974 591086 580591 581903 583215 578479 582639 578959 582639 645677 652077 580687 582895 597007 583535 615310 580079 580335 581743 579950 593647 577935 581391 582895 579375 585935 581838 582095 579695 616526 578543 583791 596207 581583 580430 581679 582095 604399 580527 613582 580815 580751 577135 582479 591407 620461 582159 576335 582447 591375 581231 579855 580206 582799 582927 579951 594671 582319 580783 584174 583823 590446 577839 582895 583119 582767 579535 579471 593998 584270 576687 577871 581775 593839 582223 580079 585103 581646 580751 575919 594606 583183 581967 582735 579983 591503 584046 584207 582158 577711 582799 582703 594223 581103 577838 580719 583151 606446 580431 581295 584047 580111 581455 578479 595758 582703 580815 578447 581967 592270 583694 581071 578863 579087 580623 579759 591534 581903 583119 650541 580847 590478 579055 581679 583471 625677 580399 577871 678476 618062 581679 580879 580015 588111 581711 579823 577935 581839 581199 583919 593135 578191 583055 581423 581039 587406 582383 581007 581775 581199 581294 581583 591758 580175 582702 579791 575183 608558 581999 579343 578190 581711 580623 579215 589167 582766 581999 579247 579311 594894 583246 579983 580239 582543 582991 580271 595439 579247 581806 583566 575023 588943 583503 581007 582319 577871 576495 579087 588719 578863 584079 580655 577679 592814 574447 580431 584270 581103 620654 580335 578351 581807 582222 580431 576623 591919 582671 582479 577871 581007 589198 580783 581647 581807 580847 579631 570831 609486 583087 581071 584046 583023 581679 575407 583567 583695 582223 581967 578127 730282 577519 577423 585359 576207 575951 576175 596782 585391 581263 583182 584559 588975 581359 579599 582895 579695 581007 581583 583375 582415 578415 575503 581743 592783 578479 576783 619790 582799 596047 579951 615534 582191 581295 579087 581295 593198 583407 581423 578767 581519 590542 581487 576847 582126 582543 580463 581103 604974 582991 583695 581551 575535 589999 578895 577167 633774 582543 583663 582703 586735 581582 582062 582863 580270 592079 581647 579855 580815 582191 580398 578223 592431 581807 582446 581679 581583 591791 580911 580654 581231 578799 581807 581359 592334 577647 580303 576783 633069 589614 583631 581454 580175 581359 580623 582638 591343 583759 580463 578959 574095 634093 583599 579503 580751 580143 582735 582351 608398 581231 652045 580943 582383 594703 581615 579887 576687 581775 582927 617902 591598 577007 583119 583598 579311 580911 574607 581199 581295 578799 581550 582287 590799 575151 578479 581743 579375 591662 579471 580910 579759 581999 581647 582031 590927 581807 641101 582543 580239 587567 579887 582991 579631 580654 582735 579983 626862 580974 580399 583887 583375 590446 579919 581358 583023 582159 581167 583791 606127 582319 582223 581167 580623 578511 581679 584047 582735 581839 581679 580079 591054 583055 578479 581967 582927 579215 581135 621677 581902 583567 580463 579822 623534 577807 580399 578991 580751 590350 578895 577903 582319 583534 585519 579150 586095 582671 581711 581614 579951 588494 582799 574479 579343 581935 575567 581871 590734 580559 576367 578863 653004 591919 583695 627246 581455 595854 581678 581903 602287 578255 581327 585263 582095 582063 577967 581487 583599 579759 580623 583215 594063 579823 616238 579215 581551 582863 580367 595310 583983 616302 583375 578543 588495 582287 580975 602255 585743 579791 583279 610638 582607 581039 592879 585103 578703 584783 580911 595246 579023 576687 582638 583951 576271 579375 590511 585230 579407 580367 633261 592143 584751 582607 582319 578735 622989 582446 610126 582030 582479 578191 581518 609134 579183 579982 573327 578351 582415 578927 716171 583118 582575 581199 578255 589135 580751 582447 579279 583726 581199 614190 590767 655276 583855 581487 581423 587471 581551 580431 584142 578351 583439 582383 589870 580559 581871 583439 580975 580431 577903 591215 657036 584271 582223 580431 587022 581391 625933 581551 580623 578191 583983 594030 582607 576527 582766 582895 608238 583375 580079 579151 580911 582191 581583 591471 582831 583247 577519 619725 624654 583503 584686 582063 582735 575215 621486 591951 581039 581999 577295 582415 583887 578479 579151 582895 581455 580367 579951 590063 582735 612206 580687 580911 589551 581231 581423 579887 577359 583278 580622 594479 578095 582223 583758 665836 582031 578479 592174 582639 582863 581519 580910 591823 582862 579343 583407 581359 583598 583182 609166 582223 578351 582991 637741 593166 580527 584207 577999 582287 583983 581839 589743 584175 581647 585231 580879 592366 582735 582991 584271 582127 579375 580271 596270 615022 580911 581007 582351 593423 584239 580111 655980 579183 578543 575791 625966 582351 576879 583151 581007 593678 615662 578191 581807 584591 580111 582735 594638 583343 580495 581871 576303 590639 582543 576559 621070 585999 581967 578287 610158 584207 582479 583599 580622 587663 584751 579374 580175 578319 581935 583119 593903 583439 578799 583023 581263 610798 581295 577263 580367 574895 584143 583151 657421 581455 581743 583471 580431 592334 581551 577679 582223 577039 577519 576655 578511 579919 580527 582767 577839 593647 598767 636302 577903 578351 576943 576783 582863 582415 582479 579407 578031 588910 584654 581039 578927 582223 592846 581551 581615 616366 583087 582895 577615 606894 581551 574031 578671 583950 594479 580399 578767 589039 584463 579439 582319 592334 582287 580431 581007 583214 664364 582159 578671 582639 583535 580079 579279 591758 581807 582415 582607 578223 591983 583791 581743 582575 580463 583599 575983 582319 583631 577999 579183 631117 592910 582895 581295 576783 581871 581039 579663 578894 582799 583215 579982 582543 591886 581999 581807 582191 580591 592239 583759 578863 581263 580623 583631 583087 620205 584271 576847 580879 583279 579407 578159 594831 581103 581391 580303 581807 592430 581583 580143 579535 574063 577231 581615 583535 580015 580527 574863 579791 587662 581647 632269 582031 578543 579567 584783 582671 580047 582863 584431 583887 590383 578159 580942 583630 581327 580879 577583 581358 580015 578223 581647 578031 591471 576015 582543 582190 581391 589519 583375 583215 582863 580271 576815 582895 644045 586031 658028 583855 625358 635406 580751 593839 582319 580207 577423 577839 589551 577807 581551 581966 574191 587343 581231 582063 581614 579919 581231 581103 593070 577199 582031 582191 582415 580335 581519 601582 584847 577519 577455 580175 593742 580815 582671 576463 583982 580751 582063 595822 584751 582767 584687 581807 594511 583279 583151 582959 579695 583279 581551 648333 583214 578511 582863 581935 609774 575983 582606 582382 584047 583439 579727 591918 584783 582575 579951 579119 582351 582127 577199 577774 583215 584911 583311 589775 581519 583470 581007 580335 584910 582223 580911 581487 573103 582415 580527 590351 583151 583119 583407 581935 580655 579983 583151 583343 582383 578031 582319 595694 587823 616718 581455 581870 580591 582126 591438 578543 657356 578991 583759 630317 583310 583599 581167 579919 583855 582959 611406 581871 578127 620814 584975 583791 580207 576719 583311 580463 582223 578959 596046 582831 583118 581679 581071 580974 582286 583246 580047 578479 585551 582575 594990 658317 580463 578767 583471 582319 579695 586799 581295 584271 582958 583215 591407 581839 583535 583214 580623 578703 583695 591887 579855 580687,133.23,/usr/bin/gcc-14,gcc-14 (SUSE Linux) 14.2.0,-O3 -march=native -fopenmp -fno-math-errno -fno-trapping-math -fno-signed-zeros  -ffp-contract=fast -fstrict-aliasing -fPIC -include /capstor/scratch/cscs/lhulsbergen/HPCAgent-Bench-ext/hpcagent_bench/envs/vecmath.h -Wall -Wextra,variants/comet_int4_gemm_cloopsT_fp64.c variants/comet_int4_gemm_cloopsT_fp32.c,,,32db18c64a2c5da3d7a19b9563cd1d8e7233fe0c46f116f75249f6e6e48279e8,hand,,,,,3000,,,debug/5009929,nid006549,2026-10-09T10:19:03+0200,26a4f0cfc1540cead109dfc8d736f1c45263e390
comet_int4_gemm,fortran,fortran,record,4,M,ok,407668,396437,411444 411732 413684 410228 409172 463123 407860 408755 409524 406260 410836 448947 417012 408436 411444 409268 407412 419764 408660 410228 407412 409716 412276 409620 406548 408564 407188 409716 407572 408436 417459 410964 411892 410324 409652 410004 411316 404948 406932 408692 406260 409364 402549 412820 412628 410964 410131 404500 406580 411124 406740 406740 404756 407828 405652 407444 408340 409588 406228 407252 403828 406036 409300 410804 404308 407124 408820 410004 409139 409012 408180 405204 408212 403636 411700 413332 406292 407540 406228 407604 448243 406324 402644 432083 406868 405108 406132 409428 408308 409780 405876 416436 412148 407380 496369 461074 407124 408980 407124 417331 409652 405748 406388 407700 405748 407636 410388 411156 408180 406548 407796 408020 406452 408244 407764 416436 407732 406580 406804 409204 402004 409908 407796 417940 410644 408724 405588 407316 437235 408500 407124 406932 403700 409108 406068 407028 407668 408532 406484 412403 399412 402260 408596 408276 409396 405588 446099 404628 404020 406100 409940 407380 409396 407988 408500 406740 405940 406644 408307 406708 405492 406420 401908 416947 409140 407124 406708 403957 416852 406356 410676 407668 409044 440563 405748 439091 418996 412052 408852 401748 407828 406804 407572 407732 408308 406772 408340 408020 407828 410260 408404 404692 420307 408308 407060 407188 399860 404884 407444 440979 407188 409620 402292 406324 474291 408020 406580 407124 408372 405940 407572 410868 408020 407156 412628 405492 409492 410708 406036 406004 404116 408980 405364 403412 408724 406388 409236 440083 407252 502417 408916 408116 404308 405972 407284 408788 407636 406068 406516 406356 403796 404532 406388 415988 408532 409492 406548 401876 402101 405908 458099 416084 409876 406612 404372 405268 409684 408724 407636 417619 407924 407540 407700 406292 406388 406004 408276 414196 406836 409875 406068 404436 404468 408692 407284 421588 403572 409108 408468 409460 409300 402548 405076 417012 409204 408148 407764 407444 406900 406452 406580 410004 407252 406708 441427 407156 405236 407476 407924 412340 404788 410516 410292 406900 406740 409908 408308 406324 410292 407028 417236 407092 409268 409012 475922 407412 407412 411348 410323 406772 406260 404756 406036 406260 407924 408788 418836 406292 403412 406836 409108 409460 410580 407860 410740 404565 407348 406676 410516 410932 403668 408788 417844 411700 409524 403956 408212 403028 406004 407892 406708 407924 407700 414259 405588 406420 410356 409300 406964 405588 408692 435987 408084 406420 406100 401972 406228 407252 441459 415347 409908 407924 404916 404980 404180 408020 406900 417044 409811 407956 406100 401908 404596 403860 410579 414132 409460 407988 406004 402868 399732 406548 410099 406100 405652 410964 406228 406420 398388 404149 406164 409332 412084 404948 419827 405780 405780 406772 407988 408948 409300 407412 413460 404340 409236 406292 402612 406452 405236 407092 415412 407604 406868 405780 474034 407540 406868 406516 435444 411764 410356 403572 409428 405940 408052 407252 418708 408532 403476 406964 406164 408820 406996 409172 407764 408020 408340 416628 398900 399476 407924 409012 406932 409364 403252 414260 408052 406964 408180 408660 408916 404148 405524 418515 399252 412691 409076 401364 403604 409780 404372 416884 408948 403029 407412 405588 409172 402676 402869 414996 408180 407508 409331 407476 408372 403348 400564 405428 407988 405268 405812 406836 411732 406772 406164 406260 403636 410900 410260 402292 407124 406740 408180 409012 411220 402868 414900 409172 407764 493810 404212 415348 407956 409876 408084 407924 404341 401620 408116 404468 406004 408148 415476 407060 406772 408020 404436 407348 406325 515409 409236 407956 406388 407540 473042 408212 409012 410868 407028 405908 406388 406964 407348 407348 403444 406580 414420 403636 408148 400660 406388 621389 409748 409108 406964 409107 407540 406228 407348 420468 407188 409812 409748 408916 402836 408692 409524 434739 403796 409012 401012 406868 405396 408756 409236 418164 404340 406580 407604 410324 410164 407987 406260 414260 407188 410868 402932 407316 410196 404468 407188 413012 409492 409236 404404 408020 403092 406004 408820 412948 408276 404340 407220 406356 403380 407348 404404 417428 408404 409748 409300 401460 404053 407252 407444 417715 409171 407060 405332 404661 407060 410868 406452 416403 401332 408244 409300 407764 408052 410036 402420 415412 409620 406900 409940 407700 405556 407604 405076 438899 409652 407796 407092 404948 475634 407764 406676 453043 404372 405141 406580 406196 404084 410836 407604 413556 405588 406644 408308 406804 409748 397908 408468 404245 407092 408308 410068 410644 404884 403252 407444 408564 409076 408180 412915 406292 405876 406900 408628 406900 405684 445075 417204 406196 406964 407220 406676 407636 401588 407924 418452 410164 408404 406932 405684 405364 406164 407700 418835 408884 406676 406836 404820 407252 404308 408404 436435 407828 407604 406548 409364 407572 406516 406420 402644 405108 407028 405044 407540 407028 408212 406004 406548 405268 403700 406356 407796 407892 406868 404532 407636 401620 404212 409684 405268 404084 404692 408628 406484 406548 407668 415188 409876 407220 407540 406612 408308 406804 408180 414484 406036 407028 404916 404340 536560 407988 402644 407636 407476 404468 406516 408372 400916 408692 487569 408084 404596 451475 408308 405268 420755 410644 406388 402612 410996 406068 403252 406292 406164 406996 406740 414516 410484 398293 407508 400853 402036 411380 409332 424180 405204 406164 408404 406772 410644 407540 432659 415475 408820 401748 408020 406420 410580 409652 404340 413460 408788 399540 409140 410100 408948 410196 408628 415444 406388 408052 411028 404820 410579 406996 405716 415156 410324 405300 406324 403444 406196 409684 405524 414004 410132 407252 406100 407604 403444 401140 402964 415604 405716 407764 412020 407220 404948 406708 403988 429203 408500 406004 405588 410644 408852 409844 453170 472082 409876 400532 404245 410292 403956 433044 408980 410324 408660 405172 43401633 426611 557392 409940 410484 408692 409012 411444 409012 408948 407124 409620 421140 408276 408756 406292 406484 445235 409652 407988 410900 411124 406196 409620 410740 410260 409844 408659 446579 419155 406036 408148 408372 408276 409268 408020 406612 418036 407796 407956 408563 409012 409748 406708 409396 423828 408532 404532 410228 407124 408788 411924 407508 405300 406196 409940 408372 402101 407252 407412 407028 409428 405396 410515 417812 410260 408596 410388 407988 406260 406868 405876 418196 405780 406452 407156 408276 408628 405748 403412 422899 407508 409172 408244 404180 473714 409587 406388 440915 403892 406996 406292 406036 407252 408916 404884 419315 408276 406420 471122 403572 405716 403796 406772 405812 406612 405780 413684 409236 405428 410356 412820 405460 403444 403668 414932 404916 408276 409236 406516 405140 408500 404564 416564 407956 406100 408916 402676 404084 443731 409172 418259 405780 402132 409620 406676 406804 410579 409332 403029 406388 408404 416500 408084 407476 405428 405588 407892 404500 408372 417908 406804 405588 404756 407828 407668 407860 446002 432883 405652 406100 410580 408052 403700 405492 405716 417716 406868 407476 409172 402133 407764 407220 409236 416116 405140 403060 406260 406260 408180 408276 406484 412435 409300 404244 406228 408436 408148 404276 403476 405908 408436 405492 420948 403540 405396 406580 409588 410100 407892 402484 417683 407668 407380 406580 407092 401844 404692 405204 487986 406420 406612 407220 408852 405396 406420 407380 410772 403508 405780 405780 408372 407188 407028 403092 401652 400277 397716 428563 408148 405812 409268 408244 402772 404852 407988 417395 406836 405364 407284 404468 405365 403444 409076 420436 409043 402708 410484 404916 406932 408116 406100 403156 405940 406356 414356 403060 406580 405108 453075 407540 409780 407380 417684 411603 410804 403444 406932 409908 409428 409780 417204 407060 404724 408180 406356 464307 404020 403732 417588 408884 407188 408148 405908 406740 409524 406324 419220 408308 407540 407092 405972 409076 407924 409012 435219 409972 408532 410132 403508 439700 410068 410548 417651 403668 408852 410324 411092 409268 408596 403316 421620 406900 407316 407220 407700 405524 408116 444755 486098 407060 408660 409972 407668 404788 408596 412500 418324 404500 409652 405076 409204 409428 411572 405396 415507 404820 407604 408084 410164 439315 410388 401492 421076 409876 407188 406004 407252 409012 408820 408659 418132 408948 404884 406452 409844 404149 408244 405428 422452 407156 408788 406388 407412 408948 406324 447282 433203 406804 410932 409108 409428 408468 412084 409748 452371 406964 408212 406740 407348 407284 403700 404404 421171 412788 408724 408212 409396 407988 406900 407092 420532 404660 408852 403572 406548 407668 409300 408148 405588 410516 406452 405204 406196 405524 403668 409076 405300 405332 403636 417652 411668 403956 412084 405780 407732 406868 406932 418260 407860 402740 406132 410164 408532 409588 406004 413844 410388 407732 480914 405332 407092 407444 407892 470930 402516 406452 408308 405908 409172 407188 399412 415316 404276 404980 408500 410100 408468 405972 404724 405780 407476 409012 478802 404084 406260 408084 411444 407444 406164 398388 411252 408020 410644 412532 409428 408308 406004 408148 417268 404660 408596 406356 408948 406804 411220 410164 409491 406036 406420 407380 403764 407604 405940 409140 408820 408564 409908 408884 409012 407668 410036 407348 407796 409684 404372 417364 408372 408724 408020 409236 407348 406772 409908 639277 404084 485010 486418 407508 414836 405716 410004 407892 405909 411220 405812 404308 415252 404884 409140 408980 407828 445459 406452 405492 419700 408180 406356 406004 404916 402388 405428 406452 418227 407732 405588 405556 407732 439059 521648 405972 416212 407764 409588 409652 411348 407956 410580 405268 416628 406740 405172 409076 406356 405844 402708 405716 406292 406356 407060 406644 403860 405876 406548 405204 420339 406196 406388 404084 401684 408532 403316 407668 434835 406996 405012 407732 408628 407156 406420 410675 412116 404404 408596 407764 440979 408212 403316 407060 413876 408052 409812 403476 407764 408692 410163 478258 414836 405684 406036 408884 409588 407892 401524 403412 417748 403732 407412 405012 408756 405301 444275 406484 416340 408244 407956 406548 405908 405908 407764 443923 415923 404820 406836 406420 403636 407636 407636 403764 417268 403700 406228 406580 408276 407220 407540 401141 402804 407636 408308 406164 409236 407796 404500 407028 431219 409236 408308 403028 480210 410932 408116 408660 417331 407732 406036 405460 407476 406132 402741 406292 407828 409492 403925 408052 409172 403540 405524 406708 409556 407412 408916 418452 404820 406004 407924 407347 407764 404468 408116 412756 407636 407220 407220 402356 405844 408116 409460 423955 403476 406420 405300 406452 408820 408340 404564 453811 409012 410260 407860 404692 408564 407348 409236 415796 406196 454227 406164 408116 408052 408308 408596 404724 408852 409396 410740 406164 396692 408308 402548 399637 402740 406676 418420 406612 407188 408692 406164 402932 406612 409268 419348 409940 405620 406996 404980 408436 407284 406900 422452 408788 405812 409108 407476 407828 403604 406420 412884 405492 403988 409812 408852 403764 404500 407380 407700 408340 408564 417908 473970 407252 407316 404820 411124 406996 407379 415188 407412 407252 409171 409428 407124 405268 407732 412660 408884 407060 407348 405684 407284 410612 407988 442323 407732 408148 410964 405972 404884 405620 408884 418228 408372 408020 407508 409620 409972 409588 401908 417907 408948 411124 411348 404468 407732 405781 408852 417524 407956 403668 405172 410835 467890 408852 409204 417428 410292 409044 410676 405844 404532 406068 405653 406292 411220 407828 408468 405845 404404 407892 404020 407732 406132 408852 411220 407156 404724 403540 406932 408340 406900 407124 410772 406964 406420 405716 402516 407476 408404 409556 433875 407188 407412 408308 406068 403156 406420 405876 411316 447123 407444 406804 405620 406644 408852 409363 404148 405716 404852 417876 477266 407604 404820 405812 406996 406772 406260 417588 405460 404948 406132 404789 406164 407220 408052 417780 404852 405716 406676 407892 407668 411219 406836 416531 407636 407028 401460 405940 406868 402676 408276 405812 408691 408148 404660 407924 405236 409588 406388 405812 409460 408852 415156 406196 408532 404692 408724 402068 407188 407316 434195 410356 409524 408692 407700 406452 407252 406100 415796 407956 404052 408244 407860 408596 404980 407540 417203 399412 407028 408756 406068 407700 406772 407412 420276 406421 410132 406516 406388 408820 405780 406996 403125 405332 464978 408020 405460 403732 406324 404468 417108 406132 411060 406580 406772 447059 406644 405716 421588 407956 403060 404500 407252 410292 408052 446771 418868 407732 405876 406452 475538 410004 407412 407444 418260 419444 407508 402708 405397 405748 403412 408596 441235 407796 402645 406036 404276 405300 409043 407124 419059 402932 404180 408692 406740 408436 408532 402868 417428 407444 406676 407924 403316 406260 405364 402965 419316 406260 408020 406868 408052 408724 408212 406549 407220 408308 408500 403860 408052 407188 408340 408276 404724 407156 408820 420531 407156 404117 406484 408212 407060 408500 409363 405844 408404 407956 407188 402324 404180 408724 408020 419444 407828 407508 403476 406484 404788 408212 405620 436340 408276 408820 406964 408724 403508 404980 405812 416467 407572 408436 405556 408916 407156 408052 404660 422612 405236 405620 408532 405460 405044 409588 406004 413108 405492 406612 407924 406676 408084 407252 475794 407860 405780 404436 405780 404852 407732 408916 409268 406804 402804 405940 417236 407540 407923 397364 403892 405492 406004 407572 418995 406996 406164 402644 406804 405908 407636 407988 415988 405044 405428 402644 407092 407860 406676 403540 424980 406356 406068 407188 406164 406164 405428 401588 408212 405524 476050 407060 404788 403892 406708 404756 408468 407124 407220 404884 405492 407508 407028 407860 408372 405492 407636 419668 399348 406996 407828 407764 403316 407668 403445 420723 407764 405140 402197 405236 404628 409908 403892 424915 403028 405812 407860 405972 405460 409779 406644 420468 409619 408596 442323 403668 408724 408500 408980 420340 410068 407380 407508 410484 406868 408948 401268 436115 409012 407572 406452 406676 436243 405396 475730 419763 406644 401716 403956 405876 407604 409140 409620 422291 405460 405620 407412 410100 408180 404692 407348 420628 406292 410516 406452 407924 408212 409940 407828 409780 404276 406900 406420 406036 408372 409332 436339 420340 410868 408884 407956 408052 406388 410612 410483 490834 409876 402164 403828 407476 407508 406772 409396 413876 407764 405236 407892 410804 404340 409363 408308 409204 408916 406644 406836 408596 444979 406068 408916 438516 406708 405396 409364 408852 406708 400692 444627 416532 409812 408660 407540 405428 407956 407828 406196 419475 403284 408147 404532 408596 407508 407636 402164 415316 406068 407508 408212 408308 407732 404724 408596 408948 445107 407988 407156 407860 408820 403828 407508 415956 403572 435507 405684 409364 527856 408564 407540 414163 407284 405045 407060 407668 407828 402900 405428 415763 402580 406261 407924 406740 408884 405396 405652 449299 409876 408884 408340 401396 406996 404852 405460 432468 408084 409556 401716 405940 403412 407668 407796 417268 409140 402132 399733 406036 410772 411988 407540 417876 403028 404468 405652 404660 410164 411348 404052 408244 404660 407924 406932 410675 406708 409876 406836 418164 406100 410932 408756 402420 407220 407476 405652 411636 402644 409876 403604 407796 406676 406388 408564 418772 404692 408084 403508 403476 408532 408404 410804 405620 410388 407828 463250 407988 406900 405940 406612 405940 406356 404468 484338 402516 407732 408756 409012 406356 407796 410836 418548 406580 406612 408180 411476 403764 407988 409300 489393 402517 406644 403668 406260 403668 409876 408563 457363 403572 407700 407188 407028 406580 410036 451091 417492 409396 406036 407988 404724 407091 406900 405812 413780 408596 409300 407284 401045 403444 404564 406740 418036 409747 408404 403381 458962 407124 408404 410004 412756 406196 404756 408628 408244 408724 406868 402964 408564 409588 410163 409524 402548 406388 407796 406708 407476 408852 409780 435443 406932 409428 406996 408404 404500 406196 405684 420723 403796 408660 409780 403092 407444 408276 407156 419092 409972 405012 407540 408884 407380 408148 407060 419315 410868 407860 406900 404724 406164 405268 406580 419572 408980 404692 409428 408532 407188 408436 409172 417555 406580 407380 407508 408884 403476 406996 407508 406164 405717 406484 487025 408979 410260 410068 409716 408276 407316 409396 406196 407892 401012 407860 408756 405524 407028 409652 437299 404756 409780 406900 408436 410388 403252 407604 415988 406196 406964 408628 401844 405972 406164 405076 420691 406740 404148 408180 406068 407668 409332 408020 404340 405108 407444 408948 406388 407156 402932 407156 408564 408884 404148 414292 408948 408020 406068 407604 408308 407124 403860 417908 407860 446195 408532 401460 407220 408948 405812 419156 408276 452530 406996 409652 407668 410676 406292 413396 407732 410324 405908 405908 407668 403700 407476 431604 409108 409204 408180 406132 407540 408244 409300 416083 403828 406356 406164 408404 411187 403540 483986 421107 408724 408820 407764 406612 406644 446963 408340 415507 408564 407412 475666 405364 402932 407572 406356 414963 406836 465522 403316 408084 425203 406420 409684 403924 406548 407668 408500 443475 404757 408404 404340 407828 401588 405972 407380 408564 408820 408820 403541 413300 406036 534128 408852 408116 403924 409428 404564 408819 408660 408404 401652 403124 408564 407380 408212 435571 403764 408980 407060 404884 409588 409748 462002 406996 408724 409620 409524 408788 406612 408660 407796 417524 407700 402516 408819 408692 407572 401908 407956 415283 401876 406260 404788 407956 423859 409300 407892 402836 406868 406228 409620 408084 408340 405012 407188 408436 408660 408756 405396 404788 405076 407988 409012 409172 397780 408628 401685 406196 402612 409684 408948 417172 410675 406228 407380 404436 408915 407764 408020 402388 477042 406324 407764 407252 404852 407188 406580 409076 409716 409588 407284 407316 406676 409140 408596 417396 406548 406548 406389 406900 405204 409172 396437 416212 404148 407028 408116 407444 407860 408915 401492 413972 398324 407572 405844 402996 401812 408660 410676 416788 406644 404660 447859 440340 407956 408756 402132 419476 409236 411092 409140 409684 407988 406580 408084 421076 405877 402804 407060 407316 406932 410292 408116 421012 402868 408148 410612 407636 408980 410164 409652 406420 408435 408084 408244 404788 405716 406964 401236 408628 409716 408084 413684 404916 407028 409140 406772 408148 406516 438739 408372 404756 407380 407061 406708 409460 407636 403476 414740 407636 408980 438995 408244 407988 401716 406036 412531 405588 442643 409140 478002 406932 409108 458963 414259 404436 407796 409044 402868 399732 405332 409268 418196 403636 407284 408852 408340 407348 441171 457715 407732 408852 443411 410132 405300 404692 407476 407924 408339 406740 398580 407796 402260 407732 407316 409588 435380 403860 406900 406612 408916 411156 407732 402485 407092 406804 407412 411636 406836 403860 406196 407060 407028 411220 407572 404756 444690 423923 408244 408564 402836 401108 408052 406388 407316 416820 407157 410164 405044 406100 407028 404372 407348 419444 409876 402804 403188 404916 401077 407956 409908 408692 410612 406868 405076 408980 407124 407828 403604 415860 409748 410804 406485 403477 408244 409236 462546 502673 409716 407828 406517 408916 404500 404084 408180 437779 409940 404116 405716 407508 476434 407124 404532 416051 403349 410132 408468 405236 407988 407604 407604 416819 409556 406644 403860 409076 410068 407956 461491 419156 405300 410548 407700 403668 405428 407700 400532 415540 406644 404724 407604 409012 406004 403284 403572 418771 405908 409204 408116 410132 407540 407220 405204 419956 407860 408212 403572 411188 408692 410356 409172 417459 401300 406260 408564 410356 408212 408916 401525 417011 401716 407988 409588 409268 406708 408660 405940 430803 404884 400852 407220 408308 407156 408596 402772 741514 407700 406292 404756 403636 403220 408180 404820 409396 409460 404084 408980 408148 407156 409171 408500 418579 409972 408756 411732 407252 403829 407316 408276 416980 407156 407124 403572 406964 481746 410003 407956 404788 407380 403444 475218 409460 407636 403444 405876 406580 405204 410452 408276 406836 399924 402324 407220 413652 404244 409876 407956 407508 409908 407572 407572 417620 407700 407348 408468 404468 407540 408275 408308 436627 406292 402932 407060 408948 407059 409620 408980 413748 405716 410900 408308 408564 406420 409172 409684 416307 409236 405364 406995 404949 406004 407796 407828 414739 407028 407252 405492,184.76,/users/lhulsbergen/bin/gfortran,GNU Fortran (SUSE Linux) 13.3.1 20250313 [revision 4ef1d8c84faeebffeb0cc01ee22e891b41e5c4e0],-O3 -march=native -fopenmp -fno-math-errno -fno-trapping-math -fno-signed-zeros  -ffp-contract=fast -fstrict-aliasing -fPIC -ftree-parallelize-loops=1 -Wall -Wextra,,,,3fe78aeb1a82db237a2d1a666aaecd8d2e11ef12303e65b7d4f0cdb573d768fc,autogen,,,,,3000,,,debug/5009929,nid006549,2026-10-09T10:19:16+0200,26a4f0cfc1540cead109dfc8d736f1c45263e390
comet_int4_gemm,numba,numba,record,5,M,ok,185146,176282,236889 183195 179514 195930 184602 185339 184443 183194 182587 184987 185242 185915 187451 186426 183163 182715 179867 186395 188091 185882 186203 184059 185242 181883 186587 186011 186682 183995 186554 181947 182747 185178 181147 178811 185594 184923 185626 183546 179482 185658 187738 182523 186011 181978 184379 184570 182395 184378 179739 187386 185211 182683 180058 182107 184411 184443 191131 184923 184826 196826 182875 180698 186106 185178 184859 181435 184698 185626 182267 182555 178458 217498 187611 184955 184986 182938 187578 184987 185658 182202 185306 185723 186170 183387 183642 185211 185051 186650 185882 184538 180602 186267 183739 190426 188539 277400 195066 181851 186171 192891 185115 185147 187546 185339 184155 185243 182779 232729 186363 186971 183643 187323 185146 186490 187163 183675 184187 181275 182555 185755 184731 181626 182522 182394 183450 183802 181275 185307 188315 183003 186330 178779 185947 185274 186490 182299 180282 185275 184890 183003 180122 185659 213530 183483 263448 182906 185723 187931 200154 183034 181370 192346 187258 182075 183098 185819 231705 183770 182331 178650 188666 184859 181691 187323 182651 186074 184123 184923 183451 185114 185723 181499 184347 187322 184058 183450 182299 181050 188090 184346 183259 180795 192795 188698 184026 190746 184218 184155 179899 179067 186586 187322 182299 181563 183930 184218 183387 182074 182778 184507 191194 187482 185690 182811 187642 184634 196218 185403 188154 209273 181627 179355 194779 184922 185371 192859 182331 233657 183770 186618 204858 182907 181786 183322 187514 183579 186267 179930 184219 183834 222234 186554 180763 229881 186235 183963 193626 183995 183931 189050 186906 182554 190811 182779 183963 185338 185243 185338 182619 181626 187226 183354 183483 185115 190842 184699 185114 179963 188922 185242 186363 183803 186619 179387 187739 187930 188218 180603 180218 187450 184026 184443 180091 185723 185114 186683 190650 187291 190842 185882 181754 176282 186138 182778 180794 180763 185627 187130 186266 182394 182555 187546 188730 184507 180315 186138 184794 185850 184890 183387 184379 184314 188634 185338 189466 189179 183643 182938 184891 180730 184827 183578 185947 182586 187642 182042 207706 185338 182394 184987 182394 186042 184635 183131 184571 189275 187579 182971 182587 187258 187002 183706 181627 184443 186875 185275 183834 178427 183418 186490 182427 180603 185530 186715 181883 180827 186458 193690 184155 183738 179643 186363 187674 184731 182938 179771 187611 185754 183451 182331 179835 186234 189755 183163 185083 188091 185979 183355 184410 182330 186683 185275 182138 187995 181051 183931 189403 179259 182491 183867 184634 193914 186298 181723 193435 186010 182715 181275 187515 183322 185498 185211 180858 185786 187354 183259 185275 179674 186747 217113 187002 189306 186587 179131 187610 182586 186107 184219 185626 184762 190011 185435 210970 183706 186554 194746 218649 183099 188635 186331 186683 182779 183418 180187 184602 179546 185466 180731 185243 184155 184346 183258 183322 188219 188986 181339 181178 187066 185306 182395 187290 182683 185562 185755 182458 181818 195546 184795 184475 191674 181115 183451 187163 185083 185306 180378 187194 183867 187227 185371 183163 184858 185019 187642 183706 182779 186586 185595 184027 182715 180794 186746 184699 183194 188475 184155 186139 182715 185595 184666 187290 186747 231770 184506 184506 184474 186875 185402 187354 183035 185306 187930 186522 182299 182363 185338 186906 197178 183994 181147 188346 185882 187803 187194 185179 181339 186138 183003 184251 181274 181947 183834 186362 187002 185371 184058 182970 187995 187610 188346 183803 185723 181850 186906 186810 184379 187866 186235 184506 184731 214362 183675 189690 182587 181306 185498 185435 183930 219097 218297 184634 187963 183515 180827 189690 186427 197210 187386 187291 189082 184923 182523 183803 181051 186203 185690 187898 183227 183418 185338 185275 185626 178299 186779 220281 191226 182683 184442 178011 185754 186138 184667 180603 184987 183610 185530 216122 184410 189274 179963 182491 180123 185850 217274 185147 283255 189082 188922 181147 180539 180955 184954 186042 185082 184538 179770 189082 182843 182011 181914 184922 185082 182938 186715 183770 185787 189275 186074 185818 183003 184634 184314 184027 180891 185755 186875 180219 187099 181754 185499 199482 184794 185594 183866 185210 188859 185211 184059 187643 188954 186138 185754 182874 184955 184315 222937 182619 177883 186266 183995 182971 186715 178203 186138 186618 182651 184123 188922 188699 185690 181530 215002 181147 187034 182011 182714 181211 197786 192186 183963 185658 187515 183290 183803 185979 183131 184570 188091 184347 182746 182682 186010 183419 182075 181114 186619 186714 183066 183610 184826 185466 182715 183259 184090 188955 183675 183675 180954 184987 183898 185499 197946 180091 185306 196186 183739 185499 185626 188474 183803 185979 180826 186106 185498 185882 186427 182011 186363 185723 184731 183578 179963 185370 185370 182746 183963 184347 185178 185179 181467 189050 186266 226714 188667 186138 193626 184250 186779 183163 184891 183099 188379 188443 188090 186490 182555 187226 183130 187931 182523 181531 184955 184027 184219 181882 185466 183034 181691 184891 184891 187451 186203 186010 185082 187482 182043 223769 185787 182875 188986 182939 187930 195738 188410 187899 193562 184795 186811 187355 188826 184250 182171 190650 186362 186331 188922 182715 184187 187899 186714 186618 183130 183419 184602 189339 188698 187707 187195 190459 181051 185755 189530 184506 183994 181115 184699 198810 183195 180795 189306 184410 187419 180986 180091 186170 185562 196890 185050 183450 178843 184251 183098 182938 182554 184795 189787 182843 182203 185083 184250 182202 180667 182011 186875 187162 186234 184378 183739 189211 184890 253464 185530 220730 208826 184571 184603 193562 183227 182970 187642 187642 189338 242713 184378 178682 184507 186555 180955 185338 187002 189146 185339 185946 181467 185019 185786 179867 242457 184795 187898 189082 217977 183290 181083 187226 188154 185979 184731 185722 182395 185146 186267 182491 182523 187419 184795 194330 182331 182522 185178 189018 271544 193210 182331 185051 195834 185914 183771 184059 185050 184347 186811 183835 236729 182267 187898 186170 186010 184379 213049 185467 190107 185851 183258 180570 187482 238745 185978 187515 185658 182714 184955 187450 185594 183323 183514 184474 184667 185147 181147 179195 183515 183995 185563 181691 194938 218841 184506 184795 184890 180378 186234 186522 184858 183578 187195 186011 184282 183355 184891 183642 187259 186394 185498 181146 187515 186810 182491 182842 186874 185530 236697 184987 185050 181146 311671 183035 189178 184410 183354 181243 185082 186618 186171 182939 178299 186011 185786 191834 179099 187290 182971 182523 183803 183099 189114 183163 187802 179515 185691 183771 183707 185594 183899 186331 183674 185339 179034 188378 188314 189946 185882 184603 187802 187067 185243 184859 188602 180378 193786 184411 182427 188891 185051 180539 192506 182234 184986 186714 181498 180730 184219 183419 182651 182906 184443 185146 190298 186458 185755 181435 185818 185819 185403 181371 188027 188603 183610 186202 181210 185274 185755 188827 186362 215674 180634 185498 188250 188795 179451 182458 185979 193691 184763 180987 185818 184379 186235 181243 185594 188090 184442 185562 180379 190714 186139 185082 182778 183066 220314 182331 185274 184634 185659 186522 181562 184763 185659 188506 188602 181754 181978 186459 187930 183995 182811 183867 186906 182619 192634 210522 185915 189786 185754 198586 184282 187994 185818 184314 182043 189562 186778 185498 183002 178875 183867 187643 182267 179931 187067 183387 182971 182202 188635 189210 182779 184154 180794 187227 184506 194362 187066 186299 190778 185210 185723 185851 183771 190363 185339 187771 186203 185819 185690 180955 185371 185435 182010 182874 187866 186203 182203 183418 178395 187227 185434 185147 188346 180539 182362 184250 183067 182683 183898 214906 181371 183867 194875 178746 187355 187994 187834 181627 181434 184635 184539 186042 183899 179387 187162 185498 185307 180282 188282 184955 184091 184091 182202 185658 188251 184059 183771 189146 182683 185722 183643 185563 185531 188826 182074 183803 182299 185563 183195 181211 185787 188026 198842 187450 185946 180187 185883 184346 184346 183099 185178 184538 183131 182267 188058 185659 181978 180795 187195 182715 183610 181915 185498 187194 180858 187194 180346 245113 184795 184698 182171 182554 185402 184507 187003 182586 208442 185626 184410 194043 185978 194170 181018 188314 191483 184475 184506 184986 184347 184507 180987 180411 187898 187130 182906 185755 183131 188059 187227 184346 181210 180795 185723 190170 181818 186746 182907 186106 183707 180219 182746 191451 193339 184539 182331 194522 186587 185947 185179 182107 185307 182907 184091 183259 185466 187483 180634 182491 186011 185210 185818 185083 180795 187578 185978 183418 179930 187418 183867 182682 178267 184283 186618 184570 186586 180090 196634 183642 187802 193339 185019 187067 183098 185146 185051 186842 187386 183003 183067 189274 184410 184891 187227 184570 182266 186011 184474 182939 181659 187131 188058 186618 184794 182715 183611 186267 190203 183738 182299 185755 188539 187034 186394 180506 187707 186747 198042 185178 183194 182906 186651 180602 221145 180859 235257 190971 183131 182779 183642 187226 180666 184538 181626 186043 182810 182715 181915 251288 185531 182491 186586 182587 180858 187514 183739 186298 181243 184859 188858 187323 183002 181146 186267 190938 189083 185659 181499 186235 184762 188763 183259 182395 193179 185082 182939 192794 188122 189243 184442 183355 183834 185499 186971 188059 182522 183546 185146 189242 182875 187802 178907 186522 187579 183066 183771 183514 187899 190523 185531 185210 180154 184123 185466 183002 185946 181627 196890 188570 182490 183130 186746 190875 184858 186363 182075 185691 185275 184315 184122 186682 188026 183067 188570 183995 187291 187547 185051 183867 183482 184730 186586 184282 184091 183291 185210 187354 183738 200187 185019 188571 184538 186458 184699 185307 179899 188059 187387 183163 188026 183259 183514 190298 187643 184379 182298 185307 188570 184187 183258 182331 185562 183834 184538 183451 181627 189978 185850 182555 202554 187899 185115 196730 183259 179803 186234 186586 181051 181307 184666 187099 182875 181499 182811 183899 181019 182651 188410 186235 181755 187258 183098 185370 184635 185114 183195 184699 189338 182939 184186 188282 186938 187322 186203 182139 186330 186555 190426 185082 183131 188186 185851 185179 185147 183387 187290 185051 185659 184794 180187 186267 187771 185146 186650 181434 184219 185243 183738 179547 185210 186843 197530 185306 186427 186811 186555 190170 187291 183834 187962 187706 187322 185082 184219 188474 184922 221081 182715 181466 187067 188187 186682 186011 180282 184987 187194 184794 184219 180122 185338 189274 182555 191643 185019 182938 183387 182586 183482 185051 184187 187195 182075 185818 185946 185818 183866 187834 185530 184858 185306 180315 186586 186203 186779 183099 181467 184794 184955 185466 186139 184954 188698 186906 196026 183675 183131 185179 189979 186075 186010 183706 186235 185850 187226 183642 185498 185562 187546 186234 186874 184026 188826 186427 186714 184794 183706 183642 185147 181979 182075 185434 185275 189882 185466 195546 184410 188315 210074 183547 178395 187067 188251 186075 184795 185978 184570 185435 186746 182267 188827 185275 181851 212890 185786 185115 188698 185402 185562 184731 188122 187995 187355 182714 185978 183675 183546 183418 183323 187706 187834 183770 181787 185722 189211 193818 185755 216378 184570 186523 186651 193530 181947 183643 185051 186106 184314 185563 185051 183771 186555 184218 184794 185979 189946 187195 183515 185947 185946 184443 185306 181818 184922 186842 180762 185403 185467 190555 186426 182202 185563 179675 196698 187354 183003 183611 186075 187674 185819 185018 181339 187610 185882 182427 183547 185787 188251 184539 186235 184347 188155 185787 188890 187002 187930 179707 187418 187931 186778 185466 179899 187002 218969 186266 184922 183963 184571 192155 185274 183002 185243 184667 185083 184698 187034 181883 185083 185914 194170 189467 182810 191866 187418 187067 184667 185370 183578 183611 183611 181146 186939 184346 185146 180795 185082 185339 264152 186970 183899 183675 186043 186427 185339 182586 184858 187611 186235 185403 184187 182714 186971 184570 205210 182907 187066 193275 182875 181338 186746 187547 186235 181787 182650 189627 185370 186299 184443 188570 182843 183738 183739 185466 185594 185242 185402 216121 184667 187674 183386 182267 186875 186619 183674 184666 188602 187195 185691 183546 183451 197306 190138 186778 190906 188346 188443 185818 184986 184538 184859 186458 186875 187739 186267 189691 188154 184570 185946 185595 182683 185754 186907 186171 185467 182907 187387 188058 187162 182074 187002 189819 185723 184059 184059 194426 192251 186266 182714 186811 188570 190011 187258 183803 182778 187259 188987 187578 186970 186490 181083 185403 187770 207610 186331 181339 195035 186298 184730 186138 180059 186714 192955 187162 182939 179323 187707 185147 189402 183674 176827 187066 184634 185210 179194 186970 188282 185754 183483 188602 189722 186779 185307 182331 184955 187930 183995 186842 188699 180827 185339 184762 185114 191963 185691 183611 196186 184314 182586 186842 186298 186587 182618 182651 187802 186394 184699 182427 186971 187546 187130 184506 182011 185594 187162 185787 185979 179931 187834 187514 184986 181339 184155 185530 185018 184986 182491 199290 189082 187162 216058 189562 180570 186074 191450 219322 186555 185243 184987 187450 182586 186938 182619 187162 185690 185979 181787 186619 187131 182075 184731 187771 188283 187002 184474 185019 183482 183610 193370 182203 185499 196154 190202 184538 185146 184602 185626 187258 184250 178267 185339 188698 187386 181274 186651 188859 192347 182619 186747 183131 185178 185755 183130 184123 182715 215386 183770 187034 185627 196763 187418 183866 182778 189914 187130 184539 184635 186427 195578 185850 183995 178874 187579 185498 182234 188027 187483 184219 185594 181882 185819 184763 182330 185179 187002 185882 185819 182522 180667 184122 207770 186363 181851 192634 190266 186106 182619 184411 186459 186778 187034 188507 187162 180826 187067 186778 183931 187418 181114 217818 186747 186010 184155 185467 184378 200826 185243 185563 182074 184890 187163 193691 186138 184250 195706 188859 182778 187898 186874 186714 222490 185595 186074 186042 189050 184859 183963 184347 187610 218202 185627 188027 240537 189818 181274 189306 188091 183163 183258 184250 185819 188091 186427 180474 183163 185179 186202 180091 184443 186907 185595 213178 183962 332343 194586 184762 184667 193626 181626 186298 189243 185562 185370 182427 186746 183259 245049 184666 186970 186779 186971 186811 184059 181467 188922 186555 186683 183259 180058 186010 185850 185594 183643 186267 187418 182170 182810 185499 187067 191995 183067 189659 186171 185690 186619 183386 178843 187706 186202 189786 183867 182427 186907 185275 185114 183547 186842 186139 183803 183610 186682 184858 182587 185370 184603 189914 188283 187386 187003 186490 182522 187835 183546 186586 183867 193850 185755 221978 211546 185018 185723 186811 186427 186266 185563 181627 187642 185754 182362 189274 185338 188058 185434 189050 182779 183451 184986 186171 182650 185914 188186 187099 182714 181178 185306 186363 193915 183770 183643 187930 184795 184283 188347 186491 183802 186266 185018 184475 185851 180603 184443 184251 183066 182555 184027 186427 183867 183579 184347 186010 184859 185883 182586 188155 193978 185595 185019 190235 186171 185243 184859 182907 181819 183930 183515 185018 182043 185978 186939 184922 181850 186299 226201 189467 183003 185946 182778 185851 187163 186458 184986 181755 184411 190843 181147 180954 184283 185114 184762 183546 185755 185787 181307 182011 195323 186682 182202 195098 181659 189114 184570 184250 185242 188986 185978 184987 183194 185530 184730 184187 182811 184762 184890 191386 184827 184187 186362 186202 186298 231321 185498 188026 179739 186266 185755 187994 184379 183451 184986 188986 187258 183898 180187 184155 197402 183227 180507 184283 190106 185371 182683 180635 187034 186938 183610 184986 210105 186906 187514 186554 184826 180027 183675 184443 184763 184602 186746 184923 184219 184187 180571 186459 185179 187003 185339 209946 179739 186330 186843 184667 184443 189723 183450 186363 180570 182010 186394 185467 181691 182970 185562 187067 187003 184155 185051 179803 188474 183643 185531 180379 188058 188187 183706 179003 184666 184603 185083 185178 187099 197114 184571 184826 194170 186234 187066 186906 184763 183962 186362 186522 185819 183323 181786 185306 185307 182074 186363 182875 184123 183099 183258 185850 186747 183258 188027 182330 216921 183642 185691 186139 180378 185595 189850 187419 182491 185051 183867 187450 185530 178267 184699 188635 213689 186970 183706 195354 185594 188250 182619 182106 186394 212249 183003 183547 179355 189499 183227 185019 182971 180987 186939 187035 185018 183546 187386 188539 185275 183994 186779 179675 184571 186267 182394 186619 180219 186074 186426 185210 184250 192250 183675 187898 196186 182938 197690 193818 183354 182971 183226 187355 185787 183931 186267 190010 187482 194107 184539 182939 183674 186587 185915 186586 183195 182074 185946 185851 185754 184730 186747 186907 188475 183931 180539 186651 185978 184027 195226 181691 277272 210970 185082 183226 192763 180090 184475 200282 181467 186874 178714 183771 181243 184219 179067 183290 188538 188602 181594 182618 184219 188346 183643 214170 185914 188251 187195 183451 182395 187130 185627 184122 182683 179995 184186 185563 183770 179706 197434 187067 185467 185786 179227 184635 185883 185371 183003 185595 186330 184667 183515 185307 181307 182714 181850 185594 184155 185947 180155 181754 185530 189467 185691 181978 181626 185179 194330 186587 183579 185371 180730 186074 182298 184282 187067 184954 185210 188538 183675 184219 184442 181691 183419 182906 183355 184187 183931 181147 184603 187290 185243 185851 180155 183674 213690 186138 182683 189690 186907 190554 181467 186875 182170 186043 185978 183483 182459 183866 185818 185403 180923 180155 181819 182298 181083 184986 184635 189339 183963 178811 188154 187098 188507 185306 178906 198586 188315 184186 184091 187738 185562 183707 183994 182971 185690 184443 186843 187547 179419 184475 184410 186715 185434 180986 183962 185435 183738 183514 177402 185563 203354 186395 185914 194394 185915 183290 184923 183579 181403 184987 186362 189114 184858 185467 179547 183483 180955 185562 181403 189146 187483 185114 183707 181018 186491 183899 184794 182971 209274 187291 186299 190907 181755 185307 185338 184955 183098 187386 185179 183611 184347 180667 182395 184411 186139 184763 184315 182874 185594 182875 185595 183322 181915 185979 179867 185018 182491 184315 183386 191387 186555 184187 182811 183163 181691 186651 184250 188858 185115 186683 182010 183419 188090 184091 184762 183898 180219 184443 187290 184155 184507 179259 185338 185467 180379 180315 182587 197050 182939 183867 197690 186842 183963 183643 183803 182651 187707 185019 180187 185498 186586 184827 184698 188058 183515 191194 188762 180507 177402 187579 179674 184474 180315 183866 184859 186682 182747 184346 209498 183291 186042 180795 183514 184699 184346 179195 184378 185019 184507 186043 182427 185275 181818 185018 179227 189051 187034 180666 180730 185755 184123 186298 180250 186010 185562 187643 184506 180187 183291 196667 181819 180699 183706 186843 182714 181947 181467 188634 181467 184187 185403 186939 183899 182266 180507 184155 184666 185306 180059 185691 183674 222234 185979 183450 182267 185466 185370 194362 183834 185306 194938 187835 179067 187387 188026 184379 181882 187866 185211 185979 182171 180891 183483 186714 185306 186395 178746 186459 184955 182170 183515 184858 182682 185530 182107 179547 185083 183290 185627 184635 185083 196538 183131 185818 181691 186395 184027 183259 184923 181178 184731 184155 183963 246712 181659 212474 182938 185403 181818 184923 185723 182523 184763 180826 180666 182331 184027 181595 184347 184315 181434 183226 183803 186747 183642 181595 182075 190010 182651 184027 179899 185915 184858 184666 183163 186811 181882 194618 185402 189371 183195 188026 213626 186714 177915 186523 180571 185466 180890 186778 185146 183931 215418 187771 184667 183610 179867 185179 185274 184315 183738 189210 181755 184059 185050 184187 184699 185722 180315 183034 184154 196410 182139 184794 182394 188635 184891 186170 184538 184667 185338 184442 184219 183227 184058 185275 184635 183995 184827 185563 186522 183771 181019 185659 184762 184859 185467 179770 185915 195994 188474 183867 193115 187035 183611 187002 183195 180731 184666 188347 183547 183483 186426 186682 181179 185211 180699 187322 185658 184507 183611,4.64,numba,numba 0.67.0,@nb.njit as written in the numba file,,,,4f0802f89f2e1a5c3cb6712880db6eda81093a1de18278a65261129f97725756,autogen,,,,,3000,,,debug/5009929,nid006549,2026-10-09T10:19:30+0200,26a4f0cfc1540cead109dfc8d736f1c45263e390
comet_int4_gemm,native32,cpp,record,6,M,ok,180362,170555,187547 184282 183099 180858 180187 178458 177722 177499 181371 182587 180826 181658 182106 181402 180058 181947 182139 193083 178747 178299 180923 180538 180282 180282 181882 176954 180027 181979 180475 180091 180987 179707 178843 189338 181627 180571 182299 181947 180090 176859 182491 180443 182330 181050 233625 181307 180251 177723 181051 179898 179995 179035 178875 177115 182043 191418 182491 180859 179962 177211 181211 179771 182714 182043 179514 179899 177307 181403 182747 180219 179610 177690 178490 181307 179771 182363 180059 179002 181338 176922 181339 180794 180954 181914 177562 171643 180314 180635 179194 177851 181947 180795 181851 181595 181370 277783 180507 176155 181306 179163 211770 178587 176859 179675 181883 179514 175675 182395 180859 182330 179355 180026 174107 175675 180635 176507 210618 178011 182554 216794 181403 180763 180826 179866 176763 182011 182651 181435 180571 179547 179035 182586 181210 179163 180635 179387 178875 176315 191834 175515 179579 179259 172635 182555 181083 179931 179706 181403 175419 179771 181275 180155 174811 182715 181594 181595 181338 181787 179995 176475 216442 182139 180538 182171 181243 181019 179995 176251 181787 181818 188251 179771 179483 181723 183674 180891 180538 180603 181082 177723 180410 173690 180027 214489 180123 219706 187643 180346 181691 181243 180699 182938 173755 173211 181498 180762 176347 180955 181595 189466 181531 181594 177851 173179 183706 241464 181850 181371 178811 178203 181978 180058 179643 179835 175643 189915 179994 179738 179707 178906 179418 182651 181979 181242 178395 180283 181627 176923 179963 180507 180347 179674 174299 183066 182299 182234 179483 177723 178747 175418 181531 179291 180827 180059 176762 177818 179003 179451 181371 178586 177850 177051 179067 179835 180763 179643 171707 177979 179770 173531 189179 182010 180667 179355 179067 177402 180891 181914 180219 180027 181434 179067 180091 177947 182043 182203 179803 180315 177531 181691 180539 173819 180027 177531 180827 176859 178426 178939 180090 207194 183098 180059 179994 175547 176731 180315 179067 179931 184090 175451 180026 182427 236473 181691 181115 189691 178522 180410 182043 178011 175035 179099 180699 181211 178523 245113 181115 176635 190875 181371 180731 179579 180634 179899 181499 181787 181178 180827 178811 179482 178267 182586 181019 181658 191419 180091 180986 176858 177307 180794 225242 177659 176603 181403 181627 180635 179035 177818 182266 181435 182939 178650 178363 179419 181914 181147 180795 180442 181275 176155 181531 182043 179419 190938 179867 174139 181211 181595 178875 178491 177115 180571 182010 179931 177115 176347 198106 180347 176795 177754 181915 178938 173275 179098 177243 178810 180347 181467 178555 176571 180763 180251 191291 181211 173947 181499 182811 180123 178651 175867 179131 180443 180858 180346 176666 188154 175483 179291 180059 177467 179803 182011 178939 181083 179866 176955 174843 228186 190522 180923 175291 182587 181883 180827 178651 241465 183227 179962 175643 179227 179003 178363 180122 180091 191482 179323 175259 181499 180091 180186 180571 180442 178139 178875 180507 178235 180411 181563 177179 179803 188891 178394 178810 180571 176987 180027 176539 180987 179387 178746 179291 182299 178746 178427 179803 179451 179803 182587 182011 181531 178650 179035 178459 179515 180539 179451 183003 181531 178426 175931 179803 180763 181818 179483 178875 176539 180155 181307 179770 180667 181851 179642 179611 173531 181403 178363 181850 178875 179163 179995 180218 176122 179930 179354 179610 180186 180026 175323 184666 179610 205562 178970 175675 181530 176698 176859 178427 180315 178458 178427 178906 176219 181307 216506 192058 180570 179514 179131 177787 177370 177979 180027 177755 208474 181435 246841 181915 179035 179098 175419 207290 179067 177658 178106 180026 177339 180507 177978 178458 181402 174619 174299 175931 189978 177595 180762 177819 179642 180571 174523 180347 183002 178522 180379 181371 175739 188218 180218 178842 178106 182299 175355 181466 180346 180219 176890 178171 179674 178810 179355 177883 181498 188218 180827 180059 179930 177915 180283 177083 174299 177690 175611 182235 180762 180891 189339 176155 181467 180603 175643 178715 179835 181179 179739 179643 180059 178299 181339 185851 179323 178202 179482 176635 182075 181979 180443 179259 179131 175515 180539 180827 207834 177275 180826 182075 182522 180699 181083 179002 178843 176986 178874 181722 180410 181019 179867 179418 177307 181851 180955 181723 181306 179835 177658 182970 238745 179291 179963 176507 180891 223514 181338 180442 180795 180091 178971 188314 182107 182426 179899 181947 180218 178459 180571 181978 181306 180538 180698 182170 184571 180826 179835 181627 179898 181626 178906 177787 181371 180347 178139 179354 177883 186043 178234 179835 179483 173051 182331 179035 179643 181467 174139 175994 176379 179866 185626 180379 174267 179931 180250 178714 180443 178075 172443 179610 502065 181147 182587 177371 178586 180475 177659 176251 172282 181274 182971 175323 180570 176443 179547 181531 176667 179738 177659 177659 181146 181466 191098 178459 177659 179067 182043 176251 179515 176571 179290 180123 180219 177818 178298 192186 179771 173531 179355 177178 179578 179643 179578 179291 173435 181146 181754 180603 178619 177114 247225 181083 182266 181371 180123 178491 179387 181051 181562 181978 176379 176315 181723 182075 191227 174811 179611 175259 176411 180795 179771 180763 175771 182587 180218 181627 180283 192282 178427 180123 174011 181467 178875 177722 183099 180730 179963 180091 180250 180827 176475 180507 180410 181595 180155 180379 179291 177531 180634 177115 181690 181019 179003 176603 175131 180891 175067 175995 179930 181722 179995 181211 175675 180955 178715 182811 180058 180283 179066 214905 182619 183259 181050 182075 178203 182235 180122 177211 175707 179803 179675 180091 188058 180539 180827 184090 181211 179130 180187 179354 176219 183035 177531 180475 178907 178938 177019 180859 181690 182107 180890 179162 176666 176091 180155 180475 178811 178235 177307 181691 322614 197243 181851 182043 178267 179899 179867 181082 185371 179355 178523 174523 180795 181211 182234 177147 181403 175579 180475 180219 181883 180667 181786 180603 179387 177371 179867 179419 216857 178682 176219 179003 180091 178778 179931 179931 179130 177051 179291 176058 179035 179035 177210 180762 181595 180347 208186 179835 178875 177979 181082 179195 178843 178778 176539 181947 180218 178298 173243 181563 180442 180986 179707 181082 178779 174779 181626 180794 180411 179098 178458 175163 178235 181819 179003 179162 179130 177435 181147 180987 179579 179835 178618 179227 179931 179131 179098 179323 175770 177883 179131 180410 177339 175579 243769 181307 179163 178843 178651 175771 179035 189979 180346 180731 178746 177403 217210 182266 180507 180090 43288676 191419 184603 182042 182042 181882 181370 182267 181467 179291 181179 178650 180795 181371 178075 178235 183291 184827 188058 181402 182971 183386 182842 182043 190426 181979 184187 180634 181562 179162 179930 183034 182523 179899 181467 182299 185498 181275 180058 176251 382228 181626 185274 231897 182010 180507 182587 182074 181787 176955 181754 182747 237433 183227 183067 175291 181594 178107 180026 212154 180826 180410 178906 174491 175643 181851 183035 177306 178106 180730 183035 181147 181755 180571 180410 181211 177690 180315 181595 180699 182010 181851 181083 179067 177275 180923 183035 183194 179067 180154 177371 178267 182299 182043 180122 183387 181819 177915 180538 246617 180091 178139 182522 181979 183642 183099 179195 176155 183035 178523 183323 180794 179131 179739 214426 179995 181754 180859 182107 179675 191354 180955 178107 180346 183323 181883 182299 183898 184666 176859 178267 179995 181051 181210 181307 180443 192794 179994 176091 183131 182523 180187 181851 181755 180667 178715 181786 180826 182491 186874 181371 181531 180475 179963 174139 181722 182299 178874 179963 182234 179642 181947 181915 181819 183578 191163 174010 176699 180059 180922 182042 173531 177083 178938 179099 179322 181051 229177 187131 177371 180890 180763 180219 180443 209018 178843 177371 181050 181594 180698 180123 177594 176954 175451 190714 181691 216249 179579 182107 177979 176699 179931 181499 180666 180603 180731 177211 175674 182650 257240 191419 180474 182587 181595 180667 179803 175835 180282 182235 213370 212186 181083 178907 180315 179227 179995 203162 180859 180251 179226 176571 182107 183738 179931 180379 182362 180827 174139 181882 179578 182458 182555 180987 180059 177627 180538 182298 182491 180347 178587 178331 177019 180411 180539 182011 191547 181338 181147 185403 177819 182587 181819 181594 181499 179803 180506 179322 183515 181659 180667 181179 181691 182875 176315 182139 181243 183098 181402 180987 180411 180283 183930 181691 183162 181083 175738 182042 176795 182778 180250 181850 182075 213306 182747 171419 181275 176155 181307 177243 184346 181307 182747 180122 192890 180762 180602 183227 177563 181339 182394 211642 217370 182811 181979 180987 176571 181883 181562 182075 261241 179547 180378 181402 180219 182522 177050 183163 185627 182971 181979 182491 179579 182459 177339 179931 189626 181147 180475 181786 179963 178171 181818 183547 175291 174139 181851 182586 180187 180283 177147 181883 183867 183355 180891 180603 177786 178779 182459 182683 181659 179610 181146 180602 179611 192506 184378 183898 182875 178747 176634 183131 182075 184155 180539 181115 179739 179898 192538 182459 181659 183611 180058 179547 178715 179227 182427 180794 180410 179451 180698 179323 179803 182171 208121 181083 179259 180987 177403 180986 180986 181594 181050 180186 180795 177499 178043 180346 179642 178363 178074 180218 182330 180827 182682 178171 178843 177243 182491 179707 179003 179899 180090 185115 182202 182011 181946 180187 179931 181498 251289 179547 179066 178267 180251 182619 177947 175227 180283 179066 180443 181338 180955 177435 180186 180058 182299 181722 180603 181882 179931 178075 175387 181690 182907 191194 180635 180027 177243 179899 181179 179931 179451 180507 178459 183643 183738 182874 188346 180315 180315 179867 178330 216826 181563 183067 180474 182587 178843 179195 174906 177243 176410 177563 182651 181563 181115 179355 180667 177371 180251 182874 180603 181499 179387 181786 181211 176634 180603 182266 182778 182139 182458 179002 176763 181786 183803 181115 180890 180795 206906 180571 178555 176987 183515 182298 181723 181787 177243 180858 176891 180827 180634 181627 179483 181755 190074 178203 181946 183162 180987 179675 180282 177467 183419 176443 181627 180667 181851 191994 254520 177754 182298 179003 176987 182587 210106 179450 179771 181690 176570 180698 182874 181915 181531 195578 180027 181498 178010 180378 182107 180827 180954 180795 180539 177306 180475 182107 183994 182746 182171 172699 183066 182075 181498 181883 179034 175419 180187 178779 180059 180762 176571 176187 180859 181530 180474 180027 179611 179483 175994 176539 181082 180250 176539 182299 179067 214522 175227 170555 179707 182331 179515 178619 177115 181435 182363 180251 180219 179803 188858 180795 177018 182939 181307 183226 181019 180282 182459 176091 182554 182811 181115 179291 180058 175483 179227 181498 180667 181339 180634 180091 181787 181722 180987 180154 178907 179675 178331 176987 180858 179483 180315 176411 182458 181466 180090 181530 181467 179098 252121 176731 187131 180539 180506 180346 180058 181851 180827 177819 175195 181051 178875 180859 176219 187386 180795 180987 182043 181434 179867 176539 179995 182042 181435 182107 173755 175355 175867 181274 181242 177179 183771 182427 182106 181531 183259 178299 179035 177147 177179 180250 180315 261720 243609 181626 183771 176027 177306 181338 183035 182330 180858 180474 179642 177659 182491 181211 182011 181275 182107 179258 178555 181371 182778 182459 182331 182267 178907 181051 179675 178683 182939 191515 174395 175995 179643 181947 181979 180987 176091 183195 184058 182075 182298 179962 192378 179258 176699 180346 179515 176187 179131 171547 179931 218106 175963 179579 179962 183003 181178 181563 182682 181179 177275 183035 181915 180923 179547 177914 257560 182203 179898 179611 177307 181275 182043 180827 196378 180410 179962 240921 178395 182811 180763 179899 175387 171995 181723 180923 182362 212665 180762 177370 190139 183546 182523 182554 180955 179578 177787 181723 182170 182587 179867 179738 179578 188890 182938 177083 179610 180027 182299 175387 182363 181787 181499 182267 175483 177915 180283 182523 181562 179994 178938 181530 175835 182523 181498 181659 180475 182746 181307 178490 183067 181787 200058 181371 180922 181851 181243 178490 182042 180730 181659 179866 179963 179963 177082 189371 182138 181947 180891 176283 179707 180955 178715 180699 180346 180155 180123 178395 180954 181883 180859 179675 178939 181306 177402 180251 181531 178715 181338 180411 175706 181499 180475 181595 206682 178811 255833 176955 176667 176123 181371 179162 178523 178843 178875 181083 181882 181275 179483 181498 172122 176443 179163 180283 177466 179931 179994 179003 178299 180858 176603 176475 181531 189754 179419 177659 179483 183035 213625 212889 180954 178395 181627 178074 182555 181147 180922 180731 179067 179003 178651 176539 180795 181339 182267 179578 179322 177403 178779 180122 179834 234361 193019 179226 176795 180507 180699 180987 178235 180826 178491 182779 180187 182331 181690 190362 180571 180091 177146 179451 180571 182683 179547 179003 177850 174107 179994 179035 207706 179899 179611 180667 182170 180699 175643 181434 177339 181147 180570 181755 181563 177690 180763 177435 177050 181658 181563 180602 180122 177595 181147 180635 180827 180346 179610 177371 259448 187002 178363 180923 179802 181563 175067 179547 181467 180955 182427 181371 178427 180347 177467 179163 182171 178875 178107 178427 177275 180219 182363 247449 180859 178459 179674 176731 175323 181370 186906 180283 178458 181819 182650 179035 175195 180443 178394 176731 181243 180538 178746 180347 178170 180507 182363 181051 180443 180570 179707 177851 179035 181563 179834 177338 180027 175259 180634 209561 182619 179642 179738 179963 177562 181243 180411 180507 181083 181114 176859 179515 179259 181403 179611 178139 176602 181850 179963 211418 181659 180858 179451 176667 181147 180443 178491 180443 188058 178683 180091 182747 181306 179387 180346 182363 176539 182170 180411 181274 180634 183835 181594 225497 187130 177787 181242 180538 180314 181467 259641 182235 179642 179611 178011 179515 176923 180443 181819 181370 190587 179931 178651 176187 180731 182266 180762 180955 180475 200442 180666 176859 177403 177019 179610 180538 176155 180635 180123 179995 179962 175034 181275 181690 180219 181307 179067 179515 179419 176923 181659 181659 181211 180571 209306 181659 178715 178267 179547 179579 181083 180954 180411 180411 176763 180986 182138 212698 181018 179099 178426 177754 181339 181979 179226 181723 180155 178714 187578 175739 210137 182010 178683 176443 177403 180250 181723 181594 180443 181307 180283 178394 176763 181498 208794 177659 181403 180667 177434 179131 177979 181755 174619 173595 175643 173211 177915 187707 219738 181211 179483 182042 179931 179163 176283 179962 178491 179547 180698 180635 253369 179867 177051 188122 176315 180283 178971 179739 179835 177371 180923 182555 181755 180443 180442 175995 181338 176539 180474 179323 177371 181563 180539 181818 182043 182011 179323 180539 176763 181051 179867 179259 180347 180795 179547 177467 179067 181339 181883 179067 179579 180123 175770 175803 181179 202010 177531 182682 182395 183290 180570 182298 180826 181019 181882 176859 180667 182362 180283 179835 178938 180795 178363 179866 181339 181595 178938 179195 179099 179163 176763 179259 175963 227257 190491 178746 176731 179898 180091 180923 180667 180219 179771 178107 177050 179259 180250 182106 180251 178811 188507 179963 177211 181819 181083 181882 180155 180282 180474 174907 181211 179515 180827 189690 180411 180379 178267 178074 181499 181595 311447 182203 179994 178107 179867 178011 179675 181851 175771 180378 180347 172539 176827 181723 181339 180187 177563 178139 175995 180890 180794 174555 190458 175322 180698 181275 177019 180955 213626 180219 179578 180475 179227 176667 179546 186010 179418 180571 179450 176411 179739 180602 180090 182170 177786 179899 182618 182267 179707 179995 181851 180187 180059 177754 181595 183354 181787 184795 179963 175067 180475 180795 173723 181082 179131 181755 181851 179739 182715 178907 177723 179834 175323 181242 180347 179899 180763 181947 180859 180763 180731 182618 176794 179002 174459 180538 180763 180219 178138 179419 176123 181115 180731 182106 214778 181210 178427 178811 179131 182459 180699 180955 178523 205466 178395 179899 181499 180890 180475 178491 255833 180283 180539 180187 176667 175770 180251 181467 180475 180347 177818 183003 181658 181146 181370 180955 179899 181210 174939 181595 180762 180827 181338 178875 175354 188699 182330 181019 175674 178875 178139 181883 180763 182619 178459 178747 175578 181018 189083 181946 181371 176891 176859 212121 182362 181146 179642 180890 177243 179771 182523 189723 180154 180762 174939 177563 181467 184667 180219 180186 180795 177370 179770 179387 180795 180282 179258 193658 173083 180730 174778 178491 172411 200506 179099 179931 171867 179195 179963 174427 186395 174619 182554 178746 178843 177275 178843 180827 182299 180251 178619 175803 180539 191003 174971 179067 180539 177147 180603 212313 180539 182778 179099 179546 179739 177115 179867 182427 180826 191259 261752 179995 181498 180123 175323 176538 181371 182843 180538 180571 178651 179995 177403 180091 229945 195578 178874 178011 178810 178907 180218 181562 180763 178811 181531 180219 175803 181978 188474 182203 180315 184059 178939 180347 177339 181915 182843 180282 180411 182714 181082 180603 176827 181466 218202 181627 181594 180987 182586 179834 178779 180859 181435 181275 179130 175355 178011 183515 181563 182267 181435 179642 175066 181627 182587 181434 180123 179291 180155 177946 181883 182234 183002 182299 181498 180283 181018 175354 181146 180794 181275 180507 180378 177883 178074 177051 192634 181563 177915 177434 181851 212474 181370 175643 183227 182619 176955 180986 178427 179290 178267 180219 174523 177979 182139 181115 182811 178491 179419 176571 261848 181147 176507 182651 182011 187899 183162 178907 177435 181626 182138 176954 179995 180634 178971 178971 180635 182875 181818 179163 180603 204858 176058 181723 181691 180826 179450 179066 179866 176123 179067 181115 182779 179227 192123 179035 178651 177595 181787 180507 181274 180731 179739 179867 176187 182139 180219 209850 179547 179802 176955 181178 182010 175802 180187 180378 176635 181723 181338 175547 179226 175130 180826 222041 181211 181274 191259 181626 180219 209530 176987 180347 179387 183194 174778 179451 177659 180827 180315 186235 178170 175131 177563 182331 179099 177947 179419 210202 216122 177691 182331 181307 180795 180571 178395 179162 180602 180571 180538 179674 182138 180858 179003 180186 180571 180507 179707 173722 180027 181467 262232 200986 177626 216473 192602 182139 181083 179579 178747 179643 175707 180027 179643 179003 180379 180058 175067 189402 180123 181370 174043 174554 180667 176379 179451 178779 176731 179706 181211 182811 186939 180698 181082 178235 182491 180666 180250 182971 179483 178299 179195 178171 176890 189563 180443 181755 179579 177594 179098 181371 181434 182427 180379 179994 181018 175227 179995 180027 176091 193979 175771 180858 181594 182651 180699 179739 182266 180826 175739 179642 181947 180634 189403 179035 177947 177947 181531 176059 247704 180379 178235 173147 226585 182074 181722 175259 178811 179674 206714 176954 208154 179899 178586 181019 177947 177307 181211 180571 179323 178875 178779 207706 177211 278744 190810 181115 180154 178491 177819 177275 258489 178298 172507 180378 180315 179546 181403 176891 181627 180571 219609 181275 181371 179195 180506 176891 179066 182459 180155 181722 180091 180219 176187 180763 180442 178682 191643 180827 180763 174811 180571 182011 184251 180379 183290 182107 179867 176058 176859 180603 178107 175387 171899 179387 176667 180667 180635 179323 180059 178426 176059 174843 179322 180538 179547 176122 181115 212986 180347 181595 179899 179194 180699 177819 181115 180154 180315 180122 177659 180123 213146 177883 181147 179195 176283 181018 181882 180026 180091 179899 179643 178139 179931 181594 181083 181371 180378 179098 180059 177307 181787 180859 181242 180891 177691 180091 177243 177210 181019 179867 204186 181179 178810 176826 180731 183899 181050 182171 181019 179963 262008 176059 181050 188026 178331 181210 181563 180411 180218 178267 179355 177083 181146 180507 179899 180666 178139 178235 175930 190362 181530 180954 179227 178522 175675 179419 179355 179803 177275 179611 176411 180955 191258 178459 179290 179003 176731 182874 180826 181371 176794 178203 178939 204922 181147 191707 179931 178619 178523 178779 177563 180410 180603 179515 178010 179323,400.48,/users/lhulsbergen/bin/g++,g++ (SUSE Linux) 13.3.1 20250313 [revision 4ef1d8c84faeebffeb0cc01ee22e891b41e5c4e0],-O3 -march=native -fopenmp -fno-math-errno -fno-trapping-math -fno-signed-zeros  -ffp-contract=fast -fstrict-aliasing -fPIC -include /capstor/scratch/cscs/lhulsbergen/HPCAgent-Bench-ext/hpcagent_bench/envs/vecmath.h -Wall -Wextra,variants/comet_int4_gemm_native_fp64.cpp variants/comet_int4_gemm_native_fp32.cpp,,,a57607ece182fdd396d7a204b42a113cc9684c9937bb01b3082ecee8db37e0c7,hand,,,,,3000,,,debug/5009929,nid006549,2026-10-09T10:19:41+0200,26a4f0cfc1540cead109dfc8d736f1c45263e390
comet_int4_gemm,native32noomp,cpp,record,7,M,ok,156795,147004,163932 159963 159707 156859 157915 159003 157819 157820 155676 156315 156891 158203 154556 156476 156028 158619 155196 153851 152924 165979 157564 152700 160156 158204 157979 151483 154107 157308 155995 156155 152923 155548 158491 267064 265336 261752 283992 258488 273784 260376 261976 264216 263352 250552 269944 278008 263512 272184 263256 250808 254456 157723 159036 153563 165787 156667 157083 159323 154139 156827 191322 158396 156891 157403 153851 155451 157948 160187 154556 158619 158043 154172 158875 158139 156507 155195 154971 155548 156284 154940 154299 147708 153084 189882 154459 155387 156476 157019 156347 157627 158971 156379 154332 156860 155579 258137 156731 155643 157884 154875 156924 151068 155739 158267 155548 157820 153275 157755 157339 156091 153340 158332 155707 156443 156924 157883 153755 154363 156860 157468 156443 156860 155356 156828 157308 155676 153372 155803 156571 159451 156315 156444 157659 152763 157468 154971 157243 155387 156124 155035 153596 167835 156380 158875 156859 148252 152475 150908 149755 153404 155708 155003 157532 156347 157244 157115 156763 154779 154683 156123 157755 157915 157403 155996 156731 152732 152827 181083 158331 158139 156508 158364 154811 154971 155739 158492 156060 152955 156379 156028 168059 158843 153787 151675 152507 157243 154363 157628 151035 156123 156956 159036 156604 168443 153659 158139 158587 154459 155644 151963 158363 182555 158715 155484 156475 222393 157851 157723 154203 179707 158587 159388 152475 158139 156636 156795 151452 158940 159931 158075 156059 154651 157403 156700 157244 158715 158044 158331 153755 157116 156123 155292 159195 154523 156859 160027 156923 154651 160315 158524 157947 158331 158747 156763 151803 154715 156603 159195 157147 156348 157148 158811 156572 158587 181915 158236 157019 157083 158652 157820 157180 158364 156284 158299 156475 153180 235033 165436 156380 156667 158811 156028 155739 157116 151676 153115 159483 156891 158140 157340 158939 153947 155772 157755 155259 155963 157788 157692 157019 154555 156764 158011 156380 180347 157084 152988 165787 156699 154139 154300 156187 156924 157755 153020 157915 152635 156763 156091 156955 175930 157852 158299 153980 157148 157979 218042 158011 157083 158043 156795 153979 155580 156443 150555 153435 157947 159771 157979 155931 152795 154971 152668 152955 157627 155100 156156 157275 156635 156635 152219 152283 156251 155964 157851 156923 156764 159100 182426 156699 158715 151580 169979 158011 154587 157595 155867 156475 156155 157979 154651 157371 155611 155611 157723 156988 159515 155292 158075 153371 156476 157755 157051 156411 156827 155995 156988 151835 157979 155644 157275 156796 157595 158587 157468 154363 155772 153596 155067 182618 154812 155611 157915 151835 152700 156316 155003 155003 155643 151740 156668 155867 157339 156667 165787 156603 158331 155419 157148 157180 155324 156347 156060 154300 155228 158683 156891 156379 154011 156635 159228 153724 152475 158491 156220 155387 228761 154300 155195 157883 158075 155131 156764 157723 158715 158492 152252 156124 157307 155899 159259 157403 157947 154427 159067 156764 157211 157211 158427 156571 153467 156444 153371 155195 154267 156219 157627 152508 157819 162971 159259 158492 155899 153115 151995 154556 159035 155995 154876 160252 158171 156092 148603 157051 152539 156220 155099 157500 157275 156827 156604 155067 156059 155963 156220 161243 157115 154843 155964 157659 155227 152763 159035 157787 156508 152572 156764 155740 166683 154396 156731 156091 155932 156347 157212 153564 158203 156540 156187 157691 156859 165179 157851 152315 157723 153051 155580 153084 158043 156219 155932 156667 154907 158940 167259 156923 183899 156668 156603 159803 157339 157275 158299 156347 151835 156251 232633 152732 157851 152668 157403 154939 154139 157148 156571 158428 158204 156155 157787 151643 158395 158300 152827 155579 156539 156667 157244 158491 154811 157403 155772 157051 156667 156828 155323 155611 157339 156156 152987 152924 158555 156027 155740 156924 157308 155835 154844 153883 158075 157883 155324 158331 155579 158075 153371 157051 159355 157307 156828 155932 156443 156635 156443 151356 153627 154139 155899 155675 157756 156252 158267 157179 156283 153659 156155 156252 155899 155675 152923 155131 156827 158395 157851 152027 156635 153659 157116 156124 151963 155803 156828 155900 157243 156379 155131 150396 152892 154299 154427 154971 156700 153883 153723 153915 157435 157851 158075 156731 152571 159035 155452 162491 160763 152539 165979 157659 225849 154939 157755 154459 156347 158171 156956 156060 154939 153275 152347 194618 156923 154812 151483 154428 157435 153563 157019 157467 157819 157371 152316 156987 155003 155836 157627 158172 155676 156635 152795 152636 157019 156732 154620 154300 156795 168443 154459 156219 156827 147931 151579 157564 155291 157691 155996 156859 153596 151899 155611 155996 156667 155420 153820 156540 158492 157083 155963 155932 156252 155131 152348 161979 156155 156315 156508 156123 154140 156763 157563 150812 157531 153595 153947 156059 155484 156923 154011 154204 156283 156987 154811 157563 157148 151004 157628 155612 157659 156124 154299 156380 156251 153243 151099 155483 158108 156187 149403 155259 155803 155323 151387 159259 157308 152187 158172 152571 147868 153051 218778 157435 156252 155516 157980 156795 152795 155099 175515 154652 153851 154428 157083 155355 155643 157275 157467 156219 155483 154459 154523 158811 156091 153788 156027 157051 155451 155515 159036 155355 153948 152764 150684 151675 157211 156444 153691 154204 156284 155356 157659 158651 154843 153275 156251 155803 153083 149884 154587 158012 156988 154940 155772 155611 155868 157819 153019 157211 155579 155579 154971 152956 155291 165499 157307 155899 155675 158363 153723 154683 156411 154843 155740 155356 155292 157499 165435 155964 151740 153275 151484 155611 156380 155771 150940 156667 155868 152284 154491 176283 156540 155163 155707 156859 157339 156059 156219 151675 157212 151644 154971 158171 165307 154875 156604 156379 157595 149979 153083 156059 299831 155036 157019 156923 155387 155708 155451 155548 167163 156635 153019 156219 156060 155419 155227 155707 151260 155131 154939 155740 155899 168570 152859 156123 157307 155388 154715 151004 156539 156507 156539 155643 156219 156155 153915 158235 157083 157755 157051 156443 157659 156188 150651 152187 156764 153179 154300 165179 156123 155387 150555 157627 157084 157691 156667 153275 156283 155068 155547 155035 154139 154876 154812 156604 155643 152956 154555 156700 156731 155931 156923 155547 153756 184634 157532 153851 155419 156796 155323 155196 155771 158140 155515 156667 154459 157115 157627 156507 158747 156764 151932 153307 156764 158203 156123 158331 160539 151996 175035 166235 153468 155612 154747 156283 154651 158203 156795 155388 152219 154555 44013078 174650 156987 158491 153243 156219 152891 159227 157723 195098 189595 157244 158300 160155 156411 156892 158203 158619 160091 156155 156507 157467 158843 154363 157723 156923 156315 158555 186938 160123 152188 156891 157052 155579 168827 159387 158459 152220 152668 157019 160475 156251 156027 158971 157915 152795 157275 166555 156476 154556 159195 158779 154940 157084 156987 156763 208730 158876 158396 154139 157755 157436 154779 157339 153403 156603 156699 159996 159388 156155 156380 156795 155964 154587 154875 159195 157948 154491 157723 156571 154267 157371 157372 155419 158716 155100 158076 155419 156059 158779 158555 158044 177947 159483 157435 156667 156636 159195 156508 217529 151771 155291 156987 156763 158267 158811 157723 173466 154491 157115 158331 162684 155003 156091 157595 157372 157819 158651 158011 156763 151868 155355 157051 157339 193562 156795 157307 158971 156859 154780 159163 157179 158555 158395 157692 155771 156315 157179 156347 157564 169883 152699 155803 155803 157979 155067 157756 158299 158587 154331 157243 157340 157051 164859 157980 157116 158299 154875 155483 155963 158108 155868 157787 157692 159515 148379 161051 153531 157372 157819 157308 157819 157595 159035 153307 152827 150940 155772 156027 179771 156155 154428 157499 156988 156667 151452 156827 156475 157052 155548 150332 154715 155451 155836 150971 155772 158620 157691 156347 157147 155483 150459 156795 157275 154556 155643 154171 153436 157819 231353 155579 157883 157755 156508 157371 156507 153787 158011 155483 155068 156539 164059 156155 157980 157115 155131 149596 149788 154844 156443 153148 159260 158012 156508 167419 157627 157915 155483 156219 156411 156284 156667 158011 157275 153531 157243 159099 163452 157788 158811 157852 158235 152188 157755 156443 156860 155931 158235 157659 157500 155100 157244 157340 153659 155419 157531 223193 159195 150875 153532 153948 157723 156187 157371 157179 159547 158459 153724 158619 156699 155452 156411 156540 156059 158108 153819 157756 154492 157307 166907 158747 152828 157115 157819 158651 157243 150812 147772 158524 153372 157339 155228 165403 155899 157564 157372 154011 158043 159003 157212 157147 159163 157787 157179 155323 158139 155291 158459 158139 260632 157243 156379 157243 158395 159003 158107 156508 154427 154491 157340 158715 158363 158332 156891 159611 153147 157851 154396 159579 155100 158428 158011 159995 154491 187290 157243 158075 156988 159355 153244 155355 158427 155035 157340 157436 156731 158331 153020 152348 153403 156060 157723 158043 157659 154044 157275 156732 157979 155132 158267 155228 157628 156635 156283 157659 157435 154523 158011 159227 159259 154588 155612 158364 156795 157307 156187 157948 158171 154427 154555 157243 156635 154523 157116 185210 157244 154172 158427 155228 159163 155132 155899 153340 156123 156636 158267 157147 152604 157275 167611 153755 156636 158460 156508 158555 152827 153755 154779 157371 155707 157435 155867 157275 158203 153403 152796 155995 156731 158203 232281 154491 156187 157948 155419 156667 155995 158171 153723 156412 155580 156316 181787 157051 155707 156731 153372 157211 157947 154299 157404 157307 156251 155420 157083 162523 156412 187962 158235 157499 159260 158939 154427 156636 158332 157595 158300 158459 157659 156315 155771 165723 150524 156348 151259 157083 156315 159547 157147 157979 158587 157243 153212 155899 163579 158011 158876 157595 158267 154043 156891 153275 156796 156635 157628 157083 157595 166171 151676 152955 157756 154588 156124 159227 160539 158012 177723 158267 156667 155579 157531 158267 157276 166075 154460 157051 155515 159259 158556 159035 154939 150747 153627 157691 157980 159196 156924 157467 154555 157947 156699 156667 154748 157115 155387 155323 160315 155003 158075 154972 228761 157755 207642 158363 158459 158523 160443 155580 154491 158331 158364 161339 157339 159707 154683 154651 159740 155163 153563 160187 156700 154075 155356 158075 160284 153916 156859 158875 158875 158075 159259 159323 151451 151707 157403 156923 154524 155676 159260 156891 157660 157627 158523 154171 164795 156859 157052 160316 159164 158043 157819 153788 187546 157339 156348 157531 157275 164059 159163 154460 158235 157915 157787 152155 157339 157596 157308 153595 157851 159611 168315 159067 158779 155803 157723 160027 156411 160187 158811 157756 154684 158299 155643 157371 155515 152411 156667 155963 155003 158587 147004 158588 152444 153627 157596 157596 157308 159195 157116 157244 153948 157979 156955 152219 155260 156923 157499 157563 158587 154331 233113 157915 161595 160667 156316 157755 157211 157307 158876 152828 158171 156444 156315 158907 155996 189882 158971 157531 156700 155452 157051 157275 190330 155771 156796 155868 156731 158812 163163 156571 157243 157115 155195 160188 157979 154683 159548 155867 156572 156091 154043 170842 158299 159292 154427 157723 157979 157115 157595 158555 157179 177371 155003 154427 156251 157563 159579 167291 152987 157083 157531 156284 157787 159451 158907 152156 156988 157115 155612 155035 157275 157916 158363 153307 153371 157371 156091 157691 156924 157051 158460 156539 152604 157212 156988 155163 157339 156731 155611 158139 151867 156028 155260 155100 154747 151739 185563 158971 158555 156540 152252 156380 158523 155963 157403 154780 158524 158299 158619 164636 228249 159035 158523 156187 159163 156379 158523 158620 159611 153948 158364 158619 157468 158044 157723 168187 152412 157851 156315 157243 155068 157083 154939 181274 156219 156923 157883 151516 159131 156347 159004 156380 156028 157115 156539 157531 156187 149627 150332 154332 157339 159387 156796 156475 157467 158556 154459 157051 156955 157371 187322 159771 157564 158331 157980 157852 158364 155963 155771 158523 159259 155995 157276 158555 157532 158619 157884 158107 158716 157595 152955 157915 156059 156859 159963 151035 150748 152380 152572 157147 158683 156412 183706 159675 151964 157787 158779 153820 157531 155836 154267 157244 158235 158811 157211 157276 154684 157851 157467 157276 154748 155163 166139 157179 158331 148828 152891 155740 158779 157756 230265 158779 154523 156219 158491 168379 156092 152219 157915 157339 158043 152379 153307 155771 157372 156124 156411 155675 159835 155995 152987 162011 158172 157243 157723 158107 157019 152923 153851 184250 157116 154972 156924 156315 157339 159195 158812 159548 154396 158235 157787 155579 156700 157563 158587 158427 155740 156347 150011 153436 155515 158139 157275 156571 156700 153980 158331 158139 154556 157435 185147 157563 156571 159260 158939 157595 157083 156315 157083 155803 158524 156987 153947 155163 157435 157083 155963 158587 191738 153852 159707 158299 157371 157084 154363 157659 158715 153659 157532 159004 157083 157595 160795 152283 153468 155964 156795 155259 156923 157787 154747 157052 170714 150844 158107 156507 158075 155899 157403 158171 226361 155579 155035 157339 157980 157147 159228 154331 157788 156507 156123 158715 154171 153052 156635 156923 156923 153500 160187 156923 156539 153084 157628 154459 155931 158267 156507 156987 153820 158267 156571 180730 153372 158428 158268 156859 153787 156667 156507 156795 155132 156571 157947 158716 161787 157851 156667 155899 157307 157595 157691 158299 154267 158587 156635 154524 158491 170107 157692 154331 156795 157467 158363 158907 158107 157435 152923 157083 158363 156635 166587 158715 159131 155355 156027 158875 157979 156699 158587 156827 153660 156603 155259 154235 158907 156571 157499 157499 152923 157563 156379 156060 157659 157691 159035 159196 157339 156795 159259 159132 157371 158395 158331 157851 158171 158363 152827 157819 154652 158715 229465 158236 157947 158171 157755 157915 156252 152155 154555 155899 158747 156763 159419 157915 152380 156476 153915 159355 156347 157147 156379 157307 151996 156859 156667 156956 156411 154491 157180 157948 152443 156987 158107 156316 157755 155419 158555 157883 155547 158811 151035 156571 157083 147932 160092 158363 151931 152475 155611 156700 155163 157819 156091 157851 156635 157820 150843 151707 157659 154747 157371 155964 156411 158171 156092 157467 152924 155772 158076 157915 151676 154011 158427 156027 157819 159100 152955 156635 155356 157339 152668 157499 154235 155771 159579 157659 153372 158332 158555 157947 157659 156956 155452 163419 153019 158171 158331 150364 151868 158395 155195 155803 152700 156379 152092 158012 164379 157147 152508 157595 225785 156891 158396 157403 151131 154620 158556 156827 157340 156987 157211 155387 156507 156571 149596 153371 156091 149020 155739 154555 156988 155899 164764 158203 157915 158491 152795 155868 156027 154460 157915 154971 153180 156316 157243 157468 157980 154076 152476 154619 150172 155995 155035 153819 156763 158012 157051 155803 153372 152572 155035 155740 153915 155579 155548 155963 149787 158044 155803 157019 157115 162523 157755 153244 156764 157307 156219 152124 155227 157339 155931 151707 158299 157084 177915 156380 155867 156443 156924 157659 157467 157499 152219 158588 156219 155516 157147 165083 156827 152700 153787 158171 157051 156443 156187 156827 156987 157564 154812 155740 168795 155836 155036 156572 157052 158011 176443 156347 155228 152379 282680 153404 158011 153276 157467 156699 162075 152827 155131 157467 156123 158139 156891 158587 152827 156539 156347 156283 156988 156412 156859 154395 156923 156571 153083 155739 158300 154011 158556 157691 157884 152347 155707 158075 156028 156347 157724 155419 152444 156347 156635 153212 156220 156667 155772 157564 153084 156219 153628 156732 156443 157595 158171 157851 156795 152603 153116 155196 154779 156187 158172 155644 157115 157627 153372 157276 192442 154811 155516 157147 156923 154203 156476 154939 153595 157819 154555 157596 156507 156347 158043 155419 155995 155260 149467 158683 158363 158299 159131 157403 154011 157147 155100 151580 154332 156220 157691 156443 157531 157691 187482 157308 149723 149980 149275 152092 155387 157659 155547 157883 229433 158075 152060 165820 156892 158779 158300 154268 152124 154875 156539 158171 156379 158747 157052 157563 157979 156155 156123 155899 157819 194682 157019 157435 153052 157723 157116 157308 158363 155580 157243 156667 156827 156187 155739 154972 157148 156923 154107 155900 158171 157788 157724 156411 156156 153115 158076 155579 155547 157179 158779 155835 154747 153339 158459 156859 155867 158012 157531 156411 154108 152667 157084 156188 155515 155484 155867 157051 165947 158587 154588 159483 154363 156700 157692 158300 158491 158299 158939 157691 157243 151899 155131 157403 153147 156124 157531 157915 153820 156603 156059 158235 157788 156763 159003 153756 155900 155835 157308 155324 158843 158204 160059 157692 155899 156859 157244 158587 157595 157499 248792 158012 151452 156155 151996 155867 155580 157467 158459 158235 158300 157947 155452 162267 159004 156379 158428 158779 156732 159612 157979 155196 151227 157819 155516 157052 167259 158459 157435 155003 157531 157371 185307 156155 159227 155932 152156 156507 157371 167003 158459 155452 159675 153499 156859 156796 156412 155164 156027 157275 156859 153467 180442 153595 157947 159100 158683 157211 157915 157435 152987 159900 157340 154556 152891 156827 156668 153692 156348 154332 156508 157596 158172 157787 157020 157403 153595 156444 164251 157851 156347 157819 157115 156316 200826 156795 157019 158619 157851 158075 154235 156507 153179 156539 157148 157595 159323 153916 156987 158331 151867 152571 156187 156731 157051 157403 152859 155867 156316 158043 231961 157596 156987 154011 156443 156220 196634 156731 156635 157211 154171 153436 157115 155675 157115 158267 156539 156731 152987 154940 158620 156348 157819 158427 158139 202650 176027 157307 154299 155228 159131 155995 154940 155068 151963 157275 153276 156571 156828 212217 153019 156284 155579 158491 157948 157819 156411 156732 156924 156603 157691 153147 157211 152059 151835 150684 152795 157467 157915 155707 154235 150620 157371 156539 154140 169499 152316 156955 155579 154300 156220 156475 157147 157083 157820 153595 156859 215194 156891 155996 157563 156380 152188 155803 154715 156412 155388 156732 158364 157595 155355 152955 158459 157756 166139 157467 158300 154939 160091 160283 157147 156411 156731 158171 157372 156283 156380 156635 155484 151931 236216 157691 152955 159995 155420 156060 156219 158235 157787 158011 180027 157212 154683 153980 157211 157563 155291 157884 158203 209434 156571 152827 159035 156796 157436 156635 157339 152091 156923 156188 157340 156764 159931 157691 154300 157179 154843 156923 156251 165307 158172 156923 159067 155227 158395 157915 155131 160123 158715 156860 154427 158907 156411 156315 158107 157307 157372 183611 154491 158235 154811 151739 157019 158043 157307 156571 156603 153947 165595 159611 157819 156699 157531 158012 153467 157563 151580 158619 156123 157691 158843 157179 157115 151515 157692 158875 154395 157051 157915 157211 158683 152667 159804 157756 183707 156763 156316 153212 158939 156379 156667 158171 155996 159067 154523 158939 155195 164571 158972 156059 239288 157019 156667 157340 156604 152859 157851 156763 157499 152987 155995 156859 158075 167323 155964 154971 155708 155420 156699 156827 156859 157084 153276 156699 157531 156732 163547 152188 156892 154619 157819 156507 156412 154236 157371 157819 170427 155995 158235 163899 153340 156731 156187 158235 157275 158427 157851 153563 198939 158939 158299 156155 155835 157499 156027 156284 153308 157243 155291 157500 157755 158203 157787 152220 152347 153115 155324 158491 157723 155963 157532 156923 155451 152923 155675 157244 154331 156540 156636 154236 159387 154844 156827 153147 157307 158716 154491 156955 158651 158555 154459 156795 159515 152796 156731 154811 156636 158555 157115 155356 157755 156699 154075 156059 158779 157947 154172 157339 154268 157275 238841 157403 158971 156924 155260 157435 157115 155899 152988 156604 153403 157851 155548 158171 153531 153723 154043 151163 155228 156123 157307 157435 157211 147644 154780 153435 156731 156731 156059 153083 155483 156091 157947 155931 156923 153275 191770 156699 154555 156891 157724 156636 154043 155580 154395 156667 152156 155868 156347 154683 155163 156572 156251 156155 154811 153212,462.44,/users/lhulsbergen/bin/g++,g++ (SUSE Linux) 13.3.1 20250313 [revision 4ef1d8c84faeebffeb0cc01ee22e891b41e5c4e0],-O3 -march=native -fopenmp -fno-math-errno -fno-trapping-math -fno-signed-zeros  -ffp-contract=fast -fstrict-aliasing -fPIC -include /capstor/scratch/cscs/lhulsbergen/HPCAgent-Bench-ext/hpcagent_bench/envs/vecmath.h -Wall -Wextra,variants/comet_int4_gemm_native_noomp_fp64.cpp variants/comet_int4_gemm_native_fp32.cpp,,,f9d245da517623c247050dd7dbce9f7ea671140504a9f2dc5cbe65a3ba3fc74d,hand,,,,,3000,,,debug/5009929,nid006549,2026-10-09T10:19:52+0200,26a4f0cfc1540cead109dfc8d736f1c45263e390
