kernel,representation,preset,flags_variant,status,time_ns_median,time_ns_min,time_ns_all,compiler,compiler_version,flags,threads,n_warmup,n_reps,commit_hash,timestamp,notes
argmax_with_index,c,M,,ok,72672884,72279408,73123446 72820191 73014490 73330449 72645829 73031162 72743682 72666885 72782177 72817569 73015995 72921565 72678884 72740450 72498025 72778433 72748866 72611558 72300271 72518889 72421196 72833504 72397036 72574312 72615526 72514345 72632806 72279408 72520073 72406316,gcc,gcc-14 (SUSE Linux) 14.2.0 [/usr/bin/gcc-14],-O3 -march=native -fopenmp -fno-math-errno -fno-trapping-math -fno-signed-zeros  -ffp-contract=fast -fstrict-aliasing -fPIC -include /capstor/scratch/cscs/lhulsbergen/HPCAgent-Bench-v2/hpcagent_bench/envs/vecmath.h -Wall -Wextra,1,5,30,26a4f0cfc1540cead109dfc8d736f1c45263e390,2026-10-02T16:02:56+0200,
argmax_with_index,cpp,M,,ok,72934812,72640325,72870335 72640325 73014714 72942716 72705027 72656485 72778369 73194868 72963964 72838463 72730499 72959004 73292498 72926909 73612520 72758018 73027002 73140246 73258866 73120375 73242771 72879518 74080219 73234484 72851999 72920925 72803617 72816673 73298514 72894749,g++,g++ (SUSE Linux) 13.3.1 20250313 [revision 4ef1d8c84faeebffeb0cc01ee22e891b41e5c4e0] [/users/lhulsbergen/bin/g++],-O3 -march=native -fopenmp -fno-math-errno -fno-trapping-math -fno-signed-zeros  -ffp-contract=fast -fstrict-aliasing -fPIC -include /capstor/scratch/cscs/lhulsbergen/HPCAgent-Bench-v2/hpcagent_bench/envs/vecmath.h -Wall -Wextra,1,5,30,26a4f0cfc1540cead109dfc8d736f1c45263e390,2026-10-02T16:03:07+0200,
argmax_with_index,fortran,M,,ok,73216692,72747938,72934845 72747938 73217588 73282577 73050681 73249139 73142966 73215796 73115255 73197844 72992507 73113143 73168054 73014938 73039672 73023641 73728037 73660679 73820643 73951998 73540330 73988156 73911040 73733893 73892320 73442637 74056795 73205492 73126359 73566857,gfortran,GNU Fortran (SUSE Linux) 13.3.1 20250313 [revision 4ef1d8c84faeebffeb0cc01ee22e891b41e5c4e0] [/users/lhulsbergen/bin/gfortran],-O3 -march=native -fopenmp -fno-math-errno -fno-trapping-math -fno-signed-zeros  -ffp-contract=fast -fstrict-aliasing -fPIC -ftree-parallelize-loops=72 -Wall -Wextra,1,5,30,26a4f0cfc1540cead109dfc8d736f1c45263e390,2026-10-02T16:03:18+0200,
argmax_with_index,numba,M,,ok,176623279,176535153,176617710 176569361 176819625 177321082 176570256 176848936 176535153 176629358 176642190 176618927 176613071 176612399 176905158 222044758 176598287 176598160 176570993 177191742 176609999 176565393 177146367 176650030 176617263 176627631 176605871 176614095 176652654 176631663 176870088 176634446,numba,numba 0.67.0,"@nb.njit(parallel=True, cache=True)",1,5,30,26a4f0cfc1540cead109dfc8d736f1c45263e390,2026-10-02T16:03:34+0200,
argmax_with_index,c_reference,M,,ok,73499371,72742497,73064504 73361776 72928733 73355376 72742497 73117591 73398990 73016154 73601096 72920413 73158709 73501483 73433358 73649543 75332086 73661415 74596811 73497259 74580876 73364848 73843778 74422224 73585513 74102714 72970427 73636872 74204343 74020700 74313651 73454732,gcc,gcc-14 (SUSE Linux) 14.2.0 [/usr/bin/gcc-14],-O3 -march=native -fopenmp -fno-math-errno -fno-trapping-math -fno-signed-zeros  -ffp-contract=fast -fstrict-aliasing -fPIC -include /capstor/scratch/cscs/lhulsbergen/HPCAgent-Bench-v2/hpcagent_bench/envs/vecmath.h -Wall -Wextra,1,5,30,26a4f0cfc1540cead109dfc8d736f1c45263e390,2026-10-02T16:03:45+0200,source=argmax_with_index_reference.c sha256=1cf93d4244fe5cee
argmax_with_index,agent,M,,ok,73764404,73012442,73589673 73700294 73516843 73366448 73466220 73012442 73871905 73252723 73496268 73024025 73715493 73820898 73072441 73752165 73229428 74041531 74501038 73865793 75099484 73776643 74605355 74812708 74084474 74865891 73388655 73873857 74993280 73585833 74679304 74732839,gcc,gcc-14 (SUSE Linux) 14.2.0 [/usr/bin/gcc-14],-O3 -march=native -fopenmp -fno-math-errno -fno-trapping-math -fno-signed-zeros  -ffp-contract=fast -fstrict-aliasing -fPIC -include /capstor/scratch/cscs/lhulsbergen/HPCAgent-Bench-v2/hpcagent_bench/envs/vecmath.h -Wall -Wextra,1,5,30,26a4f0cfc1540cead109dfc8d736f1c45263e390,2026-10-02T16:04:11+0200,rank=5 arm=llr40v10-qwen38-c job=621016 seq=1 lang=c campaign_speedup=15.585 sha256=5360f2a4292b3ea0
compact_threshold_pack,c,M,,ok,114490832,113569566,113989489 115151019 113660987 115317893 114142348 113684539 114935314 114692890 114349477 114084942 114987441 114434306 114477889 114407940 114374277 113569566 114503776 114760600 113891924 114303143 117137545 114968337 114504896 114803894 114172714 115133963 115359652 114380932 114655771 114524448,gcc,gcc-14 (SUSE Linux) 14.2.0 [/usr/bin/gcc-14],-O3 -march=native -fopenmp -fno-math-errno -fno-trapping-math -fno-signed-zeros  -ffp-contract=fast -fstrict-aliasing -fPIC -include /capstor/scratch/cscs/lhulsbergen/HPCAgent-Bench-v2/hpcagent_bench/envs/vecmath.h -Wall -Wextra,1,5,30,26a4f0cfc1540cead109dfc8d736f1c45263e390,2026-10-02T16:03:46+0200,
compact_threshold_pack,cpp,M,,ok,114646603,113305415,114143212 115108940 114498432 113733498 115200329 114764343 114418435 113864661 114950674 114096846 115203273 113885749 115070381 114127501 114698138 113305415 114713913 113938546 116910929 114298183 114702042 113935251 114595069 115006352 114806774 113885940 115812693 114260136 115457601 114783479,g++,g++ (SUSE Linux) 13.3.1 20250313 [revision 4ef1d8c84faeebffeb0cc01ee22e891b41e5c4e0] [/users/lhulsbergen/bin/g++],-O3 -march=native -fopenmp -fno-math-errno -fno-trapping-math -fno-signed-zeros  -ffp-contract=fast -fstrict-aliasing -fPIC -include /capstor/scratch/cscs/lhulsbergen/HPCAgent-Bench-v2/hpcagent_bench/envs/vecmath.h -Wall -Wextra,1,5,30,26a4f0cfc1540cead109dfc8d736f1c45263e390,2026-10-02T16:04:07+0200,
compact_threshold_pack,fortran,M,,ok,113986497,112922036,114665179 115202089 114216777 113956082 114361797 114829685 114016912 113608894 114582654 114866965 113668828 113551647 114174091 113826486 114510688 113430819 114113645 113343270 114527455 112922036 114130028 113193676 113074223 114990288 113947411 113777912 113388100 115012112 113147436 113416964,gfortran,GNU Fortran (SUSE Linux) 13.3.1 20250313 [revision 4ef1d8c84faeebffeb0cc01ee22e891b41e5c4e0] [/users/lhulsbergen/bin/gfortran],-O3 -march=native -fopenmp -fno-math-errno -fno-trapping-math -fno-signed-zeros  -ffp-contract=fast -fstrict-aliasing -fPIC -ftree-parallelize-loops=72 -Wall -Wextra,1,5,30,26a4f0cfc1540cead109dfc8d736f1c45263e390,2026-10-02T16:04:25+0200,
compact_threshold_pack,numba,M,,ok,105526700,105130570,105411616 105516125 105799571 105306371 105564379 105523389 105378113 105977325 105732821 105755476 105739798 105851378 105598170 105259365 105583610 105483773 105130570 105571386 105615290 105312420 105853938 105428799 105197287 105530012 105487837 105419296 105714582 105453790 105625113 105449407,numba,numba 0.67.0,"@nb.njit(parallel=True, cache=True)",1,5,30,26a4f0cfc1540cead109dfc8d736f1c45263e390,2026-10-02T16:04:44+0200,
compact_threshold_pack,c_reference,M,,unsupported,,,,gcc,gcc-14 (SUSE Linux) 14.2.0 [/usr/bin/gcc-14],-O3 -march=native -fopenmp -fno-math-errno -fno-trapping-math -fno-signed-zeros  -ffp-contract=fast -fstrict-aliasing -fPIC -include /capstor/scratch/cscs/lhulsbergen/HPCAgent-Bench-v2/hpcagent_bench/envs/vecmath.h -Wall -Wextra,1,5,0,26a4f0cfc1540cead109dfc8d736f1c45263e390,2026-10-02T16:04:44+0200,no hand-written _reference.c in the corpus
compact_threshold_pack,agent,M,,ok,145541632,144426100,145736841 145631820 145563151 148135450 145871397 145201211 145617294 145931395 145626413 145636653 145703435 145179100 145252794 145523601 145866438 144893893 145551632 145638892 145006433 146065727 145319703 144426100 145522864 144875110 144847592 145308792 145305688 145531633 145350390 145580399,gcc,gcc-14 (SUSE Linux) 14.2.0 [/usr/bin/gcc-14],-O3 -march=native -fopenmp -fno-math-errno -fno-trapping-math -fno-signed-zeros  -ffp-contract=fast -fstrict-aliasing -fPIC -include /capstor/scratch/cscs/lhulsbergen/HPCAgent-Bench-v2/hpcagent_bench/envs/vecmath.h -Wall -Wextra,1,5,30,26a4f0cfc1540cead109dfc8d736f1c45263e390,2026-10-02T16:05:09+0200,rank=2 arm=llr40v10-qwen38-c job=621383 seq=1 lang=c campaign_speedup=11.678 sha256=c3bbca9bc6710a07
ext_break_capture,c,M,,ok,67542621,66967934,67640586 67991647 67277717 67898242 67401265 67992000 66967934 67634731 67384305 67534669 67172600 67346067 67550573 67754759 67244406 67282612 67386898 67597868 67306772 68057918 67497006 67685001 67281367 67316118 68065120 67909252 67739209 67374228 68035937 67581934,gcc,gcc-14 (SUSE Linux) 14.2.0 [/usr/bin/gcc-14],-O3 -march=native -fopenmp -fno-math-errno -fno-trapping-math -fno-signed-zeros  -ffp-contract=fast -fstrict-aliasing -fPIC -include /capstor/scratch/cscs/lhulsbergen/HPCAgent-Bench-v2/hpcagent_bench/envs/vecmath.h -Wall -Wextra,1,5,30,26a4f0cfc1540cead109dfc8d736f1c45263e390,2026-10-02T16:04:15+0200,
ext_break_capture,cpp,M,,ok,67442642,66972000,67075549 67533296 67412691 67472593 66972000 67190521 67174746 67236249 67364757 67102172 67235353 67290231 67260056 67548463 70084612 67955139 67655308 67610957 68020385 67695563 67480753 67741961 67941955 67872390 67394547 67314551 67863462 67632109 67221849 67231129,g++,g++ (SUSE Linux) 13.3.1 20250313 [revision 4ef1d8c84faeebffeb0cc01ee22e891b41e5c4e0] [/users/lhulsbergen/bin/g++],-O3 -march=native -fopenmp -fno-math-errno -fno-trapping-math -fno-signed-zeros  -ffp-contract=fast -fstrict-aliasing -fPIC -include /capstor/scratch/cscs/lhulsbergen/HPCAgent-Bench-v2/hpcagent_bench/envs/vecmath.h -Wall -Wextra,1,5,30,26a4f0cfc1540cead109dfc8d736f1c45263e390,2026-10-02T16:04:28+0200,
ext_break_capture,fortran,M,,ok,67589006,67172378,68122910 67608046 67564334 67464754 67826183 67751337 67500016 67221593 67694507 67849286 67552207 67379284 68180828 68026177 67593390 67584622 67609614 67830823 67663788 76788350 67376149 67687691 67468178 67486001 67330038 67577422 67172378 67422515 67266392 67731977,gfortran,GNU Fortran (SUSE Linux) 13.3.1 20250313 [revision 4ef1d8c84faeebffeb0cc01ee22e891b41e5c4e0] [/users/lhulsbergen/bin/gfortran],-O3 -march=native -fopenmp -fno-math-errno -fno-trapping-math -fno-signed-zeros  -ffp-contract=fast -fstrict-aliasing -fPIC -ftree-parallelize-loops=72 -Wall -Wextra,1,5,30,26a4f0cfc1540cead109dfc8d736f1c45263e390,2026-10-02T16:04:42+0200,
ext_break_capture,numba,M,,ok,71027064,70950347,71042279 70994058 71070054 71086150 71090567 71070695 71390462 70998889 71026888 70959466 71012840 70953002 70994825 71062567 71010472 71030728 71042120 71008649 71049735 71015496 70976105 71020712 71060392 70950347 71048167 71034376 70992585 70963882 71027240 71122854,numba,numba 0.67.0,"@nb.njit(parallel=True, cache=True)",1,5,30,26a4f0cfc1540cead109dfc8d736f1c45263e390,2026-10-02T16:04:55+0200,
ext_break_capture,c_reference,M,,ok,67260103,66702216,69945672 67629389 67492848 67402483 66884162 67204378 67260536 67259671 66836868 67219993 67130715 67414323 66702216 67179866 66922914 67503985 67763977 67563631 66945249 67101660 67035614 67501745 66956673 67570638 67171578 67877894 67104380 67704875 67287351 67899749,gcc,gcc-14 (SUSE Linux) 14.2.0 [/usr/bin/gcc-14],-O3 -march=native -fopenmp -fno-math-errno -fno-trapping-math -fno-signed-zeros  -ffp-contract=fast -fstrict-aliasing -fPIC -include /capstor/scratch/cscs/lhulsbergen/HPCAgent-Bench-v2/hpcagent_bench/envs/vecmath.h -Wall -Wextra,1,5,30,26a4f0cfc1540cead109dfc8d736f1c45263e390,2026-10-02T16:05:09+0200,source=ext_break_capture_reference.c sha256=c8a1d98b15a038f4
ext_break_capture,agent,M,,ok,29875851,29549173,29731376 30036486 29925610 29982440 29890122 29875531 29742447 29995848 29549173 29816333 30234016 29825101 29646738 29876171 29882603 29944617 29796141 29738191 29820685 29865387 29666993 29654737 30093925 29918218 29898186 29898730 29949352 29884811 29666098 29847852,gcc,gcc-14 (SUSE Linux) 14.2.0 [/usr/bin/gcc-14],-O3 -march=native -fopenmp -fno-math-errno -fno-trapping-math -fno-signed-zeros  -ffp-contract=fast -fstrict-aliasing -fPIC -include /capstor/scratch/cscs/lhulsbergen/HPCAgent-Bench-v2/hpcagent_bench/envs/vecmath.h -Wall -Wextra,1,5,30,26a4f0cfc1540cead109dfc8d736f1c45263e390,2026-10-02T16:05:25+0200,rank=2 arm=llr40v10-qwen38-c job=621383 seq=1 lang=c campaign_speedup=9.763 sha256=099bb334d1962157
ext_war_unit,c,M,,ok,63159624,62497437,62638169 63135017 62615641 63601052 63424897 63531645 62969679 63120169 62981774 62886577 63391169 62709846 63388929 62924048 63069291 62497437 62791251 62893137 63254214 63162216 63244103 63417665 63440289 63238087 67012661 63539581 63212104 63317028 63157033 63156488,gcc,gcc-14 (SUSE Linux) 14.2.0 [/usr/bin/gcc-14],-O3 -march=native -fopenmp -fno-math-errno -fno-trapping-math -fno-signed-zeros  -ffp-contract=fast -fstrict-aliasing -fPIC -include /capstor/scratch/cscs/lhulsbergen/HPCAgent-Bench-v2/hpcagent_bench/envs/vecmath.h -Wall -Wextra,1,5,30,26a4f0cfc1540cead109dfc8d736f1c45263e390,2026-10-02T16:04:14+0200,
ext_war_unit,cpp,M,,ok,62780180,62265028,62756694 62739285 63360866 62797139 63066603 62687351 62611609 62548987 63261798 63338595 62741429 62688279 62850290 62604602 63026093 62265028 63221447 62408544 62888945 62510012 63019661 62452766 62852626 62580506 63246022 62787508 63384707 62772852 63264134 62355489,g++,g++ (SUSE Linux) 13.3.1 20250313 [revision 4ef1d8c84faeebffeb0cc01ee22e891b41e5c4e0] [/users/lhulsbergen/bin/g++],-O3 -march=native -fopenmp -fno-math-errno -fno-trapping-math -fno-signed-zeros  -ffp-contract=fast -fstrict-aliasing -fPIC -include /capstor/scratch/cscs/lhulsbergen/HPCAgent-Bench-v2/hpcagent_bench/envs/vecmath.h -Wall -Wextra,1,5,30,26a4f0cfc1540cead109dfc8d736f1c45263e390,2026-10-02T16:04:28+0200,
ext_war_unit,fortran,M,,ok,61640294,60983499,61847120 62206789 61600824 62001451 61591481 62405759 61691221 68386602 60983499 61678197 61626679 61227651 61301217 61663797 61403454 61698357 61187780 61555194 61580857 61574777 61839281 61490267 62003564 65717275 61653910 61418878 62220645 61418237 61543002 61669558,gfortran,GNU Fortran (SUSE Linux) 13.3.1 20250313 [revision 4ef1d8c84faeebffeb0cc01ee22e891b41e5c4e0] [/users/lhulsbergen/bin/gfortran],-O3 -march=native -fopenmp -fno-math-errno -fno-trapping-math -fno-signed-zeros  -ffp-contract=fast -fstrict-aliasing -fPIC -ftree-parallelize-loops=72 -Wall -Wextra,1,5,30,26a4f0cfc1540cead109dfc8d736f1c45263e390,2026-10-02T16:04:43+0200,
ext_war_unit,numba,M,,ok,60957883,59816909,61043241 61642231 61274914 61069352 61201315 61028009 60983179 60921356 61018281 60814288 60951339 60945260 60980939 60867918 60966347 60964427 62036491 61529434 61840849 63595451 60571959 60268224 60077030 59913867 60256033 59943785 60216289 59816909 60188834 59861036,numba,numba 0.67.0,"@nb.njit(parallel=True, cache=True)",1,5,30,26a4f0cfc1540cead109dfc8d736f1c45263e390,2026-10-02T16:04:56+0200,
ext_war_unit,c_reference,M,,ok,62827257,62282314,63347881 63147472 63219821 62655359 62968757 63314090 62980084 62931894 62282314 62557858 63040083 62720444 62600704 62741275 62862552 62428230 62860761 62420133 63264587 62344072 62819290 62835225 62692573 62889047 62960053 62810265 62934806 62660190 62687678 62797658,gcc,gcc-14 (SUSE Linux) 14.2.0 [/usr/bin/gcc-14],-O3 -march=native -fopenmp -fno-math-errno -fno-trapping-math -fno-signed-zeros  -ffp-contract=fast -fstrict-aliasing -fPIC -include /capstor/scratch/cscs/lhulsbergen/HPCAgent-Bench-v2/hpcagent_bench/envs/vecmath.h -Wall -Wextra,1,5,30,26a4f0cfc1540cead109dfc8d736f1c45263e390,2026-10-02T16:05:12+0200,source=ext_war_unit_reference.c sha256=2ee53f9778ce59a0
ext_war_unit,agent,M,,ok,62661406,62128495,62532162 62485571 62425670 62647199 63040466 62858264 62815706 62468516 62557377 62667038 62484963 62521538 62655774 62840825 62128495 62785562 62219820 62789050 62535107 62717405 62237131 63180334 62976053 63258348 63005844 62649854 62805018 62675421 63500901 62482532,gcc,gcc-14 (SUSE Linux) 14.2.0 [/usr/bin/gcc-14],-O3 -march=native -fopenmp -fno-math-errno -fno-trapping-math -fno-signed-zeros  -ffp-contract=fast -fstrict-aliasing -fPIC -include /capstor/scratch/cscs/lhulsbergen/HPCAgent-Bench-v2/hpcagent_bench/envs/vecmath.h -Wall -Wextra,1,5,30,26a4f0cfc1540cead109dfc8d736f1c45263e390,2026-10-02T16:05:27+0200,rank=1 arm=llr40v10-kimi27sglang-c job=621729 seq=3 lang=c campaign_speedup=5.996 sha256=20906b99b5e25abf
fuse_diamond,c,M,,ok,178146508,171503290,188362840 181299122 186825383 180135415 186028352 177811423 185461362 177799647 184462609 177032183 183056860 176432618 182149689 175412329 180598728 173997558 180533866 174236270 178853278 172746908 178881405 172542426 178018448 171721811 178274569 171503290 177584830 292758442 171980652 177811639,gcc,gcc-14 (SUSE Linux) 14.2.0 [/usr/bin/gcc-14],-O3 -march=native -fopenmp -fno-math-errno -fno-trapping-math -fno-signed-zeros  -ffp-contract=fast -fstrict-aliasing -fPIC -include /capstor/scratch/cscs/lhulsbergen/HPCAgent-Bench-v2/hpcagent_bench/envs/vecmath.h -Wall -Wextra,1,5,30,26a4f0cfc1540cead109dfc8d736f1c45263e390,2026-10-02T15:57:29+0200,
fuse_diamond,cpp,M,,ok,169788159,165569906,172782003 165569906 172161285 165890600 274954419 167134402 174797556 166584819 175145706 166457111 175066636 165729550 174581883 167415033 174256453 165881481 174469438 166108865 174849459 165954022 174896241 166349498 174497373 166104545 174343682 166309884 193785159 165891464 174687544 166069954,g++,g++ (SUSE Linux) 13.3.1 20250313 [revision 4ef1d8c84faeebffeb0cc01ee22e891b41e5c4e0] [/users/lhulsbergen/bin/g++],-O3 -march=native -fopenmp -fno-math-errno -fno-trapping-math -fno-signed-zeros  -ffp-contract=fast -fstrict-aliasing -fPIC -include /capstor/scratch/cscs/lhulsbergen/HPCAgent-Bench-v2/hpcagent_bench/envs/vecmath.h -Wall -Wextra,1,5,30,26a4f0cfc1540cead109dfc8d736f1c45263e390,2026-10-02T15:57:45+0200,
fuse_diamond,fortran,M,,ok,27597111,21823611,22084404 32742921 21845115 33061919 22266190 32641547 21823899 32726953 21933463 32924259 22306828 32657867 21823611 32900515 21892889 32895908 22441832 32879140 21958039 32791879 21886490 35309753 21845914 32752361 22204176 32858437 22552676 51120719 22037300 32951490,gfortran,GNU Fortran (SUSE Linux) 13.3.1 20250313 [revision 4ef1d8c84faeebffeb0cc01ee22e891b41e5c4e0] [/users/lhulsbergen/bin/gfortran],-O3 -march=native -fopenmp -fno-math-errno -fno-trapping-math -fno-signed-zeros  -ffp-contract=fast -fstrict-aliasing -fPIC -ftree-parallelize-loops=72 -Wall -Wextra,1,5,30,26a4f0cfc1540cead109dfc8d736f1c45263e390,2026-10-02T15:57:55+0200,
fuse_diamond,numba,M,,ok,180839993,179427973,192234775 179744059 181363624 179427973 180892535 180590432 181225485 180233387 181335177 179979667 181230829 179468612 180885495 179960693 181646208 180617056 181373289 179824760 181285802 179915221 181074545 179722620 181228812 180188013 180794491 180377671 403728858 181128175 185473929 179814073,numba,numba 0.67.0,"@nb.njit(parallel=True, cache=True)",1,5,30,26a4f0cfc1540cead109dfc8d736f1c45263e390,2026-10-02T15:58:10+0200,
fuse_diamond,c_reference,M,,ok,29406736,29208215,29602282 29326098 29355730 29308339 29322226 29302995 29484270 29460430 29405553 29344562 29407920 29602282 29234325 29356370 29208215 29282420 29240949 29335218 29394289 29459982 29477965 29412209 29392944 29457646 29410225 29688199 29497485 29726982 29505005 29433936,gcc,gcc-14 (SUSE Linux) 14.2.0 [/usr/bin/gcc-14],-O3 -march=native -fopenmp -fno-math-errno -fno-trapping-math -fno-signed-zeros  -ffp-contract=fast -fstrict-aliasing -fPIC -include /capstor/scratch/cscs/lhulsbergen/HPCAgent-Bench-v2/hpcagent_bench/envs/vecmath.h -Wall -Wextra,1,5,30,26a4f0cfc1540cead109dfc8d736f1c45263e390,2026-10-02T15:58:20+0200,source=fuse_diamond_reference.c sha256=ead7cb4b8d194d60
fuse_diamond,agent,M,,ok,30844049,30596616,30729764 30604616 30743140 30596616 30601801 30597352 30893087 30653415 30875424 30618856 30830754 30704837 30769539 30810786 30846913 31173143 30889216 30867808 31069177 30736196 31168344 30827169 31056282 30883808 30932158 30893024 30983485 30866400 31008668 30841185,gfortran,GNU Fortran (SUSE Linux) 13.3.1 20250313 [revision 4ef1d8c84faeebffeb0cc01ee22e891b41e5c4e0] [/users/lhulsbergen/bin/gfortran],-O3 -march=native -fopenmp -fno-math-errno -fno-trapping-math -fno-signed-zeros  -ffp-contract=fast -fstrict-aliasing -fPIC -ftree-parallelize-loops=72 -Wall -Wextra,1,5,30,26a4f0cfc1540cead109dfc8d736f1c45263e390,2026-10-02T15:58:36+0200,rank=3 arm=llr40v10-oss120b-fortran job=621019 seq=1 lang=fortran campaign_speedup=62.761 sha256=1f00f370099f0e48
fuse_move_ifs,c,M,,ok,68448075,67900842,67900842 68369757 68098597 68415580 67994887 68501912 68282687 68355773 68043910 68655445 68138979 68602710 68094469 68708787 68613334 68572599 68480570 68619286 68559671 68636726 68206529 68628533 68240544 68637717 68288959 68778385 68227201 68717075 68186818 68727155,gcc,gcc-14 (SUSE Linux) 14.2.0 [/usr/bin/gcc-14],-O3 -march=native -fopenmp -fno-math-errno -fno-trapping-math -fno-signed-zeros  -ffp-contract=fast -fstrict-aliasing -fPIC -include /capstor/scratch/cscs/lhulsbergen/HPCAgent-Bench-v2/hpcagent_bench/envs/vecmath.h -Wall -Wextra,1,5,30,26a4f0cfc1540cead109dfc8d736f1c45263e390,2026-10-02T16:02:41+0200,
fuse_move_ifs,cpp,M,,ok,68320782,67713743,67713743 68110212 68364764 68419228 67955689 68473370 68553592 68138468 68319007 68505209 68170242 68163011 68092228 68180514 68307455 68322558 68241601 68434619 68343069 68561847 68084197 68218208 68314782 68416827 68316927 68498585 68561527 68847952 68505209 68668436,g++,g++ (SUSE Linux) 13.3.1 20250313 [revision 4ef1d8c84faeebffeb0cc01ee22e891b41e5c4e0] [/users/lhulsbergen/bin/g++],-O3 -march=native -fopenmp -fno-math-errno -fno-trapping-math -fno-signed-zeros  -ffp-contract=fast -fstrict-aliasing -fPIC -include /capstor/scratch/cscs/lhulsbergen/HPCAgent-Bench-v2/hpcagent_bench/envs/vecmath.h -Wall -Wextra,1,5,30,26a4f0cfc1540cead109dfc8d736f1c45263e390,2026-10-02T16:03:01+0200,
fuse_move_ifs,fortran,M,,ok,55376960,55004042,55156592 55242638 55217903 55177808 55054867 55160933 55838450 59203475 55227460 55358081 55183941 55614329 55004042 55522844 55395264 59191507 55535836 55517596 55473117 55789204 55323169 55358656 55440350 71254686 58271278 55219780 55150566 55763701 55302210 55686775,gfortran,GNU Fortran (SUSE Linux) 13.3.1 20250313 [revision 4ef1d8c84faeebffeb0cc01ee22e891b41e5c4e0] [/users/lhulsbergen/bin/gfortran],-O3 -march=native -fopenmp -fno-math-errno -fno-trapping-math -fno-signed-zeros  -ffp-contract=fast -fstrict-aliasing -fPIC -ftree-parallelize-loops=72 -Wall -Wextra,1,5,30,26a4f0cfc1540cead109dfc8d736f1c45263e390,2026-10-02T16:03:20+0200,
fuse_move_ifs,numba,M,,ok,68565802,67999162,68556298 68821027 68324528 68420815 68312850 68681798 68347056 68474221 67999162 68712197 68342320 68492044 68582281 68670215 68371311 68377904 76258096 68768420 68563818 68600489 71204159 68561323 68691495 68876001 68659400 68489100 68606345 68567786 68351792 68900193,numba,numba 0.67.0,"@nb.njit(parallel=True, cache=True)",1,5,30,26a4f0cfc1540cead109dfc8d736f1c45263e390,2026-10-02T16:03:40+0200,
fuse_move_ifs,c_reference,M,,ok,67441770,66851035,67230992 67174546 67668644 67406731 67375244 67091795 66851035 67598309 67051765 67388396 67062261 67756577 67619972 67134802 67305774 67771073 68167478 67496008 68057497 67731842 67185650 67297294 68066264 67564583 67142995 67555110 68287442 67476809 68767589 67156082,gcc,gcc-14 (SUSE Linux) 14.2.0 [/usr/bin/gcc-14],-O3 -march=native -fopenmp -fno-math-errno -fno-trapping-math -fno-signed-zeros  -ffp-contract=fast -fstrict-aliasing -fPIC -include /capstor/scratch/cscs/lhulsbergen/HPCAgent-Bench-v2/hpcagent_bench/envs/vecmath.h -Wall -Wextra,1,5,30,26a4f0cfc1540cead109dfc8d736f1c45263e390,2026-10-02T16:04:00+0200,source=fuse_move_ifs_reference.c sha256=473478cf8c0223e4
fuse_move_ifs,agent,M,,ok,52827736,52479282,52653389 52831240 53020387 53045698 52981379 52978435 52806696 52919398 52876679 52506865 52838567 52669133 53117920 52778409 53229821 52479282 52746154 52696555 52908101 52664269 52824232 53339801 53058658 52783529 52746250 52759465 52932901 53005731 52597775 52760617,gcc,gcc-14 (SUSE Linux) 14.2.0 [/usr/bin/gcc-14],-O3 -march=native -fopenmp -fno-math-errno -fno-trapping-math -fno-signed-zeros  -ffp-contract=fast -fstrict-aliasing -fPIC -include /capstor/scratch/cscs/lhulsbergen/HPCAgent-Bench-v2/hpcagent_bench/envs/vecmath.h -Wall -Wextra,1,5,30,26a4f0cfc1540cead109dfc8d736f1c45263e390,2026-10-02T16:04:19+0200,rank=1 arm=llr40v10-kimi27sglang-c job=621017 seq=2 lang=c campaign_speedup=8.839 sha256=4be046ffc4b2dabd
fuse_stencil_through_transient,c,M,,ok,125993534,122055627,131708256 129021067 131541732 127981255 129967600 127942247 129425759 126712874 128667412 125649864 128806672 125748324 127953512 125196788 127445846 124760448 127513972 124559814 126085436 123588417 126364180 122883701 125214132 123055024 125901633 122628699 125293393 122300325 125024441 122055627,gcc,gcc-14 (SUSE Linux) 14.2.0 [/usr/bin/gcc-14],-O3 -march=native -fopenmp -fno-math-errno -fno-trapping-math -fno-signed-zeros  -ffp-contract=fast -fstrict-aliasing -fPIC -include /capstor/scratch/cscs/lhulsbergen/HPCAgent-Bench-v2/hpcagent_bench/envs/vecmath.h -Wall -Wextra,1,5,30,26a4f0cfc1540cead109dfc8d736f1c45263e390,2026-10-02T15:57:30+0200,
fuse_stencil_through_transient,cpp,M,,ok,121245202,114125095,114323809 121130085 114830035 121360319 114208772 125853378 114192837 123916088 114324609 124542086 114125095 123274921 114486141 123990166 114384288 124173169 114323746 125446606 114471006 124898300 124871677 125337616 114972624 124931036 114660792 125871777 115108267 125805187 114784053 125248211,g++,g++ (SUSE Linux) 13.3.1 20250313 [revision 4ef1d8c84faeebffeb0cc01ee22e891b41e5c4e0] [/users/lhulsbergen/bin/g++],-O3 -march=native -fopenmp -fno-math-errno -fno-trapping-math -fno-signed-zeros  -ffp-contract=fast -fstrict-aliasing -fPIC -include /capstor/scratch/cscs/lhulsbergen/HPCAgent-Bench-v2/hpcagent_bench/envs/vecmath.h -Wall -Wextra,1,5,30,26a4f0cfc1540cead109dfc8d736f1c45263e390,2026-10-02T15:57:47+0200,
fuse_stencil_through_transient,fortran,M,,ok,13369005,13124052,15302488 13124052 13387309 13578632 13131571 13442475 13434027 13573127 13365613 13263472 13335215 13372398 13233265 13360845 15091165 13481130 13184402 13443435 13248689 13363150 13193650 13929149 13229713 13444779 13194994 13343118 13388365 13431275 13508010 13350573,gfortran,GNU Fortran (SUSE Linux) 13.3.1 20250313 [revision 4ef1d8c84faeebffeb0cc01ee22e891b41e5c4e0] [/users/lhulsbergen/bin/gfortran],-O3 -march=native -fopenmp -fno-math-errno -fno-trapping-math -fno-signed-zeros  -ffp-contract=fast -fstrict-aliasing -fPIC -ftree-parallelize-loops=72 -Wall -Wextra,1,5,30,26a4f0cfc1540cead109dfc8d736f1c45263e390,2026-10-02T15:58:01+0200,
fuse_stencil_through_transient,numba,M,,ok,198228582,186537642,187694026 203323320 187601869 202748488 188083232 657511683 186863649 206510816 187129274 206260647 186537642 207608930 193708676 217257974 188282585 210215066 187660971 209483854 187606220 209956640 187612556 210383541 187001245 207890586 187181432 208312206 187152313 206926260 186974238 207589155,numba,numba 0.67.0,"@nb.njit(parallel=True, cache=True)",1,5,30,26a4f0cfc1540cead109dfc8d736f1c45263e390,2026-10-02T15:58:20+0200,
fuse_stencil_through_transient,c_reference,M,,ok,48014252,47591416,47992621 47768083 48114569 47945614 48187431 47702709 47932367 47649239 48307908 47676405 48200231 47860305 48233958 47762003 48410081 47814225 48382146 47591416 48265573 47714581 48401346 57583811 48202503 48176487 48249957 47740211 47991085 48035883 48248773 47913999,gcc,gcc-14 (SUSE Linux) 14.2.0 [/usr/bin/gcc-14],-O3 -march=native -fopenmp -fno-math-errno -fno-trapping-math -fno-signed-zeros  -ffp-contract=fast -fstrict-aliasing -fPIC -include /capstor/scratch/cscs/lhulsbergen/HPCAgent-Bench-v2/hpcagent_bench/envs/vecmath.h -Wall -Wextra,1,5,30,26a4f0cfc1540cead109dfc8d736f1c45263e390,2026-10-02T15:58:34+0200,source=fuse_stencil_through_transient_reference.c sha256=0acd59d853882c06
fuse_stencil_through_transient,agent,M,,ok,51358544,47479355,51573514 47589208 51582505 47566617 51687783 47639382 51457997 47666294 51663047 52750089 51461869 47776980 51429742 47726004 51500715 47694005 51701158 47730740 51287346 47567545 51461613 47577753 51432461 47479355 51753221 47799442 51600969 47604663 51531754 47641559,gcc,gcc-14 (SUSE Linux) 14.2.0 [/usr/bin/gcc-14],-O3 -march=native -fopenmp -fno-math-errno -fno-trapping-math -fno-signed-zeros  -ffp-contract=fast -fstrict-aliasing -fPIC -include /capstor/scratch/cscs/lhulsbergen/HPCAgent-Bench-v2/hpcagent_bench/envs/vecmath.h -Wall -Wextra,1,5,30,26a4f0cfc1540cead109dfc8d736f1c45263e390,2026-10-02T15:58:49+0200,rank=1 arm=llr40v10-kimi27sglang-c job=621017 seq=1 lang=c campaign_speedup=28.882 sha256=19dae12d481d0433
quasi_affine_reduce_odd,c,M,,ok,64977595,64593493,64857070 65063817 64593493 65160005 64864654 65592793 64870062 64926541 64843182 64669940 65027625 64600662 64853998 64977131 64978059 65166469 65067432 64840399 65244515 64881645 65352993 65136262 77622244 64629172 65136422 65066248 65440734 64727474 64919436 65030793,gcc,gcc-14 (SUSE Linux) 14.2.0 [/usr/bin/gcc-14],-O3 -march=native -fopenmp -fno-math-errno -fno-trapping-math -fno-signed-zeros  -ffp-contract=fast -fstrict-aliasing -fPIC -include /capstor/scratch/cscs/lhulsbergen/HPCAgent-Bench-v2/hpcagent_bench/envs/vecmath.h -Wall -Wextra,1,5,30,26a4f0cfc1540cead109dfc8d736f1c45263e390,2026-10-02T16:04:32+0200,
quasi_affine_reduce_odd,cpp,M,,ok,64482073,64039813,64623701 64710642 64494616 64500920 64625365 64671827 64703314 64826031 64795983 65639320 64472666 64248447 64701778 64039813 64414907 64562263 64421403 64447514 64333757 64481337 64381564 65046217 64482809 64891949 64129058 64358556 64407739 64336285 64383388 64258015,g++,g++ (SUSE Linux) 13.3.1 20250313 [revision 4ef1d8c84faeebffeb0cc01ee22e891b41e5c4e0] [/users/lhulsbergen/bin/g++],-O3 -march=native -fopenmp -fno-math-errno -fno-trapping-math -fno-signed-zeros  -ffp-contract=fast -fstrict-aliasing -fPIC -include /capstor/scratch/cscs/lhulsbergen/HPCAgent-Bench-v2/hpcagent_bench/envs/vecmath.h -Wall -Wextra,1,5,30,26a4f0cfc1540cead109dfc8d736f1c45263e390,2026-10-02T16:04:43+0200,
quasi_affine_reduce_odd,fortran,M,,ok,64475384,64048421,64838126 64354269 64279422 64545815 64356316 64326557 69122165 64438362 64103491 64358941 64271743 64610357 65274178 64737905 64469689 64455930 64684691 64048421 64089411 64610837 64167586 64611958 64518424 64660436 64068485 64608789 64501432 64325373 64776369 64481080,gfortran,GNU Fortran (SUSE Linux) 13.3.1 20250313 [revision 4ef1d8c84faeebffeb0cc01ee22e891b41e5c4e0] [/users/lhulsbergen/bin/gfortran],-O3 -march=native -fopenmp -fno-math-errno -fno-trapping-math -fno-signed-zeros  -ffp-contract=fast -fstrict-aliasing -fPIC -ftree-parallelize-loops=72 -Wall -Wextra,1,5,30,26a4f0cfc1540cead109dfc8d736f1c45263e390,2026-10-02T16:04:54+0200,
quasi_affine_reduce_odd,numba,M,,ok,66612876,66501695,66738809 66666907 66693562 66692186 66671674 66570334 66629660 66599389 66617180 66598141 66670747 66625691 66556894 66610524 66538879 66641468 66609117 66601277 66531135 66620925 66501695 66522655 66584189 66619644 66517023 66621980 66611836 66613917 66580317 66694778,numba,numba 0.67.0,"@nb.njit(parallel=True, cache=True)",1,5,30,26a4f0cfc1540cead109dfc8d736f1c45263e390,2026-10-02T16:05:04+0200,
quasi_affine_reduce_odd,c_reference,M,,ok,67193948,66834614,67184716 67200972 67291561 67275530 67246955 67207595 67067920 66975250 66955858 67496611 67446725 67282954 67118510 67006257 67059376 67691486 66968050 67330024 67198956 67107982 67188941 67277546 66854197 67260874 66916851 67571841 66952115 67478404 66834614 66981458,gcc,gcc-14 (SUSE Linux) 14.2.0 [/usr/bin/gcc-14],-O3 -march=native -fopenmp -fno-math-errno -fno-trapping-math -fno-signed-zeros  -ffp-contract=fast -fstrict-aliasing -fPIC -include /capstor/scratch/cscs/lhulsbergen/HPCAgent-Bench-v2/hpcagent_bench/envs/vecmath.h -Wall -Wextra,1,5,30,26a4f0cfc1540cead109dfc8d736f1c45263e390,2026-10-02T16:05:16+0200,source=quasi_affine_reduce_odd_reference.c sha256=743ca676c255011f
quasi_affine_reduce_odd,agent,M,,ok,3591226,3424063,3698648 3600538 3620601 3517276 3677528 3564891 3712567 3481502 6203056 3424063 3719062 3630713 3699575 3481565 3646104 3581914 3705110 3475486 3574171 3535228 3788020 3555580 3729174 3444702 3535932 3508957 6256207 3558716 3662616 3539708,gfortran,GNU Fortran (SUSE Linux) 13.3.1 20250313 [revision 4ef1d8c84faeebffeb0cc01ee22e891b41e5c4e0] [/users/lhulsbergen/bin/gfortran],-O3 -march=native -fopenmp -fno-math-errno -fno-trapping-math -fno-signed-zeros  -ffp-contract=fast -fstrict-aliasing -fPIC -ftree-parallelize-loops=72 -Wall -Wextra,1,5,30,26a4f0cfc1540cead109dfc8d736f1c45263e390,2026-10-02T16:05:24+0200,rank=1 arm=llr40v10-qwen38-fortran job=621728 seq=1 lang=fortran campaign_speedup=10.364 sha256=fb86640f50a897ed
scan_affine_decay,c,M,,ok,120990016,120097884,120822021 121500336 120374163 120499439 120977632 121089468 120600621 121189529 121002400 121104604 120166234 121118268 123190779 121223993 120772679 121646732 120571597 121236152 120828805 120936290 120097884 120937474 120802630 121387379 120728712 121431186 120592204 121454225 121061821 121402227,gcc,gcc-14 (SUSE Linux) 14.2.0 [/usr/bin/gcc-14],-O3 -march=native -fopenmp -fno-math-errno -fno-trapping-math -fno-signed-zeros  -ffp-contract=fast -fstrict-aliasing -fPIC -include /capstor/scratch/cscs/lhulsbergen/HPCAgent-Bench-v2/hpcagent_bench/envs/vecmath.h -Wall -Wextra,1,5,30,26a4f0cfc1540cead109dfc8d736f1c45263e390,2026-10-02T16:03:16+0200,
scan_affine_decay,cpp,M,,ok,121188757,120450793,120835429 120686282 121481105 120557325 130308733 121417747 121240248 121051742 122077758 121188632 120942394 121188882 120755008 120777536 120638884 120450793 120803455 121101781 121841182 121892892 122246738 121315214 120985304 127427279 122131541 120791167 121607397 121890492 121644036 120885500,g++,g++ (SUSE Linux) 13.3.1 20250313 [revision 4ef1d8c84faeebffeb0cc01ee22e891b41e5c4e0] [/users/lhulsbergen/bin/g++],-O3 -march=native -fopenmp -fno-math-errno -fno-trapping-math -fno-signed-zeros  -ffp-contract=fast -fstrict-aliasing -fPIC -include /capstor/scratch/cscs/lhulsbergen/HPCAgent-Bench-v2/hpcagent_bench/envs/vecmath.h -Wall -Wextra,1,5,30,26a4f0cfc1540cead109dfc8d736f1c45263e390,2026-10-02T16:03:35+0200,
scan_affine_decay,fortran,M,,ok,151238343,150645529,151883411 150864114 150969903 151249158 150847218 151122027 151718391 150721271 151492735 151193351 150645529 151937201 151558493 150776277 151793301 151155369 350425554 150843123 151215656 152827669 151236935 151139690 152242055 150886513 151363267 151755958 151048749 151239751 151879794 151416065,gfortran,GNU Fortran (SUSE Linux) 13.3.1 20250313 [revision 4ef1d8c84faeebffeb0cc01ee22e891b41e5c4e0] [/users/lhulsbergen/bin/gfortran],-O3 -march=native -fopenmp -fno-math-errno -fno-trapping-math -fno-signed-zeros  -ffp-contract=fast -fstrict-aliasing -fPIC -ftree-parallelize-loops=72 -Wall -Wextra,1,5,30,26a4f0cfc1540cead109dfc8d736f1c45263e390,2026-10-02T16:03:55+0200,
scan_affine_decay,numba,M,,ok,145877806,145796049,145809617 145929837 145798352 145854607 145827088 145893390 145842287 145930285 145796049 145923180 145872686 145887086 145833104 146271138 145829296 145883886 146469340 146493243 314312124 145882926 145798353 145898542 145815120 145912493 145855536 145899918 145838384 145982635 145855087 145842831,numba,numba 0.67.0,"@nb.njit(parallel=True, cache=True)",1,5,30,26a4f0cfc1540cead109dfc8d736f1c45263e390,2026-10-02T16:04:15+0200,
scan_affine_decay,c_reference,M,,unsupported,,,,gcc,gcc-14 (SUSE Linux) 14.2.0 [/usr/bin/gcc-14],-O3 -march=native -fopenmp -fno-math-errno -fno-trapping-math -fno-signed-zeros  -ffp-contract=fast -fstrict-aliasing -fPIC -include /capstor/scratch/cscs/lhulsbergen/HPCAgent-Bench-v2/hpcagent_bench/envs/vecmath.h -Wall -Wextra,1,5,0,26a4f0cfc1540cead109dfc8d736f1c45263e390,2026-10-02T16:04:15+0200,no hand-written _reference.c in the corpus
scan_affine_decay,agent,M,,ok,239583614,238808340,239425537 239136650 240305382 245161005 240672698 239504127 239561821 239381187 238808340 240394819 239155465 240166314 240014030 239316388 239609179 240616124 244886134 239451200 239114541 239800791 239570399 239783001 240309160 239487522 239104589 239596830 239181003 240321960 245675359 239512993,gcc,gcc-14 (SUSE Linux) 14.2.0 [/usr/bin/gcc-14],-O3 -march=native -fopenmp -fno-math-errno -fno-trapping-math -fno-signed-zeros  -ffp-contract=fast -fstrict-aliasing -fPIC -include /capstor/scratch/cscs/lhulsbergen/HPCAgent-Bench-v2/hpcagent_bench/envs/vecmath.h -Wall -Wextra,1,5,30,26a4f0cfc1540cead109dfc8d736f1c45263e390,2026-10-02T16:04:39+0200,rank=1 arm=llr40v10-qwen38-c job=621727 seq=2 lang=c campaign_speedup=8.244 sha256=7764c69a6bf0b572
scatter_accum_dup,c,M,,ok,347881428,347064514,359358832 347221481 347802551 347824758 347868949 347893908 347860661 347575742 347553566 347966034 347807351 348409348 348382373 349001874 347930386 350496707 347529055 348626429 348160268 348227625 347941810 347636188 348093325 347703898 347639196 347660474 347064514 354232932 347681614 348610162,gcc,gcc-14 (SUSE Linux) 14.2.0 [/usr/bin/gcc-14],-O3 -march=native -fopenmp -fno-math-errno -fno-trapping-math -fno-signed-zeros  -ffp-contract=fast -fstrict-aliasing -fPIC -include /capstor/scratch/cscs/lhulsbergen/HPCAgent-Bench-v2/hpcagent_bench/envs/vecmath.h -Wall -Wextra,1,5,30,26a4f0cfc1540cead109dfc8d736f1c45263e390,2026-10-02T16:01:15+0200,
scatter_accum_dup,cpp,M,,ok,347208590,346213532,347483478 346213532 347394520 347049667 347729933 347154143 346613009 347087105 346509076 347658608 347105089 347786540 346996996 347072514 359724057 346738988 347410456 346553586 348050212 346739821 347916295 347232125 347185055 347705166 347134688 347944583 347428823 348733262 347705039 347107041,g++,g++ (SUSE Linux) 13.3.1 20250313 [revision 4ef1d8c84faeebffeb0cc01ee22e891b41e5c4e0] [/users/lhulsbergen/bin/g++],-O3 -march=native -fopenmp -fno-math-errno -fno-trapping-math -fno-signed-zeros  -ffp-contract=fast -fstrict-aliasing -fPIC -include /capstor/scratch/cscs/lhulsbergen/HPCAgent-Bench-v2/hpcagent_bench/envs/vecmath.h -Wall -Wextra,1,5,30,26a4f0cfc1540cead109dfc8d736f1c45263e390,2026-10-02T16:01:39+0200,
scatter_accum_dup,fortran,M,,ok,367019110,366422696,377927716 366902874 366719904 366777086 367260655 367221168 367381388 367589893 367412362 366988535 368792255 367292878 366912985 366694336 366954264 367389483 366717951 367049685 366570724 367325389 366422696 367452841 366632706 367281903 366913978 366815420 378579247 366501862 367535334 366748799,gfortran,GNU Fortran (SUSE Linux) 13.3.1 20250313 [revision 4ef1d8c84faeebffeb0cc01ee22e891b41e5c4e0] [/users/lhulsbergen/bin/gfortran],-O3 -march=native -fopenmp -fno-math-errno -fno-trapping-math -fno-signed-zeros  -ffp-contract=fast -fstrict-aliasing -fPIC -ftree-parallelize-loops=72 -Wall -Wextra,1,5,30,26a4f0cfc1540cead109dfc8d736f1c45263e390,2026-10-02T16:02:03+0200,
scatter_accum_dup,numba,M,,ok,397923762,397437446,397649727 397499779 397806009 397611648 397622272 397437446 397548322 397513538 397898997 398869717 398086285 397791991 399549408 397652795 397902419 397718392 397651259 397851349 397945105 398091309 397997264 398087533 398263912 398090350 398438626 398739929 398686202 398393732 398677691 398471618,numba,numba 0.67.0,"@nb.njit(parallel=True, cache=True)",1,5,30,26a4f0cfc1540cead109dfc8d736f1c45263e390,2026-10-02T16:02:29+0200,
scatter_accum_dup,c_reference,M,,unsupported,,,,gcc,gcc-14 (SUSE Linux) 14.2.0 [/usr/bin/gcc-14],-O3 -march=native -fopenmp -fno-math-errno -fno-trapping-math -fno-signed-zeros  -ffp-contract=fast -fstrict-aliasing -fPIC -include /capstor/scratch/cscs/lhulsbergen/HPCAgent-Bench-v2/hpcagent_bench/envs/vecmath.h -Wall -Wextra,1,5,0,26a4f0cfc1540cead109dfc8d736f1c45263e390,2026-10-02T16:02:29+0200,no hand-written _reference.c in the corpus
scatter_accum_dup,agent,M,,ok,81198967,78842017,81329140 82891746 80515950 81781061 81042012 80897121 81515118 80302868 80461647 80496878 82509166 81271413 82907203 78903231 80865378 82511087 81126522 82769862 78842017 81034429 81416561 82474768 82600300 78855297 79915200 82799430 80622730 82450000 82286134 78864737,gcc,gcc-14 (SUSE Linux) 14.2.0 [/usr/bin/gcc-14],-O3 -march=native -fopenmp -fno-math-errno -fno-trapping-math -fno-signed-zeros  -ffp-contract=fast -fstrict-aliasing -fPIC -include /capstor/scratch/cscs/lhulsbergen/HPCAgent-Bench-v2/hpcagent_bench/envs/vecmath.h -Wall -Wextra,1,5,30,26a4f0cfc1540cead109dfc8d736f1c45263e390,2026-10-02T16:02:54+0200,rank=2 arm=llr40v10-qwen38-c job=621727 seq=5 lang=c campaign_speedup=17.737 sha256=420c4bdf8babe5c9
segment_reduce_ragged,c,M,,ok,39386572,39042086,39151972 39249793 39042086 39347261 39089381 39192034 39602453 39291871 39273216 39269824 39171363 39239041 39255264 39553911 39404700 39167139 39395484 39574486 39504536 39392348 40276289 39629492 39818127 39668083 39487065 39642964 39291199 39883116 39380796 39439163,gcc,gcc-14 (SUSE Linux) 14.2.0 [/usr/bin/gcc-14],-O3 -march=native -fopenmp -fno-math-errno -fno-trapping-math -fno-signed-zeros  -ffp-contract=fast -fstrict-aliasing -fPIC -include /capstor/scratch/cscs/lhulsbergen/HPCAgent-Bench-v2/hpcagent_bench/envs/vecmath.h -Wall -Wextra,1,5,30,26a4f0cfc1540cead109dfc8d736f1c45263e390,2026-10-02T16:04:31+0200,
segment_reduce_ragged,cpp,M,,ok,39526343,39226209,39486361 39575190 39410491 39235872 39386396 39474297 39226209 39532151 39522232 39379132 39421627 39538839 39530455 39452794 39243553 39650100 39377308 39537911 39552662 39722129 39511513 40129285 39308798 39982025 39514008 40101573 39811823 39598806 39566838 40149220,g++,g++ (SUSE Linux) 13.3.1 20250313 [revision 4ef1d8c84faeebffeb0cc01ee22e891b41e5c4e0] [/users/lhulsbergen/bin/g++],-O3 -march=native -fopenmp -fno-math-errno -fno-trapping-math -fno-signed-zeros  -ffp-contract=fast -fstrict-aliasing -fPIC -include /capstor/scratch/cscs/lhulsbergen/HPCAgent-Bench-v2/hpcagent_bench/envs/vecmath.h -Wall -Wextra,1,5,30,26a4f0cfc1540cead109dfc8d736f1c45263e390,2026-10-02T16:04:39+0200,
segment_reduce_ragged,fortran,M,,ok,2661805,2539153,2655438 2729324 2738091 2791913 2664046 2748811 2730667 2742347 3762571 2672237 2650030 2813352 2637838 2662733 2672621 2576176 2635630 2729068 2626895 2632750 2608079 2631598 2679341 2639982 2707244 2539153 2632558 2660878 2621903 2595087,gfortran,GNU Fortran (SUSE Linux) 13.3.1 20250313 [revision 4ef1d8c84faeebffeb0cc01ee22e891b41e5c4e0] [/users/lhulsbergen/bin/gfortran],-O3 -march=native -fopenmp -fno-math-errno -fno-trapping-math -fno-signed-zeros  -ffp-contract=fast -fstrict-aliasing -fPIC -ftree-parallelize-loops=72 -Wall -Wextra,1,5,30,26a4f0cfc1540cead109dfc8d736f1c45263e390,2026-10-02T16:04:46+0200,
segment_reduce_ragged,numba,M,,ok,55180786,55063223,55098102 55226257 55167891 55524200 55252817 55225266 55439243 55172723 55112437 55372397 55132660 55127252 55178258 55065271 55270864 55130036 55063223 55169139 55075350 55222225 55266000 55729122 55261841 55163731 55230193 55498376 55535527 55183314 55134228 55086454,numba,numba 0.67.0,"@nb.njit(parallel=True, cache=True)",1,5,30,26a4f0cfc1540cead109dfc8d736f1c45263e390,2026-10-02T16:04:54+0200,
segment_reduce_ragged,c_reference,M,,unsupported,,,,gcc,gcc-14 (SUSE Linux) 14.2.0 [/usr/bin/gcc-14],-O3 -march=native -fopenmp -fno-math-errno -fno-trapping-math -fno-signed-zeros  -ffp-contract=fast -fstrict-aliasing -fPIC -include /capstor/scratch/cscs/lhulsbergen/HPCAgent-Bench-v2/hpcagent_bench/envs/vecmath.h -Wall -Wextra,1,5,0,26a4f0cfc1540cead109dfc8d736f1c45263e390,2026-10-02T16:04:54+0200,no hand-written _reference.c in the corpus
segment_reduce_ragged,agent,M,,ok,38610819,38106787,39153538 38743951 38810958 38556182 38829581 38842765 38669650 38541365 38869804 38554454 38814605 38617715 38608787 38106787 38712113 38722641 38331165 38799150 38405146 38569173 38213152 38512406 38382555 38612852 38342780 38816397 38432665 38802765 38164450 38396443,gcc,gcc-14 (SUSE Linux) 14.2.0 [/usr/bin/gcc-14],-O3 -march=native -fopenmp -fno-math-errno -fno-trapping-math -fno-signed-zeros  -ffp-contract=fast -fstrict-aliasing -fPIC -include /capstor/scratch/cscs/lhulsbergen/HPCAgent-Bench-v2/hpcagent_bench/envs/vecmath.h -Wall -Wextra,1,5,30,26a4f0cfc1540cead109dfc8d736f1c45263e390,2026-10-02T16:05:02+0200,rank=1 arm=llr40v10-kimi27sglang-c job=621729 seq=3 lang=c campaign_speedup=13.969 sha256=387cc5b48888c086
tsvc_2_s115,c,M,,incorrect,86156057,84737382,90209884 91272636 91672848 89884583 90341016 88906533 88969603 88317111 88143197 88002560 87749064 87233432 87122556 86783943 86192152 86061469 86119963 85864963 85797029 85623018 85503886 85405457 85252758 85082267 85226583 84737382 85282644 84945951 85289717 85018045,gcc,gcc-14 (SUSE Linux) 14.2.0 [/usr/bin/gcc-14],-O3 -march=native -fopenmp -fno-math-errno -fno-trapping-math -fno-signed-zeros  -ffp-contract=fast -fstrict-aliasing -fPIC -include /capstor/scratch/cscs/lhulsbergen/HPCAgent-Bench-v2/hpcagent_bench/envs/vecmath.h -Wall -Wextra,1,5,30,26a4f0cfc1540cead109dfc8d736f1c45263e390,2026-10-02T15:57:31+0200,output did not match the NumPy reference
tsvc_2_s115,cpp,M,,incorrect,84144952,83660583,83820322 84573291 83660583 84892065 84057787 84327027 83835362 84663944 84010556 84195127 83840098 84587690 84122937 84099161 84247445 84598026 84303731 84185335 83875072 84413520 84159127 84093337 83766052 84525325 84130777 84300723 83700998 84284179 83754948 83903071,g++,g++ (SUSE Linux) 13.3.1 20250313 [revision 4ef1d8c84faeebffeb0cc01ee22e891b41e5c4e0] [/users/lhulsbergen/bin/g++],-O3 -march=native -fopenmp -fno-math-errno -fno-trapping-math -fno-signed-zeros  -ffp-contract=fast -fstrict-aliasing -fPIC -include /capstor/scratch/cscs/lhulsbergen/HPCAgent-Bench-v2/hpcagent_bench/envs/vecmath.h -Wall -Wextra,1,5,30,26a4f0cfc1540cead109dfc8d736f1c45263e390,2026-10-02T15:57:50+0200,output did not match the NumPy reference
tsvc_2_s115,fortran,M,,incorrect,88337413,87883715,88733739 88362709 88259609 88673420 88728074 88289944 88149500 88522673 88527633 90287738 88475442 87944195 88475538 88251610 88431795 88058879 88629324 88312118 88271608 88281783 88656331 87911906 87990687 87883715 88594573 88402866 88185786 88286647 88427218 88207449,gfortran,GNU Fortran (SUSE Linux) 13.3.1 20250313 [revision 4ef1d8c84faeebffeb0cc01ee22e891b41e5c4e0] [/users/lhulsbergen/bin/gfortran],-O3 -march=native -fopenmp -fno-math-errno -fno-trapping-math -fno-signed-zeros  -ffp-contract=fast -fstrict-aliasing -fPIC -ftree-parallelize-loops=72 -Wall -Wextra,1,5,30,26a4f0cfc1540cead109dfc8d736f1c45263e390,2026-10-02T15:58:09+0200,output did not match the NumPy reference
tsvc_2_s115,numba,M,,ok,145769637,144683046,145954048 145124761 145116921 145821636 145802372 144945375 144683046 145575915 145957663 146423921 145559884 144735813 146801125 145327123 145148089 146700777 145150105 145192983 146636810 145974783 145595819 145888610 145712775 147286390 146002430 147542510 145068123 145736902 147507855 147270359,numba,numba 0.67.0,"@nb.njit(parallel=True, cache=True)",1,5,30,26a4f0cfc1540cead109dfc8d736f1c45263e390,2026-10-02T15:58:30+0200,
tsvc_2_s115,c_reference,M,,incorrect,84473997,84090393,84474029 84090393 84881024 84446029 84787459 84255987 85027612 84694278 84620488 84249492 84271155 84658567 84946430 84314033 84519307 84371600 84549994 84691526 84250771 84345969 84477292 84374512 84473965 84795906 84183445 84142807 84157910 84631848 84666694 84165686,gcc,gcc-14 (SUSE Linux) 14.2.0 [/usr/bin/gcc-14],-O3 -march=native -fopenmp -fno-math-errno -fno-trapping-math -fno-signed-zeros  -ffp-contract=fast -fstrict-aliasing -fPIC -include /capstor/scratch/cscs/lhulsbergen/HPCAgent-Bench-v2/hpcagent_bench/envs/vecmath.h -Wall -Wextra,1,5,30,26a4f0cfc1540cead109dfc8d736f1c45263e390,2026-10-02T15:58:49+0200,source=tsvc_2_s115_reference.c sha256=123993dec309bef2; output did not match the NumPy reference
tsvc_2_s115,agent,M,,incorrect,89098973,88449777,89482034 89356918 89071742 89296056 89227225 89690123 88936195 89343222 89469009 88775335 88994432 89596622 89236921 88644107 89057086 89033119 89433427 88736968 89181499 89110461 89027328 88449777 88894819 89084414 89304823 88552238 89087485 89239769 89727049 88895715,gcc,gcc-14 (SUSE Linux) 14.2.0 [/usr/bin/gcc-14],-O3 -march=native -fopenmp -fno-math-errno -fno-trapping-math -fno-signed-zeros  -ffp-contract=fast -fstrict-aliasing -fPIC -include /capstor/scratch/cscs/lhulsbergen/HPCAgent-Bench-v2/hpcagent_bench/envs/vecmath.h -Wall -Wextra,1,5,30,26a4f0cfc1540cead109dfc8d736f1c45263e390,2026-10-02T16:00:23+0200,rank=5 arm=llr40v10-qwen38-c job=621383 seq=2 lang=c campaign_speedup=2.027 sha256=790a60721ae27536 | output did not match the NumPy reference
tsvc_2_s119,c,M,,ok,70246782,69691950,70223359 70064740 70215775 70053156 70422137 69691950 70404697 70365338 70453879 70258046 70147617 69911848 70801389 70235518 70441432 70283292 70435192 70304220 70499478 70041252 70650001 70395993 70002437 70144673 69987910 69856841 70557748 70041188 70362555 69982630,gcc,gcc-14 (SUSE Linux) 14.2.0 [/usr/bin/gcc-14],-O3 -march=native -fopenmp -fno-math-errno -fno-trapping-math -fno-signed-zeros  -ffp-contract=fast -fstrict-aliasing -fPIC -include /capstor/scratch/cscs/lhulsbergen/HPCAgent-Bench-v2/hpcagent_bench/envs/vecmath.h -Wall -Wextra,1,5,30,26a4f0cfc1540cead109dfc8d736f1c45263e390,2026-10-02T16:00:47+0200,
tsvc_2_s119,cpp,M,,ok,69809723,69519123,69519123 69771564 69731917 69654064 69630737 69994565 69597202 70155585 69561394 69748493 69695022 69767436 69718158 69994662 69658128 70008101 69702414 69847882 70043332 70152801 69988805 69911624 69746477 70167008 69910344 69869257 77302793 70156704 69670831 69946535,g++,g++ (SUSE Linux) 13.3.1 20250313 [revision 4ef1d8c84faeebffeb0cc01ee22e891b41e5c4e0] [/users/lhulsbergen/bin/g++],-O3 -march=native -fopenmp -fno-math-errno -fno-trapping-math -fno-signed-zeros  -ffp-contract=fast -fstrict-aliasing -fPIC -include /capstor/scratch/cscs/lhulsbergen/HPCAgent-Bench-v2/hpcagent_bench/envs/vecmath.h -Wall -Wextra,1,5,30,26a4f0cfc1540cead109dfc8d736f1c45263e390,2026-10-02T16:01:03+0200,
tsvc_2_s119,fortran,M,,ok,69852793,69593010,69650607 69913000 69800108 69795212 69722606 70107298 69596562 69844522 69696207 69677007 69713999 69667440 69593010 69955719 70626931 69810443 69834891 69647536 70102083 69861065 69878121 69811819 70139297 70035140 69914408 70171681 70060836 70097346 69984774 69963015,gfortran,GNU Fortran (SUSE Linux) 13.3.1 20250313 [revision 4ef1d8c84faeebffeb0cc01ee22e891b41e5c4e0] [/users/lhulsbergen/bin/gfortran],-O3 -march=native -fopenmp -fno-math-errno -fno-trapping-math -fno-signed-zeros  -ffp-contract=fast -fstrict-aliasing -fPIC -ftree-parallelize-loops=72 -Wall -Wextra,1,5,30,26a4f0cfc1540cead109dfc8d736f1c45263e390,2026-10-02T16:01:18+0200,
tsvc_2_s119,numba,M,,ok,65327442,65190646,67320918 66941666 66874787 66914530 66861508 66920226 66820005 66952577 66829637 66913283 66929410 66955713 65350834 65278323 65202773 65282003 65239156 65304050 65274452 65239668 65226389 65190646 65226709 65249525 65241237 65266708 65192854 65286131 65354417 65377393,numba,numba 0.67.0,"@nb.njit(parallel=True, cache=True)",1,5,30,26a4f0cfc1540cead109dfc8d736f1c45263e390,2026-10-02T16:01:32+0200,
tsvc_2_s119,c_reference,M,,ok,69854073,69565618,69565618 69704846 69878025 69775723 69807531 69923688 69743852 69649648 69723726 69824715 69868233 70104226 69826954 69737198 69643632 69839914 70070084 69807850 69810824 69889414 70338425 69988259 69728619 70021699 69875623 71815180 70162494 70164862 69987619 70244795,gcc,gcc-14 (SUSE Linux) 14.2.0 [/usr/bin/gcc-14],-O3 -march=native -fopenmp -fno-math-errno -fno-trapping-math -fno-signed-zeros  -ffp-contract=fast -fstrict-aliasing -fPIC -include /capstor/scratch/cscs/lhulsbergen/HPCAgent-Bench-v2/hpcagent_bench/envs/vecmath.h -Wall -Wextra,1,5,30,26a4f0cfc1540cead109dfc8d736f1c45263e390,2026-10-02T16:01:48+0200,source=tsvc_2_s119_reference.c sha256=49dbe536bda55b77
tsvc_2_s119,agent,M,,ok,56826031,56384573,57560346 57238819 57221444 56826384 57035305 56529241 57055977 56705107 57109287 56787857 56600246 56599222 56525593 56932845 56942445 56602646 56905646 56384573 57305729 56506745 57071113 56571991 56747122 57163269 57093256 56825679 56761554 56701140 57061448 56533177,gfortran,GNU Fortran (SUSE Linux) 13.3.1 20250313 [revision 4ef1d8c84faeebffeb0cc01ee22e891b41e5c4e0] [/users/lhulsbergen/bin/gfortran],-O3 -march=native -fopenmp -fno-math-errno -fno-trapping-math -fno-signed-zeros  -ffp-contract=fast -fstrict-aliasing -fPIC -ftree-parallelize-loops=72 -Wall -Wextra,1,5,30,26a4f0cfc1540cead109dfc8d736f1c45263e390,2026-10-02T16:02:03+0200,rank=1 arm=llr40v10-kimi27sglang-fortran job=621731 seq=1 lang=fortran campaign_speedup=3.434 sha256=43fd78e971948199
tsvc_2_s1232,c,M,,ok,71962253,57849352,60542228 83693180 115476727 83546946 58272123 83915510 58492756 82826391 58484276 83220811 59023907 83449700 58335353 83633534 58605680 82824312 58606064 83876630 57849352 83844151 58329177 83488739 57939909 82814617 58615536 61109890 58785131 85914519 58338840 85895256,gcc,gcc-14 (SUSE Linux) 14.2.0 [/usr/bin/gcc-14],-O3 -march=native -fopenmp -fno-math-errno -fno-trapping-math -fno-signed-zeros  -ffp-contract=fast -fstrict-aliasing -fPIC -include /capstor/scratch/cscs/lhulsbergen/HPCAgent-Bench-v2/hpcagent_bench/envs/vecmath.h -Wall -Wextra,1,5,30,26a4f0cfc1540cead109dfc8d736f1c45263e390,2026-10-02T16:05:06+0200,
tsvc_2_s1232,cpp,M,,ok,70842608,48409968,60351225 77667802 60617073 77300709 60040163 77798613 61567987 76963056 61701423 78215432 60473525 77330308 60952455 78635771 64638322 76766934 60103169 48409968 60451510 78173354 64086660 77157065 64918282 77424801 60371865 77274727 114080450 77171210 60107137 79540255,g++,g++ (SUSE Linux) 13.3.1 20250313 [revision 4ef1d8c84faeebffeb0cc01ee22e891b41e5c4e0] [/users/lhulsbergen/bin/g++],-O3 -march=native -fopenmp -fno-math-errno -fno-trapping-math -fno-signed-zeros  -ffp-contract=fast -fstrict-aliasing -fPIC -include /capstor/scratch/cscs/lhulsbergen/HPCAgent-Bench-v2/hpcagent_bench/envs/vecmath.h -Wall -Wextra,1,5,30,26a4f0cfc1540cead109dfc8d736f1c45263e390,2026-10-02T16:05:30+0200,
tsvc_2_s1232,fortran,M,,ok,18133668,13787886,14335132 18297439 13927497 18249696 14280478 18392444 21981483 18305311 14304317 18129380 14286686 18864621 13787886 18519512 13988423 18494521 14021030 18449691 14614100 18137956 15292382 18289536 13884587 18505177 14278398 18522136 13819692 19070215 14336124 18714674,gfortran,GNU Fortran (SUSE Linux) 13.3.1 20250313 [revision 4ef1d8c84faeebffeb0cc01ee22e891b41e5c4e0] [/users/lhulsbergen/bin/gfortran],-O3 -march=native -fopenmp -fno-math-errno -fno-trapping-math -fno-signed-zeros  -ffp-contract=fast -fstrict-aliasing -fPIC -ftree-parallelize-loops=72 -Wall -Wextra,1,5,30,26a4f0cfc1540cead109dfc8d736f1c45263e390,2026-10-02T16:05:51+0200,
tsvc_2_s1232,numba,M,,ok,93775492,82366300,82974568 100549086 82909355 95719542 83279231 94812467 82366300 94762645 83165922 134017151 83013063 94656856 83296638 94706198 83197505 95066219 82743727 94408864 82842636 95612026 83062949 94851410 93142120 94544155 83371708 94671480 83321118 95290084 83131587 95052811,numba,numba 0.67.0,"@nb.njit(parallel=True, cache=True)",1,5,30,26a4f0cfc1540cead109dfc8d736f1c45263e390,2026-10-02T16:06:16+0200,
tsvc_2_s1232,c_reference,M,,ok,68630172,64896642,66115868 76894664 67255479 73043393 66914563 73403862 66810854 73068289 65843172 73164061 65693065 72877959 66810085 73004131 66860900 79542613 67040703 72632142 64896642 72983332 67016447 72793673 65973536 70004865 66835270 73455093 67242008 72787593 65079261 73598160,gcc,gcc-14 (SUSE Linux) 14.2.0 [/usr/bin/gcc-14],-O3 -march=native -fopenmp -fno-math-errno -fno-trapping-math -fno-signed-zeros  -ffp-contract=fast -fstrict-aliasing -fPIC -include /capstor/scratch/cscs/lhulsbergen/HPCAgent-Bench-v2/hpcagent_bench/envs/vecmath.h -Wall -Wextra,1,5,30,26a4f0cfc1540cead109dfc8d736f1c45263e390,2026-10-02T16:06:40+0200,source=tsvc_2_s1232_reference.c sha256=455109e4e2c80bee
tsvc_2_s1232,agent,M,,ok,13230253,12988102,13317211 13259581 13720655 13185823 13074627 12989605 13321755 13410040 13080418 13320986 13120962 13248349 13185119 13487510 13186687 13168128 13212158 13197023 13383577 13422071 13316955 13080899 13042052 13391449 13260861 13074627 12988102 15827788 13305947 13188095,gfortran,GNU Fortran (SUSE Linux) 13.3.1 20250313 [revision 4ef1d8c84faeebffeb0cc01ee22e891b41e5c4e0] [/users/lhulsbergen/bin/gfortran],-O3 -march=native -fopenmp -fno-math-errno -fno-trapping-math -fno-signed-zeros  -ffp-contract=fast -fstrict-aliasing -fPIC -ftree-parallelize-loops=72 -Wall -Wextra,1,5,30,26a4f0cfc1540cead109dfc8d736f1c45263e390,2026-10-02T16:07:05+0200,rank=2 arm=llr40v10-qwen38-fortran job=621385 seq=1 lang=fortran campaign_speedup=169.757 sha256=6440021a759f92e9
tsvc_2_s1244,c,M,,ok,52256643,51673269,52480379 51819440 52478492 52216292 52322912 51968203 52581849 51699700 52378174 51673269 52221508 51898254 52260163 52312929 52270563 51856015 52388383 51898126 52253123 51996523 52313761 52144902 52531034 51919821 52547673 52004043 52555129 52842224 52550041 52141350,gcc,gcc-14 (SUSE Linux) 14.2.0 [/usr/bin/gcc-14],-O3 -march=native -fopenmp -fno-math-errno -fno-trapping-math -fno-signed-zeros  -ffp-contract=fast -fstrict-aliasing -fPIC -include /capstor/scratch/cscs/lhulsbergen/HPCAgent-Bench-v2/hpcagent_bench/envs/vecmath.h -Wall -Wextra,1,5,30,26a4f0cfc1540cead109dfc8d736f1c45263e390,2026-10-02T16:00:24+0200,
tsvc_2_s1244,cpp,M,,ok,51982987,51715284,51828752 51932621 51790834 51715284 51812177 51990603 51803057 51926093 52003435 52015146 52297538 52228900 53030570 51894830 52063112 52043209 52457724 51975372 52035754 51756402 52231811 52278146 52172229 51786418 52039274 51915341 51926445 51948684 52115303 51816848,g++,g++ (SUSE Linux) 13.3.1 20250313 [revision 4ef1d8c84faeebffeb0cc01ee22e891b41e5c4e0] [/users/lhulsbergen/bin/g++],-O3 -march=native -fopenmp -fno-math-errno -fno-trapping-math -fno-signed-zeros  -ffp-contract=fast -fstrict-aliasing -fPIC -include /capstor/scratch/cscs/lhulsbergen/HPCAgent-Bench-v2/hpcagent_bench/envs/vecmath.h -Wall -Wextra,1,5,30,26a4f0cfc1540cead109dfc8d736f1c45263e390,2026-10-02T16:00:38+0200,
tsvc_2_s1244,fortran,M,,ok,53689588,52739059,53120935 53724180 53335776 53892271 52759122 53922765 53825712 54132199 52802257 54054730 53058825 54064777 52745075 53685748 53149318 53939150 52984363 53693429 53057289 53834192 53310177 53955501 52875023 53971468 52967660 54338721 53257955 53905934 52739059 53992300,gfortran,GNU Fortran (SUSE Linux) 13.3.1 20250313 [revision 4ef1d8c84faeebffeb0cc01ee22e891b41e5c4e0] [/users/lhulsbergen/bin/gfortran],-O3 -march=native -fopenmp -fno-math-errno -fno-trapping-math -fno-signed-zeros  -ffp-contract=fast -fstrict-aliasing -fPIC -ftree-parallelize-loops=72 -Wall -Wextra,1,5,30,26a4f0cfc1540cead109dfc8d736f1c45263e390,2026-10-02T16:00:52+0200,
tsvc_2_s1244,numba,M,,ok,51341436,50737039,51963527 51034214 52133410 50737039 51790029 51023558 51768429 50881866 51863307 50765134 51735599 50782381 51740303 50761582 51658001 50822732 51648658 50781069 51806253 50850923 51742831 50826924 51702896 50792941 51934377 50753006 51806380 50850028 51823372 50861995,numba,numba 0.67.0,"@nb.njit(parallel=True, cache=True)",1,5,30,26a4f0cfc1540cead109dfc8d736f1c45263e390,2026-10-02T16:01:05+0200,
tsvc_2_s1244,c_reference,M,,ok,52219855,51797836,52177793 52108163 52212575 51931913 51998247 51828204 52432121 58398074 52476439 51978503 52351035 51797836 52245055 52619346 52343612 51916009 52301117 52087428 53026022 52117347 52531702 52140514 52494647 52048613 52353915 52208544 52547797 51974184 52552853 52227135,gcc,gcc-14 (SUSE Linux) 14.2.0 [/usr/bin/gcc-14],-O3 -march=native -fopenmp -fno-math-errno -fno-trapping-math -fno-signed-zeros  -ffp-contract=fast -fstrict-aliasing -fPIC -include /capstor/scratch/cscs/lhulsbergen/HPCAgent-Bench-v2/hpcagent_bench/envs/vecmath.h -Wall -Wextra,1,5,30,26a4f0cfc1540cead109dfc8d736f1c45263e390,2026-10-02T16:01:19+0200,source=tsvc_2_s1244_reference.c sha256=8d30e45e13623ebc
tsvc_2_s1244,agent,M,,ok,56370747,54047557,58871723 54642067 58682001 54518838 58269055 54538678 58092132 54376059 58195073 54623538 58235359 54463736 57903371 54738992 57936778 54635507 57876875 54047557 58055941 54212384 57883564 54269022 58049157 54423834 58201409 54360987 57985064 54167585 58033286 54864619,gcc,gcc-14 (SUSE Linux) 14.2.0 [/usr/bin/gcc-14],-O3 -march=native -fopenmp -fno-math-errno -fno-trapping-math -fno-signed-zeros  -ffp-contract=fast -fstrict-aliasing -fPIC -include /capstor/scratch/cscs/lhulsbergen/HPCAgent-Bench-v2/hpcagent_bench/envs/vecmath.h -Wall -Wextra,1,5,30,26a4f0cfc1540cead109dfc8d736f1c45263e390,2026-10-02T16:01:33+0200,rank=1 arm=llr40v10-qwen38-c job=622265 seq=1 lang=c campaign_speedup=5.592 sha256=4e6c66640f14417b
tsvc_2_s152,c,M,,ok,65038883,64289368,64797865 64839208 65364281 65058114 65035811 64289368 65139712 64871176 65244957 64875144 64967748 64894791 65124128 64745515 64760683 65483765 64840616 64690701 65051459 65041955 65051458 64685261 65590674 64904615 65406231 64674509 65380793 65155167 65567924 65492822,gcc,gcc-14 (SUSE Linux) 14.2.0 [/usr/bin/gcc-14],-O3 -march=native -fopenmp -fno-math-errno -fno-trapping-math -fno-signed-zeros  -ffp-contract=fast -fstrict-aliasing -fPIC -include /capstor/scratch/cscs/lhulsbergen/HPCAgent-Bench-v2/hpcagent_bench/envs/vecmath.h -Wall -Wextra,1,5,30,26a4f0cfc1540cead109dfc8d736f1c45263e390,2026-10-02T16:04:26+0200,
tsvc_2_s152,cpp,M,,ok,64972805,64438613,64733196 64951589 67342431 65406264 65538740 64709805 64907111 64984645 65698800 65220606 64958789 64566129 65190846 65163103 64796297 64960965 64549201 65055042 65185151 64742411 71351497 65752429 65136064 64912327 64765419 64438613 65229246 64854312 65269884 64770027,g++,g++ (SUSE Linux) 13.3.1 20250313 [revision 4ef1d8c84faeebffeb0cc01ee22e891b41e5c4e0] [/users/lhulsbergen/bin/g++],-O3 -march=native -fopenmp -fno-math-errno -fno-trapping-math -fno-signed-zeros  -ffp-contract=fast -fstrict-aliasing -fPIC -include /capstor/scratch/cscs/lhulsbergen/HPCAgent-Bench-v2/hpcagent_bench/envs/vecmath.h -Wall -Wextra,1,5,30,26a4f0cfc1540cead109dfc8d736f1c45263e390,2026-10-02T16:04:40+0200,
tsvc_2_s152,fortran,M,,ok,5153575,4989805,5163912 5167144 5256709 5104554 5212135 5097577 5148840 5108489 5173096 5092266 5151496 5071242 5171272 5119465 5204359 5258310 5155655 5081771 5109609 5108073 5281861 5077227 5187015 5077739 5085930 5167527 5172871 4989805 6218665 5250309,gfortran,GNU Fortran (SUSE Linux) 13.3.1 20250313 [revision 4ef1d8c84faeebffeb0cc01ee22e891b41e5c4e0] [/users/lhulsbergen/bin/gfortran],-O3 -march=native -fopenmp -fno-math-errno -fno-trapping-math -fno-signed-zeros  -ffp-contract=fast -fstrict-aliasing -fPIC -ftree-parallelize-loops=72 -Wall -Wextra,1,5,30,26a4f0cfc1540cead109dfc8d736f1c45263e390,2026-10-02T16:04:51+0200,
tsvc_2_s152,numba,M,,ok,65517812,65012323,65268188 65661297 65379576 65012323 65731055 65344826 65678351 66337788 65446967 65869131 65399032 65588658 65676239 65036035 65296636 65282364 65344697 65849738 66048037 73453707 65628721 65698768 65017220 65356505 65428343 65290715 65856202 65029924 65709679 65604434,numba,numba 0.67.0,"@nb.njit(parallel=True, cache=True)",1,5,30,26a4f0cfc1540cead109dfc8d736f1c45263e390,2026-10-02T16:05:04+0200,
tsvc_2_s152,c_reference,M,,ok,53230239,52824843,53519863 52935368 53085060 54025159 53022053 53618004 52824843 53175905 59386825 53297373 53312700 53427960 53008837 53647347 53252126 53543382 53208352 53037796 53146913 53399866 53184833 53054020 53426457 53093154 53335356 53367099 53083267 53123811 53037221 53282653,gcc,gcc-14 (SUSE Linux) 14.2.0 [/usr/bin/gcc-14],-O3 -march=native -fopenmp -fno-math-errno -fno-trapping-math -fno-signed-zeros  -ffp-contract=fast -fstrict-aliasing -fPIC -include /capstor/scratch/cscs/lhulsbergen/HPCAgent-Bench-v2/hpcagent_bench/envs/vecmath.h -Wall -Wextra,1,5,30,26a4f0cfc1540cead109dfc8d736f1c45263e390,2026-10-02T16:05:17+0200,source=tsvc_2_s152_reference.c sha256=3c358eebfba6b2a7
tsvc_2_s152,agent,M,,ok,53718984,53149081,53983360 53621163 53843364 53658826 54243736 53328339 54028479 53822532 53993024 53187864 53824197 53274933 54003391 53149081 53867524 53784486 53895107 53266934 54148635 53187575 54088413 53318612 53606956 53618283 53448272 53365362 53986176 53217719 53779142 53297397,gcc,gcc-14 (SUSE Linux) 14.2.0 [/usr/bin/gcc-14],-O3 -march=native -fopenmp -fno-math-errno -fno-trapping-math -fno-signed-zeros  -ffp-contract=fast -fstrict-aliasing -fPIC -include /capstor/scratch/cscs/lhulsbergen/HPCAgent-Bench-v2/hpcagent_bench/envs/vecmath.h -Wall -Wextra,1,5,30,26a4f0cfc1540cead109dfc8d736f1c45263e390,2026-10-02T16:05:30+0200,rank=1 arm=llr40v10-oss120b-c job=621015 seq=1 lang=c campaign_speedup=6.056 sha256=1e896fc393340952
tsvc_2_s2233,c,M,,ok,371052181,366840514,368199770 373453855 373714422 415688443 367802342 372297376 367993440 372884014 367510158 372394749 366840514 372526265 368226681 372446236 367465520 373116360 368981602 371040070 367786918 371779823 430029872 371368955 368302775 371112131 368548176 371064293 366912991 370671056 368561870 371286238,gcc,gcc-14 (SUSE Linux) 14.2.0 [/usr/bin/gcc-14],-O3 -march=native -fopenmp -fno-math-errno -fno-trapping-math -fno-signed-zeros  -ffp-contract=fast -fstrict-aliasing -fPIC -include /capstor/scratch/cscs/lhulsbergen/HPCAgent-Bench-v2/hpcagent_bench/envs/vecmath.h -Wall -Wextra,1,5,30,26a4f0cfc1540cead109dfc8d736f1c45263e390,2026-10-02T16:02:16+0200,
tsvc_2_s2233,cpp,M,,ok,353292259,350304780,350304780 353061979 351899293 351071925 358488762 351387116 351372717 353742567 353263701 352231155 355041824 352977341 352192724 353491342 352255923 355917094 355615919 353142040 350502727 356616625 355833705 355498610 353474702 353604074 356340921 353320818 355417844 352921982 353849315 351925180,g++,g++ (SUSE Linux) 13.3.1 20250313 [revision 4ef1d8c84faeebffeb0cc01ee22e891b41e5c4e0] [/users/lhulsbergen/bin/g++],-O3 -march=native -fopenmp -fno-math-errno -fno-trapping-math -fno-signed-zeros  -ffp-contract=fast -fstrict-aliasing -fPIC -include /capstor/scratch/cscs/lhulsbergen/HPCAgent-Bench-v2/hpcagent_bench/envs/vecmath.h -Wall -Wextra,1,5,30,26a4f0cfc1540cead109dfc8d736f1c45263e390,2026-10-02T16:02:41+0200,
tsvc_2_s2233,fortran,M,,ok,356997974,348959444,356036770 377483878 353745094 355748043 352929439 357539254 350522213 357881196 353863011 356024994 361715578 370620786 357856268 359722837 352033529 360060810 353165911 360710071 351958971 357480216 355794089 361617053 351864094 361717626 356576211 357419737 348959444 364277454 351513512 360912274,gfortran,GNU Fortran (SUSE Linux) 13.3.1 20250313 [revision 4ef1d8c84faeebffeb0cc01ee22e891b41e5c4e0] [/users/lhulsbergen/bin/gfortran],-O3 -march=native -fopenmp -fno-math-errno -fno-trapping-math -fno-signed-zeros  -ffp-contract=fast -fstrict-aliasing -fPIC -ftree-parallelize-loops=72 -Wall -Wextra,1,5,30,26a4f0cfc1540cead109dfc8d736f1c45263e390,2026-10-02T16:03:06+0200,
tsvc_2_s2233,numba,M,,ok,419224608,404090481,404090481 420158677 404988918 419448330 405833405 418403816 406214034 420061976 407008475 419824254 419000887 420091063 407155350 420747811 509836946 422911011 416154508 423246105 414688503 423441460 417098319 422351795 415674650 422136763 415379459 421004028 414828819 422056188 416265320 421743174,numba,numba 0.67.0,"@nb.njit(parallel=True, cache=True)",1,5,30,26a4f0cfc1540cead109dfc8d736f1c45263e390,2026-10-02T16:03:32+0200,
tsvc_2_s2233,c_reference,M,,ok,378115123,368940003,370241182 372378398 368940003 372813136 395268695 374592156 380858338 376124239 379551145 375573022 380157335 375466786 379691365 375438147 379152244 375062093 378616676 389536705 380017147 376938231 379888702 375241768 379333423 376478948 567332680 378944186 376195149 378332333 377897914 379390989,gcc,gcc-14 (SUSE Linux) 14.2.0 [/usr/bin/gcc-14],-O3 -march=native -fopenmp -fno-math-errno -fno-trapping-math -fno-signed-zeros  -ffp-contract=fast -fstrict-aliasing -fPIC -include /capstor/scratch/cscs/lhulsbergen/HPCAgent-Bench-v2/hpcagent_bench/envs/vecmath.h -Wall -Wextra,1,5,30,26a4f0cfc1540cead109dfc8d736f1c45263e390,2026-10-02T16:03:58+0200,source=tsvc_2_s2233_reference.c sha256=c8663d708d82e4c5
tsvc_2_s2233,agent,M,,unsupported,,,,,,,1,5,0,26a4f0cfc1540cead109dfc8d736f1c45263e390,2026-10-02T16:03:58+0200,no agent submission in either campaign
tsvc_2_s2275,c,M,,ok,924936690,699891500,699891500 942282078 704567178 942377211 701038092 941734477 704072311 941349336 771577467 944193129 702185677 944845878 707793520 945062192 704384560 960159051 709283014 945582402 862087356 943387839 706586578 944965171 711037942 948358516 709031949 946600517 719242609 945620161 908524044 947913793,gcc,gcc-14 (SUSE Linux) 14.2.0 [/usr/bin/gcc-14],-O3 -march=native -fopenmp -fno-math-errno -fno-trapping-math -fno-signed-zeros  -ffp-contract=fast -fstrict-aliasing -fPIC -include /capstor/scratch/cscs/lhulsbergen/HPCAgent-Bench-v2/hpcagent_bench/envs/vecmath.h -Wall -Wextra,1,5,30,26a4f0cfc1540cead109dfc8d736f1c45263e390,2026-10-02T15:59:37+0200,
tsvc_2_s2275,cpp,M,,ok,795761558,670761558,701405091 971157400 704567562 941409462 703352780 884483276 702892855 944491515 703071440 941698602 702415011 944034696 704228176 943537718 703379496 1234616278 702454818 944255586 703749630 944697654 706219833 942775115 707039841 944054536 705606249 944250626 670761558 943140321 704985243 942670478,g++,g++ (SUSE Linux) 13.3.1 20250313 [revision 4ef1d8c84faeebffeb0cc01ee22e891b41e5c4e0] [/users/lhulsbergen/bin/g++],-O3 -march=native -fopenmp -fno-math-errno -fno-trapping-math -fno-signed-zeros  -ffp-contract=fast -fstrict-aliasing -fPIC -include /capstor/scratch/cscs/lhulsbergen/HPCAgent-Bench-v2/hpcagent_bench/envs/vecmath.h -Wall -Wextra,1,5,30,26a4f0cfc1540cead109dfc8d736f1c45263e390,2026-10-02T16:00:21+0200,
tsvc_2_s2275,fortran,M,,ok,23605213,22530282,22813187 23427698 23524079 23445265 22916800 22530282 25441433 52918075 23524207 23496848 25495704 23410835 23815431 22918240 25766737 23733610 23845287 25183873 25072836 23303157 23660299 23550127 25596277 22907584 23820327 23702730 24244763 22726822 25197632 23420690,gfortran,GNU Fortran (SUSE Linux) 13.3.1 20250313 [revision 4ef1d8c84faeebffeb0cc01ee22e891b41e5c4e0] [/users/lhulsbergen/bin/gfortran],-O3 -march=native -fopenmp -fno-math-errno -fno-trapping-math -fno-signed-zeros  -ffp-contract=fast -fstrict-aliasing -fPIC -ftree-parallelize-loops=72 -Wall -Wextra,1,5,30,26a4f0cfc1540cead109dfc8d736f1c45263e390,2026-10-02T16:00:35+0200,
tsvc_2_s2275,numba,M,,ok,818577705,689235349,700761489 938920055 703570691 937464095 704277007 934392149 703796637 935312827 689971902 933365938 697759461 932892799 700492184 960192259 701704852 932747147 701232800 933847436 689235349 933536340 698450544 933563060 703169803 935149255 703325958 944703480 704408263 935753302 689638089 934981900,numba,numba 0.67.0,"@nb.njit(parallel=True, cache=True)",1,5,30,26a4f0cfc1540cead109dfc8d736f1c45263e390,2026-10-02T16:01:19+0200,
tsvc_2_s2275,c_reference,M,,ok,785275047,701648406,936389444 701648406 939469901 702231621 938718562 702451614 937267307 702117512 937055824 702338433 937281867 703872470 935775861 703732666 939613257 702892914 937835163 702738902 865189090 704338953 938635108 704139086 935125160 703077069 936954324 702748726 936523328 705361004 1068154036 704277387,gcc,gcc-14 (SUSE Linux) 14.2.0 [/usr/bin/gcc-14],-O3 -march=native -fopenmp -fno-math-errno -fno-trapping-math -fno-signed-zeros  -ffp-contract=fast -fstrict-aliasing -fPIC -include /capstor/scratch/cscs/lhulsbergen/HPCAgent-Bench-v2/hpcagent_bench/envs/vecmath.h -Wall -Wextra,1,5,30,26a4f0cfc1540cead109dfc8d736f1c45263e390,2026-10-02T16:02:03+0200,source=tsvc_2_s2275_reference.c sha256=37d66de66de797fc
tsvc_2_s2275,agent,M,,ok,75053537,74702602,75562066 76116322 75206396 75248539 75113279 75032386 75090816 74797416 74955204 75213469 75006371 75066592 74971108 75119743 75078145 74823271 75390839 75289082 75045121 75061953 74898789 74886149 75170622 74874373 74990915 74702602 75161309 74907493 74966979 74985474,gcc,gcc-14 (SUSE Linux) 14.2.0 [/usr/bin/gcc-14],-O3 -march=native -fopenmp -fno-math-errno -fno-trapping-math -fno-signed-zeros  -ffp-contract=fast -fstrict-aliasing -fPIC -include /capstor/scratch/cscs/lhulsbergen/HPCAgent-Bench-v2/hpcagent_bench/envs/vecmath.h -Wall -Wextra,1,5,30,26a4f0cfc1540cead109dfc8d736f1c45263e390,2026-10-02T16:02:19+0200,rank=1 arm=llr40v10-qwen38-c job=621016 seq=1 lang=c campaign_speedup=125.947 sha256=a58a2749beacaa62
tsvc_2_s231,c,M,,ok,643718181,485439704,711169733 555900282 704358430 542717958 689866383 605424175 688887789 547513141 691319204 558638600 689965356 543549133 689855792 540697538 689067496 537803448 687153313 536922643 686117408 485439704 687138337 530086112 686142527 530971205 685973828 542021626 682012187 531884906 685947524 533275424,gcc,gcc-14 (SUSE Linux) 14.2.0 [/usr/bin/gcc-14],-O3 -march=native -fopenmp -fno-math-errno -fno-trapping-math -fno-signed-zeros  -ffp-contract=fast -fstrict-aliasing -fPIC -include /capstor/scratch/cscs/lhulsbergen/HPCAgent-Bench-v2/hpcagent_bench/envs/vecmath.h -Wall -Wextra,1,5,30,26a4f0cfc1540cead109dfc8d736f1c45263e390,2026-10-02T15:57:49+0200,
tsvc_2_s231,cpp,M,,ok,652453007,481238678,699374002 644532028 685296664 641900843 688057286 645148458 685211291 643481212 687483063 644146920 574132025 643744372 684731305 641453464 684713801 659757556 683936128 645059468 687673617 644341858 684280406 643928495 684010751 481238678 685659437 640785901 687090018 643224708 686956838 644393697,g++,g++ (SUSE Linux) 13.3.1 20250313 [revision 4ef1d8c84faeebffeb0cc01ee22e891b41e5c4e0] [/users/lhulsbergen/bin/g++],-O3 -march=native -fopenmp -fno-math-errno -fno-trapping-math -fno-signed-zeros  -ffp-contract=fast -fstrict-aliasing -fPIC -include /capstor/scratch/cscs/lhulsbergen/HPCAgent-Bench-v2/hpcagent_bench/envs/vecmath.h -Wall -Wextra,1,5,30,26a4f0cfc1540cead109dfc8d736f1c45263e390,2026-10-02T15:58:27+0200,
tsvc_2_s231,fortran,M,,ok,672553971,639020256,639020256 698123670 641583795 741934998 641320891 770332419 642391387 744283088 639047039 741038865 644573754 743429481 643348254 733550385 643960620 740898709 642962186 743485480 644278179 743316428 646984273 742945687 644784340 742824635 643889390 787561311 641899274 748068287 643462203 744015000,gfortran,GNU Fortran (SUSE Linux) 13.3.1 20250313 [revision 4ef1d8c84faeebffeb0cc01ee22e891b41e5c4e0] [/users/lhulsbergen/bin/gfortran],-O3 -march=native -fopenmp -fno-math-errno -fno-trapping-math -fno-signed-zeros  -ffp-contract=fast -fstrict-aliasing -fPIC -ftree-parallelize-loops=72 -Wall -Wextra,1,5,30,26a4f0cfc1540cead109dfc8d736f1c45263e390,2026-10-02T15:59:06+0200,
tsvc_2_s231,numba,M,,ok,513641019,434643687,535206084 437314520 534072998 437565040 531681807 437317976 534009480 474864980 538115310 437259866 534151013 436682795 534065895 436206201 533247167 436398196 536257477 436035358 536193735 437823657 537355141 437550321 533318685 495600231 548521974 435126074 533019750 434643687 534995260 435124717,numba,numba 0.67.0,"@nb.njit(parallel=True, cache=True)",1,5,30,26a4f0cfc1540cead109dfc8d736f1c45263e390,2026-10-02T15:59:37+0200,
tsvc_2_s231,c_reference,M,,ok,610595633,539022339,690840220 541318590 691723874 542991948 767691262 547880665 691589798 542150629 693116504 543971503 692724612 541966251 693926624 543447038 691292687 543135015 692383694 572417626 648773641 542670038 693332786 539149279 693162999 539022339 690861820 540192033 692216116 541153859 693868514 539133728,gcc,gcc-14 (SUSE Linux) 14.2.0 [/usr/bin/gcc-14],-O3 -march=native -fopenmp -fno-math-errno -fno-trapping-math -fno-signed-zeros  -ffp-contract=fast -fstrict-aliasing -fPIC -include /capstor/scratch/cscs/lhulsbergen/HPCAgent-Bench-v2/hpcagent_bench/envs/vecmath.h -Wall -Wextra,1,5,30,26a4f0cfc1540cead109dfc8d736f1c45263e390,2026-10-02T16:00:13+0200,source=tsvc_2_s231_reference.c sha256=9f1ad23b84e1aa3a
tsvc_2_s231,agent,M,,ok,69741269,69110057,69203878 69206662 69601338 69110057 69470941 69451710 69585914 69827347 69833682 69713751 69774932 69870642 69735669 69605178 69831251 69878417 69651928 69764564 69729238 69746869 69681079 69752821 69688439 69762164 70446049 69611897 69978703 70043789 69767605 70157321,gcc,gcc-14 (SUSE Linux) 14.2.0 [/usr/bin/gcc-14],-O3 -march=native -fopenmp -fno-math-errno -fno-trapping-math -fno-signed-zeros  -ffp-contract=fast -fstrict-aliasing -fPIC -include /capstor/scratch/cscs/lhulsbergen/HPCAgent-Bench-v2/hpcagent_bench/envs/vecmath.h -Wall -Wextra,1,5,30,26a4f0cfc1540cead109dfc8d736f1c45263e390,2026-10-02T16:00:29+0200,rank=1 arm=llr40v10-qwen38-c job=621016 seq=2 lang=c campaign_speedup=96.274 sha256=04ed18204f6a6fb8
tsvc_2_s233,c,M,,ok,730666855,718053066,748406287 742698839 737861509 768042128 744446883 732568416 747305680 731649370 725960770 733116368 725013693 729684341 721637377 724737893 733127631 755673082 733207341 724107576 720767098 723013720 718053066 727563250 720456418 725458672 728846477 733704478 734277735 759958065 719952967 723492351,gcc,gcc-14 (SUSE Linux) 14.2.0 [/usr/bin/gcc-14],-O3 -march=native -fopenmp -fno-math-errno -fno-trapping-math -fno-signed-zeros  -ffp-contract=fast -fstrict-aliasing -fPIC -include /capstor/scratch/cscs/lhulsbergen/HPCAgent-Bench-v2/hpcagent_bench/envs/vecmath.h -Wall -Wextra,1,5,30,26a4f0cfc1540cead109dfc8d736f1c45263e390,2026-10-02T15:57:53+0200,
tsvc_2_s233,cpp,M,,ok,722761444,713812218,718425460 720022149 733021607 721756498 732773966 762265645 738224623 716784676 715643973 722146374 724626942 719337944 733897614 722553883 738397962 720242622 740272083 762744576 713812218 728158551 718085085 719628656 732083907 719822379 742367670 719359576 736976563 722969006 716342353 723467744,g++,g++ (SUSE Linux) 13.3.1 20250313 [revision 4ef1d8c84faeebffeb0cc01ee22e891b41e5c4e0] [/users/lhulsbergen/bin/g++],-O3 -march=native -fopenmp -fno-math-errno -fno-trapping-math -fno-signed-zeros  -ffp-contract=fast -fstrict-aliasing -fPIC -include /capstor/scratch/cscs/lhulsbergen/HPCAgent-Bench-v2/hpcagent_bench/envs/vecmath.h -Wall -Wextra,1,5,30,26a4f0cfc1540cead109dfc8d736f1c45263e390,2026-10-02T15:58:32+0200,
tsvc_2_s233,fortran,M,,ok,725577145,638581689,722603609 725104752 721237249 726120722 723132841 727355246 723882356 727135093 638581689 727693381 720186280 723761950 725111095 726816837 724785377 727408563 721187754 726870851 735756702 728045313 691523279 725343856 721633948 726605643 729620595 726085658 724479273 725810434 742104581 730737330,gfortran,GNU Fortran (SUSE Linux) 13.3.1 20250313 [revision 4ef1d8c84faeebffeb0cc01ee22e891b41e5c4e0] [/users/lhulsbergen/bin/gfortran],-O3 -march=native -fopenmp -fno-math-errno -fno-trapping-math -fno-signed-zeros  -ffp-contract=fast -fstrict-aliasing -fPIC -ftree-parallelize-loops=72 -Wall -Wextra,1,5,30,26a4f0cfc1540cead109dfc8d736f1c45263e390,2026-10-02T15:59:11+0200,
tsvc_2_s233,numba,M,,ok,766289584,523330066,761102424 759249455 784994684 762331572 767753940 763732939 785050009 762902403 767307650 771833853 594446381 761406670 765367931 758623840 767254115 760793857 773249204 763974371 765198528 769045935 767739062 761751428 523330066 771917115 779105000 775324439 785846243 767211237 771472232 761353553,numba,numba 0.67.0,"@nb.njit(parallel=True, cache=True)",1,5,30,26a4f0cfc1540cead109dfc8d736f1c45263e390,2026-10-02T15:59:51+0200,
tsvc_2_s233,c_reference,M,,ok,731715251,667740295,667740295 728778634 734103118 731519097 727897732 732930512 730724497 732089320 734026992 731675508 729194590 731031432 670109026 738289139 734826840 725867999 735587587 732519452 731754994 734042223 730653363 732976239 725691717 733751288 703791431 733580606 736201104 727086747 731911950 729235004,gcc,gcc-14 (SUSE Linux) 14.2.0 [/usr/bin/gcc-14],-O3 -march=native -fopenmp -fno-math-errno -fno-trapping-math -fno-signed-zeros  -ffp-contract=fast -fstrict-aliasing -fPIC -include /capstor/scratch/cscs/lhulsbergen/HPCAgent-Bench-v2/hpcagent_bench/envs/vecmath.h -Wall -Wextra,1,5,30,26a4f0cfc1540cead109dfc8d736f1c45263e390,2026-10-02T16:00:29+0200,source=tsvc_2_s233_reference.c sha256=3d027645c0272e89
tsvc_2_s233,agent,M,,ok,66336470,66067919,66259466 66248873 66552481 66089455 66478690 66877880 66249033 66482787 66494210 66464804 66305800 66107822 66268073 66590080 66236906 66174924 71821415 66315591 66718301 66669822 66268649 66067919 66275049 66365542 66357350 66250250 66517282 66219627 66535713 66812954,gcc,gcc-14 (SUSE Linux) 14.2.0 [/usr/bin/gcc-14],-O3 -march=native -fopenmp -fno-math-errno -fno-trapping-math -fno-signed-zeros  -ffp-contract=fast -fstrict-aliasing -fPIC -include /capstor/scratch/cscs/lhulsbergen/HPCAgent-Bench-v2/hpcagent_bench/envs/vecmath.h -Wall -Wextra,1,5,30,26a4f0cfc1540cead109dfc8d736f1c45263e390,2026-10-02T16:00:48+0200,rank=2 arm=llr40v10-qwen38-c job=621727 seq=1 lang=c campaign_speedup=75.072 sha256=5179b85fb41f95d2
tsvc_2_s235,c,M,,ok,708149708,645856505,726100831 720811652 723681547 716083126 715619524 711820955 725857063 710971860 710263627 712157008 707434786 708869718 706828053 705675161 652900287 705262918 710864024 704272484 707142988 704828979 708037200 704757942 708262216 705581436 709212907 714404267 645856505 704072555 705289605 703518684,gcc,gcc-14 (SUSE Linux) 14.2.0 [/usr/bin/gcc-14],-O3 -march=native -fopenmp -fno-math-errno -fno-trapping-math -fno-signed-zeros  -ffp-contract=fast -fstrict-aliasing -fPIC -include /capstor/scratch/cscs/lhulsbergen/HPCAgent-Bench-v2/hpcagent_bench/envs/vecmath.h -Wall -Wextra,1,5,30,26a4f0cfc1540cead109dfc8d736f1c45263e390,2026-10-02T15:57:53+0200,
tsvc_2_s235,cpp,M,,ok,706481004,703623396,704810815 705250994 704443531 967769721 705068055 707347825 703623396 706285746 704281040 708216342 705241778 708205974 705020634 708564075 704439467 940726401 705403757 713292152 708337107 706937182 706261458 706676262 705802017 707403727 706276723 708124729 705011577 930457696 707697894 721149668,g++,g++ (SUSE Linux) 13.3.1 20250313 [revision 4ef1d8c84faeebffeb0cc01ee22e891b41e5c4e0] [/users/lhulsbergen/bin/g++],-O3 -march=native -fopenmp -fno-math-errno -fno-trapping-math -fno-signed-zeros  -ffp-contract=fast -fstrict-aliasing -fPIC -include /capstor/scratch/cscs/lhulsbergen/HPCAgent-Bench-v2/hpcagent_bench/envs/vecmath.h -Wall -Wextra,1,5,30,26a4f0cfc1540cead109dfc8d736f1c45263e390,2026-10-02T15:58:34+0200,
tsvc_2_s235,fortran,M,,ok,784518387,597706174,785991047 630303498 785490198 630222412 785044324 741038938 788493336 608117691 789213602 598037876 785185247 616038981 786433240 601353741 786568564 597706174 787575861 883193212 784304507 626668697 784732267 624992525 786199390 630316584 785309978 620924971 783845895 618904969 785885160 863060075,gfortran,GNU Fortran (SUSE Linux) 13.3.1 20250313 [revision 4ef1d8c84faeebffeb0cc01ee22e891b41e5c4e0] [/users/lhulsbergen/bin/gfortran],-O3 -march=native -fopenmp -fno-math-errno -fno-trapping-math -fno-signed-zeros  -ffp-contract=fast -fstrict-aliasing -fPIC -ftree-parallelize-loops=72 -Wall -Wextra,1,5,30,26a4f0cfc1540cead109dfc8d736f1c45263e390,2026-10-02T15:59:15+0200,
tsvc_2_s235,numba,M,,ok,620776336,614938501,614938501 626088651 618660689 624849457 621999658 626378978 642812643 625601178 623567129 620146979 621486297 620779600 616039235 620605301 628294246 620824015 616225020 620364380 615597936 620773072 625485085 668861178 621125829 618507127 622667477 619228352 615439446 618536309 615482356 618858572,numba,numba 0.67.0,"@nb.njit(parallel=True, cache=True)",1,5,30,26a4f0cfc1540cead109dfc8d736f1c45263e390,2026-10-02T15:59:52+0200,
tsvc_2_s235,c_reference,M,,ok,726039613,544290149,553806927 787484214 552263520 784979591 555689251 789560554 551347178 787955868 547456770 785116052 548331688 787936924 639099463 791323923 564149181 789067193 565879303 786509608 564266329 784327693 552295788 787225107 558385551 788110198 667751534 786447851 552558725 787327951 544290149 786546183,gcc,gcc-14 (SUSE Linux) 14.2.0 [/usr/bin/gcc-14],-O3 -march=native -fopenmp -fno-math-errno -fno-trapping-math -fno-signed-zeros  -ffp-contract=fast -fstrict-aliasing -fPIC -include /capstor/scratch/cscs/lhulsbergen/HPCAgent-Bench-v2/hpcagent_bench/envs/vecmath.h -Wall -Wextra,1,5,30,26a4f0cfc1540cead109dfc8d736f1c45263e390,2026-10-02T16:00:31+0200,source=tsvc_2_s235_reference.c sha256=2b951a54990630ee
tsvc_2_s235,agent,M,,ok,58001448,57664227,57960890 57899707 58204177 57992152 58307279 57709569 58184338 58125140 58271312 58171827 57994872 57707969 58450314 58099605 58332046 57748768 57883196 58436074 58271152 57870268 58064790 57846941 58688035 58524040 58008024 57829949 57866460 57891388 57960569 57664227,gfortran,GNU Fortran (SUSE Linux) 13.3.1 20250313 [revision 4ef1d8c84faeebffeb0cc01ee22e891b41e5c4e0] [/users/lhulsbergen/bin/gfortran],-O3 -march=native -fopenmp -fno-math-errno -fno-trapping-math -fno-signed-zeros  -ffp-contract=fast -fstrict-aliasing -fPIC -ftree-parallelize-loops=72 -Wall -Wextra,1,5,30,26a4f0cfc1540cead109dfc8d736f1c45263e390,2026-10-02T16:00:48+0200,rank=1 arm=llr40v10-kimi27sglang-fortran job=621022 seq=2 lang=fortran campaign_speedup=32.223 sha256=a769df14b4e33607
tsvc_2_s252,c,M,,ok,88576689,84647947,84820518 92386714 84647947 92202240 85245401 92242527 84689259 92102403 84879492 91791277 85050559 92424441 84649068 92318972 85378133 92497302 85185660 91826763 85343191 91726127 85481426 91428984 85022817 91751278 84786088 91657361 85724394 91975367 85599663 91913833,gcc,gcc-14 (SUSE Linux) 14.2.0 [/usr/bin/gcc-14],-O3 -march=native -fopenmp -fno-math-errno -fno-trapping-math -fno-signed-zeros  -ffp-contract=fast -fstrict-aliasing -fPIC -include /capstor/scratch/cscs/lhulsbergen/HPCAgent-Bench-v2/hpcagent_bench/envs/vecmath.h -Wall -Wextra,1,5,30,26a4f0cfc1540cead109dfc8d736f1c45263e390,2026-10-02T16:03:15+0200,
tsvc_2_s252,cpp,M,,ok,90937826,89964257,91339861 90248984 91142780 89964257 91333813 90977184 91136763 90633131 90841252 90229336 91375987 91215929 91035007 90162778 90926818 90005792 90974048 90970688 91439218 90387411 90927618 90921026 301314239 90813446 103028067 90277399 91313046 90948034 90506608 90388819,g++,g++ (SUSE Linux) 13.3.1 20250313 [revision 4ef1d8c84faeebffeb0cc01ee22e891b41e5c4e0] [/users/lhulsbergen/bin/g++],-O3 -march=native -fopenmp -fno-math-errno -fno-trapping-math -fno-signed-zeros  -ffp-contract=fast -fstrict-aliasing -fPIC -include /capstor/scratch/cscs/lhulsbergen/HPCAgent-Bench-v2/hpcagent_bench/envs/vecmath.h -Wall -Wextra,1,5,30,26a4f0cfc1540cead109dfc8d736f1c45263e390,2026-10-02T16:03:34+0200,
tsvc_2_s252,fortran,M,,ok,86675832,82392368,89992927 82907967 89903330 83203159 90379027 82838882 90324501 82893856 90136667 82940479 89904706 82580170 90046845 82907424 89837988 83513677 90053982 82796259 90272823 82564394 90323317 82832162 90036094 83153335 90265591 83310323 90280470 82392368 90683017 83353618,gfortran,GNU Fortran (SUSE Linux) 13.3.1 20250313 [revision 4ef1d8c84faeebffeb0cc01ee22e891b41e5c4e0] [/users/lhulsbergen/bin/gfortran],-O3 -march=native -fopenmp -fno-math-errno -fno-trapping-math -fno-signed-zeros  -ffp-contract=fast -fstrict-aliasing -fPIC -ftree-parallelize-loops=72 -Wall -Wextra,1,5,30,26a4f0cfc1540cead109dfc8d736f1c45263e390,2026-10-02T16:03:53+0200,
tsvc_2_s252,numba,M,,ok,79773234,79534634,79783810 79534634 79766339 79572905 79884735 79783587 79969053 79594345 79839041 79612392 79889119 79619112 79919839 79688646 79867648 79618535 79820641 79630599 79863808 79759268 79839713 79596777 79789506 79666406 79780130 79570922 79971869 79600904 79847744 79635432,numba,numba 0.67.0,"@nb.njit(parallel=True, cache=True)",1,5,30,26a4f0cfc1540cead109dfc8d736f1c45263e390,2026-10-02T16:04:11+0200,
tsvc_2_s252,c_reference,M,,ok,85851471,82449614,88524494 83534668 88392434 83302547 87967616 83182519 88133082 83281044 88298742 82815427 88219064 83394544 88244087 83177495 87999807 83552620 88308341 82562507 88133754 82449614 88029566 83735326 88466889 83058067 88499112 83612770 88760672 82628448 88469865 82740349,gcc,gcc-14 (SUSE Linux) 14.2.0 [/usr/bin/gcc-14],-O3 -march=native -fopenmp -fno-math-errno -fno-trapping-math -fno-signed-zeros  -ffp-contract=fast -fstrict-aliasing -fPIC -include /capstor/scratch/cscs/lhulsbergen/HPCAgent-Bench-v2/hpcagent_bench/envs/vecmath.h -Wall -Wextra,1,5,30,26a4f0cfc1540cead109dfc8d736f1c45263e390,2026-10-02T16:04:30+0200,source=tsvc_2_s252_reference.c sha256=99dd993ff020229d
tsvc_2_s252,agent,M,,ok,85689488,84767101,85054516 85857371 85003030 86015574 85296333 86411338 85476807 85820252 85632866 85383306 85352235 85485031 85010485 85810877 86343180 86041046 85257294 87227792 84767101 85749662 85445448 86185873 85178961 86108979 85523749 85746110 85791708 85896410 84871289 85925304,gcc,gcc-14 (SUSE Linux) 14.2.0 [/usr/bin/gcc-14],-O3 -march=native -fopenmp -fno-math-errno -fno-trapping-math -fno-signed-zeros  -ffp-contract=fast -fstrict-aliasing -fPIC -include /capstor/scratch/cscs/lhulsbergen/HPCAgent-Bench-v2/hpcagent_bench/envs/vecmath.h -Wall -Wextra,1,5,30,26a4f0cfc1540cead109dfc8d736f1c45263e390,2026-10-02T16:04:49+0200,rank=1 arm=llr40v10-kimi27sglang-c job=621018 seq=2 lang=c campaign_speedup=5.216 sha256=71abe07e7f72019f
tsvc_2_s255,c,M,,ok,78972010,76510532,79879936 80982495 78948314 78117332 79348400 78107540 77449192 78371532 78534311 79478220 78780096 80525229 77407881 80737126 79766307 78485609 78921436 80416815 81339604 79623495 76777915 79296689 80634089 78640100 80428111 80307571 78995706 78752096 78617733 76510532,gcc,gcc-14 (SUSE Linux) 14.2.0 [/usr/bin/gcc-14],-O3 -march=native -fopenmp -fno-math-errno -fno-trapping-math -fno-signed-zeros  -ffp-contract=fast -fstrict-aliasing -fPIC -include /capstor/scratch/cscs/lhulsbergen/HPCAgent-Bench-v2/hpcagent_bench/envs/vecmath.h -Wall -Wextra,1,5,30,26a4f0cfc1540cead109dfc8d736f1c45263e390,2026-10-02T16:00:20+0200,
tsvc_2_s255,cpp,M,,ok,79218867,77921209,78475337 80261685 80074809 78865277 78698211 78721954 78596421 78746721 78753824 77921209 78270032 79224691 78972954 78148435 78305614 78668452 79399789 80587339 78825247 80086969 79948957 79668229 79575433 79537833 79213043 80803460 79961181 80280276 80005660 79932254,g++,g++ (SUSE Linux) 13.3.1 20250313 [revision 4ef1d8c84faeebffeb0cc01ee22e891b41e5c4e0] [/users/lhulsbergen/bin/g++],-O3 -march=native -fopenmp -fno-math-errno -fno-trapping-math -fno-signed-zeros  -ffp-contract=fast -fstrict-aliasing -fPIC -include /capstor/scratch/cscs/lhulsbergen/HPCAgent-Bench-v2/hpcagent_bench/envs/vecmath.h -Wall -Wextra,1,5,30,26a4f0cfc1540cead109dfc8d736f1c45263e390,2026-10-02T16:00:38+0200,
tsvc_2_s255,fortran,M,,ok,79586264,77470854,80145239 79063704 80356625 79775138 79619943 79647814 79552585 79199220 79357102 79627911 78647300 77470854 79861536 78942171 78819007 79029785 79711396 81544750 78580967 78228464 78247695 79984572 80013147 78563654 79776642 80729991 80107736 78989242 79029529 79868288,gfortran,GNU Fortran (SUSE Linux) 13.3.1 20250313 [revision 4ef1d8c84faeebffeb0cc01ee22e891b41e5c4e0] [/users/lhulsbergen/bin/gfortran],-O3 -march=native -fopenmp -fno-math-errno -fno-trapping-math -fno-signed-zeros  -ffp-contract=fast -fstrict-aliasing -fPIC -ftree-parallelize-loops=72 -Wall -Wextra,1,5,30,26a4f0cfc1540cead109dfc8d736f1c45263e390,2026-10-02T16:00:56+0200,
tsvc_2_s255,numba,M,,ok,80625577,80402096,80535212 80626761 80567788 80603561 80667912 80597482 80418448 80580106 80703943 80708679 80630921 80501709 80690983 80575307 80557931 80800932 80481613 80713734 80479854 80736806 80639593 80694472 80726598 80756454 80402096 80752262 80590986 80605386 80635848 80624394,numba,numba 0.67.0,"@nb.njit(parallel=True, cache=True)",1,5,30,26a4f0cfc1540cead109dfc8d736f1c45263e390,2026-10-02T16:01:13+0200,
tsvc_2_s255,c_reference,M,,ok,79133862,77782718,78607749 79495084 78398123 80780452 77782718 79721572 79130134 78806943 80229749 79660966 79922942 78948187 78007255 78144499 79137590 79179445 79329040 78644100 79166453 80673608 80076506 78607781 78249969 80124216 78523432 80215317 77954168 79450956 78874461 79070935,gcc,gcc-14 (SUSE Linux) 14.2.0 [/usr/bin/gcc-14],-O3 -march=native -fopenmp -fno-math-errno -fno-trapping-math -fno-signed-zeros  -ffp-contract=fast -fstrict-aliasing -fPIC -include /capstor/scratch/cscs/lhulsbergen/HPCAgent-Bench-v2/hpcagent_bench/envs/vecmath.h -Wall -Wextra,1,5,30,26a4f0cfc1540cead109dfc8d736f1c45263e390,2026-10-02T16:01:31+0200,source=tsvc_2_s255_reference.c sha256=d0906f68c79e1e1d
tsvc_2_s255,agent,M,,ok,66904512,66318289,67062524 66515532 66992190 66573738 67192759 66371920 67177016 66356560 67231095 66475629 67034044 66618697 67024925 66574282 66911264 66548395 66999069 66517420 66966366 66917535 66897761 66731749 67343923 66534347 67041693 66318289 67184664 66597929 67011134 66448206,gfortran,GNU Fortran (SUSE Linux) 13.3.1 20250313 [revision 4ef1d8c84faeebffeb0cc01ee22e891b41e5c4e0] [/users/lhulsbergen/bin/gfortran],-O3 -march=native -fopenmp -fno-math-errno -fno-trapping-math -fno-signed-zeros  -ffp-contract=fast -fstrict-aliasing -fPIC -ftree-parallelize-loops=72 -Wall -Wextra,1,5,30,26a4f0cfc1540cead109dfc8d736f1c45263e390,2026-10-02T16:01:49+0200,rank=1 arm=llr40v10-qwen38-fortran job=621728 seq=1 lang=fortran campaign_speedup=247.766 sha256=38ad53a4faa12be5
tsvc_2_s2710,c,M,,ok,224516290,220016181,224288393 221025268 225347271 220544452 224536481 220968406 224595743 220099762 225183404 220193519 224680029 220351722 224843799 220532996 226572798 230807316 224988850 220871802 225069424 220016181 224518850 220327179 224819192 248207034 224513730 220630657 225816919 221093362 224956723 220463143,gcc,gcc-14 (SUSE Linux) 14.2.0 [/usr/bin/gcc-14],-O3 -march=native -fopenmp -fno-math-errno -fno-trapping-math -fno-signed-zeros  -ffp-contract=fast -fstrict-aliasing -fPIC -include /capstor/scratch/cscs/lhulsbergen/HPCAgent-Bench-v2/hpcagent_bench/envs/vecmath.h -Wall -Wextra,1,5,30,26a4f0cfc1540cead109dfc8d736f1c45263e390,2026-10-02T15:59:41+0200,
tsvc_2_s2710,cpp,M,,ok,222617280,220658112,222618720 221454726 222716989 221199599 222615841 221760412 222962069 221575874 222404807 222100337 222823321 221534403 223408742 270095020 223667486 223141615 222992180 221611009 223009203 221128848 223648190 222194606 223537474 220658112 231392672 221478246 223964468 221895832 223812889 222143024,g++,g++ (SUSE Linux) 13.3.1 20250313 [revision 4ef1d8c84faeebffeb0cc01ee22e891b41e5c4e0] [/users/lhulsbergen/bin/g++],-O3 -march=native -fopenmp -fno-math-errno -fno-trapping-math -fno-signed-zeros  -ffp-contract=fast -fstrict-aliasing -fPIC -include /capstor/scratch/cscs/lhulsbergen/HPCAgent-Bench-v2/hpcagent_bench/envs/vecmath.h -Wall -Wextra,1,5,30,26a4f0cfc1540cead109dfc8d736f1c45263e390,2026-10-02T16:00:07+0200,
tsvc_2_s2710,fortran,M,,ok,9557254,9332462,9491785 9718658 9396236 9658819 9462953 9645700 9434571 9530439 9419627 9415947 9640324 9593573 9477929 9641188 9921530 9665827 9662051 9539302 9575206 9580965 9532423 9459050 9637955 9332462 9793534 9425035 21100619 9484905 9651811 9524840,gfortran,GNU Fortran (SUSE Linux) 13.3.1 20250313 [revision 4ef1d8c84faeebffeb0cc01ee22e891b41e5c4e0] [/users/lhulsbergen/bin/gfortran],-O3 -march=native -fopenmp -fno-math-errno -fno-trapping-math -fno-signed-zeros  -ffp-contract=fast -fstrict-aliasing -fPIC -ftree-parallelize-loops=72 -Wall -Wextra,1,5,30,26a4f0cfc1540cead109dfc8d736f1c45263e390,2026-10-02T16:00:24+0200,
tsvc_2_s2710,numba,M,,ok,87053669,83473739,90476838 83769793 90711805 83643077 90096689 83721955 90595554 83485194 90344842 84010649 90454182 83473739 90614849 83875358 90473157 83537609 90749948 83706147 90112177 83680836 90321611 83577927 90528995 83565577 90525700 83636198 90232941 83734915 90409799 83742146,numba,numba 0.67.0,"@nb.njit(parallel=True, cache=True)",1,5,30,26a4f0cfc1540cead109dfc8d736f1c45263e390,2026-10-02T16:00:45+0200,
tsvc_2_s2710,c_reference,M,,ok,219871836,216362560,222598291 216550618 222771469 216731316 222184961 216362560 222329532 216956172 222280925 216461788 222441944 216675093 221770062 216911502 222364731 217973610 222505430 217043850 222038821 216701940 222452343 217337919 222618130 217085735 222511126 216782033 222540405 217720371 222873674 217197060,gcc,gcc-14 (SUSE Linux) 14.2.0 [/usr/bin/gcc-14],-O3 -march=native -fopenmp -fno-math-errno -fno-trapping-math -fno-signed-zeros  -ffp-contract=fast -fstrict-aliasing -fPIC -include /capstor/scratch/cscs/lhulsbergen/HPCAgent-Bench-v2/hpcagent_bench/envs/vecmath.h -Wall -Wextra,1,5,30,26a4f0cfc1540cead109dfc8d736f1c45263e390,2026-10-02T16:01:10+0200,source=tsvc_2_s2710_reference.c sha256=b9082229eb88c749
tsvc_2_s2710,agent,M,,ok,83730484,83059515,83575591 83884382 83846143 84171829 84348752 83828416 83265428 84245363 83730405 84027931 83574217 83860736 83489740 83513131 83858144 83793570 83410863 83481676 83346929 83733699 83059515 83926269 84129015 83620264 83262740 83730564 83593321 83674822 83651495 83739140,gfortran,GNU Fortran (SUSE Linux) 13.3.1 20250313 [revision 4ef1d8c84faeebffeb0cc01ee22e891b41e5c4e0] [/users/lhulsbergen/bin/gfortran],-O3 -march=native -fopenmp -fno-math-errno -fno-trapping-math -fno-signed-zeros  -ffp-contract=fast -fstrict-aliasing -fPIC -ftree-parallelize-loops=72 -Wall -Wextra,1,5,30,26a4f0cfc1540cead109dfc8d736f1c45263e390,2026-10-02T16:01:31+0200,rank=1 arm=llr40v10-kimi27sglang-fortran job=621022 seq=5 lang=fortran campaign_speedup=40.509 sha256=91c5abb4bd6419b5
tsvc_2_s275,c,M,,ok,815364251,750819141,867593961 751557648 865951159 765223154 865702366 751728651 943313352 752817708 867868513 755284743 865505348 750940609 876765257 751674348 867402670 754634842 866215343 754687512 868316052 750819141 866097586 752297371 866539270 753295807 941456422 752678635 867440797 751642120 867371264 756830071,gcc,gcc-14 (SUSE Linux) 14.2.0 [/usr/bin/gcc-14],-O3 -march=native -fopenmp -fno-math-errno -fno-trapping-math -fno-signed-zeros  -ffp-contract=fast -fstrict-aliasing -fPIC -include /capstor/scratch/cscs/lhulsbergen/HPCAgent-Bench-v2/hpcagent_bench/envs/vecmath.h -Wall -Wextra,1,5,30,26a4f0cfc1540cead109dfc8d736f1c45263e390,2026-10-02T16:00:05+0200,
tsvc_2_s275,cpp,M,,ok,767134903,659540443,850604341 677638497 852692954 683275715 853184525 681532020 840925957 681939464 854602214 671800708 849806892 688278646 849561266 671943264 849698990 659540443 850601046 676129930 850989835 674827792 860653595 666699827 849199804 667870258 851591129 693343849 850142146 680414419 852763033 678756162,g++,g++ (SUSE Linux) 13.3.1 20250313 [revision 4ef1d8c84faeebffeb0cc01ee22e891b41e5c4e0] [/users/lhulsbergen/bin/g++],-O3 -march=native -fopenmp -fno-math-errno -fno-trapping-math -fno-signed-zeros  -ffp-contract=fast -fstrict-aliasing -fPIC -include /capstor/scratch/cscs/lhulsbergen/HPCAgent-Bench-v2/hpcagent_bench/envs/vecmath.h -Wall -Wextra,1,5,30,26a4f0cfc1540cead109dfc8d736f1c45263e390,2026-10-02T16:00:55+0200,
tsvc_2_s275,fortran,M,,ok,829474550,611279128,802064054 884279735 802520650 873489413 801646210 878277311 808943701 875927168 802702564 874949212 802887583 875318739 803243573 874877246 804140700 844256760 800350278 875411919 814692341 876190905 802719908 876878598 803597420 877890249 611279128 877127455 804116669 886771921 801668290 876844582,gfortran,GNU Fortran (SUSE Linux) 13.3.1 20250313 [revision 4ef1d8c84faeebffeb0cc01ee22e891b41e5c4e0] [/users/lhulsbergen/bin/gfortran],-O3 -march=native -fopenmp -fno-math-errno -fno-trapping-math -fno-signed-zeros  -ffp-contract=fast -fstrict-aliasing -fPIC -ftree-parallelize-loops=72 -Wall -Wextra,1,5,30,26a4f0cfc1540cead109dfc8d736f1c45263e390,2026-10-02T16:01:48+0200,
tsvc_2_s275,numba,M,,ok,549830191,470611417,548526807 634990462 546897086 636015964 545121264 635846400 545243821 642507303 551133576 639854256 548150971 641311943 548349846 639162532 544783001 641773275 544518145 635718468 545205709 470611417 544740154 635258065 547525452 639778930 546121716 640654938 545986648 640161672 547849124 643537833,numba,numba 0.67.0,"@nb.njit(parallel=True, cache=True)",1,5,30,26a4f0cfc1540cead109dfc8d736f1c45263e390,2026-10-02T16:02:32+0200,
tsvc_2_s275,c_reference,M,,ok,747138833,512490979,859122926 684648009 861327633 512490979 859864121 686987944 860302061 685784425 857422366 682222828 858908244 683130803 797024859 687446010 871307481 688764821 863304760 697252808 863462900 689739340 862787562 677599615 863235966 677659197 867239725 688376431 865153608 696680678 865170216 692649175,gcc,gcc-14 (SUSE Linux) 14.2.0 [/usr/bin/gcc-14],-O3 -march=native -fopenmp -fno-math-errno -fno-trapping-math -fno-signed-zeros  -ffp-contract=fast -fstrict-aliasing -fPIC -include /capstor/scratch/cscs/lhulsbergen/HPCAgent-Bench-v2/hpcagent_bench/envs/vecmath.h -Wall -Wextra,1,5,30,26a4f0cfc1540cead109dfc8d736f1c45263e390,2026-10-02T16:03:22+0200,source=tsvc_2_s275_reference.c sha256=f1196da07f7aa442
tsvc_2_s275,agent,M,,ok,169341225,167715990,168880247 171765701 167715990 171102456 169756318 170582214 169244172 170826976 170235120 169972631 170966620 170260079 168667388 169005426 168349285 215623157 178542087 169950936 169311530 168639294 169544227 169319754 169362697 169198957 169637920 169059441 168499713 168949204 169094000 168376165,gfortran,GNU Fortran (SUSE Linux) 13.3.1 20250313 [revision 4ef1d8c84faeebffeb0cc01ee22e891b41e5c4e0] [/users/lhulsbergen/bin/gfortran],-O3 -march=native -fopenmp -fno-math-errno -fno-trapping-math -fno-signed-zeros  -ffp-contract=fast -fstrict-aliasing -fPIC -ftree-parallelize-loops=72 -Wall -Wextra,1,5,30,26a4f0cfc1540cead109dfc8d736f1c45263e390,2026-10-02T16:03:50+0200,rank=1 arm=llr40v10-qwen38-fortran job=621385 seq=2 lang=fortran campaign_speedup=52.994 sha256=0f148b2b32589e8d
tsvc_2_s311,c,M,,ok,137773472,136684112,140812022 140177897 139862930 139252964 139270724 138899183 138064776 138080487 138114758 138465851 137782896 137630581 137798224 137519479 137097732 137764048 137311325 148936261 137066694 137115683 136929545 138045832 137270111 136877739 137040006 136937545 138253922 136823212 136744558 136684112,gcc,gcc-14 (SUSE Linux) 14.2.0 [/usr/bin/gcc-14],-O3 -march=native -fopenmp -fno-math-errno -fno-trapping-math -fno-signed-zeros  -ffp-contract=fast -fstrict-aliasing -fPIC -include /capstor/scratch/cscs/lhulsbergen/HPCAgent-Bench-v2/hpcagent_bench/envs/vecmath.h -Wall -Wextra,1,5,30,26a4f0cfc1540cead109dfc8d736f1c45263e390,2026-10-02T15:57:41+0200,
tsvc_2_s311,cpp,M,,ok,136687180,136393206,136977125 136749515 136555217 136823241 137178462 136521554 136453843 136966085 136507314 136818953 136589008 136759178 136608495 136688397 136843368 136601039 136393206 136751467 136768907 136695308 136495282 136683629 136527217 136685964 136439285 136434100 136655022 136974565 136784970 137468631,g++,g++ (SUSE Linux) 13.3.1 20250313 [revision 4ef1d8c84faeebffeb0cc01ee22e891b41e5c4e0] [/users/lhulsbergen/bin/g++],-O3 -march=native -fopenmp -fno-math-errno -fno-trapping-math -fno-signed-zeros  -ffp-contract=fast -fstrict-aliasing -fPIC -include /capstor/scratch/cscs/lhulsbergen/HPCAgent-Bench-v2/hpcagent_bench/envs/vecmath.h -Wall -Wextra,1,5,30,26a4f0cfc1540cead109dfc8d736f1c45263e390,2026-10-02T15:58:10+0200,
tsvc_2_s311,fortran,M,,ok,74802519,74595678,74691130 74797592 75499683 74874485 74793495 74800887 74863957 74855829 74717530 74831382 74795640 74595678 74720089 75080335 75250186 74812151 74774488 74797335 74713850 74751449 74804151 74733433 74897748 74751705 75131726 74885525 74784247 80397330 74845365 74823510,gfortran,GNU Fortran (SUSE Linux) 13.3.1 20250313 [revision 4ef1d8c84faeebffeb0cc01ee22e891b41e5c4e0] [/users/lhulsbergen/bin/gfortran],-O3 -march=native -fopenmp -fno-math-errno -fno-trapping-math -fno-signed-zeros  -ffp-contract=fast -fstrict-aliasing -fPIC -ftree-parallelize-loops=72 -Wall -Wextra,1,5,30,26a4f0cfc1540cead109dfc8d736f1c45263e390,2026-10-02T15:58:36+0200,
tsvc_2_s311,numba,M,,ok,137194142,136783946,137344761 136783946 137018499 137716526 136931430 137266140 136970532 137585939 137009539 137230717 137080993 137422039 137266844 137038307 137704975 137157567 137532244 137731246 137384089 137350585 138058148 137494229 136932421 137349913 136852488 136920646 137093985 136958758 136971844 136906182,numba,numba 0.67.0,"@nb.njit(parallel=True, cache=True)",1,5,30,26a4f0cfc1540cead109dfc8d736f1c45263e390,2026-10-02T15:59:04+0200,
tsvc_2_s311,c_reference,M,,ok,137556563,137367033,137367033 137442358 137564403 137460150 137397720 137458743 137646097 137624785 137548723 137451862 137602769 137505941 137627634 137791565 137548724 137595795 137502996 137466774 138357563 137448310 137444471 137797581 137382680 137702447 137730190 137436918 137567282 137657040 137798828 137696272,gcc,gcc-14 (SUSE Linux) 14.2.0 [/usr/bin/gcc-14],-O3 -march=native -fopenmp -fno-math-errno -fno-trapping-math -fno-signed-zeros  -ffp-contract=fast -fstrict-aliasing -fPIC -include /capstor/scratch/cscs/lhulsbergen/HPCAgent-Bench-v2/hpcagent_bench/envs/vecmath.h -Wall -Wextra,1,5,30,26a4f0cfc1540cead109dfc8d736f1c45263e390,2026-10-02T15:59:33+0200,source=tsvc_2_s311_reference.c sha256=0f8523ac721d9f18
tsvc_2_s311,agent,M,,ok,75941477,75632895,75966580 76584355 76140400 75973044 75632895 76195150 75786746 76413895 75723548 76100241 76243277 75875448 75807929 75945269 75892567 75891510 75882839 76089393 75817273 76174351 75925814 76363689 75766842 76655104 75937685 76008211 75816951 75853526 75733114 75992627,gfortran,GNU Fortran (SUSE Linux) 13.3.1 20250313 [revision 4ef1d8c84faeebffeb0cc01ee22e891b41e5c4e0] [/users/lhulsbergen/bin/gfortran],-O3 -march=native -fopenmp -fno-math-errno -fno-trapping-math -fno-signed-zeros  -ffp-contract=fast -fstrict-aliasing -fPIC -ftree-parallelize-loops=72 -Wall -Wextra,1,5,30,26a4f0cfc1540cead109dfc8d736f1c45263e390,2026-10-02T15:59:59+0200,rank=1 arm=llr40v10-qwen38-fortran job=622266 seq=1 lang=fortran campaign_speedup=20.388 sha256=a0e8000562ea9700
tsvc_2_s3110,c,M,,ok,120650737,118951848,126803239 127817734 126988993 126420307 197472669 195041772 199937708 197375488 192070765 180859261 197374336 196897904 195886993 121042820 120579060 120722414 120295036 120126466 120188097 120069187 119762286 119688593 119489719 119615027 119269534 119201536 120343835 119303773 118951848 118952296,gcc,gcc-14 (SUSE Linux) 14.2.0 [/usr/bin/gcc-14],-O3 -march=native -fopenmp -fno-math-errno -fno-trapping-math -fno-signed-zeros  -ffp-contract=fast -fstrict-aliasing -fPIC -include /capstor/scratch/cscs/lhulsbergen/HPCAgent-Bench-v2/hpcagent_bench/envs/vecmath.h -Wall -Wextra,1,5,30,26a4f0cfc1540cead109dfc8d736f1c45263e390,2026-10-02T15:57:30+0200,
tsvc_2_s3110,cpp,M,,ok,118714160,117995624,118311005 118900298 118307678 119557716 118122180 118627955 118367580 119328892 118306653 118972744 117995624 119396506 118191873 118973192 118076229 119441240 191251977 118559989 126499153 119216320 118364251 118941961 118319549 119248319 118207233 118800366 118183522 119350076 118347069 119562836,g++,g++ (SUSE Linux) 13.3.1 20250313 [revision 4ef1d8c84faeebffeb0cc01ee22e891b41e5c4e0] [/users/lhulsbergen/bin/g++],-O3 -march=native -fopenmp -fno-math-errno -fno-trapping-math -fno-signed-zeros  -ffp-contract=fast -fstrict-aliasing -fPIC -include /capstor/scratch/cscs/lhulsbergen/HPCAgent-Bench-v2/hpcagent_bench/envs/vecmath.h -Wall -Wextra,1,5,30,26a4f0cfc1540cead109dfc8d736f1c45263e390,2026-10-02T15:57:47+0200,
tsvc_2_s3110,fortran,M,,ok,118914506,117981736,118358812 119737647 118105668 119010631 118022631 119040038 117981736 119348155 118732527 119055749 118154467 119289917 118138979 119042854 118391931 118918506 118153667 119217216 118415994 119037894 126344310 118910506 118447065 119443033 118053990 119241854 118462904 119213920 118010632 119058085,gfortran,GNU Fortran (SUSE Linux) 13.3.1 20250313 [revision 4ef1d8c84faeebffeb0cc01ee22e891b41e5c4e0] [/users/lhulsbergen/bin/gfortran],-O3 -march=native -fopenmp -fno-math-errno -fno-trapping-math -fno-signed-zeros  -ffp-contract=fast -fstrict-aliasing -fPIC -ftree-parallelize-loops=72 -Wall -Wextra,1,5,30,26a4f0cfc1540cead109dfc8d736f1c45263e390,2026-10-02T15:58:04+0200,
tsvc_2_s3110,numba,M,,ok,315964232,315310414,316037782 316914969 316192496 315840156 315775295 316968663 315941209 315864091 315933465 315449065 315986648 315781982 316067317 315310414 315908378 323637629 316199568 315864860 315786494 315923578 316077076 315939321 316110707 316108276 315989112 316058774 315941817 316072180 315705185 316041558,numba,numba 0.67.0,"@nb.njit(parallel=True, cache=True)",1,5,30,26a4f0cfc1540cead109dfc8d736f1c45263e390,2026-10-02T15:58:29+0200,
tsvc_2_s3110,c_reference,M,,ok,170651405,118538071,174584781 167148544 180148279 180166838 173779271 174298454 191187949 167523540 190663742 191364359 141125844 190168878 164464024 153368164 188334763 190165999 189754012 175796038 181194772 191465668 126774858 119031079 118670259 119214625 119065670 119205058 118728369 119234561 118538071 120277182,gcc,gcc-14 (SUSE Linux) 14.2.0 [/usr/bin/gcc-14],-O3 -march=native -fopenmp -fno-math-errno -fno-trapping-math -fno-signed-zeros  -ffp-contract=fast -fstrict-aliasing -fPIC -include /capstor/scratch/cscs/lhulsbergen/HPCAgent-Bench-v2/hpcagent_bench/envs/vecmath.h -Wall -Wextra,1,5,30,26a4f0cfc1540cead109dfc8d736f1c45263e390,2026-10-02T15:58:46+0200,source=tsvc_2_s3110_reference.c sha256=f761d4122cc24220
tsvc_2_s3110,agent,M,,ok,118847245,118320767,118484473 118388700 118373469 118682098 118797999 118320767 118378205 118638068 118373981 118588758 118448602 118504185 118463514 119784462 118550871 119184002 118896492 119317022 119488728 119568054 119206690 119649171 119478936 119385820 119510035 119471348 119299099 119310490 118510388 119195006,gcc,gcc-14 (SUSE Linux) 14.2.0 [/usr/bin/gcc-14],-O3 -march=native -fopenmp -fno-math-errno -fno-trapping-math -fno-signed-zeros  -ffp-contract=fast -fstrict-aliasing -fPIC -include /capstor/scratch/cscs/lhulsbergen/HPCAgent-Bench-v2/hpcagent_bench/envs/vecmath.h -Wall -Wextra,1,5,30,26a4f0cfc1540cead109dfc8d736f1c45263e390,2026-10-02T15:59:12+0200,rank=3 arm=llr40v10-kimi27sglang-c job=621730 seq=2 lang=c campaign_speedup=14.828 sha256=200d711633cc4004
tsvc_2_s3111,c,M,,ok,123645568,123287339,123675488 123656896 123571363 123529637 123711103 123593250 123844027 123499045 123540644 123634241 123853850 123513637 123587779 123287339 123534436 123672160 123604802 123707551 123668064 123462822 123797212 123792380 123891289 123782364 123521701 123928697 123426632 123518501 123779868 123958423,gcc,gcc-14 (SUSE Linux) 14.2.0 [/usr/bin/gcc-14],-O3 -march=native -fopenmp -fno-math-errno -fno-trapping-math -fno-signed-zeros  -ffp-contract=fast -fstrict-aliasing -fPIC -include /capstor/scratch/cscs/lhulsbergen/HPCAgent-Bench-v2/hpcagent_bench/envs/vecmath.h -Wall -Wextra,1,5,30,26a4f0cfc1540cead109dfc8d736f1c45263e390,2026-10-02T16:00:26+0200,
tsvc_2_s3111,cpp,M,,ok,123455769,123130801,123528516 123384553 123584995 123634433 123455335 123446919 123558980 123792700 123333674 123284491 123546276 123494630 123130801 123267341 123705758 123399849 123190479 123381609 123712799 123433191 123249421 123456358 123742622 123690143 123299824 123456203 123662149 123524585 123192436 123393101,g++,g++ (SUSE Linux) 13.3.1 20250313 [revision 4ef1d8c84faeebffeb0cc01ee22e891b41e5c4e0] [/users/lhulsbergen/bin/g++],-O3 -march=native -fopenmp -fno-math-errno -fno-trapping-math -fno-signed-zeros  -ffp-contract=fast -fstrict-aliasing -fPIC -include /capstor/scratch/cscs/lhulsbergen/HPCAgent-Bench-v2/hpcagent_bench/envs/vecmath.h -Wall -Wextra,1,5,30,26a4f0cfc1540cead109dfc8d736f1c45263e390,2026-10-02T16:00:40+0200,
tsvc_2_s3111,fortran,M,,ok,717418438,716315417,717852361 718424216 717098305 717921575 717914087 717465493 716490132 716889768 717555923 717059746 717890217 716844905 717816907 728240455 716581234 717305338 717067873 716968965 716315417 718080067 717430518 717406359 716790442 716404598 729021392 718045284 726851762 717909000 717290331 716949670,gfortran,GNU Fortran (SUSE Linux) 13.3.1 20250313 [revision 4ef1d8c84faeebffeb0cc01ee22e891b41e5c4e0] [/users/lhulsbergen/bin/gfortran],-O3 -march=native -fopenmp -fno-math-errno -fno-trapping-math -fno-signed-zeros  -ffp-contract=fast -fstrict-aliasing -fPIC -ftree-parallelize-loops=72 -Wall -Wextra,1,5,30,26a4f0cfc1540cead109dfc8d736f1c45263e390,2026-10-02T16:01:16+0200,
tsvc_2_s3111,numba,M,,ok,306152617,304952974,305005261 305005165 305032973 304952974 305077643 306201192 306123530 306178633 306108651 306156361 306090699 306121322 306113419 306175881 306148873 306156874 306213864 306183241 306285734 306246151 306185704 306122955 306212775 306181800 306226535 306191337 306110923 306183785 306131530 306108714,numba,numba 0.67.0,"@nb.njit(parallel=True, cache=True)",1,5,30,26a4f0cfc1540cead109dfc8d736f1c45263e390,2026-10-02T16:01:36+0200,
tsvc_2_s3111,c_reference,M,,ok,123588903,123291984,123592743 123636581 123530313 123291984 123613031 123509322 123737186 123491978 123760866 123515850 123750179 123516266 123490347 123352143 123842784 123737187 124326128 123505993 123719363 123478922 123929661 123505098 123698276 123427884 123654565 123496746 123610535 123624198 123585064 123500426,gcc,gcc-14 (SUSE Linux) 14.2.0 [/usr/bin/gcc-14],-O3 -march=native -fopenmp -fno-math-errno -fno-trapping-math -fno-signed-zeros  -ffp-contract=fast -fstrict-aliasing -fPIC -include /capstor/scratch/cscs/lhulsbergen/HPCAgent-Bench-v2/hpcagent_bench/envs/vecmath.h -Wall -Wextra,1,5,30,26a4f0cfc1540cead109dfc8d736f1c45263e390,2026-10-02T16:01:50+0200,source=tsvc_2_s3111_reference.c sha256=85c653ceb8551f40
tsvc_2_s3111,agent,M,,ok,123636725,123245234,123586760 124358736 123639206 123877182 123636646 123516553 135474806 123903005 123665510 123415916 123572616 123773794 123591015 123310736 123636805 123802081 123398701 123688517 123610215 123720387 123245234 123640965 123817087 123513449 123381838 123602055 123478219 123408365 123804609 123706116,gcc,gcc-14 (SUSE Linux) 14.2.0 [/usr/bin/gcc-14],-O3 -march=native -fopenmp -fno-math-errno -fno-trapping-math -fno-signed-zeros  -ffp-contract=fast -fstrict-aliasing -fPIC -include /capstor/scratch/cscs/lhulsbergen/HPCAgent-Bench-v2/hpcagent_bench/envs/vecmath.h -Wall -Wextra,1,5,30,26a4f0cfc1540cead109dfc8d736f1c45263e390,2026-10-02T16:02:07+0200,rank=2 arm=llr40v10-qwen38-c job=622265 seq=1 lang=c campaign_speedup=28.882 sha256=d001c96b2307f575
tsvc_2_s3112,c,M,,ok,82035279,81594347,81594347 81838628 82119068 82435092 81860931 82316471 81830468 82246489 81888931 82079326 82462963 82588943 81920066 82518129 81674249 81663689 81991232 81915810 82212185 81933762 82325814 81920834 81799974 81672393 81904515 82179834 82600303 82097661 82139067 82084413,gcc,gcc-14 (SUSE Linux) 14.2.0 [/usr/bin/gcc-14],-O3 -march=native -fopenmp -fno-math-errno -fno-trapping-math -fno-signed-zeros  -ffp-contract=fast -fstrict-aliasing -fPIC -include /capstor/scratch/cscs/lhulsbergen/HPCAgent-Bench-v2/hpcagent_bench/envs/vecmath.h -Wall -Wextra,1,5,30,26a4f0cfc1540cead109dfc8d736f1c45263e390,2026-10-02T16:04:12+0200,
tsvc_2_s3112,cpp,M,,ok,81482244,81063857,81421958 81311562 81681759 81657600 81599042 81472453 82242351 81528324 81159278 81343464 81500484 81432679 81598401 81809500 81384583 81801148 81343241 81703262 81130223 81116047 81942776 81763421 81492036 83236948 81416486 81862906 81233420 81063857 81087760 81433318,g++,g++ (SUSE Linux) 13.3.1 20250313 [revision 4ef1d8c84faeebffeb0cc01ee22e891b41e5c4e0] [/users/lhulsbergen/bin/g++],-O3 -march=native -fopenmp -fno-math-errno -fno-trapping-math -fno-signed-zeros  -ffp-contract=fast -fstrict-aliasing -fPIC -include /capstor/scratch/cscs/lhulsbergen/HPCAgent-Bench-v2/hpcagent_bench/envs/vecmath.h -Wall -Wextra,1,5,30,26a4f0cfc1540cead109dfc8d736f1c45263e390,2026-10-02T16:04:30+0200,
tsvc_2_s3112,fortran,M,,ok,80944500,80645436,80948276 82306862 81357640 81217292 81110703 87826098 80757081 81030385 80807256 80901045 80701563 80770105 80837975 80758458 81628513 81026930 81404583 80677980 81257899 80799640 80940724 80931636 80645436 80747353 80935572 81488068 80790649 81084560 81117999 81249867,gfortran,GNU Fortran (SUSE Linux) 13.3.1 20250313 [revision 4ef1d8c84faeebffeb0cc01ee22e891b41e5c4e0] [/users/lhulsbergen/bin/gfortran],-O3 -march=native -fopenmp -fno-math-errno -fno-trapping-math -fno-signed-zeros  -ffp-contract=fast -fstrict-aliasing -fPIC -ftree-parallelize-loops=72 -Wall -Wextra,1,5,30,26a4f0cfc1540cead109dfc8d736f1c45263e390,2026-10-02T16:04:49+0200,
tsvc_2_s3112,numba,M,,ok,79171414,79084105,79182758 79084105 79200645 79196325 79160614 79119304 79257027 79187813 79176742 79109672 79233892 79288579 79150727 79164614 79210053 79139975 79191717 79343714 79224580 79162727 79163431 79140998 79175174 79135207 79138983 79167654 79150919 79101128 79255267 79207621,numba,numba 0.67.0,"@nb.njit(parallel=True, cache=True)",1,5,30,26a4f0cfc1540cead109dfc8d736f1c45263e390,2026-10-02T16:05:07+0200,
tsvc_2_s3112,c_reference,M,,ok,80984524,80748857,81245387 80985555 80822680 81452166 80964563 80772185 80748857 81300542 80934791 80983494 81125890 81285949 80916328 81216319 80897576 80827307 80832106 80758732 81311804 81102755 81177537 80867305 81284798 80902185 89891593 81392411 81525687 80923463 81033157 80863594,gcc,gcc-14 (SUSE Linux) 14.2.0 [/usr/bin/gcc-14],-O3 -march=native -fopenmp -fno-math-errno -fno-trapping-math -fno-signed-zeros  -ffp-contract=fast -fstrict-aliasing -fPIC -include /capstor/scratch/cscs/lhulsbergen/HPCAgent-Bench-v2/hpcagent_bench/envs/vecmath.h -Wall -Wextra,1,5,30,26a4f0cfc1540cead109dfc8d736f1c45263e390,2026-10-02T16:05:25+0200,source=tsvc_2_s3112_reference.c sha256=32971573861117eb
tsvc_2_s3112,agent,M,,ok,81000230,80555154,81003974 82820179 81166593 81318429 80947143 80981447 80836586 81359740 80807819 80657551 80747789 81047780 81093059 80555154 80963623 80996486 81212160 80812332 80858186 80666223 81112130 80599441 81059491 80821995 81101955 81062148 81614613 81044037 81198272 80726669,gfortran,GNU Fortran (SUSE Linux) 13.3.1 20250313 [revision 4ef1d8c84faeebffeb0cc01ee22e891b41e5c4e0] [/users/lhulsbergen/bin/gfortran],-O3 -march=native -fopenmp -fno-math-errno -fno-trapping-math -fno-signed-zeros  -ffp-contract=fast -fstrict-aliasing -fPIC -ftree-parallelize-loops=72 -Wall -Wextra,1,5,30,26a4f0cfc1540cead109dfc8d736f1c45263e390,2026-10-02T16:05:44+0200,rank=1 arm=llr40v10-oss120b-fortran job=621019 seq=1 lang=fortran campaign_speedup=1.000 sha256=a24bd69bafc495b7
tsvc_2_s316,c,M,,ok,281584554,280998285,282202535 282978478 282556187 283311491 282656792 281523867 282727413 281859601 282020076 281549563 281276036 281544987 281294180 281953614 281446495 281525916 281147303 280998285 281601562 282048363 282451518 281627320 281153544 281775444 281348577 282583226 281567546 281169032 281225701 281133609,gcc,gcc-14 (SUSE Linux) 14.2.0 [/usr/bin/gcc-14],-O3 -march=native -fopenmp -fno-math-errno -fno-trapping-math -fno-signed-zeros  -ffp-contract=fast -fstrict-aliasing -fPIC -include /capstor/scratch/cscs/lhulsbergen/HPCAgent-Bench-v2/hpcagent_bench/envs/vecmath.h -Wall -Wextra,1,5,30,26a4f0cfc1540cead109dfc8d736f1c45263e390,2026-10-02T16:04:29+0200,
tsvc_2_s316,cpp,M,,ok,79731862,79287940,81965806 80333858 80154087 79987885 79543899 79596954 79817106 80643352 79857361 80093929 79854769 79972430 79287940 79687863 79971373 88173641 79734166 79412799 79470301 79464446 79397760 80087882 79522971 84410721 79707862 79639993 79355969 79592538 79729558 79431902,g++,g++ (SUSE Linux) 13.3.1 20250313 [revision 4ef1d8c84faeebffeb0cc01ee22e891b41e5c4e0] [/users/lhulsbergen/bin/g++],-O3 -march=native -fopenmp -fno-math-errno -fno-trapping-math -fno-signed-zeros  -ffp-contract=fast -fstrict-aliasing -fPIC -include /capstor/scratch/cscs/lhulsbergen/HPCAgent-Bench-v2/hpcagent_bench/envs/vecmath.h -Wall -Wextra,1,5,30,26a4f0cfc1540cead109dfc8d736f1c45263e390,2026-10-02T16:04:41+0200,
tsvc_2_s316,fortran,M,,ok,79804419,79185863,79959086 80090953 79841586 79668792 79332290 80309123 79698550 80432607 79185863 80069899 79380000 79589082 80073866 79921135 79436223 79590713 79535708 79454590 79363745 80097930 79402719 79767252 79336386 79883984 79217733 81207558 80377792 80661464 80217830 80381313,gfortran,GNU Fortran (SUSE Linux) 13.3.1 20250313 [revision 4ef1d8c84faeebffeb0cc01ee22e891b41e5c4e0] [/users/lhulsbergen/bin/gfortran],-O3 -march=native -fopenmp -fno-math-errno -fno-trapping-math -fno-signed-zeros  -ffp-contract=fast -fstrict-aliasing -fPIC -ftree-parallelize-loops=72 -Wall -Wextra,1,5,30,26a4f0cfc1540cead109dfc8d736f1c45263e390,2026-10-02T16:04:52+0200,
tsvc_2_s316,numba,M,,ok,123059569,123021619,123055474 123066290 123074481 123069681 123106449 123076529 123055794 123084561 123047634 123048498 123041555 123074321 123060273 123052722 123067090 123098384 123078385 123043762 123036275 123058866 123039890 123061042 123073650 123049393 123021619 123054226 123043154 123090128 123026515 123088880,numba,numba 0.67.0,"@nb.njit(parallel=True, cache=True)",1,5,30,26a4f0cfc1540cead109dfc8d736f1c45263e390,2026-10-02T16:05:06+0200,
tsvc_2_s316,c_reference,M,,ok,280762435,280229123,281698455 281253028 280316960 281709397 280522299 281703540 280832624 280604824 281049193 280361472 281719316 281207717 281361824 280481339 280729460 281241923 280523802 280988556 280506075 280404765 281407134 280584216 281121991 280450141 280558681 280567512 280551929 280961452 280229123 280795410,gcc,gcc-14 (SUSE Linux) 14.2.0 [/usr/bin/gcc-14],-O3 -march=native -fopenmp -fno-math-errno -fno-trapping-math -fno-signed-zeros  -ffp-contract=fast -fstrict-aliasing -fPIC -include /capstor/scratch/cscs/lhulsbergen/HPCAgent-Bench-v2/hpcagent_bench/envs/vecmath.h -Wall -Wextra,1,5,30,26a4f0cfc1540cead109dfc8d736f1c45263e390,2026-10-02T16:05:25+0200,source=tsvc_2_s316_reference.c sha256=319aa50c0a4fc32c
tsvc_2_s316,agent,M,,ok,68778657,68481211,68626871 68690388 68528698 69168645 74177478 68719796 68481211 68634582 68929389 69415165 69536441 68533594 68866990 68657621 68801521 68964012 68890351 68905069 68991244 68534841 68791825 68616439 69015659 68735571 68875631 68677205 68765490 68556569 68633238 69018378,gfortran,GNU Fortran (SUSE Linux) 13.3.1 20250313 [revision 4ef1d8c84faeebffeb0cc01ee22e891b41e5c4e0] [/users/lhulsbergen/bin/gfortran],-O3 -march=native -fopenmp -fno-math-errno -fno-trapping-math -fno-signed-zeros  -ffp-contract=fast -fstrict-aliasing -fPIC -ftree-parallelize-loops=72 -Wall -Wextra,1,5,30,26a4f0cfc1540cead109dfc8d736f1c45263e390,2026-10-02T16:05:37+0200,rank=1 arm=llr40v10-oss120b-fortran job=621019 seq=1 lang=fortran campaign_speedup=13.831 sha256=5db746384e6f0c8f
tsvc_2_s318,c,M,,ok,80853646,80454106,80740241 80727473 80730674 80846094 81084935 81369886 80986826 80748177 80553463 80915340 80454106 80850894 80762289 80876973 80626645 80881133 80643252 80879309 80718194 81060968 80894509 80860622 80886893 81849870 80985674 80797711 81107462 80813072 80792816 80856398,gcc,gcc-14 (SUSE Linux) 14.2.0 [/usr/bin/gcc-14],-O3 -march=native -fopenmp -fno-math-errno -fno-trapping-math -fno-signed-zeros  -ffp-contract=fast -fstrict-aliasing -fPIC -include /capstor/scratch/cscs/lhulsbergen/HPCAgent-Bench-v2/hpcagent_bench/envs/vecmath.h -Wall -Wextra,1,5,30,26a4f0cfc1540cead109dfc8d736f1c45263e390,2026-10-02T15:58:50+0200,
tsvc_2_s318,cpp,M,,ok,81087159,80633397,80633397 81063112 80685331 80976010 81007337 81085799 81312959 81493274 81296224 81790480 81088519 81221346 81297825 81884750 81678837 81176836 81282977 81091815 81331903 81115653 81055624 80947595 81261569 80942667 80790991 80854670 80863309 80811471 80745329 80957130,g++,g++ (SUSE Linux) 13.3.1 20250313 [revision 4ef1d8c84faeebffeb0cc01ee22e891b41e5c4e0] [/users/lhulsbergen/bin/g++],-O3 -march=native -fopenmp -fno-math-errno -fno-trapping-math -fno-signed-zeros  -ffp-contract=fast -fstrict-aliasing -fPIC -include /capstor/scratch/cscs/lhulsbergen/HPCAgent-Bench-v2/hpcagent_bench/envs/vecmath.h -Wall -Wextra,1,5,30,26a4f0cfc1540cead109dfc8d736f1c45263e390,2026-10-02T15:59:03+0200,
tsvc_2_s318,fortran,M,,ok,80989914,80702099,80707347 80929292 80730706 81344062 81954060 80702099 80708082 81027017 80711026 81034216 80970027 80963435 81119365 80983690 80793840 81111398 80996138 80998186 81071847 80916012 80928684 80956331 80734706 80773904 81347230 81160965 81332063 81123141 81020233 81545304,gfortran,GNU Fortran (SUSE Linux) 13.3.1 20250313 [revision 4ef1d8c84faeebffeb0cc01ee22e891b41e5c4e0] [/users/lhulsbergen/bin/gfortran],-O3 -march=native -fopenmp -fno-math-errno -fno-trapping-math -fno-signed-zeros  -ffp-contract=fast -fstrict-aliasing -fPIC -ftree-parallelize-loops=72 -Wall -Wextra,1,5,30,26a4f0cfc1540cead109dfc8d736f1c45263e390,2026-10-02T15:59:16+0200,
tsvc_2_s318,numba,M,,ok,285924421,285347543,285553936 285657037 285347543 285636078 285746730 285756266 285739467 285545041 288048835 285969732 285965507 286439509 285850503 286299898 286061152 286424021 286165501 285879654 286054689 285883335 297550171 285783689 286410679 285800649 285848007 286049729 286271642 286233673 285862515 286565278,numba,numba 0.67.0,"@nb.njit(parallel=True, cache=True)",1,5,30,26a4f0cfc1540cead109dfc8d736f1c45263e390,2026-10-02T15:59:35+0200,
tsvc_2_s318,c_reference,M,,ok,81295443,80836658,81222918 81679224 81491805 81464095 81560763 82461568 81232677 81592155 81680696 81771157 81937135 81646713 82027629 81835955 81220070 81160712 81061482 80904272 80937775 81358209 80880272 81027020 80966734 80995245 81143465 80836658 80877713 81068747 81525404 81484030,gcc,gcc-14 (SUSE Linux) 14.2.0 [/usr/bin/gcc-14],-O3 -march=native -fopenmp -fno-math-errno -fno-trapping-math -fno-signed-zeros  -ffp-contract=fast -fstrict-aliasing -fPIC -include /capstor/scratch/cscs/lhulsbergen/HPCAgent-Bench-v2/hpcagent_bench/envs/vecmath.h -Wall -Wextra,1,5,30,26a4f0cfc1540cead109dfc8d736f1c45263e390,2026-10-02T15:59:47+0200,source=tsvc_2_s318_reference.c sha256=f6f47d5151c6663d
tsvc_2_s318,agent,M,,ok,247375967,247001034,247264771 247363871 247444701 247291394 247653975 247591736 247749331 247658998 258937304 247199300 247204868 247659478 247388063 247265346 247230147 247323201 247292769 247001034 247109671 247121607 247503707 247403742 258387369 247151782 247402558 247102919 247137734 247499962 247495227 248032746,gfortran,GNU Fortran (SUSE Linux) 13.3.1 20250313 [revision 4ef1d8c84faeebffeb0cc01ee22e891b41e5c4e0] [/users/lhulsbergen/bin/gfortran],-O3 -march=native -fopenmp -fno-math-errno -fno-trapping-math -fno-signed-zeros  -ffp-contract=fast -fstrict-aliasing -fPIC -ftree-parallelize-loops=72 -Wall -Wextra,1,5,30,26a4f0cfc1540cead109dfc8d736f1c45263e390,2026-10-02T16:00:10+0200,rank=2 arm=llr40v10-kimi27sglang-fortran job=621022 seq=4 lang=fortran campaign_speedup=16.218 sha256=c7b51f9e96e435a4
tsvc_2_s319,c,M,,ok,76383008,75254112,79687173 79719555 79380268 79620614 78845723 78450823 78739263 77932917 78445351 77086157 77018959 77186603 77270215 76394208 77140939 76235908 76371809 76113000 76064202 75984332 76136072 75394620 75861039 75429596 76083625 75547256 75516985 75254112 75641301 75394525,gcc,gcc-14 (SUSE Linux) 14.2.0 [/usr/bin/gcc-14],-O3 -march=native -fopenmp -fno-math-errno -fno-trapping-math -fno-signed-zeros  -ffp-contract=fast -fstrict-aliasing -fPIC -include /capstor/scratch/cscs/lhulsbergen/HPCAgent-Bench-v2/hpcagent_bench/envs/vecmath.h -Wall -Wextra,1,5,30,26a4f0cfc1540cead109dfc8d736f1c45263e390,2026-10-02T15:57:32+0200,
tsvc_2_s319,cpp,M,,ok,75169029,74750095,75340158 75051462 75336382 74924490 75113668 74750095 75359901 75233953 75457051 75168803 75058918 74882155 74967593 74944265 75252001 75228866 75187175 74953582 75169256 75002317 75289284 75042508 76806555 75132105 75183656 74978158 75364931 74894191 75389506 75196519,g++,g++ (SUSE Linux) 13.3.1 20250313 [revision 4ef1d8c84faeebffeb0cc01ee22e891b41e5c4e0] [/users/lhulsbergen/bin/g++],-O3 -march=native -fopenmp -fno-math-errno -fno-trapping-math -fno-signed-zeros  -ffp-contract=fast -fstrict-aliasing -fPIC -include /capstor/scratch/cscs/lhulsbergen/HPCAgent-Bench-v2/hpcagent_bench/envs/vecmath.h -Wall -Wextra,1,5,30,26a4f0cfc1540cead109dfc8d736f1c45263e390,2026-10-02T15:57:50+0200,
tsvc_2_s319,fortran,M,,ok,74648582,74329760,74329760 74459644 74642199 74833777 74538298 74669622 74437596 76287209 74536762 74738516 74816466 74653207 74557497 74595320 74643958 74669942 74479292 74696885 75031436 74513147 74443709 74868240 74557465 74719476 74583065 74615128 74848849 74934287 74736308 74933999,gfortran,GNU Fortran (SUSE Linux) 13.3.1 20250313 [revision 4ef1d8c84faeebffeb0cc01ee22e891b41e5c4e0] [/users/lhulsbergen/bin/gfortran],-O3 -march=native -fopenmp -fno-math-errno -fno-trapping-math -fno-signed-zeros  -ffp-contract=fast -fstrict-aliasing -fPIC -ftree-parallelize-loops=72 -Wall -Wextra,1,5,30,26a4f0cfc1540cead109dfc8d736f1c45263e390,2026-10-02T15:58:09+0200,
tsvc_2_s319,numba,M,,ok,76863608,75921395,77564325 76260010 76904631 75979986 77137041 76172876 77396298 76737980 76975382 76137613 76932535 76106926 76822586 76359335 77490631 76356167 78613287 75921395 77055476 76381542 77234702 76473828 77011924 76632959 76965590 76808314 76960662 76187532 77261069 77806142,numba,numba 0.67.0,"@nb.njit(parallel=True, cache=True)",1,5,30,26a4f0cfc1540cead109dfc8d736f1c45263e390,2026-10-02T15:58:27+0200,
tsvc_2_s319,c_reference,M,,ok,75096521,74780307,75018541 74904848 75248326 75059468 75579293 75245062 74961006 75108233 74780307 75216647 74878416 75324484 75292677 75026124 74856369 75213063 75132777 75056171 74915887 75143657 74960878 75084810 75312324 75163433 75389473 74886224 74808306 75170153 74924687 84694717,gcc,gcc-14 (SUSE Linux) 14.2.0 [/usr/bin/gcc-14],-O3 -march=native -fopenmp -fno-math-errno -fno-trapping-math -fno-signed-zeros  -ffp-contract=fast -fstrict-aliasing -fPIC -include /capstor/scratch/cscs/lhulsbergen/HPCAgent-Bench-v2/hpcagent_bench/envs/vecmath.h -Wall -Wextra,1,5,30,26a4f0cfc1540cead109dfc8d736f1c45263e390,2026-10-02T15:58:45+0200,source=tsvc_2_s319_reference.c sha256=8455b2506e830a7f
tsvc_2_s319,agent,M,,ok,74425650,73980207,74635837 74167978 74486497 74207144 74340005 74217608 85625898 74374820 74448993 74250759 74552191 74442786 74405507 73980207 74651356 74451650 74475234 74322021 74408515 74166633 74567582 74312038 74288359 74150922 74673820 74523168 74604542 74546944 74606046 74264295,gcc,gcc-14 (SUSE Linux) 14.2.0 [/usr/bin/gcc-14],-O3 -march=native -fopenmp -fno-math-errno -fno-trapping-math -fno-signed-zeros  -ffp-contract=fast -fstrict-aliasing -fPIC -include /capstor/scratch/cscs/lhulsbergen/HPCAgent-Bench-v2/hpcagent_bench/envs/vecmath.h -Wall -Wextra,1,5,30,26a4f0cfc1540cead109dfc8d736f1c45263e390,2026-10-02T15:59:10+0200,rank=3 arm=llr40v10-kimi27sglang-c job=621730 seq=1 lang=c campaign_speedup=92.518 sha256=a9eb81276e9442c3
tsvc_2_s323,c,M,,ok,81784815,81447628,81776098 82248436 81954813 81985564 81447628 81570088 82096825 81553225 81880160 81824353 81573321 81636002 81730207 81727487 82063765 82011191 81898330 81582852 81687424 81698848 81986968 81495814 81796126 81793533 81582595 81557156 81552388 81826428 82109780 81988727,gcc,gcc-14 (SUSE Linux) 14.2.0 [/usr/bin/gcc-14],-O3 -march=native -fopenmp -fno-math-errno -fno-trapping-math -fno-signed-zeros  -ffp-contract=fast -fstrict-aliasing -fPIC -include /capstor/scratch/cscs/lhulsbergen/HPCAgent-Bench-v2/hpcagent_bench/envs/vecmath.h -Wall -Wextra,1,5,30,26a4f0cfc1540cead109dfc8d736f1c45263e390,2026-10-02T16:01:09+0200,
tsvc_2_s323,cpp,M,,ok,86990469,86652399,87249213 87054851 86652399 86702829 86962982 86793258 86939878 87269116 87464279 86830889 87098562 87066755 86755915 87193791 87360601 87192863 86792203 87031683 87150336 86927143 86837577 86694254 86953733 87784526 87493622 87017956 86838729 87074146 86920583 86859433,g++,g++ (SUSE Linux) 13.3.1 20250313 [revision 4ef1d8c84faeebffeb0cc01ee22e891b41e5c4e0] [/users/lhulsbergen/bin/g++],-O3 -march=native -fopenmp -fno-math-errno -fno-trapping-math -fno-signed-zeros  -ffp-contract=fast -fstrict-aliasing -fPIC -include /capstor/scratch/cscs/lhulsbergen/HPCAgent-Bench-v2/hpcagent_bench/envs/vecmath.h -Wall -Wextra,1,5,30,26a4f0cfc1540cead109dfc8d736f1c45263e390,2026-10-02T16:01:27+0200,
tsvc_2_s323,fortran,M,,ok,79057246,78747991,79232457 79101837 79605277 79030511 78913426 78951697 79049550 79048718 79167627 79055310 78773910 78747991 79320326 79147595 79149515 79195625 79095148 79111916 78776118 79031438 78878355 78957329 78790582 79126828 78932529 79059182 78956945 79203946 79467170 79585822,gfortran,GNU Fortran (SUSE Linux) 13.3.1 20250313 [revision 4ef1d8c84faeebffeb0cc01ee22e891b41e5c4e0] [/users/lhulsbergen/bin/gfortran],-O3 -march=native -fopenmp -fno-math-errno -fno-trapping-math -fno-signed-zeros  -ffp-contract=fast -fstrict-aliasing -fPIC -ftree-parallelize-loops=72 -Wall -Wextra,1,5,30,26a4f0cfc1540cead109dfc8d736f1c45263e390,2026-10-02T16:01:46+0200,
tsvc_2_s323,numba,M,,ok,79896628,78765943,78830932 80909463 78899154 80804826 78812661 80759611 78827156 80957462 79029007 80874296 78829333 80891704 78887187 80903799 79033646 80846233 78765943 80915799 78873683 80950006 78834613 80926647 78897043 80963030 78780981 80873944 78777526 80902904 78882067 80836505,numba,numba 0.67.0,"@nb.njit(parallel=True, cache=True)",1,5,30,26a4f0cfc1540cead109dfc8d736f1c45263e390,2026-10-02T16:02:04+0200,
tsvc_2_s323,c_reference,M,,ok,81809207,81392420,82077391 81845367 81536607 81627292 81898388 82073999 81920084 82086159 81784088 81873237 82259851 82380166 81724602 82145133 81834326 81732346 81540191 82193133 81705946 82436741 81531263 81701786 81392420 81837943 81583391 81777336 82713404 81779544 81528480 81660635,gcc,gcc-14 (SUSE Linux) 14.2.0 [/usr/bin/gcc-14],-O3 -march=native -fopenmp -fno-math-errno -fno-trapping-math -fno-signed-zeros  -ffp-contract=fast -fstrict-aliasing -fPIC -include /capstor/scratch/cscs/lhulsbergen/HPCAgent-Bench-v2/hpcagent_bench/envs/vecmath.h -Wall -Wextra,1,5,30,26a4f0cfc1540cead109dfc8d736f1c45263e390,2026-10-02T16:02:23+0200,source=tsvc_2_s323_reference.c sha256=ff85c3b6d5ec33b9
tsvc_2_s323,agent,M,,ok,82037344,81623901,81623901 91904910 81862230 81728602 81742138 82690525 82232779 81994258 82126286 82210860 81803031 82479012 81825206 81952595 82243370 82112271 82134157 81857270 82254474 81851670 81882421 82463940 204820466 82498883 81966067 82024849 82084879 81887861 82049840 81993073,gcc,gcc-14 (SUSE Linux) 14.2.0 [/usr/bin/gcc-14],-O3 -march=native -fopenmp -fno-math-errno -fno-trapping-math -fno-signed-zeros  -ffp-contract=fast -fstrict-aliasing -fPIC -include /capstor/scratch/cscs/lhulsbergen/HPCAgent-Bench-v2/hpcagent_bench/envs/vecmath.h -Wall -Wextra,1,5,30,26a4f0cfc1540cead109dfc8d736f1c45263e390,2026-10-02T16:02:41+0200,rank=1 arm=llr40v10-qwen38-c job=621727 seq=1 lang=c campaign_speedup=16.057 sha256=1d8d4e93f9f41258
tsvc_2_s4112,c,M,,ok,460745129,459710490,460000848 460678011 460628477 460833655 460851030 459853910 460430372 460435907 461388262 460990162 462020978 460155148 461212939 460415812 564515217 459842261 460984274 460784152 461626719 460448355 460706107 460673116 463416903 463889880 461967124 460542689 462474469 459710490 461870807 459762361,gcc,gcc-14 (SUSE Linux) 14.2.0 [/usr/bin/gcc-14],-O3 -march=native -fopenmp -fno-math-errno -fno-trapping-math -fno-signed-zeros  -ffp-contract=fast -fstrict-aliasing -fPIC -include /capstor/scratch/cscs/lhulsbergen/HPCAgent-Bench-v2/hpcagent_bench/envs/vecmath.h -Wall -Wextra,1,5,30,26a4f0cfc1540cead109dfc8d736f1c45263e390,2026-10-02T16:00:54+0200,
tsvc_2_s4112,cpp,M,,ok,457149240,453830608,457111114 560020252 455720309 457530525 456812628 457161448 456020972 453830608 456541916 456947535 456662392 455085673 457137033 457566076 457589051 455731220 462759580 455137991 459754041 458057420 457680185 455695222 457558364 458612379 458296837 457367491 457062228 455692155 457626365 459852792,g++,g++ (SUSE Linux) 13.3.1 20250313 [revision 4ef1d8c84faeebffeb0cc01ee22e891b41e5c4e0] [/users/lhulsbergen/bin/g++],-O3 -march=native -fopenmp -fno-math-errno -fno-trapping-math -fno-signed-zeros  -ffp-contract=fast -fstrict-aliasing -fPIC -include /capstor/scratch/cscs/lhulsbergen/HPCAgent-Bench-v2/hpcagent_bench/envs/vecmath.h -Wall -Wextra,1,5,30,26a4f0cfc1540cead109dfc8d736f1c45263e390,2026-10-02T16:01:21+0200,
tsvc_2_s4112,fortran,M,,ok,30447277,30074729,30282818 30403615 30219396 30388447 30364224 30406303 30608728 30699765 30305347 30275236 30511420 30458557 30468220 30564698 30298594 30633848 30604281 30494972 30468093 30876336 30328770 30435998 30265124 30658551 30675286 30507452 30214181 30552186 30167751 30074729,gfortran,GNU Fortran (SUSE Linux) 13.3.1 20250313 [revision 4ef1d8c84faeebffeb0cc01ee22e891b41e5c4e0] [/users/lhulsbergen/bin/gfortran],-O3 -march=native -fopenmp -fno-math-errno -fno-trapping-math -fno-signed-zeros  -ffp-contract=fast -fstrict-aliasing -fPIC -ftree-parallelize-loops=72 -Wall -Wextra,1,5,30,26a4f0cfc1540cead109dfc8d736f1c45263e390,2026-10-02T16:01:32+0200,
tsvc_2_s4112,numba,M,,ok,462580945,461742876,462542210 462468453 462516195 462302218 463607808 462545187 462115632 462197069 462458053 462412358 462649470 462125295 463058578 461752603 465502404 463556707 463149712 462551394 463772124 462491524 463222029 462610496 462857272 468134610 462057809 463120368 462984757 461742876 464185391 463157935,numba,numba 0.67.0,"@nb.njit(parallel=True, cache=True)",1,5,30,26a4f0cfc1540cead109dfc8d736f1c45263e390,2026-10-02T16:01:59+0200,
tsvc_2_s4112,c_reference,M,,ok,461171587,460318093,461323631 460431146 461155251 460372236 464573897 460318093 461143060 460416363 461231794 461806880 461311087 460858205 461304559 461187923 460693793 461137493 461142740 460527431 463938301 460478248 461504522 460615109 460863293 460328650 461395808 461431999 461600698 466984146 463651866 461448991,gcc,gcc-14 (SUSE Linux) 14.2.0 [/usr/bin/gcc-14],-O3 -march=native -fopenmp -fno-math-errno -fno-trapping-math -fno-signed-zeros  -ffp-contract=fast -fstrict-aliasing -fPIC -include /capstor/scratch/cscs/lhulsbergen/HPCAgent-Bench-v2/hpcagent_bench/envs/vecmath.h -Wall -Wextra,1,5,30,26a4f0cfc1540cead109dfc8d736f1c45263e390,2026-10-02T16:02:27+0200,source=tsvc_2_s4112_reference.c sha256=728fe69187948308
tsvc_2_s4112,agent,M,,ok,445049950,441807620,547687771 441807620 444951713 445002496 443982048 445226521 444129787 445042495 445225945 446257016 445020351 443872515 445449266 444641547 445057406 444582317 447631118 445156092 445287415 551169743 443532205 445629740 444877092 446041759 443813221 445407571 443960257 446474802 443849379 445818727,gcc,gcc-14 (SUSE Linux) 14.2.0 [/usr/bin/gcc-14],-O3 -march=native -fopenmp -fno-math-errno -fno-trapping-math -fno-signed-zeros  -ffp-contract=fast -fstrict-aliasing -fPIC -include /capstor/scratch/cscs/lhulsbergen/HPCAgent-Bench-v2/hpcagent_bench/envs/vecmath.h -Wall -Wextra,1,5,30,26a4f0cfc1540cead109dfc8d736f1c45263e390,2026-10-02T16:02:54+0200,rank=1 arm=llr40v10-oss120b-c job=621382 seq=1 lang=c campaign_speedup=22.746 sha256=93fee5121e469a3c
tsvc_2_vag,c,M,,ok,440137315,420046003,420046003 442067862 529721324 439974520 434742879 441755744 434141554 442068151 433643171 441793086 434415785 441736736 434427561 442365421 434062101 442038807 434049205 442219761 434485607 441676962 433267054 440300110 436743776 440699618 438714819 440621639 438012985 440877182 438680229 442249971,gcc,gcc-14 (SUSE Linux) 14.2.0 [/usr/bin/gcc-14],-O3 -march=native -fopenmp -fno-math-errno -fno-trapping-math -fno-signed-zeros  -ffp-contract=fast -fstrict-aliasing -fPIC -include /capstor/scratch/cscs/lhulsbergen/HPCAgent-Bench-v2/hpcagent_bench/envs/vecmath.h -Wall -Wextra,1,5,30,26a4f0cfc1540cead109dfc8d736f1c45263e390,2026-10-02T16:02:02+0200,
tsvc_2_vag,cpp,M,,ok,431350765,419314572,421698368 441890367 420306156 441148310 421104947 442761506 421084468 439840255 419314572 439939644 419996246 439819264 422070804 439131478 423085428 439368782 421532710 438573159 422022262 439716579 422337644 440026201 424120788 439905309 423274702 440268434 424128371 440042873 423599364 441546217,g++,g++ (SUSE Linux) 13.3.1 20250313 [revision 4ef1d8c84faeebffeb0cc01ee22e891b41e5c4e0] [/users/lhulsbergen/bin/g++],-O3 -march=native -fopenmp -fno-math-errno -fno-trapping-math -fno-signed-zeros  -ffp-contract=fast -fstrict-aliasing -fPIC -include /capstor/scratch/cscs/lhulsbergen/HPCAgent-Bench-v2/hpcagent_bench/envs/vecmath.h -Wall -Wextra,1,5,30,26a4f0cfc1540cead109dfc8d736f1c45263e390,2026-10-02T16:02:29+0200,
tsvc_2_vag,fortran,M,,ok,29345499,28515734,29747630 29022821 28776045 31260670 30114147 31062917 29097219 29340283 29568052 29084932 29350715 28792813 30626962 29388218 30821356 28821003 29479671 29009478 29108386 29094627 30050725 30855787 30532021 29140257 29258750 28729614 28515734 28782061 30144801 30490390,gfortran,GNU Fortran (SUSE Linux) 13.3.1 20250313 [revision 4ef1d8c84faeebffeb0cc01ee22e891b41e5c4e0] [/users/lhulsbergen/bin/gfortran],-O3 -march=native -fopenmp -fno-math-errno -fno-trapping-math -fno-signed-zeros  -ffp-contract=fast -fstrict-aliasing -fPIC -ftree-parallelize-loops=72 -Wall -Wextra,1,5,30,26a4f0cfc1540cead109dfc8d736f1c45263e390,2026-10-02T16:02:40+0200,
tsvc_2_vag,numba,M,,ok,428321975,420211120,435864894 421234959 435076439 420211120 437759170 422232464 435040856 421011094 433588678 422008758 436004474 421610723 435514697 421572420 434521704 421459624 438450572 422441161 436402701 421997686 436869022 421701281 439128438 421571108 447215093 421977431 437530409 422553317 441077962 423055273,numba,numba 0.67.0,"@nb.njit(parallel=True, cache=True)",1,5,30,26a4f0cfc1540cead109dfc8d736f1c45263e390,2026-10-02T16:03:06+0200,
tsvc_2_vag,c_reference,M,,ok,449746406,428891278,429009419 449935761 432190853 449112362 428891278 449481375 431337792 448145258 445691383 450594811 448999630 449406401 450046733 450121866 450115627 450017838 449183049 450070540 450457248 449478975 450499679 451228807 450227815 449769142 449772662 449723671 450327684 448722935 451040397 449413441,gcc,gcc-14 (SUSE Linux) 14.2.0 [/usr/bin/gcc-14],-O3 -march=native -fopenmp -fno-math-errno -fno-trapping-math -fno-signed-zeros  -ffp-contract=fast -fstrict-aliasing -fPIC -include /capstor/scratch/cscs/lhulsbergen/HPCAgent-Bench-v2/hpcagent_bench/envs/vecmath.h -Wall -Wextra,1,5,30,26a4f0cfc1540cead109dfc8d736f1c45263e390,2026-10-02T16:03:33+0200,source=tsvc_2_vag_reference.c sha256=3ed7a9f6c00c016a
tsvc_2_vag,agent,M,,ok,488990229,467736698,467736698 488738941 467807704 489352106 484283595 490421319 490562627 487927991 487975638 489087346 488407368 488491493 488198639 489664512 487733373 489488422 487961238 489600066 488385928 488266668 489180111 592508759 488687167 488959862 489450791 489265549 489708542 489020597 500242383 489276525,gfortran,GNU Fortran (SUSE Linux) 13.3.1 20250313 [revision 4ef1d8c84faeebffeb0cc01ee22e891b41e5c4e0] [/users/lhulsbergen/bin/gfortran],-O3 -march=native -fopenmp -fno-math-errno -fno-trapping-math -fno-signed-zeros  -ffp-contract=fast -fstrict-aliasing -fPIC -ftree-parallelize-loops=72 -Wall -Wextra,1,5,30,26a4f0cfc1540cead109dfc8d736f1c45263e390,2026-10-02T16:04:07+0200,rank=2 arm=llr40v10-kimi27sglang-fortran job=621022 seq=2 lang=fortran campaign_speedup=23.436 sha256=d7a97d2985f6e004
tsvc_2_vpvts,c,M,,ok,87162450,86783199,87154835 87468296 87170098 87170066 86857596 87124180 86921211 86998648 86880796 87644355 87270670 87234544 87066230 87250575 86908602 87071829 86783199 87619075 87286638 87645154 86908827 87064886 87072085 87459496 87944569 87210960 87019383 87206801 87144403 87461128,gcc,gcc-14 (SUSE Linux) 14.2.0 [/usr/bin/gcc-14],-O3 -march=native -fopenmp -fno-math-errno -fno-trapping-math -fno-signed-zeros  -ffp-contract=fast -fstrict-aliasing -fPIC -include /capstor/scratch/cscs/lhulsbergen/HPCAgent-Bench-v2/hpcagent_bench/envs/vecmath.h -Wall -Wextra,1,5,30,26a4f0cfc1540cead109dfc8d736f1c45263e390,2026-10-02T16:01:52+0200,
tsvc_2_vpvts,cpp,M,,ok,88849242,88098547,88625857 88894393 88783133 88637345 88098547 90909717 89096882 89158160 89181711 88581539 88439304 88763197 89057748 88499526 88369227 90092464 88497349 89433735 88947703 88805884 88961750 88186641 88892601 88736157 88485094 89264780 89348746 88935960 88594978 88987990,g++,g++ (SUSE Linux) 13.3.1 20250313 [revision 4ef1d8c84faeebffeb0cc01ee22e891b41e5c4e0] [/users/lhulsbergen/bin/g++],-O3 -march=native -fopenmp -fno-math-errno -fno-trapping-math -fno-signed-zeros  -ffp-contract=fast -fstrict-aliasing -fPIC -include /capstor/scratch/cscs/lhulsbergen/HPCAgent-Bench-v2/hpcagent_bench/envs/vecmath.h -Wall -Wextra,1,5,30,26a4f0cfc1540cead109dfc8d736f1c45263e390,2026-10-02T16:02:11+0200,
tsvc_2_vpvts,fortran,M,,ok,8678595,8469354,8704099 8855165 8639749 8795552 8565319 8682979 8636548 9225745 8638724 8725377 8662436 8575622 8599654 8659588 8601189 8715938 8469354 8624453 9106069 8731169 8762657 8671907 8674211 8674179 8737313 8756097 8800447 9192018 8663138 8718753,gfortran,GNU Fortran (SUSE Linux) 13.3.1 20250313 [revision 4ef1d8c84faeebffeb0cc01ee22e891b41e5c4e0] [/users/lhulsbergen/bin/gfortran],-O3 -march=native -fopenmp -fno-math-errno -fno-trapping-math -fno-signed-zeros  -ffp-contract=fast -fstrict-aliasing -fPIC -ftree-parallelize-loops=72 -Wall -Wextra,1,5,30,26a4f0cfc1540cead109dfc8d736f1c45263e390,2026-10-02T16:02:27+0200,
tsvc_2_vpvts,numba,M,,ok,86638042,85865395,86404737 87035213 86141834 86896210 85865395 87055724 86118572 86600924 86487391 87010190 86146922 87404449 85923698 86502526 86775190 86814068 86366051 86554045 87249381 86539581 86241479 87393057 86773590 86798709 86129195 87071404 86563773 87322308 86675160 86947568,numba,numba 0.67.0,"@nb.njit(parallel=True, cache=True)",1,5,30,26a4f0cfc1540cead109dfc8d736f1c45263e390,2026-10-02T16:02:45+0200,
tsvc_2_vpvts,c_reference,M,,ok,87892544,87477342,88001965 87554492 88145961 88006221 88036876 87945583 87588250 87477342 87904880 88497756 87579132 87596314 87711735 87683383 88037420 88182695 88337858 87921488 87774165 87690295 88517660 87609402 87527997 87880209 88532347 87812627 87671224 89210949 88186887 87730806,gcc,gcc-14 (SUSE Linux) 14.2.0 [/usr/bin/gcc-14],-O3 -march=native -fopenmp -fno-math-errno -fno-trapping-math -fno-signed-zeros  -ffp-contract=fast -fstrict-aliasing -fPIC -include /capstor/scratch/cscs/lhulsbergen/HPCAgent-Bench-v2/hpcagent_bench/envs/vecmath.h -Wall -Wextra,1,5,30,26a4f0cfc1540cead109dfc8d736f1c45263e390,2026-10-02T16:03:05+0200,source=tsvc_2_vpvts_reference.c sha256=0f208afd7a9a6bc0
tsvc_2_vpvts,agent,M,,ok,88493453,87809044,87812916 88524668 88003661 87809044 88462238 88899535 88888912 88550779 88417727 87993389 88430879 88538556 88778644 88300035 88326818 88199943 88582682 89428191 89137928 88330851 88720630 88194791 88871088 88832082 88378913 88305443 88527100 88270468 88535547 89057034,gfortran,GNU Fortran (SUSE Linux) 13.3.1 20250313 [revision 4ef1d8c84faeebffeb0cc01ee22e891b41e5c4e0] [/users/lhulsbergen/bin/gfortran],-O3 -march=native -fopenmp -fno-math-errno -fno-trapping-math -fno-signed-zeros  -ffp-contract=fast -fstrict-aliasing -fPIC -ftree-parallelize-loops=72 -Wall -Wextra,1,5,30,26a4f0cfc1540cead109dfc8d736f1c45263e390,2026-10-02T16:03:24+0200,rank=1 arm=llr40v10-qwen38-fortran job=621020 seq=1 lang=fortran campaign_speedup=6.056 sha256=99a20955df4554d2
tsvc_2_vtvtv,c,M,,ok,95932133,95428516,96118256 96365736 95610111 96082129 95428516 98965914 96038386 95929973 95766906 96006067 95792858 96131952 96024723 95940373 95740603 95964052 95954612 95934293 95857752 96144591 95500450 95704380 95711100 95924374 95575136 96920216 95690173 95784602 95481219 95938390,gcc,gcc-14 (SUSE Linux) 14.2.0 [/usr/bin/gcc-14],-O3 -march=native -fopenmp -fno-math-errno -fno-trapping-math -fno-signed-zeros  -ffp-contract=fast -fstrict-aliasing -fPIC -include /capstor/scratch/cscs/lhulsbergen/HPCAgent-Bench-v2/hpcagent_bench/envs/vecmath.h -Wall -Wextra,1,5,30,26a4f0cfc1540cead109dfc8d736f1c45263e390,2026-10-02T16:02:25+0200,
tsvc_2_vtvtv,cpp,M,,ok,95979204,95534433,96101393 96111568 96001747 96250316 96319402 95947797 95839576 109628345 95902198 96414151 95790074 95930805 97373674 96624192 95672253 95534433 95673501 95975060 95542786 96344585 95941878 96153870 96203213 95983348 96015026 95695932 95795578 95868951 95877751 96086480,g++,g++ (SUSE Linux) 13.3.1 20250313 [revision 4ef1d8c84faeebffeb0cc01ee22e891b41e5c4e0] [/users/lhulsbergen/bin/g++],-O3 -march=native -fopenmp -fno-math-errno -fno-trapping-math -fno-signed-zeros  -ffp-contract=fast -fstrict-aliasing -fPIC -include /capstor/scratch/cscs/lhulsbergen/HPCAgent-Bench-v2/hpcagent_bench/envs/vecmath.h -Wall -Wextra,1,5,30,26a4f0cfc1540cead109dfc8d736f1c45263e390,2026-10-02T16:02:45+0200,
tsvc_2_vtvtv,fortran,M,,ok,8415069,8259265,8496347 8428764 8475355 8387678 8434461 10092169 8406813 8476699 8396541 8425661 8402909 8349598 8311360 8463324 8331520 8956140 8429020 8360703 8459836 8423325 8395070 8344607 8470715 8339072 8334751 9798674 8395197 8343327 8259265 8448156,gfortran,GNU Fortran (SUSE Linux) 13.3.1 20250313 [revision 4ef1d8c84faeebffeb0cc01ee22e891b41e5c4e0] [/users/lhulsbergen/bin/gfortran],-O3 -march=native -fopenmp -fno-math-errno -fno-trapping-math -fno-signed-zeros  -ffp-contract=fast -fstrict-aliasing -fPIC -ftree-parallelize-loops=72 -Wall -Wextra,1,5,30,26a4f0cfc1540cead109dfc8d736f1c45263e390,2026-10-02T16:03:00+0200,
tsvc_2_vtvtv,numba,M,,ok,97284541,96548772,97203632 97033397 96576995 98038774 97026453 97932089 97407402 98204625 97126194 98241104 96713183 97560325 97059924 97181905 96715455 97365451 97135474 97641250 98176018 98269903 96899193 97897306 97041781 97576868 96852891 97566628 96548772 97474056 96819931 98205617,numba,numba 0.67.0,"@nb.njit(parallel=True, cache=True)",1,5,30,26a4f0cfc1540cead109dfc8d736f1c45263e390,2026-10-02T16:03:19+0200,
tsvc_2_vtvtv,c_reference,M,,ok,97466728,96567779,96977111 98157170 97196623 97305421 97106387 97398218 96567779 97261550 98625892 97459688 97897562 97501926 99221650 97522918 97283726 97359019 97053300 97584548 97178832 97941688 97227215 96859834 97603012 97473768 98038391 111101028 97479688 98019030 97139378 98526247,gcc,gcc-14 (SUSE Linux) 14.2.0 [/usr/bin/gcc-14],-O3 -march=native -fopenmp -fno-math-errno -fno-trapping-math -fno-signed-zeros  -ffp-contract=fast -fstrict-aliasing -fPIC -include /capstor/scratch/cscs/lhulsbergen/HPCAgent-Bench-v2/hpcagent_bench/envs/vecmath.h -Wall -Wextra,1,5,30,26a4f0cfc1540cead109dfc8d736f1c45263e390,2026-10-02T16:03:38+0200,source=tsvc_2_vtvtv_reference.c sha256=b07b384ec1946d11
tsvc_2_vtvtv,agent,M,,ok,97191365,96546536,96861952 96964764 97190646 97023322 96666789 96659589 96546536 97208021 100021184 97274611 96612295 97078201 97289234 97536683 97192085 98012828 96988955 98020797 96791073 98217782 96696740 97261491 96948221 97313759 97135973 97566968 96615572 97961355 98036937 98084904,gfortran,GNU Fortran (SUSE Linux) 13.3.1 20250313 [revision 4ef1d8c84faeebffeb0cc01ee22e891b41e5c4e0] [/users/lhulsbergen/bin/gfortran],-O3 -march=native -fopenmp -fno-math-errno -fno-trapping-math -fno-signed-zeros  -ffp-contract=fast -fstrict-aliasing -fPIC -ftree-parallelize-loops=72 -Wall -Wextra,1,5,30,26a4f0cfc1540cead109dfc8d736f1c45263e390,2026-10-02T16:03:57+0200,rank=1 arm=llr40v10-kimi27sglang-fortran job=621022 seq=2 lang=fortran campaign_speedup=5.321 sha256=aa3e23d066d003dd
versioned_distance_update,c,M,,ok,296627985,296019716,296019716 296216510 296135840 296353337 296414935 296650033 296305787 296605938 296376409 296206654 440135663 297062340 297042213 296583091 296277372 296432791 297037060 296594963 297298973 296654256 297712559 296398232 296580883 308159019 297064707 297444312 296803243 297185216 299137763 297425272,gcc,gcc-14 (SUSE Linux) 14.2.0 [/usr/bin/gcc-14],-O3 -march=native -fopenmp -fno-math-errno -fno-trapping-math -fno-signed-zeros  -ffp-contract=fast -fstrict-aliasing -fPIC -include /capstor/scratch/cscs/lhulsbergen/HPCAgent-Bench-v2/hpcagent_bench/envs/vecmath.h -Wall -Wextra,1,5,30,26a4f0cfc1540cead109dfc8d736f1c45263e390,2026-10-02T16:02:36+0200,
versioned_distance_update,cpp,M,,ok,298106095,297140621,297470775 297255902 297823628 297230942 298499969 297942196 298435653 297785657 298106895 298402598 298154765 297424388 298130575 297561632 298105296 298070673 298454436 297979763 298018449 611329834 298306249 297140621 298445540 297761434 298390086 298018737 299311210 298377062 298792729 309176472,g++,g++ (SUSE Linux) 13.3.1 20250313 [revision 4ef1d8c84faeebffeb0cc01ee22e891b41e5c4e0] [/users/lhulsbergen/bin/g++],-O3 -march=native -fopenmp -fno-math-errno -fno-trapping-math -fno-signed-zeros  -ffp-contract=fast -fstrict-aliasing -fPIC -include /capstor/scratch/cscs/lhulsbergen/HPCAgent-Bench-v2/hpcagent_bench/envs/vecmath.h -Wall -Wextra,1,5,30,26a4f0cfc1540cead109dfc8d736f1c45263e390,2026-10-02T16:03:03+0200,
versioned_distance_update,fortran,M,,ok,333179296,331445319,331523589 333524070 332228078 333983224 332596963 333208208 331827867 333150385 331806907 333684225 331445319 333235759 332145392 333606531 333128499 333774878 332263213 334145683 332564196 333600068 332056116 334465609 332931993 334702434 333439176 334605061 333095219 333617731 332848059 333606403,gfortran,GNU Fortran (SUSE Linux) 13.3.1 20250313 [revision 4ef1d8c84faeebffeb0cc01ee22e891b41e5c4e0] [/users/lhulsbergen/bin/gfortran],-O3 -march=native -fopenmp -fno-math-errno -fno-trapping-math -fno-signed-zeros  -ffp-contract=fast -fstrict-aliasing -fPIC -ftree-parallelize-loops=72 -Wall -Wextra,1,5,30,26a4f0cfc1540cead109dfc8d736f1c45263e390,2026-10-02T16:03:32+0200,
versioned_distance_update,numba,M,,ok,319281326,319184610,319324254 319332862 319184610 319321406 319227680 319278143 319306783 319284510 319227105 319212481 319242336 319240000 487185807 319378684 319428091 319232545 319445018 319294975 319359133 319266079 319291103 319318910 319296349 319265182 319249823 319245759 319387899 319248351 319241759 319251359,numba,numba 0.67.0,"@nb.njit(parallel=True, cache=True)",1,5,30,26a4f0cfc1540cead109dfc8d736f1c45263e390,2026-10-02T16:03:59+0200,
versioned_distance_update,c_reference,M,,unsupported,,,,gcc,gcc-14 (SUSE Linux) 14.2.0 [/usr/bin/gcc-14],-O3 -march=native -fopenmp -fno-math-errno -fno-trapping-math -fno-signed-zeros  -ffp-contract=fast -fstrict-aliasing -fPIC -include /capstor/scratch/cscs/lhulsbergen/HPCAgent-Bench-v2/hpcagent_bench/envs/vecmath.h -Wall -Wextra,1,5,0,26a4f0cfc1540cead109dfc8d736f1c45263e390,2026-10-02T16:03:59+0200,no hand-written _reference.c in the corpus
versioned_distance_update,agent,M,,ok,124476704,123610476,124463504 123902338 136726805 124184858 125483026 124422641 124705993 124963777 124948354 123786470 125186074 124372020 124506320 124162490 125056863 124041438 124984129 124371572 125861861 123610476 124489904 123976032 124389299 124414770 124754408 124082812 125126428 123879938 124674154 124871044,gfortran,GNU Fortran (SUSE Linux) 13.3.1 20250313 [revision 4ef1d8c84faeebffeb0cc01ee22e891b41e5c4e0] [/users/lhulsbergen/bin/gfortran],-O3 -march=native -fopenmp -fno-math-errno -fno-trapping-math -fno-signed-zeros  -ffp-contract=fast -fstrict-aliasing -fPIC -ftree-parallelize-loops=72 -Wall -Wextra,1,5,30,26a4f0cfc1540cead109dfc8d736f1c45263e390,2026-10-02T16:04:20+0200,rank=1 arm=llr40v10-qwen38-fortran job=621385 seq=3 lang=fortran campaign_speedup=30.055 sha256=01661d852f138e7e
wf_diff_skew,c,M,,ok,60518310,60105539,60360635 60697616 60551956 60263326 60680752 60627123 60497110 60481622 60504118 60213055 60511350 60534550 71612665 60340219 60562356 60435353 60517782 60602515 60533814 60384922 60391962 60336220 60338076 60677009 60518838 60684017 60105539 60623251 61004647 60519350,gcc,gcc-14 (SUSE Linux) 14.2.0 [/usr/bin/gcc-14],-O3 -march=native -fopenmp -fno-math-errno -fno-trapping-math -fno-signed-zeros  -ffp-contract=fast -fstrict-aliasing -fPIC -include /capstor/scratch/cscs/lhulsbergen/HPCAgent-Bench-v2/hpcagent_bench/envs/vecmath.h -Wall -Wextra,1,5,30,26a4f0cfc1540cead109dfc8d736f1c45263e390,2026-10-02T16:05:06+0200,
wf_diff_skew,cpp,M,,ok,60377738,60048293,60094883 60567380 61046918 60380507 60392410 60629138 60540149 60374970 60859563 60370426 60104611 60260510 60394586 60136929 60852971 60569396 60249598 60191007 60271293 60292029 60790861 60612403 60256190 60048293 60359643 60129922 60402777 60824269 60515126 60129890,g++,g++ (SUSE Linux) 13.3.1 20250313 [revision 4ef1d8c84faeebffeb0cc01ee22e891b41e5c4e0] [/users/lhulsbergen/bin/g++],-O3 -march=native -fopenmp -fno-math-errno -fno-trapping-math -fno-signed-zeros  -ffp-contract=fast -fstrict-aliasing -fPIC -include /capstor/scratch/cscs/lhulsbergen/HPCAgent-Bench-v2/hpcagent_bench/envs/vecmath.h -Wall -Wextra,1,5,30,26a4f0cfc1540cead109dfc8d736f1c45263e390,2026-10-02T16:05:21+0200,
wf_diff_skew,fortran,M,,ok,60359815,59980355,60437945 60866475 60043524 60454264 60848075 60231902 60334843 60967463 60171553 60107327 60415158 60631694 60092832 60652877 60296537 60495218 60143710 60345304 60172445 60489971 60219867 60931878 59980355 60302169 60119615 60439412 60064481 60485715 60374327 60902726,gfortran,GNU Fortran (SUSE Linux) 13.3.1 20250313 [revision 4ef1d8c84faeebffeb0cc01ee22e891b41e5c4e0] [/users/lhulsbergen/bin/gfortran],-O3 -march=native -fopenmp -fno-math-errno -fno-trapping-math -fno-signed-zeros  -ffp-contract=fast -fstrict-aliasing -fPIC -ftree-parallelize-loops=72 -Wall -Wextra,1,5,30,26a4f0cfc1540cead109dfc8d736f1c45263e390,2026-10-02T16:05:35+0200,
wf_diff_skew,numba,M,,ok,60862503,60572432,60975619 60685324 60930021 60652942 61024706 60572432 60948677 60585456 60963716 60620815 60932773 60626862 61040417 60806121 61000259 60666701 60953413 60745867 60966948 60719500 60954436 60652910 60918886 60620975 61013507 60704300 60997475 60660206 60955236 60656974,numba,numba 0.67.0,"@nb.njit(parallel=True, cache=True)",1,5,30,26a4f0cfc1540cead109dfc8d736f1c45263e390,2026-10-02T16:05:50+0200,
wf_diff_skew,c_reference,M,,ok,60358887,60079232,60228315 60208604 60250042 60448788 60495730 60200955 60226427 60607312 60312153 60694797 60374006 60150782 60287865 60373879 60323448 60586128 60432789 60366647 60089408 63928551 60332664 60539793 60351544 60079232 60268922 60434421 60408054 61096896 60366231 60109983,gcc,gcc-14 (SUSE Linux) 14.2.0 [/usr/bin/gcc-14],-O3 -march=native -fopenmp -fno-math-errno -fno-trapping-math -fno-signed-zeros  -ffp-contract=fast -fstrict-aliasing -fPIC -include /capstor/scratch/cscs/lhulsbergen/HPCAgent-Bench-v2/hpcagent_bench/envs/vecmath.h -Wall -Wextra,1,5,30,26a4f0cfc1540cead109dfc8d736f1c45263e390,2026-10-02T16:06:05+0200,source=wf_diff_skew_reference.c sha256=32113cc55b653084
wf_diff_skew,agent,M,,ok,66717135,65301372,66892265 65996454 65980582 66798157 65372793 66759694 66799085 66527605 67227647 66283453 66451480 66799469 66854411 65301372 66522997 66411673 66466039 66986631 67025189 73031945 66465751 67060421 66859243 66327292 66674577 66590164 67281598 67371834 65834891 67649906,gcc,gcc-14 (SUSE Linux) 14.2.0 [/usr/bin/gcc-14],-O3 -march=native -fopenmp -fno-math-errno -fno-trapping-math -fno-signed-zeros  -ffp-contract=fast -fstrict-aliasing -fPIC -include /capstor/scratch/cscs/lhulsbergen/HPCAgent-Bench-v2/hpcagent_bench/envs/vecmath.h -Wall -Wextra,1,5,30,26a4f0cfc1540cead109dfc8d736f1c45263e390,2026-10-02T16:06:20+0200,rank=1 arm=llr40v10-oss120b-c job=621015 seq=1 lang=c campaign_speedup=3.469 sha256=620a8bb7753cad61
wf_triangular,c,M,,ok,156795654,153024766,161373301 157108764 163286040 157696777 161811431 154580781 154886146 156906275 160969377 157575181 161735881 153120827 155186105 155355700 153545389 157068766 156390163 156785927 162992097 156805382 162608525 155600012 163401045 157430162 154624556 154693161 154752583 153024766 153200536 156517231,gcc,gcc-14 (SUSE Linux) 14.2.0 [/usr/bin/gcc-14],-O3 -march=native -fopenmp -fno-math-errno -fno-trapping-math -fno-signed-zeros  -ffp-contract=fast -fstrict-aliasing -fPIC -include /capstor/scratch/cscs/lhulsbergen/HPCAgent-Bench-v2/hpcagent_bench/envs/vecmath.h -Wall -Wextra,1,5,30,26a4f0cfc1540cead109dfc8d736f1c45263e390,2026-10-02T15:57:41+0200,
wf_triangular,cpp,M,,ok,100742204,99594753,101976981 101039731 100916567 101339498 100997077 101051603 101245325 100906295 101033972 100375657 99594753 100627680 100886552 100678302 100674495 100664895 102231917 100892376 100614049 100517572 100523075 100806106 99966997 100303211 109435145 100053330 100002133 100392840 100664863 100809883,g++,g++ (SUSE Linux) 13.3.1 20250313 [revision 4ef1d8c84faeebffeb0cc01ee22e891b41e5c4e0] [/users/lhulsbergen/bin/g++],-O3 -march=native -fopenmp -fno-math-errno -fno-trapping-math -fno-signed-zeros  -ffp-contract=fast -fstrict-aliasing -fPIC -include /capstor/scratch/cscs/lhulsbergen/HPCAgent-Bench-v2/hpcagent_bench/envs/vecmath.h -Wall -Wextra,1,5,30,26a4f0cfc1540cead109dfc8d736f1c45263e390,2026-10-02T15:58:08+0200,
wf_triangular,fortran,M,,ok,100930550,99558339,107484999 99942966 100529731 100940342 100229453 100747325 101069971 100359145 100439782 100709726 101257484 101465414 101274860 99920407 100685534 100920759 101808859 100806074 101538723 100241997 100983925 101097681 101202478 100014740 101308747 100510085 101016596 99558339 101122577 108746846,gfortran,GNU Fortran (SUSE Linux) 13.3.1 20250313 [revision 4ef1d8c84faeebffeb0cc01ee22e891b41e5c4e0] [/users/lhulsbergen/bin/gfortran],-O3 -march=native -fopenmp -fno-math-errno -fno-trapping-math -fno-signed-zeros  -ffp-contract=fast -fstrict-aliasing -fPIC -ftree-parallelize-loops=72 -Wall -Wextra,1,5,30,26a4f0cfc1540cead109dfc8d736f1c45263e390,2026-10-02T15:58:35+0200,
wf_triangular,numba,M,,ok,382946421,381817225,382905158 383209789 382891111 383286010 382722668 382379895 382760203 382547409 383290746 382795114 383227612 383032354 382749675 382734475 382908582 383476020 382620591 382758314 383498611 381817225 392872425 382984260 383223676 383551506 382796106 383118879 382480692 383239452 383076513 383869095,numba,numba 0.67.0,"@nb.njit(parallel=True, cache=True)",1,5,30,26a4f0cfc1540cead109dfc8d736f1c45263e390,2026-10-02T15:59:12+0200,
wf_triangular,c_reference,M,,ok,102095166,101377381,101868758 102027825 101885397 102009330 101759802 102056144 102089870 102347591 102532097 102273193 101507457 102172237 102207947 102227819 101892053 101724571 101860214 102508481 101948563 102141485 101377381 104337799 102251562 102253130 102489538 102014449 101936596 102100463 102292776 102252522,gcc,gcc-14 (SUSE Linux) 14.2.0 [/usr/bin/gcc-14],-O3 -march=native -fopenmp -fno-math-errno -fno-trapping-math -fno-signed-zeros  -ffp-contract=fast -fstrict-aliasing -fPIC -include /capstor/scratch/cscs/lhulsbergen/HPCAgent-Bench-v2/hpcagent_bench/envs/vecmath.h -Wall -Wextra,1,5,30,26a4f0cfc1540cead109dfc8d736f1c45263e390,2026-10-02T15:59:39+0200,source=wf_triangular_reference.c sha256=fef1c39715e90ace
wf_triangular,agent,M,,ok,155584397,152361683,156770344 155584429 155150971 153607276 155160603 158081214 154500592 156983584 154086461 157886116 155584365 157487729 153647403 154024639 155395604 155255288 153785255 155647979 154445169 158605357 156196314 158346422 158402996 154806406 152361683 163869254 162942308 162876870 156528463 153715337,gcc,gcc-14 (SUSE Linux) 14.2.0 [/usr/bin/gcc-14],-O3 -march=native -fopenmp -fno-math-errno -fno-trapping-math -fno-signed-zeros  -ffp-contract=fast -fstrict-aliasing -fPIC -include /capstor/scratch/cscs/lhulsbergen/HPCAgent-Bench-v2/hpcagent_bench/envs/vecmath.h -Wall -Wextra,1,5,30,26a4f0cfc1540cead109dfc8d736f1c45263e390,2026-10-02T16:00:08+0200,rank=1 arm=llr40v10-kimi27sglang-c job=621730 seq=1 lang=c campaign_speedup=13.291 sha256=88d2c0e0c018f868
tsvc_2_s115,c,F,,ok,19039,15807,18784 20128 18048 18016 17216 22431 19103 20607 18495 21119 16223 21343 18848 20384 17440 20928 18176 20608 19679 18975 20063 20191 19583 19391 15807 22623 16384 18272 16640 18560,gcc,gcc-14 (SUSE Linux) 14.2.0 [/usr/bin/gcc-14],-O3 -march=native -fopenmp -fno-math-errno -fno-trapping-math -fno-signed-zeros  -ffp-contract=fast -fstrict-aliasing -fPIC -include /capstor/scratch/cscs/lhulsbergen/HPCAgent-Bench-v2-F/hpcagent_bench/envs/vecmath.h -Wall -Wextra,1,5,30,26a4f0cfc1540cead109dfc8d736f1c45263e390,2026-10-02T16:05:16+0200,
tsvc_2_s115,cpp,F,,ok,18719,16031,20032 17760 18943 16895 18591 19359 19103 17311 20543 16031 19743 17247 19775 18879 18335 16319 28767 18367 19551 18847 19135 17951 19807 17215 19295 16447 18559 16991 18847 17983,g++,g++ (SUSE Linux) 13.3.1 20250313 [revision 4ef1d8c84faeebffeb0cc01ee22e891b41e5c4e0] [/users/lhulsbergen/bin/g++],-O3 -march=native -fopenmp -fno-math-errno -fno-trapping-math -fno-signed-zeros  -ffp-contract=fast -fstrict-aliasing -fPIC -include /capstor/scratch/cscs/lhulsbergen/HPCAgent-Bench-v2-F/hpcagent_bench/envs/vecmath.h -Wall -Wextra,1,5,30,26a4f0cfc1540cead109dfc8d736f1c45263e390,2026-10-02T16:05:18+0200,
tsvc_2_s115,fortran,F,,ok,17199,13696,16096 18592 15904 17920 14016 19039 14559 17119 15135 18687 15455 18655 14624 17664 17280 19520 15776 17504 15008 17664 15680 56702 18047 17823 14592 16576 13696 18272 16704 18399,gfortran,GNU Fortran (SUSE Linux) 13.3.1 20250313 [revision 4ef1d8c84faeebffeb0cc01ee22e891b41e5c4e0] [/users/lhulsbergen/bin/gfortran],-O3 -march=native -fopenmp -fno-math-errno -fno-trapping-math -fno-signed-zeros  -ffp-contract=fast -fstrict-aliasing -fPIC -ftree-parallelize-loops=72 -Wall -Wextra,1,5,30,26a4f0cfc1540cead109dfc8d736f1c45263e390,2026-10-02T16:05:20+0200,
tsvc_2_s115,numba,F,,ok,6159,5856,6272 6624 6112 6624 5951 6144 5952 6015 6208 6560 5952 6496 6240 7040 5920 6336 6048 8000 6208 6368 5984 7039 5856 6528 6015 6080 5952 6175 5888 6080,numba,numba 0.67.0,"@nb.njit(parallel=True, cache=True)",1,5,30,26a4f0cfc1540cead109dfc8d736f1c45263e390,2026-10-02T16:05:23+0200,
tsvc_2_s115,c_reference,F,,ok,17583,15999,16928 18080 17024 17504 17088 20127 19263 19103 18175 18175 17087 16863 16735 61790 17856 18239 16096 18080 18687 16480 17663 19199 17407 17663 16831 18527 16735 17439 15999 16959,gcc,gcc-14 (SUSE Linux) 14.2.0 [/usr/bin/gcc-14],-O3 -march=native -fopenmp -fno-math-errno -fno-trapping-math -fno-signed-zeros  -ffp-contract=fast -fstrict-aliasing -fPIC -include /capstor/scratch/cscs/lhulsbergen/HPCAgent-Bench-v2-F/hpcagent_bench/envs/vecmath.h -Wall -Wextra,1,5,30,26a4f0cfc1540cead109dfc8d736f1c45263e390,2026-10-02T16:05:26+0200,source=tsvc_2_s115_reference.c sha256=123993dec309bef2
tsvc_2_s115,agent,F,,ok,42030,39487,42431 41631 42111 40191 44126 41790 43454 41567 44191 41311 41855 41022 40478 41183 42239 42303 43006 49214 40767 41950 43358 41310 45054 41375 43647 42719 43423 42175 40510 39487,gcc,gcc-14 (SUSE Linux) 14.2.0 [/usr/bin/gcc-14],-O3 -march=native -fopenmp -fno-math-errno -fno-trapping-math -fno-signed-zeros  -ffp-contract=fast -fstrict-aliasing -fPIC -include /capstor/scratch/cscs/lhulsbergen/HPCAgent-Bench-v2-F/hpcagent_bench/envs/vecmath.h -Wall -Wextra,1,5,30,26a4f0cfc1540cead109dfc8d736f1c45263e390,2026-10-02T16:05:28+0200,rank=1 arm=llr40v10-kimi27sglang-c job=621729 seq=2 lang=c campaign_speedup=3.018 sha256=881ca8bcf492d072
wf_diff_skew,c,F,,ok,287688,269848,301495 287480 292408 286968 293719 295064 359445 315703 294551 285976 287896 291864 288792 279000 286584 277272 293848 279384 290520 276600 304504 279608 281112 275320 289944 274360 306647 278168 274488 269848,gcc,gcc-14 (SUSE Linux) 14.2.0 [/usr/bin/gcc-14],-O3 -march=native -fopenmp -fno-math-errno -fno-trapping-math -fno-signed-zeros  -ffp-contract=fast -fstrict-aliasing -fPIC -include /capstor/scratch/cscs/lhulsbergen/HPCAgent-Bench-v2-F/hpcagent_bench/envs/vecmath.h -Wall -Wextra,1,5,30,26a4f0cfc1540cead109dfc8d736f1c45263e390,2026-10-02T16:05:37+0200,
wf_diff_skew,cpp,F,,ok,287176,273528,292024 287512 289080 284088 286840 297272 287544 281208 320183 296984 313176 283224 332054 286200 277976 279288 309975 282424 289912 278648 274937 273528 273816 274264 326934 301015 274872 275096 322199 289912,g++,g++ (SUSE Linux) 13.3.1 20250313 [revision 4ef1d8c84faeebffeb0cc01ee22e891b41e5c4e0] [/users/lhulsbergen/bin/g++],-O3 -march=native -fopenmp -fno-math-errno -fno-trapping-math -fno-signed-zeros  -ffp-contract=fast -fstrict-aliasing -fPIC -include /capstor/scratch/cscs/lhulsbergen/HPCAgent-Bench-v2-F/hpcagent_bench/envs/vecmath.h -Wall -Wextra,1,5,30,26a4f0cfc1540cead109dfc8d736f1c45263e390,2026-10-02T16:05:39+0200,
wf_diff_skew,fortran,F,,ok,283960,272280,296311 289495 288536 284152 287480 318615 332247 290808 285016 294168 286808 281336 280920 294584 282200 287512 310967 281304 279928 275736 294168 280600 274840 273592 273432 274616 272280 282712 272568 283768,gfortran,GNU Fortran (SUSE Linux) 13.3.1 20250313 [revision 4ef1d8c84faeebffeb0cc01ee22e891b41e5c4e0] [/users/lhulsbergen/bin/gfortran],-O3 -march=native -fopenmp -fno-math-errno -fno-trapping-math -fno-signed-zeros  -ffp-contract=fast -fstrict-aliasing -fPIC -ftree-parallelize-loops=72 -Wall -Wextra,1,5,30,26a4f0cfc1540cead109dfc8d736f1c45263e390,2026-10-02T16:05:42+0200,
wf_diff_skew,numba,F,,ok,320070,312087,321143 322454 321174 320342 323702 321718 324535 322423 328375 325014 320343 321270 320919 354326 317463 318839 314903 316919 319799 319799 315543 312887 312087 316215 332278 318487 318391 317015 316119 313688,numba,numba 0.67.0,"@nb.njit(parallel=True, cache=True)",1,5,30,26a4f0cfc1540cead109dfc8d736f1c45263e390,2026-10-02T16:05:44+0200,
wf_diff_skew,c_reference,F,,ok,279064,269816,296823 287544 305847 288791 287799 282552 287096 282104 282584 284664 286552 277112 341303 283992 277880 272472 284375 274328 276568 272600 274424 269816 274136 280248 273752 270360 273208 271992 271032 270808,gcc,gcc-14 (SUSE Linux) 14.2.0 [/usr/bin/gcc-14],-O3 -march=native -fopenmp -fno-math-errno -fno-trapping-math -fno-signed-zeros  -ffp-contract=fast -fstrict-aliasing -fPIC -include /capstor/scratch/cscs/lhulsbergen/HPCAgent-Bench-v2-F/hpcagent_bench/envs/vecmath.h -Wall -Wextra,1,5,30,26a4f0cfc1540cead109dfc8d736f1c45263e390,2026-10-02T16:05:46+0200,source=wf_diff_skew_reference.c sha256=32113cc55b653084
wf_diff_skew,agent,F,,ok,477619,460723,502737 484114 540017 483698 481203 490098 482482 500018 501233 474099 481139 468114 467891 465619 466611 487474 487442 468147 467027 490643 485682 514322 470738 463571 463923 472083 465267 463378 462163 460723,gcc,gcc-14 (SUSE Linux) 14.2.0 [/usr/bin/gcc-14],-O3 -march=native -fopenmp -fno-math-errno -fno-trapping-math -fno-signed-zeros  -ffp-contract=fast -fstrict-aliasing -fPIC -include /capstor/scratch/cscs/lhulsbergen/HPCAgent-Bench-v2-F/hpcagent_bench/envs/vecmath.h -Wall -Wextra,1,5,30,26a4f0cfc1540cead109dfc8d736f1c45263e390,2026-10-02T16:05:48+0200,rank=1 arm=llr40v10-oss120b-c job=621015 seq=1 lang=c campaign_speedup=3.469 sha256=620a8bb7753cad61
wf_triangular,c,F,,ok,94797,90589,91581 104925 94557 107100 91773 96380 90877 98973 92029 104348 91453 104957 95037 100092 91581 96637 91965 97085 92221 95581 92925 95900 90781 95613 91485 101949 92029 98717 90589 93949,gcc,gcc-14 (SUSE Linux) 14.2.0 [/usr/bin/gcc-14],-O3 -march=native -fopenmp -fno-math-errno -fno-trapping-math -fno-signed-zeros  -ffp-contract=fast -fstrict-aliasing -fPIC -include /capstor/scratch/cscs/lhulsbergen/HPCAgent-Bench-v2-F/hpcagent_bench/envs/vecmath.h -Wall -Wextra,1,5,30,26a4f0cfc1540cead109dfc8d736f1c45263e390,2026-10-02T16:05:21+0200,
wf_triangular,cpp,F,,ok,94013,91357,95293 94973 95965 95965 94205 100733 94749 98269 93661 92925 92093 91805 93117 93021 91933 102781 110844 106748 94109 93916 93821 93917 92669 94205 92093 92605 91357 101757 94141 93501,g++,g++ (SUSE Linux) 13.3.1 20250313 [revision 4ef1d8c84faeebffeb0cc01ee22e891b41e5c4e0] [/users/lhulsbergen/bin/g++],-O3 -march=native -fopenmp -fno-math-errno -fno-trapping-math -fno-signed-zeros  -ffp-contract=fast -fstrict-aliasing -fPIC -include /capstor/scratch/cscs/lhulsbergen/HPCAgent-Bench-v2-F/hpcagent_bench/envs/vecmath.h -Wall -Wextra,1,5,30,26a4f0cfc1540cead109dfc8d736f1c45263e390,2026-10-02T16:05:23+0200,
wf_triangular,fortran,F,,ok,93117,89501,97245 92637 94589 94461 96221 93245 95357 92989 92509 91005 90365 89501 105661 94525 104028 109564 95613 92893 92509 94909 93853 119516 102557 91421 91805 92445 91069 91549 90973 90877,gfortran,GNU Fortran (SUSE Linux) 13.3.1 20250313 [revision 4ef1d8c84faeebffeb0cc01ee22e891b41e5c4e0] [/users/lhulsbergen/bin/gfortran],-O3 -march=native -fopenmp -fno-math-errno -fno-trapping-math -fno-signed-zeros  -ffp-contract=fast -fstrict-aliasing -fPIC -ftree-parallelize-loops=72 -Wall -Wextra,1,5,30,26a4f0cfc1540cead109dfc8d736f1c45263e390,2026-10-02T16:05:26+0200,
wf_triangular,numba,F,,ok,310997,308502,311317 309782 326421 312054 311222 310773 309622 310965 311926 310037 310902 313173 323669 313686 311478 310965 312054 310901 310710 310198 310070 308502 342900 311029 309590 311477 311094 310037 310230 311797,numba,numba 0.67.0,"@nb.njit(parallel=True, cache=True)",1,5,30,26a4f0cfc1540cead109dfc8d736f1c45263e390,2026-10-02T16:05:28+0200,
wf_triangular,c_reference,F,,ok,90349,88253,90941 90237 92317 90461 92317 91197 90716 90045 89853 91069 89725 90973 90493 90077 89469 90749 89565 89117 88765 103453 93469 90141 90205 89757 89085 88253 89149 135227 97469 91133,gcc,gcc-14 (SUSE Linux) 14.2.0 [/usr/bin/gcc-14],-O3 -march=native -fopenmp -fno-math-errno -fno-trapping-math -fno-signed-zeros  -ffp-contract=fast -fstrict-aliasing -fPIC -include /capstor/scratch/cscs/lhulsbergen/HPCAgent-Bench-v2-F/hpcagent_bench/envs/vecmath.h -Wall -Wextra,1,5,30,26a4f0cfc1540cead109dfc8d736f1c45263e390,2026-10-02T16:05:30+0200,source=wf_triangular_reference.c sha256=fef1c39715e90ace
wf_triangular,agent,F,,ok,145163,142107,145659 144475 145595 144187 145243 146171 144027 144347 143739 144091 143228 142971 146043 145851 150171 142107 143675 145051 156955 145083 150267 144923 147099 144507 152091 153082 152059 143867 164411 147452,gcc,gcc-14 (SUSE Linux) 14.2.0 [/usr/bin/gcc-14],-O3 -march=native -fopenmp -fno-math-errno -fno-trapping-math -fno-signed-zeros  -ffp-contract=fast -fstrict-aliasing -fPIC -include /capstor/scratch/cscs/lhulsbergen/HPCAgent-Bench-v2-F/hpcagent_bench/envs/vecmath.h -Wall -Wextra,1,5,30,26a4f0cfc1540cead109dfc8d736f1c45263e390,2026-10-02T16:05:33+0200,rank=1 arm=llr40v10-kimi27sglang-c job=621730 seq=1 lang=c campaign_speedup=13.291 sha256=88d2c0e0c018f868
