kernel,pipeline,codegen,cxx,flagset,compiled,n_vectorized,vectorized_loops,n_missed,missed_loops,error
argmax_with_index,canon,legacy,g++-13,bonsall,True,0,,4,canon_cpu.cpp:26 canon_cpu.cpp:27 canon_cpu.cpp:32 canon_cpu.cpp:33,
argmax_with_index,canon,legacy,g++-13,unsafe,True,0,,4,canon_cpu.cpp:26 canon_cpu.cpp:27 canon_cpu.cpp:32 canon_cpu.cpp:33,
argmax_with_index,canon,legacy,g++-13,harness,True,0,,4,canon_cpu.cpp:26 canon_cpu.cpp:27 canon_cpu.cpp:32 canon_cpu.cpp:33,
argmax_with_index,canon,legacy,g++-14,bonsall,True,0,,4,canon_cpu.cpp:26 canon_cpu.cpp:27 canon_cpu.cpp:32 canon_cpu.cpp:33,
argmax_with_index,canon,legacy,g++-14,unsafe,True,0,,4,canon_cpu.cpp:26 canon_cpu.cpp:27 canon_cpu.cpp:32 canon_cpu.cpp:33,
argmax_with_index,canon,legacy,g++-14,harness,True,0,,4,canon_cpu.cpp:26 canon_cpu.cpp:27 canon_cpu.cpp:32 canon_cpu.cpp:33,
argmax_with_index,canon,new,g++-13,bonsall,True,0,,4,canon_cpu.cpp:26 canon_cpu.cpp:27 canon_cpu.cpp:32 canon_cpu.cpp:33,
argmax_with_index,canon,new,g++-13,unsafe,True,0,,4,canon_cpu.cpp:26 canon_cpu.cpp:27 canon_cpu.cpp:32 canon_cpu.cpp:33,
argmax_with_index,canon,new,g++-13,harness,True,0,,4,canon_cpu.cpp:26 canon_cpu.cpp:27 canon_cpu.cpp:32 canon_cpu.cpp:33,
argmax_with_index,canon,new,g++-14,bonsall,True,0,,4,canon_cpu.cpp:26 canon_cpu.cpp:27 canon_cpu.cpp:32 canon_cpu.cpp:33,
argmax_with_index,canon,new,g++-14,unsafe,True,0,,4,canon_cpu.cpp:26 canon_cpu.cpp:27 canon_cpu.cpp:32 canon_cpu.cpp:33,
argmax_with_index,canon,new,g++-14,harness,True,0,,4,canon_cpu.cpp:26 canon_cpu.cpp:27 canon_cpu.cpp:32 canon_cpu.cpp:33,
argmax_with_index,canon,old,g++-13,bonsall,True,0,,4,canon_cpu.cpp:26 canon_cpu.cpp:27 canon_cpu.cpp:32 canon_cpu.cpp:33,
argmax_with_index,canon,old,g++-13,unsafe,True,0,,4,canon_cpu.cpp:26 canon_cpu.cpp:27 canon_cpu.cpp:32 canon_cpu.cpp:33,
argmax_with_index,canon,old,g++-13,harness,True,0,,4,canon_cpu.cpp:26 canon_cpu.cpp:27 canon_cpu.cpp:32 canon_cpu.cpp:33,
argmax_with_index,canon,old,g++-14,bonsall,True,0,,4,canon_cpu.cpp:26 canon_cpu.cpp:27 canon_cpu.cpp:32 canon_cpu.cpp:33,
argmax_with_index,canon,old,g++-14,unsafe,True,0,,4,canon_cpu.cpp:26 canon_cpu.cpp:27 canon_cpu.cpp:32 canon_cpu.cpp:33,
argmax_with_index,canon,old,g++-14,harness,True,0,,4,canon_cpu.cpp:26 canon_cpu.cpp:27 canon_cpu.cpp:32 canon_cpu.cpp:33,
argmax_with_index,none,legacy,g++-13,bonsall,True,0,,2,canon_cpu.cpp:35 canon_cpu.cpp:41,
argmax_with_index,none,legacy,g++-13,unsafe,True,0,,2,canon_cpu.cpp:35 canon_cpu.cpp:41,
argmax_with_index,none,legacy,g++-13,harness,True,0,,2,canon_cpu.cpp:35 canon_cpu.cpp:41,
argmax_with_index,none,legacy,g++-14,bonsall,True,0,,2,canon_cpu.cpp:35 canon_cpu.cpp:41,
argmax_with_index,none,legacy,g++-14,unsafe,True,0,,2,canon_cpu.cpp:35 canon_cpu.cpp:41,
argmax_with_index,none,legacy,g++-14,harness,True,0,,2,canon_cpu.cpp:35 canon_cpu.cpp:41,
argmax_with_index,none,new,g++-13,bonsall,True,0,,2,canon_cpu.cpp:27 canon_cpu.cpp:33,
argmax_with_index,none,new,g++-13,unsafe,True,0,,2,canon_cpu.cpp:27 canon_cpu.cpp:33,
argmax_with_index,none,new,g++-13,harness,True,0,,2,canon_cpu.cpp:27 canon_cpu.cpp:33,
argmax_with_index,none,new,g++-14,bonsall,True,0,,2,canon_cpu.cpp:27 canon_cpu.cpp:33,
argmax_with_index,none,new,g++-14,unsafe,True,0,,2,canon_cpu.cpp:27 canon_cpu.cpp:33,
argmax_with_index,none,new,g++-14,harness,True,0,,2,canon_cpu.cpp:27 canon_cpu.cpp:33,
argmax_with_index,none,old,g++-13,bonsall,True,0,,2,canon_cpu.cpp:27 canon_cpu.cpp:9,
argmax_with_index,none,old,g++-13,unsafe,True,0,,2,canon_cpu.cpp:27 canon_cpu.cpp:9,
argmax_with_index,none,old,g++-13,harness,True,0,,2,canon_cpu.cpp:27 canon_cpu.cpp:9,
argmax_with_index,none,old,g++-14,bonsall,True,0,,2,canon_cpu.cpp:27 canon_cpu.cpp:9,
argmax_with_index,none,old,g++-14,unsafe,True,0,,2,canon_cpu.cpp:27 canon_cpu.cpp:9,
argmax_with_index,none,old,g++-14,harness,True,0,,2,canon_cpu.cpp:27 canon_cpu.cpp:9,
compact_threshold_pack,canon,legacy,g++-13,bonsall,True,5,reduction.h:971 scan.hpp:149 scan.hpp:150 scan.hpp:225 scan.hpp:227,6,canon_cpu.cpp:30 canon_cpu.cpp:41 canon_cpu.cpp:88 scan.hpp:284 scan.hpp:292 scan.hpp:427,
compact_threshold_pack,canon,legacy,g++-13,unsafe,True,5,reduction.h:971 scan.hpp:149 scan.hpp:150 scan.hpp:225 scan.hpp:227,6,canon_cpu.cpp:30 canon_cpu.cpp:41 canon_cpu.cpp:88 scan.hpp:284 scan.hpp:292 scan.hpp:427,
compact_threshold_pack,canon,legacy,g++-13,harness,True,5,reduction.h:971 scan.hpp:149 scan.hpp:150 scan.hpp:225 scan.hpp:227,10,canon_cpu.cpp:111 canon_cpu.cpp:144 canon_cpu.cpp:41 canon_cpu.cpp:86 canon_cpu.cpp:88 scan.hpp:277 scan.hpp:284 scan.hpp:292 scan.hpp:423 scan.hpp:427,
compact_threshold_pack,canon,legacy,g++-14,bonsall,True,5,reduction.h:971 scan.hpp:149 scan.hpp:150 scan.hpp:225 scan.hpp:227,5,canon_cpu.cpp:41 canon_cpu.cpp:88 scan.hpp:284 scan.hpp:292 scan.hpp:427,
compact_threshold_pack,canon,legacy,g++-14,unsafe,True,5,reduction.h:971 scan.hpp:149 scan.hpp:150 scan.hpp:225 scan.hpp:227,5,canon_cpu.cpp:41 canon_cpu.cpp:88 scan.hpp:284 scan.hpp:292 scan.hpp:427,
compact_threshold_pack,canon,legacy,g++-14,harness,True,5,reduction.h:971 scan.hpp:149 scan.hpp:150 scan.hpp:225 scan.hpp:227,9,canon_cpu.cpp:111 canon_cpu.cpp:41 canon_cpu.cpp:86 canon_cpu.cpp:88 scan.hpp:277 scan.hpp:284 scan.hpp:292 scan.hpp:423 scan.hpp:427,
compact_threshold_pack,canon,new,g++-13,bonsall,True,5,reduction.h:971 scan.hpp:149 scan.hpp:150 scan.hpp:225 scan.hpp:227,6,canon_cpu.cpp:23 canon_cpu.cpp:36 canon_cpu.cpp:67 scan.hpp:284 scan.hpp:292 scan.hpp:427,
compact_threshold_pack,canon,new,g++-13,unsafe,True,5,reduction.h:971 scan.hpp:149 scan.hpp:150 scan.hpp:225 scan.hpp:227,6,canon_cpu.cpp:23 canon_cpu.cpp:36 canon_cpu.cpp:67 scan.hpp:284 scan.hpp:292 scan.hpp:427,
compact_threshold_pack,canon,new,g++-13,harness,True,5,reduction.h:971 scan.hpp:149 scan.hpp:150 scan.hpp:225 scan.hpp:227,10,canon_cpu.cpp:36 canon_cpu.cpp:65 canon_cpu.cpp:67 canon_cpu.cpp:76 canon_cpu.cpp:99 scan.hpp:277 scan.hpp:284 scan.hpp:292 scan.hpp:423 scan.hpp:427,
compact_threshold_pack,canon,new,g++-14,bonsall,True,5,reduction.h:971 scan.hpp:149 scan.hpp:150 scan.hpp:225 scan.hpp:227,5,canon_cpu.cpp:36 canon_cpu.cpp:67 scan.hpp:284 scan.hpp:292 scan.hpp:427,
compact_threshold_pack,canon,new,g++-14,unsafe,True,5,reduction.h:971 scan.hpp:149 scan.hpp:150 scan.hpp:225 scan.hpp:227,5,canon_cpu.cpp:36 canon_cpu.cpp:67 scan.hpp:284 scan.hpp:292 scan.hpp:427,
compact_threshold_pack,canon,new,g++-14,harness,True,5,reduction.h:971 scan.hpp:149 scan.hpp:150 scan.hpp:225 scan.hpp:227,9,canon_cpu.cpp:36 canon_cpu.cpp:65 canon_cpu.cpp:67 canon_cpu.cpp:76 scan.hpp:277 scan.hpp:284 scan.hpp:292 scan.hpp:423 scan.hpp:427,
compact_threshold_pack,canon,old,g++-13,bonsall,True,5,reduction.h:971 scan.hpp:149 scan.hpp:150 scan.hpp:225 scan.hpp:227,6,canon_cpu.cpp:30 canon_cpu.cpp:41 canon_cpu.cpp:88 scan.hpp:284 scan.hpp:292 scan.hpp:427,
compact_threshold_pack,canon,old,g++-13,unsafe,True,5,reduction.h:971 scan.hpp:149 scan.hpp:150 scan.hpp:225 scan.hpp:227,6,canon_cpu.cpp:30 canon_cpu.cpp:41 canon_cpu.cpp:88 scan.hpp:284 scan.hpp:292 scan.hpp:427,
compact_threshold_pack,canon,old,g++-13,harness,True,5,reduction.h:971 scan.hpp:149 scan.hpp:150 scan.hpp:225 scan.hpp:227,10,canon_cpu.cpp:111 canon_cpu.cpp:144 canon_cpu.cpp:41 canon_cpu.cpp:86 canon_cpu.cpp:88 scan.hpp:277 scan.hpp:284 scan.hpp:292 scan.hpp:423 scan.hpp:427,
compact_threshold_pack,canon,old,g++-14,bonsall,True,5,reduction.h:971 scan.hpp:149 scan.hpp:150 scan.hpp:225 scan.hpp:227,5,canon_cpu.cpp:41 canon_cpu.cpp:88 scan.hpp:284 scan.hpp:292 scan.hpp:427,
compact_threshold_pack,canon,old,g++-14,unsafe,True,5,reduction.h:971 scan.hpp:149 scan.hpp:150 scan.hpp:225 scan.hpp:227,5,canon_cpu.cpp:41 canon_cpu.cpp:88 scan.hpp:284 scan.hpp:292 scan.hpp:427,
compact_threshold_pack,canon,old,g++-14,harness,True,5,reduction.h:971 scan.hpp:149 scan.hpp:150 scan.hpp:225 scan.hpp:227,9,canon_cpu.cpp:111 canon_cpu.cpp:41 canon_cpu.cpp:86 canon_cpu.cpp:88 scan.hpp:277 scan.hpp:284 scan.hpp:292 scan.hpp:423 scan.hpp:427,
compact_threshold_pack,none,legacy,g++-13,bonsall,True,0,,1,canon_cpu.cpp:21,
compact_threshold_pack,none,legacy,g++-13,unsafe,True,0,,1,canon_cpu.cpp:21,
compact_threshold_pack,none,legacy,g++-13,harness,True,0,,2,canon_cpu.cpp:21 canon_cpu.cpp:9,
compact_threshold_pack,none,legacy,g++-14,bonsall,True,0,,1,canon_cpu.cpp:21,
compact_threshold_pack,none,legacy,g++-14,unsafe,True,0,,1,canon_cpu.cpp:21,
compact_threshold_pack,none,legacy,g++-14,harness,True,0,,2,canon_cpu.cpp:21 canon_cpu.cpp:9,
compact_threshold_pack,none,new,g++-13,bonsall,True,0,,1,canon_cpu.cpp:24,
compact_threshold_pack,none,new,g++-13,unsafe,True,0,,1,canon_cpu.cpp:24,
compact_threshold_pack,none,new,g++-13,harness,True,0,,2,canon_cpu.cpp:13 canon_cpu.cpp:24,
compact_threshold_pack,none,new,g++-14,bonsall,True,0,,1,canon_cpu.cpp:24,
compact_threshold_pack,none,new,g++-14,unsafe,True,0,,1,canon_cpu.cpp:24,
compact_threshold_pack,none,new,g++-14,harness,True,0,,2,canon_cpu.cpp:13 canon_cpu.cpp:24,
compact_threshold_pack,none,old,g++-13,bonsall,True,0,,1,canon_cpu.cpp:21,
compact_threshold_pack,none,old,g++-13,unsafe,True,0,,1,canon_cpu.cpp:21,
compact_threshold_pack,none,old,g++-13,harness,True,0,,2,canon_cpu.cpp:21 canon_cpu.cpp:9,
compact_threshold_pack,none,old,g++-14,bonsall,True,0,,1,canon_cpu.cpp:21,
compact_threshold_pack,none,old,g++-14,unsafe,True,0,,1,canon_cpu.cpp:21,
compact_threshold_pack,none,old,g++-14,harness,True,0,,2,canon_cpu.cpp:21 canon_cpu.cpp:9,
ext_break_capture,canon,legacy,g++-13,bonsall,True,0,,1,canon_cpu.cpp:55,
ext_break_capture,canon,legacy,g++-13,unsafe,True,0,,1,canon_cpu.cpp:55,
ext_break_capture,canon,legacy,g++-13,harness,True,0,,1,canon_cpu.cpp:55,
ext_break_capture,canon,legacy,g++-14,bonsall,True,0,,1,canon_cpu.cpp:53,
ext_break_capture,canon,legacy,g++-14,unsafe,True,0,,1,canon_cpu.cpp:53,
ext_break_capture,canon,legacy,g++-14,harness,True,0,,1,canon_cpu.cpp:53,
ext_break_capture,canon,new,g++-13,bonsall,True,0,,1,canon_cpu.cpp:34,
ext_break_capture,canon,new,g++-13,unsafe,True,0,,1,canon_cpu.cpp:34,
ext_break_capture,canon,new,g++-13,harness,True,0,,1,canon_cpu.cpp:34,
ext_break_capture,canon,new,g++-14,bonsall,True,0,,1,canon_cpu.cpp:32,
ext_break_capture,canon,new,g++-14,unsafe,True,0,,1,canon_cpu.cpp:32,
ext_break_capture,canon,new,g++-14,harness,True,0,,1,canon_cpu.cpp:32,
ext_break_capture,canon,old,g++-13,bonsall,True,0,,1,canon_cpu.cpp:55,
ext_break_capture,canon,old,g++-13,unsafe,True,0,,1,canon_cpu.cpp:55,
ext_break_capture,canon,old,g++-13,harness,True,0,,1,canon_cpu.cpp:55,
ext_break_capture,canon,old,g++-14,bonsall,True,0,,1,canon_cpu.cpp:53,
ext_break_capture,canon,old,g++-14,unsafe,True,0,,1,canon_cpu.cpp:53,
ext_break_capture,canon,old,g++-14,harness,True,0,,1,canon_cpu.cpp:53,
ext_break_capture,none,legacy,g++-13,bonsall,True,0,,1,canon_cpu.cpp:42,
ext_break_capture,none,legacy,g++-13,unsafe,True,0,,1,canon_cpu.cpp:42,
ext_break_capture,none,legacy,g++-13,harness,True,0,,1,canon_cpu.cpp:42,
ext_break_capture,none,legacy,g++-14,bonsall,True,0,,1,canon_cpu.cpp:40,
ext_break_capture,none,legacy,g++-14,unsafe,True,0,,1,canon_cpu.cpp:40,
ext_break_capture,none,legacy,g++-14,harness,True,0,,1,canon_cpu.cpp:40,
ext_break_capture,none,new,g++-13,bonsall,True,0,,1,canon_cpu.cpp:26,
ext_break_capture,none,new,g++-13,unsafe,True,0,,1,canon_cpu.cpp:26,
ext_break_capture,none,new,g++-13,harness,True,0,,1,canon_cpu.cpp:26,
ext_break_capture,none,new,g++-14,bonsall,True,0,,1,canon_cpu.cpp:24,
ext_break_capture,none,new,g++-14,unsafe,True,0,,1,canon_cpu.cpp:24,
ext_break_capture,none,new,g++-14,harness,True,0,,1,canon_cpu.cpp:24,
ext_break_capture,none,old,g++-13,bonsall,True,0,,1,canon_cpu.cpp:42,
ext_break_capture,none,old,g++-13,unsafe,True,0,,1,canon_cpu.cpp:42,
ext_break_capture,none,old,g++-13,harness,True,0,,1,canon_cpu.cpp:42,
ext_break_capture,none,old,g++-14,bonsall,True,0,,1,canon_cpu.cpp:40,
ext_break_capture,none,old,g++-14,unsafe,True,0,,1,canon_cpu.cpp:40,
ext_break_capture,none,old,g++-14,harness,True,0,,1,canon_cpu.cpp:40,
ext_war_unit,canon,legacy,g++-13,bonsall,True,2,canon_cpu.cpp:24 canon_cpu.cpp:43,2,canon_cpu.cpp:158 canon_cpu.cpp:161,
ext_war_unit,canon,legacy,g++-13,unsafe,True,2,canon_cpu.cpp:24 canon_cpu.cpp:43,2,canon_cpu.cpp:158 canon_cpu.cpp:161,
ext_war_unit,canon,legacy,g++-13,harness,True,1,canon_cpu.cpp:43,4,canon_cpu.cpp:146 canon_cpu.cpp:158 canon_cpu.cpp:161 canon_cpu.cpp:24,
ext_war_unit,canon,legacy,g++-14,bonsall,True,2,canon_cpu.cpp:24 canon_cpu.cpp:43,2,canon_cpu.cpp:158 canon_cpu.cpp:161,
ext_war_unit,canon,legacy,g++-14,unsafe,True,2,canon_cpu.cpp:24 canon_cpu.cpp:43,2,canon_cpu.cpp:158 canon_cpu.cpp:161,
ext_war_unit,canon,legacy,g++-14,harness,True,1,canon_cpu.cpp:43,4,canon_cpu.cpp:146 canon_cpu.cpp:158 canon_cpu.cpp:161 canon_cpu.cpp:24,
ext_war_unit,canon,new,g++-13,bonsall,True,2,canon_cpu.cpp:25 canon_cpu.cpp:36,2,canon_cpu.cpp:96 canon_cpu.cpp:98,
ext_war_unit,canon,new,g++-13,unsafe,True,2,canon_cpu.cpp:25 canon_cpu.cpp:36,2,canon_cpu.cpp:96 canon_cpu.cpp:98,
ext_war_unit,canon,new,g++-13,harness,True,1,canon_cpu.cpp:36,4,canon_cpu.cpp:25 canon_cpu.cpp:89 canon_cpu.cpp:96 canon_cpu.cpp:98,
ext_war_unit,canon,new,g++-14,bonsall,True,2,canon_cpu.cpp:25 canon_cpu.cpp:36,2,canon_cpu.cpp:96 canon_cpu.cpp:98,
ext_war_unit,canon,new,g++-14,unsafe,True,2,canon_cpu.cpp:25 canon_cpu.cpp:36,2,canon_cpu.cpp:96 canon_cpu.cpp:98,
ext_war_unit,canon,new,g++-14,harness,True,1,canon_cpu.cpp:36,4,canon_cpu.cpp:25 canon_cpu.cpp:89 canon_cpu.cpp:96 canon_cpu.cpp:98,
ext_war_unit,canon,old,g++-13,bonsall,True,2,canon_cpu.cpp:15 copy.h:345,2,canon_cpu.cpp:124 canon_cpu.cpp:127,
ext_war_unit,canon,old,g++-13,unsafe,True,2,canon_cpu.cpp:15 copy.h:345,2,canon_cpu.cpp:124 canon_cpu.cpp:127,
ext_war_unit,canon,old,g++-13,harness,True,1,canon_cpu.cpp:15,4,canon_cpu.cpp:112 canon_cpu.cpp:124 canon_cpu.cpp:127 copy.h:345,
ext_war_unit,canon,old,g++-14,bonsall,True,2,canon_cpu.cpp:15 copy.h:345,2,canon_cpu.cpp:124 canon_cpu.cpp:127,
ext_war_unit,canon,old,g++-14,unsafe,True,2,canon_cpu.cpp:15 copy.h:345,2,canon_cpu.cpp:124 canon_cpu.cpp:127,
ext_war_unit,canon,old,g++-14,harness,True,1,canon_cpu.cpp:15,4,canon_cpu.cpp:112 canon_cpu.cpp:124 canon_cpu.cpp:127 copy.h:345,
ext_war_unit,none,legacy,g++-13,bonsall,True,1,canon_cpu.cpp:17,0,,
ext_war_unit,none,legacy,g++-13,unsafe,True,1,canon_cpu.cpp:17,0,,
ext_war_unit,none,legacy,g++-13,harness,True,1,canon_cpu.cpp:17,0,,
ext_war_unit,none,legacy,g++-14,bonsall,True,1,canon_cpu.cpp:17,0,,
ext_war_unit,none,legacy,g++-14,unsafe,True,1,canon_cpu.cpp:17,0,,
ext_war_unit,none,legacy,g++-14,harness,True,1,canon_cpu.cpp:17,0,,
ext_war_unit,none,new,g++-13,bonsall,True,1,canon_cpu.cpp:18,0,,
ext_war_unit,none,new,g++-13,unsafe,True,1,canon_cpu.cpp:18,0,,
ext_war_unit,none,new,g++-13,harness,True,1,canon_cpu.cpp:18,0,,
ext_war_unit,none,new,g++-14,bonsall,True,1,canon_cpu.cpp:18,0,,
ext_war_unit,none,new,g++-14,unsafe,True,1,canon_cpu.cpp:18,0,,
ext_war_unit,none,new,g++-14,harness,True,1,canon_cpu.cpp:18,0,,
ext_war_unit,none,old,g++-13,bonsall,True,1,canon_cpu.cpp:17,0,,
ext_war_unit,none,old,g++-13,unsafe,True,1,canon_cpu.cpp:17,0,,
ext_war_unit,none,old,g++-13,harness,True,1,canon_cpu.cpp:17,0,,
ext_war_unit,none,old,g++-14,bonsall,True,1,canon_cpu.cpp:17,0,,
ext_war_unit,none,old,g++-14,unsafe,True,1,canon_cpu.cpp:17,0,,
ext_war_unit,none,old,g++-14,harness,True,1,canon_cpu.cpp:17,0,,
fuse_diamond,canon,legacy,g++-13,bonsall,True,1,canon_cpu.cpp:35,0,,
fuse_diamond,canon,legacy,g++-13,unsafe,True,1,canon_cpu.cpp:35,0,,
fuse_diamond,canon,legacy,g++-13,harness,True,1,canon_cpu.cpp:35,1,canon_cpu.cpp:29,
fuse_diamond,canon,legacy,g++-14,bonsall,True,1,canon_cpu.cpp:35,0,,
fuse_diamond,canon,legacy,g++-14,unsafe,True,1,canon_cpu.cpp:35,0,,
fuse_diamond,canon,legacy,g++-14,harness,True,1,canon_cpu.cpp:35,1,canon_cpu.cpp:29,
fuse_diamond,canon,new,g++-13,bonsall,True,1,canon_cpu.cpp:29,0,,
fuse_diamond,canon,new,g++-13,unsafe,True,1,canon_cpu.cpp:29,0,,
fuse_diamond,canon,new,g++-13,harness,True,1,canon_cpu.cpp:29,1,canon_cpu.cpp:24,
fuse_diamond,canon,new,g++-14,bonsall,True,1,canon_cpu.cpp:29,0,,
fuse_diamond,canon,new,g++-14,unsafe,True,1,canon_cpu.cpp:29,0,,
fuse_diamond,canon,new,g++-14,harness,True,1,canon_cpu.cpp:29,1,canon_cpu.cpp:24,
fuse_diamond,canon,old,g++-13,bonsall,True,1,canon_cpu.cpp:35,0,,
fuse_diamond,canon,old,g++-13,unsafe,True,1,canon_cpu.cpp:35,0,,
fuse_diamond,canon,old,g++-13,harness,True,1,canon_cpu.cpp:35,1,canon_cpu.cpp:29,
fuse_diamond,canon,old,g++-14,bonsall,True,1,canon_cpu.cpp:35,0,,
fuse_diamond,canon,old,g++-14,unsafe,True,1,canon_cpu.cpp:35,0,,
fuse_diamond,canon,old,g++-14,harness,True,1,canon_cpu.cpp:35,1,canon_cpu.cpp:29,
fuse_diamond,none,legacy,g++-13,bonsall,True,4,canon_cpu.cpp:126 canon_cpu.cpp:168 canon_cpu.cpp:30 canon_cpu.cpp:84,0,,
fuse_diamond,none,legacy,g++-13,unsafe,True,4,canon_cpu.cpp:126 canon_cpu.cpp:168 canon_cpu.cpp:30 canon_cpu.cpp:84,0,,
fuse_diamond,none,legacy,g++-13,harness,True,4,canon_cpu.cpp:126 canon_cpu.cpp:168 canon_cpu.cpp:30 canon_cpu.cpp:84,0,,
fuse_diamond,none,legacy,g++-14,bonsall,True,4,canon_cpu.cpp:126 canon_cpu.cpp:168 canon_cpu.cpp:30 canon_cpu.cpp:84,0,,
fuse_diamond,none,legacy,g++-14,unsafe,True,4,canon_cpu.cpp:126 canon_cpu.cpp:168 canon_cpu.cpp:30 canon_cpu.cpp:84,0,,
fuse_diamond,none,legacy,g++-14,harness,True,4,canon_cpu.cpp:126 canon_cpu.cpp:168 canon_cpu.cpp:30 canon_cpu.cpp:84,0,,
fuse_diamond,none,new,g++-13,bonsall,True,4,canon_cpu.cpp:32 canon_cpu.cpp:45 canon_cpu.cpp:57 canon_cpu.cpp:69,0,,
fuse_diamond,none,new,g++-13,unsafe,True,4,canon_cpu.cpp:32 canon_cpu.cpp:45 canon_cpu.cpp:57 canon_cpu.cpp:69,0,,
fuse_diamond,none,new,g++-13,harness,True,4,canon_cpu.cpp:32 canon_cpu.cpp:45 canon_cpu.cpp:57 canon_cpu.cpp:69,0,,
fuse_diamond,none,new,g++-14,bonsall,True,4,canon_cpu.cpp:32 canon_cpu.cpp:45 canon_cpu.cpp:57 canon_cpu.cpp:69,0,,
fuse_diamond,none,new,g++-14,unsafe,True,4,canon_cpu.cpp:32 canon_cpu.cpp:45 canon_cpu.cpp:57 canon_cpu.cpp:69,0,,
fuse_diamond,none,new,g++-14,harness,True,4,canon_cpu.cpp:32 canon_cpu.cpp:45 canon_cpu.cpp:57 canon_cpu.cpp:69,0,,
fuse_diamond,none,old,g++-13,bonsall,True,4,canon_cpu.cpp:102 canon_cpu.cpp:136 canon_cpu.cpp:30 canon_cpu.cpp:68,0,,
fuse_diamond,none,old,g++-13,unsafe,True,4,canon_cpu.cpp:102 canon_cpu.cpp:136 canon_cpu.cpp:30 canon_cpu.cpp:68,0,,
fuse_diamond,none,old,g++-13,harness,True,4,canon_cpu.cpp:102 canon_cpu.cpp:136 canon_cpu.cpp:30 canon_cpu.cpp:68,0,,
fuse_diamond,none,old,g++-14,bonsall,True,4,canon_cpu.cpp:102 canon_cpu.cpp:136 canon_cpu.cpp:30 canon_cpu.cpp:68,0,,
fuse_diamond,none,old,g++-14,unsafe,True,4,canon_cpu.cpp:102 canon_cpu.cpp:136 canon_cpu.cpp:30 canon_cpu.cpp:68,0,,
fuse_diamond,none,old,g++-14,harness,True,4,canon_cpu.cpp:102 canon_cpu.cpp:136 canon_cpu.cpp:30 canon_cpu.cpp:68,0,,
fuse_move_ifs,canon,legacy,g++-13,bonsall,True,1,canon_cpu.cpp:98,1,canon_cpu.cpp:13,
fuse_move_ifs,canon,legacy,g++-13,unsafe,True,1,canon_cpu.cpp:98,1,canon_cpu.cpp:13,
fuse_move_ifs,canon,legacy,g++-13,harness,True,1,canon_cpu.cpp:98,2,canon_cpu.cpp:13 canon_cpu.cpp:96,
fuse_move_ifs,canon,legacy,g++-14,bonsall,True,1,canon_cpu.cpp:98,1,canon_cpu.cpp:13,
fuse_move_ifs,canon,legacy,g++-14,unsafe,True,1,canon_cpu.cpp:98,1,canon_cpu.cpp:13,
fuse_move_ifs,canon,legacy,g++-14,harness,True,1,canon_cpu.cpp:98,2,canon_cpu.cpp:13 canon_cpu.cpp:96,
fuse_move_ifs,canon,new,g++-13,bonsall,True,1,canon_cpu.cpp:54,1,canon_cpu.cpp:16,
fuse_move_ifs,canon,new,g++-13,unsafe,True,1,canon_cpu.cpp:54,1,canon_cpu.cpp:16,
fuse_move_ifs,canon,new,g++-13,harness,True,1,canon_cpu.cpp:54,2,canon_cpu.cpp:16 canon_cpu.cpp:52,
fuse_move_ifs,canon,new,g++-14,bonsall,True,1,canon_cpu.cpp:54,1,canon_cpu.cpp:16,
fuse_move_ifs,canon,new,g++-14,unsafe,True,1,canon_cpu.cpp:54,1,canon_cpu.cpp:16,
fuse_move_ifs,canon,new,g++-14,harness,True,1,canon_cpu.cpp:54,2,canon_cpu.cpp:16 canon_cpu.cpp:52,
fuse_move_ifs,canon,old,g++-13,bonsall,True,1,canon_cpu.cpp:98,1,canon_cpu.cpp:13,
fuse_move_ifs,canon,old,g++-13,unsafe,True,1,canon_cpu.cpp:98,1,canon_cpu.cpp:13,
fuse_move_ifs,canon,old,g++-13,harness,True,1,canon_cpu.cpp:98,2,canon_cpu.cpp:13 canon_cpu.cpp:96,
fuse_move_ifs,canon,old,g++-14,bonsall,True,1,canon_cpu.cpp:98,1,canon_cpu.cpp:13,
fuse_move_ifs,canon,old,g++-14,unsafe,True,1,canon_cpu.cpp:98,1,canon_cpu.cpp:13,
fuse_move_ifs,canon,old,g++-14,harness,True,1,canon_cpu.cpp:98,2,canon_cpu.cpp:13 canon_cpu.cpp:96,
fuse_move_ifs,none,legacy,g++-13,bonsall,True,2,canon_cpu.cpp:26 canon_cpu.cpp:77,3,canon_cpu.cpp:20 canon_cpu.cpp:75 canon_cpu.cpp:81,
fuse_move_ifs,none,legacy,g++-13,unsafe,True,2,canon_cpu.cpp:26 canon_cpu.cpp:77,3,canon_cpu.cpp:20 canon_cpu.cpp:75 canon_cpu.cpp:81,
fuse_move_ifs,none,legacy,g++-13,harness,True,2,canon_cpu.cpp:26 canon_cpu.cpp:77,3,canon_cpu.cpp:20 canon_cpu.cpp:75 canon_cpu.cpp:81,
fuse_move_ifs,none,legacy,g++-14,bonsall,True,2,canon_cpu.cpp:26 canon_cpu.cpp:77,3,canon_cpu.cpp:20 canon_cpu.cpp:75 canon_cpu.cpp:81,
fuse_move_ifs,none,legacy,g++-14,unsafe,True,2,canon_cpu.cpp:26 canon_cpu.cpp:77,3,canon_cpu.cpp:20 canon_cpu.cpp:75 canon_cpu.cpp:81,
fuse_move_ifs,none,legacy,g++-14,harness,True,2,canon_cpu.cpp:26 canon_cpu.cpp:77,3,canon_cpu.cpp:20 canon_cpu.cpp:75 canon_cpu.cpp:81,
fuse_move_ifs,none,new,g++-13,bonsall,True,2,canon_cpu.cpp:29 canon_cpu.cpp:50,3,canon_cpu.cpp:23 canon_cpu.cpp:48 canon_cpu.cpp:53,
fuse_move_ifs,none,new,g++-13,unsafe,True,2,canon_cpu.cpp:29 canon_cpu.cpp:50,3,canon_cpu.cpp:23 canon_cpu.cpp:48 canon_cpu.cpp:53,
fuse_move_ifs,none,new,g++-13,harness,True,2,canon_cpu.cpp:29 canon_cpu.cpp:50,3,canon_cpu.cpp:23 canon_cpu.cpp:48 canon_cpu.cpp:53,
fuse_move_ifs,none,new,g++-14,bonsall,True,2,canon_cpu.cpp:29 canon_cpu.cpp:50,3,canon_cpu.cpp:23 canon_cpu.cpp:48 canon_cpu.cpp:53,
fuse_move_ifs,none,new,g++-14,unsafe,True,2,canon_cpu.cpp:29 canon_cpu.cpp:50,3,canon_cpu.cpp:23 canon_cpu.cpp:48 canon_cpu.cpp:53,
fuse_move_ifs,none,new,g++-14,harness,True,2,canon_cpu.cpp:29 canon_cpu.cpp:50,3,canon_cpu.cpp:23 canon_cpu.cpp:48 canon_cpu.cpp:53,
fuse_move_ifs,none,old,g++-13,bonsall,True,2,canon_cpu.cpp:26 canon_cpu.cpp:69,3,canon_cpu.cpp:20 canon_cpu.cpp:67 copy.h:26,
fuse_move_ifs,none,old,g++-13,unsafe,True,2,canon_cpu.cpp:26 canon_cpu.cpp:69,3,canon_cpu.cpp:20 canon_cpu.cpp:67 copy.h:26,
fuse_move_ifs,none,old,g++-13,harness,True,2,canon_cpu.cpp:26 canon_cpu.cpp:69,3,canon_cpu.cpp:20 canon_cpu.cpp:67 copy.h:26,
fuse_move_ifs,none,old,g++-14,bonsall,True,2,canon_cpu.cpp:26 canon_cpu.cpp:69,3,canon_cpu.cpp:20 canon_cpu.cpp:67 copy.h:26,
fuse_move_ifs,none,old,g++-14,unsafe,True,2,canon_cpu.cpp:26 canon_cpu.cpp:69,3,canon_cpu.cpp:20 canon_cpu.cpp:67 copy.h:26,
fuse_move_ifs,none,old,g++-14,harness,True,2,canon_cpu.cpp:26 canon_cpu.cpp:69,3,canon_cpu.cpp:20 canon_cpu.cpp:67 copy.h:26,
fuse_stencil_through_transient,canon,legacy,g++-13,bonsall,True,1,canon_cpu.cpp:36,0,,
fuse_stencil_through_transient,canon,legacy,g++-13,unsafe,True,1,canon_cpu.cpp:36,0,,
fuse_stencil_through_transient,canon,legacy,g++-13,harness,True,1,canon_cpu.cpp:36,1,canon_cpu.cpp:29,
fuse_stencil_through_transient,canon,legacy,g++-14,bonsall,True,1,canon_cpu.cpp:36,0,,
fuse_stencil_through_transient,canon,legacy,g++-14,unsafe,True,1,canon_cpu.cpp:36,0,,
fuse_stencil_through_transient,canon,legacy,g++-14,harness,True,1,canon_cpu.cpp:36,1,canon_cpu.cpp:29,
fuse_stencil_through_transient,canon,new,g++-13,bonsall,True,1,canon_cpu.cpp:30,0,,
fuse_stencil_through_transient,canon,new,g++-13,unsafe,True,1,canon_cpu.cpp:30,0,,
fuse_stencil_through_transient,canon,new,g++-13,harness,True,1,canon_cpu.cpp:30,1,canon_cpu.cpp:24,
fuse_stencil_through_transient,canon,new,g++-14,bonsall,True,1,canon_cpu.cpp:30,0,,
fuse_stencil_through_transient,canon,new,g++-14,unsafe,True,1,canon_cpu.cpp:30,0,,
fuse_stencil_through_transient,canon,new,g++-14,harness,True,1,canon_cpu.cpp:30,1,canon_cpu.cpp:24,
fuse_stencil_through_transient,canon,old,g++-13,bonsall,True,1,canon_cpu.cpp:36,0,,
fuse_stencil_through_transient,canon,old,g++-13,unsafe,True,1,canon_cpu.cpp:36,0,,
fuse_stencil_through_transient,canon,old,g++-13,harness,True,1,canon_cpu.cpp:36,1,canon_cpu.cpp:29,
fuse_stencil_through_transient,canon,old,g++-14,bonsall,True,1,canon_cpu.cpp:36,0,,
fuse_stencil_through_transient,canon,old,g++-14,unsafe,True,1,canon_cpu.cpp:36,0,,
fuse_stencil_through_transient,canon,old,g++-14,harness,True,1,canon_cpu.cpp:36,1,canon_cpu.cpp:29,
fuse_stencil_through_transient,none,legacy,g++-13,bonsall,True,2,canon_cpu.cpp:101 canon_cpu.cpp:24,0,,
fuse_stencil_through_transient,none,legacy,g++-13,unsafe,True,2,canon_cpu.cpp:101 canon_cpu.cpp:24,0,,
fuse_stencil_through_transient,none,legacy,g++-13,harness,True,2,canon_cpu.cpp:101 canon_cpu.cpp:24,0,,
fuse_stencil_through_transient,none,legacy,g++-14,bonsall,True,2,canon_cpu.cpp:101 canon_cpu.cpp:24,0,,
fuse_stencil_through_transient,none,legacy,g++-14,unsafe,True,2,canon_cpu.cpp:101 canon_cpu.cpp:24,0,,
fuse_stencil_through_transient,none,legacy,g++-14,harness,True,2,canon_cpu.cpp:101 canon_cpu.cpp:24,0,,
fuse_stencil_through_transient,none,new,g++-13,bonsall,True,2,canon_cpu.cpp:26 canon_cpu.cpp:41,0,,
fuse_stencil_through_transient,none,new,g++-13,unsafe,True,2,canon_cpu.cpp:26 canon_cpu.cpp:41,0,,
fuse_stencil_through_transient,none,new,g++-13,harness,True,2,canon_cpu.cpp:26 canon_cpu.cpp:41,0,,
fuse_stencil_through_transient,none,new,g++-14,bonsall,True,2,canon_cpu.cpp:26 canon_cpu.cpp:41,0,,
fuse_stencil_through_transient,none,new,g++-14,unsafe,True,2,canon_cpu.cpp:26 canon_cpu.cpp:41,0,,
fuse_stencil_through_transient,none,new,g++-14,harness,True,2,canon_cpu.cpp:26 canon_cpu.cpp:41,0,,
fuse_stencil_through_transient,none,old,g++-13,bonsall,True,2,canon_cpu.cpp:24 canon_cpu.cpp:77,0,,
fuse_stencil_through_transient,none,old,g++-13,unsafe,True,2,canon_cpu.cpp:24 canon_cpu.cpp:77,0,,
fuse_stencil_through_transient,none,old,g++-13,harness,True,2,canon_cpu.cpp:24 canon_cpu.cpp:77,0,,
fuse_stencil_through_transient,none,old,g++-14,bonsall,True,2,canon_cpu.cpp:24 canon_cpu.cpp:77,0,,
fuse_stencil_through_transient,none,old,g++-14,unsafe,True,2,canon_cpu.cpp:24 canon_cpu.cpp:77,0,,
fuse_stencil_through_transient,none,old,g++-14,harness,True,2,canon_cpu.cpp:24 canon_cpu.cpp:77,0,,
quasi_affine_reduce_odd,canon,legacy,g++-13,bonsall,True,1,reduction.h:974,1,reduction.h:973,
quasi_affine_reduce_odd,canon,legacy,g++-13,unsafe,True,1,reduction.h:974,1,reduction.h:973,
quasi_affine_reduce_odd,canon,legacy,g++-13,harness,True,1,reduction.h:974,1,reduction.h:973,
quasi_affine_reduce_odd,canon,legacy,g++-14,bonsall,True,1,reduction.h:974,1,reduction.h:973,
quasi_affine_reduce_odd,canon,legacy,g++-14,unsafe,True,1,reduction.h:974,1,reduction.h:973,
quasi_affine_reduce_odd,canon,legacy,g++-14,harness,True,1,reduction.h:974,1,reduction.h:973,
quasi_affine_reduce_odd,canon,new,g++-13,bonsall,True,1,reduction.h:974,1,reduction.h:973,
quasi_affine_reduce_odd,canon,new,g++-13,unsafe,True,1,reduction.h:974,1,reduction.h:973,
quasi_affine_reduce_odd,canon,new,g++-13,harness,True,1,reduction.h:974,1,reduction.h:973,
quasi_affine_reduce_odd,canon,new,g++-14,bonsall,True,1,reduction.h:974,1,reduction.h:973,
quasi_affine_reduce_odd,canon,new,g++-14,unsafe,True,1,reduction.h:974,1,reduction.h:973,
quasi_affine_reduce_odd,canon,new,g++-14,harness,True,1,reduction.h:974,1,reduction.h:973,
quasi_affine_reduce_odd,canon,old,g++-13,bonsall,True,1,reduction.h:974,1,reduction.h:973,
quasi_affine_reduce_odd,canon,old,g++-13,unsafe,True,1,reduction.h:974,1,reduction.h:973,
quasi_affine_reduce_odd,canon,old,g++-13,harness,True,1,reduction.h:974,1,reduction.h:973,
quasi_affine_reduce_odd,canon,old,g++-14,bonsall,True,1,reduction.h:974,1,reduction.h:973,
quasi_affine_reduce_odd,canon,old,g++-14,unsafe,True,1,reduction.h:974,1,reduction.h:973,
quasi_affine_reduce_odd,canon,old,g++-14,harness,True,1,reduction.h:974,1,reduction.h:973,
quasi_affine_reduce_odd,none,legacy,g++-13,bonsall,True,1,canon_cpu.cpp:31,1,canon_cpu.cpp:46,
quasi_affine_reduce_odd,none,legacy,g++-13,unsafe,True,1,canon_cpu.cpp:31,1,canon_cpu.cpp:46,
quasi_affine_reduce_odd,none,legacy,g++-13,harness,True,0,,1,canon_cpu.cpp:31,
quasi_affine_reduce_odd,none,legacy,g++-14,bonsall,True,1,canon_cpu.cpp:31,1,canon_cpu.cpp:46,
quasi_affine_reduce_odd,none,legacy,g++-14,unsafe,True,1,canon_cpu.cpp:31,1,canon_cpu.cpp:46,
quasi_affine_reduce_odd,none,legacy,g++-14,harness,True,0,,1,canon_cpu.cpp:31,
quasi_affine_reduce_odd,none,new,g++-13,bonsall,True,1,canon_cpu.cpp:23,1,canon_cpu.cpp:27,
quasi_affine_reduce_odd,none,new,g++-13,unsafe,True,1,canon_cpu.cpp:23,1,canon_cpu.cpp:27,
quasi_affine_reduce_odd,none,new,g++-13,harness,True,0,,1,canon_cpu.cpp:23,
quasi_affine_reduce_odd,none,new,g++-14,bonsall,True,1,canon_cpu.cpp:23,1,canon_cpu.cpp:27,
quasi_affine_reduce_odd,none,new,g++-14,unsafe,True,1,canon_cpu.cpp:23,1,canon_cpu.cpp:27,
quasi_affine_reduce_odd,none,new,g++-14,harness,True,0,,1,canon_cpu.cpp:23,
quasi_affine_reduce_odd,none,old,g++-13,bonsall,True,0,,2,canon_cpu.cpp:31 canon_cpu.cpp:61,
quasi_affine_reduce_odd,none,old,g++-13,unsafe,True,0,,2,canon_cpu.cpp:31 canon_cpu.cpp:61,
quasi_affine_reduce_odd,none,old,g++-13,harness,True,0,,2,canon_cpu.cpp:31 canon_cpu.cpp:61,
quasi_affine_reduce_odd,none,old,g++-14,bonsall,True,0,,2,canon_cpu.cpp:31 canon_cpu.cpp:61,
quasi_affine_reduce_odd,none,old,g++-14,unsafe,True,0,,2,canon_cpu.cpp:31 canon_cpu.cpp:61,
quasi_affine_reduce_odd,none,old,g++-14,harness,True,0,,2,canon_cpu.cpp:31 canon_cpu.cpp:61,
scan_affine_decay,canon,legacy,g++-13,bonsall,True,0,,7,scan.hpp:284 scan.hpp:292 scan.hpp:322 scan.hpp:330 scan.hpp:332 scan.hpp:344 scan.hpp:345,
scan_affine_decay,canon,legacy,g++-13,unsafe,True,0,,7,scan.hpp:284 scan.hpp:292 scan.hpp:322 scan.hpp:330 scan.hpp:332 scan.hpp:344 scan.hpp:345,
scan_affine_decay,canon,legacy,g++-13,harness,True,0,,9,scan.hpp:277 scan.hpp:284 scan.hpp:292 scan.hpp:322 scan.hpp:330 scan.hpp:332 scan.hpp:344 scan.hpp:345 scan.hpp:609,
scan_affine_decay,canon,legacy,g++-14,bonsall,True,0,,7,scan.hpp:284 scan.hpp:292 scan.hpp:322 scan.hpp:330 scan.hpp:332 scan.hpp:344 scan.hpp:345,
scan_affine_decay,canon,legacy,g++-14,unsafe,True,0,,7,scan.hpp:284 scan.hpp:292 scan.hpp:322 scan.hpp:330 scan.hpp:332 scan.hpp:344 scan.hpp:345,
scan_affine_decay,canon,legacy,g++-14,harness,True,0,,9,scan.hpp:277 scan.hpp:284 scan.hpp:292 scan.hpp:322 scan.hpp:330 scan.hpp:332 scan.hpp:344 scan.hpp:345 scan.hpp:609,
scan_affine_decay,canon,new,g++-13,bonsall,True,0,,7,scan.hpp:284 scan.hpp:292 scan.hpp:322 scan.hpp:330 scan.hpp:332 scan.hpp:344 scan.hpp:345,
scan_affine_decay,canon,new,g++-13,unsafe,True,0,,7,scan.hpp:284 scan.hpp:292 scan.hpp:322 scan.hpp:330 scan.hpp:332 scan.hpp:344 scan.hpp:345,
scan_affine_decay,canon,new,g++-13,harness,True,0,,9,scan.hpp:277 scan.hpp:284 scan.hpp:292 scan.hpp:322 scan.hpp:330 scan.hpp:332 scan.hpp:344 scan.hpp:345 scan.hpp:609,
scan_affine_decay,canon,new,g++-14,bonsall,True,0,,7,scan.hpp:284 scan.hpp:292 scan.hpp:322 scan.hpp:330 scan.hpp:332 scan.hpp:344 scan.hpp:345,
scan_affine_decay,canon,new,g++-14,unsafe,True,0,,7,scan.hpp:284 scan.hpp:292 scan.hpp:322 scan.hpp:330 scan.hpp:332 scan.hpp:344 scan.hpp:345,
scan_affine_decay,canon,new,g++-14,harness,True,0,,9,scan.hpp:277 scan.hpp:284 scan.hpp:292 scan.hpp:322 scan.hpp:330 scan.hpp:332 scan.hpp:344 scan.hpp:345 scan.hpp:609,
scan_affine_decay,canon,old,g++-13,bonsall,True,0,,7,scan.hpp:284 scan.hpp:292 scan.hpp:322 scan.hpp:330 scan.hpp:332 scan.hpp:344 scan.hpp:345,
scan_affine_decay,canon,old,g++-13,unsafe,True,0,,7,scan.hpp:284 scan.hpp:292 scan.hpp:322 scan.hpp:330 scan.hpp:332 scan.hpp:344 scan.hpp:345,
scan_affine_decay,canon,old,g++-13,harness,True,0,,9,scan.hpp:277 scan.hpp:284 scan.hpp:292 scan.hpp:322 scan.hpp:330 scan.hpp:332 scan.hpp:344 scan.hpp:345 scan.hpp:609,
scan_affine_decay,canon,old,g++-14,bonsall,True,0,,7,scan.hpp:284 scan.hpp:292 scan.hpp:322 scan.hpp:330 scan.hpp:332 scan.hpp:344 scan.hpp:345,
scan_affine_decay,canon,old,g++-14,unsafe,True,0,,7,scan.hpp:284 scan.hpp:292 scan.hpp:322 scan.hpp:330 scan.hpp:332 scan.hpp:344 scan.hpp:345,
scan_affine_decay,canon,old,g++-14,harness,True,0,,9,scan.hpp:277 scan.hpp:284 scan.hpp:292 scan.hpp:322 scan.hpp:330 scan.hpp:332 scan.hpp:344 scan.hpp:345 scan.hpp:609,
scan_affine_decay,none,legacy,g++-13,bonsall,True,0,,1,canon_cpu.cpp:19,
scan_affine_decay,none,legacy,g++-13,unsafe,True,0,,1,canon_cpu.cpp:19,
scan_affine_decay,none,legacy,g++-13,harness,True,0,,1,canon_cpu.cpp:19,
scan_affine_decay,none,legacy,g++-14,bonsall,True,0,,1,canon_cpu.cpp:19,
scan_affine_decay,none,legacy,g++-14,unsafe,True,0,,1,canon_cpu.cpp:19,
scan_affine_decay,none,legacy,g++-14,harness,True,0,,1,canon_cpu.cpp:19,
scan_affine_decay,none,new,g++-13,bonsall,True,0,,1,canon_cpu.cpp:21,
scan_affine_decay,none,new,g++-13,unsafe,True,0,,1,canon_cpu.cpp:21,
scan_affine_decay,none,new,g++-13,harness,True,0,,1,canon_cpu.cpp:21,
scan_affine_decay,none,new,g++-14,bonsall,True,0,,1,canon_cpu.cpp:21,
scan_affine_decay,none,new,g++-14,unsafe,True,0,,1,canon_cpu.cpp:21,
scan_affine_decay,none,new,g++-14,harness,True,0,,1,canon_cpu.cpp:21,
scan_affine_decay,none,old,g++-13,bonsall,True,0,,1,canon_cpu.cpp:19,
scan_affine_decay,none,old,g++-13,unsafe,True,0,,1,canon_cpu.cpp:19,
scan_affine_decay,none,old,g++-13,harness,True,0,,1,canon_cpu.cpp:19,
scan_affine_decay,none,old,g++-14,bonsall,True,0,,1,canon_cpu.cpp:19,
scan_affine_decay,none,old,g++-14,unsafe,True,0,,1,canon_cpu.cpp:19,
scan_affine_decay,none,old,g++-14,harness,True,0,,1,canon_cpu.cpp:19,
scatter_accum_dup,canon,legacy,g++-13,bonsall,True,0,,3,canon_cpu.cpp:13 canon_cpu.cpp:53 reduction.h:216,
scatter_accum_dup,canon,legacy,g++-13,unsafe,True,0,,3,canon_cpu.cpp:13 canon_cpu.cpp:53 reduction.h:216,
scatter_accum_dup,canon,legacy,g++-13,harness,True,0,,3,canon_cpu.cpp:13 canon_cpu.cpp:53 reduction.h:216,
scatter_accum_dup,canon,legacy,g++-14,bonsall,True,0,,3,canon_cpu.cpp:13 canon_cpu.cpp:53 reduction.h:216,
scatter_accum_dup,canon,legacy,g++-14,unsafe,True,0,,3,canon_cpu.cpp:13 canon_cpu.cpp:53 reduction.h:216,
scatter_accum_dup,canon,legacy,g++-14,harness,True,0,,3,canon_cpu.cpp:13 canon_cpu.cpp:53 reduction.h:216,
scatter_accum_dup,canon,new,g++-13,bonsall,True,0,,3,canon_cpu.cpp:14 canon_cpu.cpp:37 reduction.h:216,
scatter_accum_dup,canon,new,g++-13,unsafe,True,0,,3,canon_cpu.cpp:14 canon_cpu.cpp:37 reduction.h:216,
scatter_accum_dup,canon,new,g++-13,harness,True,0,,3,canon_cpu.cpp:14 canon_cpu.cpp:37 reduction.h:216,
scatter_accum_dup,canon,new,g++-14,bonsall,True,0,,3,canon_cpu.cpp:14 canon_cpu.cpp:37 reduction.h:216,
scatter_accum_dup,canon,new,g++-14,unsafe,True,0,,3,canon_cpu.cpp:14 canon_cpu.cpp:37 reduction.h:216,
scatter_accum_dup,canon,new,g++-14,harness,True,0,,3,canon_cpu.cpp:14 canon_cpu.cpp:37 reduction.h:216,
scatter_accum_dup,canon,old,g++-13,bonsall,True,0,,3,canon_cpu.cpp:13 canon_cpu.cpp:53 reduction.h:216,
scatter_accum_dup,canon,old,g++-13,unsafe,True,0,,3,canon_cpu.cpp:13 canon_cpu.cpp:53 reduction.h:216,
scatter_accum_dup,canon,old,g++-13,harness,True,0,,3,canon_cpu.cpp:13 canon_cpu.cpp:53 reduction.h:216,
scatter_accum_dup,canon,old,g++-14,bonsall,True,0,,3,canon_cpu.cpp:13 canon_cpu.cpp:53 reduction.h:216,
scatter_accum_dup,canon,old,g++-14,unsafe,True,0,,3,canon_cpu.cpp:13 canon_cpu.cpp:53 reduction.h:216,
scatter_accum_dup,canon,old,g++-14,harness,True,0,,3,canon_cpu.cpp:13 canon_cpu.cpp:53 reduction.h:216,
scatter_accum_dup,none,legacy,g++-13,bonsall,True,0,,2,canon_cpu.cpp:19 canon_cpu.cpp:68,
scatter_accum_dup,none,legacy,g++-13,unsafe,True,0,,2,canon_cpu.cpp:19 canon_cpu.cpp:68,
scatter_accum_dup,none,legacy,g++-13,harness,True,0,,1,canon_cpu.cpp:19,
scatter_accum_dup,none,legacy,g++-14,bonsall,True,0,,1,canon_cpu.cpp:19,
scatter_accum_dup,none,legacy,g++-14,unsafe,True,0,,1,canon_cpu.cpp:19,
scatter_accum_dup,none,legacy,g++-14,harness,True,0,,1,canon_cpu.cpp:19,
scatter_accum_dup,none,new,g++-13,bonsall,True,0,,2,canon_cpu.cpp:20 canon_cpu.cpp:29,
scatter_accum_dup,none,new,g++-13,unsafe,True,0,,2,canon_cpu.cpp:20 canon_cpu.cpp:29,
scatter_accum_dup,none,new,g++-13,harness,True,0,,1,canon_cpu.cpp:20,
scatter_accum_dup,none,new,g++-14,bonsall,True,0,,1,canon_cpu.cpp:20,
scatter_accum_dup,none,new,g++-14,unsafe,True,0,,1,canon_cpu.cpp:20,
scatter_accum_dup,none,new,g++-14,harness,True,0,,1,canon_cpu.cpp:20,
scatter_accum_dup,none,old,g++-13,bonsall,True,0,,2,canon_cpu.cpp:19 canon_cpu.cpp:52,
scatter_accum_dup,none,old,g++-13,unsafe,True,0,,2,canon_cpu.cpp:19 canon_cpu.cpp:52,
scatter_accum_dup,none,old,g++-13,harness,True,0,,1,canon_cpu.cpp:19,
scatter_accum_dup,none,old,g++-14,bonsall,True,0,,1,canon_cpu.cpp:19,
scatter_accum_dup,none,old,g++-14,unsafe,True,0,,1,canon_cpu.cpp:19,
scatter_accum_dup,none,old,g++-14,harness,True,0,,1,canon_cpu.cpp:19,
segment_reduce_ragged,canon,legacy,g++-13,bonsall,True,1,canon_cpu.cpp:50,1,canon_cpu.cpp:29,
segment_reduce_ragged,canon,legacy,g++-13,unsafe,True,1,canon_cpu.cpp:50,1,canon_cpu.cpp:29,
segment_reduce_ragged,canon,legacy,g++-13,harness,True,1,canon_cpu.cpp:50,2,canon_cpu.cpp:148 canon_cpu.cpp:29,
segment_reduce_ragged,canon,legacy,g++-14,bonsall,True,1,canon_cpu.cpp:50,1,canon_cpu.cpp:29,
segment_reduce_ragged,canon,legacy,g++-14,unsafe,True,1,canon_cpu.cpp:50,1,canon_cpu.cpp:29,
segment_reduce_ragged,canon,legacy,g++-14,harness,True,1,canon_cpu.cpp:50,2,canon_cpu.cpp:148 canon_cpu.cpp:29,
segment_reduce_ragged,canon,new,g++-13,bonsall,True,1,canon_cpu.cpp:37,1,canon_cpu.cpp:23,
segment_reduce_ragged,canon,new,g++-13,unsafe,True,1,canon_cpu.cpp:37,1,canon_cpu.cpp:23,
segment_reduce_ragged,canon,new,g++-13,harness,True,1,canon_cpu.cpp:37,2,canon_cpu.cpp:23 canon_cpu.cpp:73,
segment_reduce_ragged,canon,new,g++-14,bonsall,True,1,canon_cpu.cpp:37,1,canon_cpu.cpp:23,
segment_reduce_ragged,canon,new,g++-14,unsafe,True,1,canon_cpu.cpp:37,1,canon_cpu.cpp:23,
segment_reduce_ragged,canon,new,g++-14,harness,True,1,canon_cpu.cpp:37,2,canon_cpu.cpp:23 canon_cpu.cpp:73,
segment_reduce_ragged,canon,old,g++-13,bonsall,True,1,canon_cpu.cpp:41,1,canon_cpu.cpp:29,
segment_reduce_ragged,canon,old,g++-13,unsafe,True,1,canon_cpu.cpp:41,1,canon_cpu.cpp:29,
segment_reduce_ragged,canon,old,g++-13,harness,True,1,canon_cpu.cpp:41,2,canon_cpu.cpp:122 canon_cpu.cpp:29,
segment_reduce_ragged,canon,old,g++-14,bonsall,True,1,canon_cpu.cpp:41,1,canon_cpu.cpp:29,
segment_reduce_ragged,canon,old,g++-14,unsafe,True,1,canon_cpu.cpp:41,1,canon_cpu.cpp:29,
segment_reduce_ragged,canon,old,g++-14,harness,True,1,canon_cpu.cpp:41,2,canon_cpu.cpp:122 canon_cpu.cpp:29,
segment_reduce_ragged,none,legacy,g++-13,bonsall,True,1,canon_cpu.cpp:40,1,canon_cpu.cpp:22,
segment_reduce_ragged,none,legacy,g++-13,unsafe,True,1,canon_cpu.cpp:40,1,canon_cpu.cpp:22,
segment_reduce_ragged,none,legacy,g++-13,harness,True,1,canon_cpu.cpp:40,1,canon_cpu.cpp:22,
segment_reduce_ragged,none,legacy,g++-14,bonsall,True,1,canon_cpu.cpp:40,1,canon_cpu.cpp:22,
segment_reduce_ragged,none,legacy,g++-14,unsafe,True,1,canon_cpu.cpp:40,1,canon_cpu.cpp:22,
segment_reduce_ragged,none,legacy,g++-14,harness,True,1,canon_cpu.cpp:40,1,canon_cpu.cpp:22,
segment_reduce_ragged,none,new,g++-13,bonsall,True,1,canon_cpu.cpp:32,1,canon_cpu.cpp:23,
segment_reduce_ragged,none,new,g++-13,unsafe,True,1,canon_cpu.cpp:32,1,canon_cpu.cpp:23,
segment_reduce_ragged,none,new,g++-13,harness,True,1,canon_cpu.cpp:32,1,canon_cpu.cpp:23,
segment_reduce_ragged,none,new,g++-14,bonsall,True,1,canon_cpu.cpp:32,1,canon_cpu.cpp:23,
segment_reduce_ragged,none,new,g++-14,unsafe,True,1,canon_cpu.cpp:32,1,canon_cpu.cpp:23,
segment_reduce_ragged,none,new,g++-14,harness,True,1,canon_cpu.cpp:32,1,canon_cpu.cpp:23,
segment_reduce_ragged,none,old,g++-13,bonsall,True,1,canon_cpu.cpp:40,1,canon_cpu.cpp:22,
segment_reduce_ragged,none,old,g++-13,unsafe,True,1,canon_cpu.cpp:40,1,canon_cpu.cpp:22,
segment_reduce_ragged,none,old,g++-13,harness,True,1,canon_cpu.cpp:40,1,canon_cpu.cpp:22,
segment_reduce_ragged,none,old,g++-14,bonsall,True,1,canon_cpu.cpp:40,1,canon_cpu.cpp:22,
segment_reduce_ragged,none,old,g++-14,unsafe,True,1,canon_cpu.cpp:40,1,canon_cpu.cpp:22,
segment_reduce_ragged,none,old,g++-14,harness,True,1,canon_cpu.cpp:40,1,canon_cpu.cpp:22,
tsvc_2_s115,canon,legacy,g++-13,bonsall,True,1,canon_cpu.cpp:24,1,canon_cpu.cpp:12,
tsvc_2_s115,canon,legacy,g++-13,unsafe,True,1,canon_cpu.cpp:24,1,canon_cpu.cpp:12,
tsvc_2_s115,canon,legacy,g++-13,harness,True,1,canon_cpu.cpp:24,2,canon_cpu.cpp:119 canon_cpu.cpp:12,
tsvc_2_s115,canon,legacy,g++-14,bonsall,True,1,canon_cpu.cpp:24,1,canon_cpu.cpp:12,
tsvc_2_s115,canon,legacy,g++-14,unsafe,True,1,canon_cpu.cpp:24,1,canon_cpu.cpp:12,
tsvc_2_s115,canon,legacy,g++-14,harness,True,1,canon_cpu.cpp:24,2,canon_cpu.cpp:119 canon_cpu.cpp:12,
tsvc_2_s115,canon,new,g++-13,bonsall,True,1,canon_cpu.cpp:22,1,canon_cpu.cpp:13,
tsvc_2_s115,canon,new,g++-13,unsafe,True,1,canon_cpu.cpp:22,1,canon_cpu.cpp:13,
tsvc_2_s115,canon,new,g++-13,harness,True,1,canon_cpu.cpp:22,2,canon_cpu.cpp:13 canon_cpu.cpp:47,
tsvc_2_s115,canon,new,g++-14,bonsall,True,1,canon_cpu.cpp:22,1,canon_cpu.cpp:13,
tsvc_2_s115,canon,new,g++-14,unsafe,True,1,canon_cpu.cpp:22,1,canon_cpu.cpp:13,
tsvc_2_s115,canon,new,g++-14,harness,True,1,canon_cpu.cpp:22,2,canon_cpu.cpp:13 canon_cpu.cpp:47,
tsvc_2_s115,canon,old,g++-13,bonsall,True,1,canon_cpu.cpp:24,1,canon_cpu.cpp:12,
tsvc_2_s115,canon,old,g++-13,unsafe,True,1,canon_cpu.cpp:24,1,canon_cpu.cpp:12,
tsvc_2_s115,canon,old,g++-13,harness,True,1,canon_cpu.cpp:24,2,canon_cpu.cpp:119 canon_cpu.cpp:12,
tsvc_2_s115,canon,old,g++-14,bonsall,True,1,canon_cpu.cpp:24,1,canon_cpu.cpp:12,
tsvc_2_s115,canon,old,g++-14,unsafe,True,1,canon_cpu.cpp:24,1,canon_cpu.cpp:12,
tsvc_2_s115,canon,old,g++-14,harness,True,1,canon_cpu.cpp:24,2,canon_cpu.cpp:119 canon_cpu.cpp:12,
tsvc_2_s115,none,legacy,g++-13,bonsall,True,1,canon_cpu.cpp:22,0,,
tsvc_2_s115,none,legacy,g++-13,unsafe,True,1,canon_cpu.cpp:22,0,,
tsvc_2_s115,none,legacy,g++-13,harness,True,1,canon_cpu.cpp:22,1,canon_cpu.cpp:9,
tsvc_2_s115,none,legacy,g++-14,bonsall,True,1,canon_cpu.cpp:22,0,,
tsvc_2_s115,none,legacy,g++-14,unsafe,True,1,canon_cpu.cpp:22,0,,
tsvc_2_s115,none,legacy,g++-14,harness,True,1,canon_cpu.cpp:22,1,canon_cpu.cpp:9,
tsvc_2_s115,none,new,g++-13,bonsall,True,1,canon_cpu.cpp:22,0,,
tsvc_2_s115,none,new,g++-13,unsafe,True,1,canon_cpu.cpp:22,0,,
tsvc_2_s115,none,new,g++-13,harness,True,1,canon_cpu.cpp:22,1,canon_cpu.cpp:11,
tsvc_2_s115,none,new,g++-14,bonsall,True,1,canon_cpu.cpp:22,0,,
tsvc_2_s115,none,new,g++-14,unsafe,True,1,canon_cpu.cpp:22,0,,
tsvc_2_s115,none,new,g++-14,harness,True,1,canon_cpu.cpp:22,1,canon_cpu.cpp:11,
tsvc_2_s115,none,old,g++-13,bonsall,True,1,canon_cpu.cpp:22,0,,
tsvc_2_s115,none,old,g++-13,unsafe,True,1,canon_cpu.cpp:22,0,,
tsvc_2_s115,none,old,g++-13,harness,True,1,canon_cpu.cpp:22,1,canon_cpu.cpp:9,
tsvc_2_s115,none,old,g++-14,bonsall,True,1,canon_cpu.cpp:22,0,,
tsvc_2_s115,none,old,g++-14,unsafe,True,1,canon_cpu.cpp:22,0,,
tsvc_2_s115,none,old,g++-14,harness,True,1,canon_cpu.cpp:22,1,canon_cpu.cpp:9,
tsvc_2_s119,canon,legacy,g++-13,bonsall,True,1,canon_cpu.cpp:21,1,canon_cpu.cpp:12,
tsvc_2_s119,canon,legacy,g++-13,unsafe,True,1,canon_cpu.cpp:21,1,canon_cpu.cpp:12,
tsvc_2_s119,canon,legacy,g++-13,harness,True,1,canon_cpu.cpp:21,2,canon_cpu.cpp:12 canon_cpu.cpp:82,
tsvc_2_s119,canon,legacy,g++-14,bonsall,True,1,canon_cpu.cpp:21,1,canon_cpu.cpp:12,
tsvc_2_s119,canon,legacy,g++-14,unsafe,True,1,canon_cpu.cpp:21,1,canon_cpu.cpp:12,
tsvc_2_s119,canon,legacy,g++-14,harness,True,1,canon_cpu.cpp:21,2,canon_cpu.cpp:12 canon_cpu.cpp:82,
tsvc_2_s119,canon,new,g++-13,bonsall,True,1,canon_cpu.cpp:19,1,canon_cpu.cpp:13,
tsvc_2_s119,canon,new,g++-13,unsafe,True,1,canon_cpu.cpp:19,1,canon_cpu.cpp:13,
tsvc_2_s119,canon,new,g++-13,harness,True,1,canon_cpu.cpp:19,2,canon_cpu.cpp:13 canon_cpu.cpp:41,
tsvc_2_s119,canon,new,g++-14,bonsall,True,1,canon_cpu.cpp:19,1,canon_cpu.cpp:13,
tsvc_2_s119,canon,new,g++-14,unsafe,True,1,canon_cpu.cpp:19,1,canon_cpu.cpp:13,
tsvc_2_s119,canon,new,g++-14,harness,True,1,canon_cpu.cpp:19,2,canon_cpu.cpp:13 canon_cpu.cpp:41,
tsvc_2_s119,canon,old,g++-13,bonsall,True,1,canon_cpu.cpp:21,1,canon_cpu.cpp:12,
tsvc_2_s119,canon,old,g++-13,unsafe,True,1,canon_cpu.cpp:21,1,canon_cpu.cpp:12,
tsvc_2_s119,canon,old,g++-13,harness,True,1,canon_cpu.cpp:21,2,canon_cpu.cpp:12 canon_cpu.cpp:82,
tsvc_2_s119,canon,old,g++-14,bonsall,True,1,canon_cpu.cpp:21,1,canon_cpu.cpp:12,
tsvc_2_s119,canon,old,g++-14,unsafe,True,1,canon_cpu.cpp:21,1,canon_cpu.cpp:12,
tsvc_2_s119,canon,old,g++-14,harness,True,1,canon_cpu.cpp:21,2,canon_cpu.cpp:12 canon_cpu.cpp:82,
tsvc_2_s119,none,legacy,g++-13,bonsall,True,1,canon_cpu.cpp:20,2,canon_cpu.cpp:18 canon_cpu.cpp:24,
tsvc_2_s119,none,legacy,g++-13,unsafe,True,1,canon_cpu.cpp:20,2,canon_cpu.cpp:18 canon_cpu.cpp:24,
tsvc_2_s119,none,legacy,g++-13,harness,True,1,canon_cpu.cpp:20,2,canon_cpu.cpp:18 canon_cpu.cpp:24,
tsvc_2_s119,none,legacy,g++-14,bonsall,True,1,canon_cpu.cpp:20,2,canon_cpu.cpp:18 canon_cpu.cpp:24,
tsvc_2_s119,none,legacy,g++-14,unsafe,True,1,canon_cpu.cpp:20,2,canon_cpu.cpp:18 canon_cpu.cpp:24,
tsvc_2_s119,none,legacy,g++-14,harness,True,1,canon_cpu.cpp:20,2,canon_cpu.cpp:18 canon_cpu.cpp:24,
tsvc_2_s119,none,new,g++-13,bonsall,True,1,canon_cpu.cpp:20,2,canon_cpu.cpp:18 canon_cpu.cpp:26,
tsvc_2_s119,none,new,g++-13,unsafe,True,1,canon_cpu.cpp:20,2,canon_cpu.cpp:18 canon_cpu.cpp:26,
tsvc_2_s119,none,new,g++-13,harness,True,1,canon_cpu.cpp:20,2,canon_cpu.cpp:18 canon_cpu.cpp:26,
tsvc_2_s119,none,new,g++-14,bonsall,True,1,canon_cpu.cpp:20,2,canon_cpu.cpp:18 canon_cpu.cpp:26,
tsvc_2_s119,none,new,g++-14,unsafe,True,1,canon_cpu.cpp:20,2,canon_cpu.cpp:18 canon_cpu.cpp:26,
tsvc_2_s119,none,new,g++-14,harness,True,1,canon_cpu.cpp:20,2,canon_cpu.cpp:18 canon_cpu.cpp:26,
tsvc_2_s119,none,old,g++-13,bonsall,True,1,canon_cpu.cpp:20,2,canon_cpu.cpp:18 copy.h:26,
tsvc_2_s119,none,old,g++-13,unsafe,True,1,canon_cpu.cpp:20,2,canon_cpu.cpp:18 copy.h:26,
tsvc_2_s119,none,old,g++-13,harness,True,1,canon_cpu.cpp:20,2,canon_cpu.cpp:18 copy.h:26,
tsvc_2_s119,none,old,g++-14,bonsall,True,1,canon_cpu.cpp:20,2,canon_cpu.cpp:18 copy.h:26,
tsvc_2_s119,none,old,g++-14,unsafe,True,1,canon_cpu.cpp:20,2,canon_cpu.cpp:18 copy.h:26,
tsvc_2_s119,none,old,g++-14,harness,True,1,canon_cpu.cpp:20,2,canon_cpu.cpp:18 copy.h:26,
tsvc_2_s1232,canon,legacy,g++-13,bonsall,True,0,,3,canon_cpu.cpp:49 math.h:394 math.h:47,
tsvc_2_s1232,canon,legacy,g++-13,unsafe,True,0,,3,canon_cpu.cpp:49 math.h:394 math.h:47,
tsvc_2_s1232,canon,legacy,g++-13,harness,True,1,canon_cpu.cpp:54,2,canon_cpu.cpp:49 math.h:394,
tsvc_2_s1232,canon,legacy,g++-14,bonsall,True,0,,3,canon_cpu.cpp:49 math.h:394 math.h:47,
tsvc_2_s1232,canon,legacy,g++-14,unsafe,True,0,,3,canon_cpu.cpp:49 math.h:394 math.h:47,
tsvc_2_s1232,canon,legacy,g++-14,harness,True,0,,3,canon_cpu.cpp:49 canon_cpu.cpp:54 math.h:394,
tsvc_2_s1232,canon,new,g++-13,bonsall,True,0,,3,canon_cpu.cpp:35 math.h:394 math.h:47,
tsvc_2_s1232,canon,new,g++-13,unsafe,True,0,,3,canon_cpu.cpp:35 math.h:394 math.h:47,
tsvc_2_s1232,canon,new,g++-13,harness,True,1,canon_cpu.cpp:38,3,canon_cpu.cpp:35 canon_cpu.cpp:9 math.h:394,
tsvc_2_s1232,canon,new,g++-14,bonsall,True,0,,3,canon_cpu.cpp:35 math.h:394 math.h:47,
tsvc_2_s1232,canon,new,g++-14,unsafe,True,0,,3,canon_cpu.cpp:35 math.h:394 math.h:47,
tsvc_2_s1232,canon,new,g++-14,harness,True,0,,4,canon_cpu.cpp:35 canon_cpu.cpp:38 canon_cpu.cpp:9 math.h:394,
tsvc_2_s1232,canon,old,g++-13,bonsall,True,0,,3,canon_cpu.cpp:49 math.h:394 math.h:47,
tsvc_2_s1232,canon,old,g++-13,unsafe,True,0,,3,canon_cpu.cpp:49 math.h:394 math.h:47,
tsvc_2_s1232,canon,old,g++-13,harness,True,1,canon_cpu.cpp:54,2,canon_cpu.cpp:49 math.h:394,
tsvc_2_s1232,canon,old,g++-14,bonsall,True,0,,3,canon_cpu.cpp:49 math.h:394 math.h:47,
tsvc_2_s1232,canon,old,g++-14,unsafe,True,0,,3,canon_cpu.cpp:49 math.h:394 math.h:47,
tsvc_2_s1232,canon,old,g++-14,harness,True,0,,3,canon_cpu.cpp:49 canon_cpu.cpp:54 math.h:394,
tsvc_2_s1232,none,legacy,g++-13,bonsall,True,1,canon_cpu.cpp:20,1,canon_cpu.cpp:18,
tsvc_2_s1232,none,legacy,g++-13,unsafe,True,1,canon_cpu.cpp:20,1,canon_cpu.cpp:18,
tsvc_2_s1232,none,legacy,g++-13,harness,True,0,,2,canon_cpu.cpp:18 canon_cpu.cpp:20,
tsvc_2_s1232,none,legacy,g++-14,bonsall,True,1,canon_cpu.cpp:20,1,canon_cpu.cpp:18,
tsvc_2_s1232,none,legacy,g++-14,unsafe,True,1,canon_cpu.cpp:20,1,canon_cpu.cpp:18,
tsvc_2_s1232,none,legacy,g++-14,harness,True,0,,2,canon_cpu.cpp:18 canon_cpu.cpp:20,
tsvc_2_s1232,none,new,g++-13,bonsall,True,1,canon_cpu.cpp:21,1,canon_cpu.cpp:19,
tsvc_2_s1232,none,new,g++-13,unsafe,True,1,canon_cpu.cpp:21,1,canon_cpu.cpp:19,
tsvc_2_s1232,none,new,g++-13,harness,True,0,,2,canon_cpu.cpp:19 canon_cpu.cpp:21,
tsvc_2_s1232,none,new,g++-14,bonsall,True,1,canon_cpu.cpp:21,1,canon_cpu.cpp:19,
tsvc_2_s1232,none,new,g++-14,unsafe,True,1,canon_cpu.cpp:21,1,canon_cpu.cpp:19,
tsvc_2_s1232,none,new,g++-14,harness,True,0,,2,canon_cpu.cpp:19 canon_cpu.cpp:21,
tsvc_2_s1232,none,old,g++-13,bonsall,True,1,canon_cpu.cpp:20,1,canon_cpu.cpp:18,
tsvc_2_s1232,none,old,g++-13,unsafe,True,1,canon_cpu.cpp:20,1,canon_cpu.cpp:18,
tsvc_2_s1232,none,old,g++-13,harness,True,0,,2,canon_cpu.cpp:18 canon_cpu.cpp:20,
tsvc_2_s1232,none,old,g++-14,bonsall,True,1,canon_cpu.cpp:20,1,canon_cpu.cpp:18,
tsvc_2_s1232,none,old,g++-14,unsafe,True,1,canon_cpu.cpp:20,1,canon_cpu.cpp:18,
tsvc_2_s1232,none,old,g++-14,harness,True,0,,2,canon_cpu.cpp:18 canon_cpu.cpp:20,
tsvc_2_s1244,canon,legacy,g++-13,bonsall,True,1,canon_cpu.cpp:24,3,canon_cpu.cpp:310 canon_cpu.cpp:313 canon_cpu.cpp:43,
tsvc_2_s1244,canon,legacy,g++-13,unsafe,True,1,canon_cpu.cpp:24,3,canon_cpu.cpp:310 canon_cpu.cpp:313 canon_cpu.cpp:43,
tsvc_2_s1244,canon,legacy,g++-13,harness,True,0,,5,canon_cpu.cpp:24 canon_cpu.cpp:298 canon_cpu.cpp:310 canon_cpu.cpp:313 canon_cpu.cpp:43,
tsvc_2_s1244,canon,legacy,g++-14,bonsall,True,1,canon_cpu.cpp:24,3,canon_cpu.cpp:310 canon_cpu.cpp:313 canon_cpu.cpp:43,
tsvc_2_s1244,canon,legacy,g++-14,unsafe,True,1,canon_cpu.cpp:24,3,canon_cpu.cpp:310 canon_cpu.cpp:313 canon_cpu.cpp:43,
tsvc_2_s1244,canon,legacy,g++-14,harness,True,0,,5,canon_cpu.cpp:24 canon_cpu.cpp:298 canon_cpu.cpp:310 canon_cpu.cpp:313 canon_cpu.cpp:43,
tsvc_2_s1244,canon,new,g++-13,bonsall,True,1,canon_cpu.cpp:25,3,canon_cpu.cpp:120 canon_cpu.cpp:122 canon_cpu.cpp:38,
tsvc_2_s1244,canon,new,g++-13,unsafe,True,1,canon_cpu.cpp:25,3,canon_cpu.cpp:120 canon_cpu.cpp:122 canon_cpu.cpp:38,
tsvc_2_s1244,canon,new,g++-13,harness,True,0,,5,canon_cpu.cpp:113 canon_cpu.cpp:120 canon_cpu.cpp:122 canon_cpu.cpp:25 canon_cpu.cpp:38,
tsvc_2_s1244,canon,new,g++-14,bonsall,True,1,canon_cpu.cpp:25,3,canon_cpu.cpp:120 canon_cpu.cpp:122 canon_cpu.cpp:38,
tsvc_2_s1244,canon,new,g++-14,unsafe,True,1,canon_cpu.cpp:25,3,canon_cpu.cpp:120 canon_cpu.cpp:122 canon_cpu.cpp:38,
tsvc_2_s1244,canon,new,g++-14,harness,True,0,,5,canon_cpu.cpp:113 canon_cpu.cpp:120 canon_cpu.cpp:122 canon_cpu.cpp:25 canon_cpu.cpp:38,
tsvc_2_s1244,canon,old,g++-13,bonsall,True,1,copy.h:345,4,canon_cpu.cpp:15 canon_cpu.cpp:250 canon_cpu.cpp:263 math.h:89,
tsvc_2_s1244,canon,old,g++-13,unsafe,True,1,copy.h:345,4,canon_cpu.cpp:15 canon_cpu.cpp:250 canon_cpu.cpp:263 math.h:89,
tsvc_2_s1244,canon,old,g++-13,harness,True,0,,7,canon_cpu.cpp:15 canon_cpu.cpp:248 canon_cpu.cpp:250 canon_cpu.cpp:260 canon_cpu.cpp:263 copy.h:345 math.h:89,
tsvc_2_s1244,canon,old,g++-14,bonsall,True,1,copy.h:345,4,canon_cpu.cpp:15 canon_cpu.cpp:250 canon_cpu.cpp:263 math.h:89,
tsvc_2_s1244,canon,old,g++-14,unsafe,True,1,copy.h:345,4,canon_cpu.cpp:15 canon_cpu.cpp:250 canon_cpu.cpp:263 math.h:89,
tsvc_2_s1244,canon,old,g++-14,harness,True,0,,7,canon_cpu.cpp:15 canon_cpu.cpp:248 canon_cpu.cpp:250 canon_cpu.cpp:260 canon_cpu.cpp:263 copy.h:345 math.h:89,
tsvc_2_s1244,none,legacy,g++-13,bonsall,True,0,,1,canon_cpu.cpp:28,
tsvc_2_s1244,none,legacy,g++-13,unsafe,True,0,,1,canon_cpu.cpp:28,
tsvc_2_s1244,none,legacy,g++-13,harness,True,0,,1,canon_cpu.cpp:28,
tsvc_2_s1244,none,legacy,g++-14,bonsall,True,0,,1,canon_cpu.cpp:28,
tsvc_2_s1244,none,legacy,g++-14,unsafe,True,0,,1,canon_cpu.cpp:28,
tsvc_2_s1244,none,legacy,g++-14,harness,True,0,,1,canon_cpu.cpp:28,
tsvc_2_s1244,none,new,g++-13,bonsall,True,0,,1,canon_cpu.cpp:31,
tsvc_2_s1244,none,new,g++-13,unsafe,True,0,,1,canon_cpu.cpp:31,
tsvc_2_s1244,none,new,g++-13,harness,True,0,,1,canon_cpu.cpp:31,
tsvc_2_s1244,none,new,g++-14,bonsall,True,0,,1,canon_cpu.cpp:31,
tsvc_2_s1244,none,new,g++-14,unsafe,True,0,,1,canon_cpu.cpp:31,
tsvc_2_s1244,none,new,g++-14,harness,True,0,,1,canon_cpu.cpp:31,
tsvc_2_s1244,none,old,g++-13,bonsall,True,0,,1,canon_cpu.cpp:28,
tsvc_2_s1244,none,old,g++-13,unsafe,True,0,,1,canon_cpu.cpp:28,
tsvc_2_s1244,none,old,g++-13,harness,True,0,,1,canon_cpu.cpp:28,
tsvc_2_s1244,none,old,g++-14,bonsall,True,0,,1,canon_cpu.cpp:28,
tsvc_2_s1244,none,old,g++-14,unsafe,True,0,,1,canon_cpu.cpp:28,
tsvc_2_s1244,none,old,g++-14,harness,True,0,,1,canon_cpu.cpp:28,
tsvc_2_s152,canon,legacy,g++-13,bonsall,True,1,canon_cpu.cpp:35,0,,
tsvc_2_s152,canon,legacy,g++-13,unsafe,True,1,canon_cpu.cpp:35,0,,
tsvc_2_s152,canon,legacy,g++-13,harness,True,1,canon_cpu.cpp:35,1,canon_cpu.cpp:29,
tsvc_2_s152,canon,legacy,g++-14,bonsall,True,1,canon_cpu.cpp:35,0,,
tsvc_2_s152,canon,legacy,g++-14,unsafe,True,1,canon_cpu.cpp:35,0,,
tsvc_2_s152,canon,legacy,g++-14,harness,True,1,canon_cpu.cpp:35,1,canon_cpu.cpp:29,
tsvc_2_s152,canon,new,g++-13,bonsall,True,1,canon_cpu.cpp:32,0,,
tsvc_2_s152,canon,new,g++-13,unsafe,True,1,canon_cpu.cpp:32,0,,
tsvc_2_s152,canon,new,g++-13,harness,True,1,canon_cpu.cpp:32,1,canon_cpu.cpp:27,
tsvc_2_s152,canon,new,g++-14,bonsall,True,1,canon_cpu.cpp:32,0,,
tsvc_2_s152,canon,new,g++-14,unsafe,True,1,canon_cpu.cpp:32,0,,
tsvc_2_s152,canon,new,g++-14,harness,True,1,canon_cpu.cpp:32,1,canon_cpu.cpp:27,
tsvc_2_s152,canon,old,g++-13,bonsall,True,1,canon_cpu.cpp:35,0,,
tsvc_2_s152,canon,old,g++-13,unsafe,True,1,canon_cpu.cpp:35,0,,
tsvc_2_s152,canon,old,g++-13,harness,True,1,canon_cpu.cpp:35,1,canon_cpu.cpp:29,
tsvc_2_s152,canon,old,g++-14,bonsall,True,1,canon_cpu.cpp:35,0,,
tsvc_2_s152,canon,old,g++-14,unsafe,True,1,canon_cpu.cpp:35,0,,
tsvc_2_s152,canon,old,g++-14,harness,True,1,canon_cpu.cpp:35,1,canon_cpu.cpp:29,
tsvc_2_s152,none,legacy,g++-13,bonsall,True,2,canon_cpu.cpp:22 canon_cpu.cpp:76,0,,
tsvc_2_s152,none,legacy,g++-13,unsafe,True,2,canon_cpu.cpp:22 canon_cpu.cpp:76,0,,
tsvc_2_s152,none,legacy,g++-13,harness,True,2,canon_cpu.cpp:22 canon_cpu.cpp:76,0,,
tsvc_2_s152,none,legacy,g++-14,bonsall,True,2,canon_cpu.cpp:22 canon_cpu.cpp:76,0,,
tsvc_2_s152,none,legacy,g++-14,unsafe,True,2,canon_cpu.cpp:22 canon_cpu.cpp:76,0,,
tsvc_2_s152,none,legacy,g++-14,harness,True,2,canon_cpu.cpp:22 canon_cpu.cpp:76,0,,
tsvc_2_s152,none,new,g++-13,bonsall,True,2,canon_cpu.cpp:27 canon_cpu.cpp:40,0,,
tsvc_2_s152,none,new,g++-13,unsafe,True,2,canon_cpu.cpp:27 canon_cpu.cpp:40,0,,
tsvc_2_s152,none,new,g++-13,harness,True,2,canon_cpu.cpp:27 canon_cpu.cpp:40,0,,
tsvc_2_s152,none,new,g++-14,bonsall,True,2,canon_cpu.cpp:27 canon_cpu.cpp:40,0,,
tsvc_2_s152,none,new,g++-14,unsafe,True,2,canon_cpu.cpp:27 canon_cpu.cpp:40,0,,
tsvc_2_s152,none,new,g++-14,harness,True,2,canon_cpu.cpp:27 canon_cpu.cpp:40,0,,
tsvc_2_s152,none,old,g++-13,bonsall,True,2,canon_cpu.cpp:22 canon_cpu.cpp:60,0,,
tsvc_2_s152,none,old,g++-13,unsafe,True,2,canon_cpu.cpp:22 canon_cpu.cpp:60,0,,
tsvc_2_s152,none,old,g++-13,harness,True,2,canon_cpu.cpp:22 canon_cpu.cpp:60,0,,
tsvc_2_s152,none,old,g++-14,bonsall,True,2,canon_cpu.cpp:22 canon_cpu.cpp:60,0,,
tsvc_2_s152,none,old,g++-14,unsafe,True,2,canon_cpu.cpp:22 canon_cpu.cpp:60,0,,
tsvc_2_s152,none,old,g++-14,harness,True,2,canon_cpu.cpp:22 canon_cpu.cpp:60,0,,
tsvc_2_s2233,canon,legacy,g++-13,bonsall,True,1,canon_cpu.cpp:19,1,canon_cpu.cpp:15,
tsvc_2_s2233,canon,legacy,g++-13,unsafe,True,1,canon_cpu.cpp:19,1,canon_cpu.cpp:15,
tsvc_2_s2233,canon,legacy,g++-13,harness,True,1,canon_cpu.cpp:19,2,canon_cpu.cpp:125 canon_cpu.cpp:15,
tsvc_2_s2233,canon,legacy,g++-14,bonsall,True,1,canon_cpu.cpp:19,1,canon_cpu.cpp:15,
tsvc_2_s2233,canon,legacy,g++-14,unsafe,True,1,canon_cpu.cpp:19,1,canon_cpu.cpp:15,
tsvc_2_s2233,canon,legacy,g++-14,harness,True,1,canon_cpu.cpp:19,2,canon_cpu.cpp:125 canon_cpu.cpp:15,
tsvc_2_s2233,canon,new,g++-13,bonsall,True,1,canon_cpu.cpp:19,1,canon_cpu.cpp:17,
tsvc_2_s2233,canon,new,g++-13,unsafe,True,1,canon_cpu.cpp:19,1,canon_cpu.cpp:17,
tsvc_2_s2233,canon,new,g++-13,harness,True,1,canon_cpu.cpp:19,2,canon_cpu.cpp:17 canon_cpu.cpp:53,
tsvc_2_s2233,canon,new,g++-14,bonsall,True,1,canon_cpu.cpp:19,1,canon_cpu.cpp:17,
tsvc_2_s2233,canon,new,g++-14,unsafe,True,1,canon_cpu.cpp:19,1,canon_cpu.cpp:17,
tsvc_2_s2233,canon,new,g++-14,harness,True,1,canon_cpu.cpp:19,2,canon_cpu.cpp:17 canon_cpu.cpp:53,
tsvc_2_s2233,canon,old,g++-13,bonsall,True,1,canon_cpu.cpp:19,1,canon_cpu.cpp:15,
tsvc_2_s2233,canon,old,g++-13,unsafe,True,1,canon_cpu.cpp:19,1,canon_cpu.cpp:15,
tsvc_2_s2233,canon,old,g++-13,harness,True,1,canon_cpu.cpp:19,2,canon_cpu.cpp:125 canon_cpu.cpp:15,
tsvc_2_s2233,canon,old,g++-14,bonsall,True,1,canon_cpu.cpp:19,1,canon_cpu.cpp:15,
tsvc_2_s2233,canon,old,g++-14,unsafe,True,1,canon_cpu.cpp:19,1,canon_cpu.cpp:15,
tsvc_2_s2233,canon,old,g++-14,harness,True,1,canon_cpu.cpp:19,2,canon_cpu.cpp:125 canon_cpu.cpp:15,
tsvc_2_s2233,none,legacy,g++-13,bonsall,True,2,canon_cpu.cpp:23 canon_cpu.cpp:77,1,canon_cpu.cpp:21,
tsvc_2_s2233,none,legacy,g++-13,unsafe,True,2,canon_cpu.cpp:23 canon_cpu.cpp:77,1,canon_cpu.cpp:21,
tsvc_2_s2233,none,legacy,g++-13,harness,True,1,canon_cpu.cpp:77,2,canon_cpu.cpp:21 canon_cpu.cpp:23,
tsvc_2_s2233,none,legacy,g++-14,bonsall,True,2,canon_cpu.cpp:23 canon_cpu.cpp:77,1,canon_cpu.cpp:21,
tsvc_2_s2233,none,legacy,g++-14,unsafe,True,2,canon_cpu.cpp:23 canon_cpu.cpp:77,1,canon_cpu.cpp:21,
tsvc_2_s2233,none,legacy,g++-14,harness,True,1,canon_cpu.cpp:77,2,canon_cpu.cpp:21 canon_cpu.cpp:23,
tsvc_2_s2233,none,new,g++-13,bonsall,True,2,canon_cpu.cpp:25 canon_cpu.cpp:38,1,canon_cpu.cpp:23,
tsvc_2_s2233,none,new,g++-13,unsafe,True,2,canon_cpu.cpp:25 canon_cpu.cpp:38,1,canon_cpu.cpp:23,
tsvc_2_s2233,none,new,g++-13,harness,True,1,canon_cpu.cpp:38,2,canon_cpu.cpp:23 canon_cpu.cpp:25,
tsvc_2_s2233,none,new,g++-14,bonsall,True,2,canon_cpu.cpp:25 canon_cpu.cpp:38,1,canon_cpu.cpp:23,
tsvc_2_s2233,none,new,g++-14,unsafe,True,2,canon_cpu.cpp:25 canon_cpu.cpp:38,1,canon_cpu.cpp:23,
tsvc_2_s2233,none,new,g++-14,harness,True,1,canon_cpu.cpp:38,2,canon_cpu.cpp:23 canon_cpu.cpp:25,
tsvc_2_s2233,none,old,g++-13,bonsall,True,2,canon_cpu.cpp:23 canon_cpu.cpp:61,1,canon_cpu.cpp:21,
tsvc_2_s2233,none,old,g++-13,unsafe,True,2,canon_cpu.cpp:23 canon_cpu.cpp:61,1,canon_cpu.cpp:21,
tsvc_2_s2233,none,old,g++-13,harness,True,1,canon_cpu.cpp:61,2,canon_cpu.cpp:21 canon_cpu.cpp:23,
tsvc_2_s2233,none,old,g++-14,bonsall,True,2,canon_cpu.cpp:23 canon_cpu.cpp:61,1,canon_cpu.cpp:21,
tsvc_2_s2233,none,old,g++-14,unsafe,True,2,canon_cpu.cpp:23 canon_cpu.cpp:61,1,canon_cpu.cpp:21,
tsvc_2_s2233,none,old,g++-14,harness,True,1,canon_cpu.cpp:61,2,canon_cpu.cpp:21 canon_cpu.cpp:23,
tsvc_2_s2275,canon,legacy,g++-13,bonsall,True,2,canon_cpu.cpp:31 canon_cpu.cpp:77,2,canon_cpu.cpp:35 canon_cpu.cpp:36,
tsvc_2_s2275,canon,legacy,g++-13,unsafe,True,2,canon_cpu.cpp:31 canon_cpu.cpp:77,2,canon_cpu.cpp:35 canon_cpu.cpp:36,
tsvc_2_s2275,canon,legacy,g++-13,harness,True,2,canon_cpu.cpp:31 canon_cpu.cpp:77,4,canon_cpu.cpp:29 canon_cpu.cpp:35 canon_cpu.cpp:36 canon_cpu.cpp:73,
tsvc_2_s2275,canon,legacy,g++-14,bonsall,True,2,canon_cpu.cpp:31 canon_cpu.cpp:77,2,canon_cpu.cpp:35 canon_cpu.cpp:36,
tsvc_2_s2275,canon,legacy,g++-14,unsafe,True,2,canon_cpu.cpp:31 canon_cpu.cpp:77,2,canon_cpu.cpp:35 canon_cpu.cpp:36,
tsvc_2_s2275,canon,legacy,g++-14,harness,True,2,canon_cpu.cpp:31 canon_cpu.cpp:77,4,canon_cpu.cpp:29 canon_cpu.cpp:35 canon_cpu.cpp:36 canon_cpu.cpp:73,
tsvc_2_s2275,canon,new,g++-13,bonsall,True,2,canon_cpu.cpp:31 canon_cpu.cpp:42,2,canon_cpu.cpp:34 canon_cpu.cpp:9,
tsvc_2_s2275,canon,new,g++-13,unsafe,True,2,canon_cpu.cpp:31 canon_cpu.cpp:42,2,canon_cpu.cpp:34 canon_cpu.cpp:9,
tsvc_2_s2275,canon,new,g++-13,harness,True,2,canon_cpu.cpp:31 canon_cpu.cpp:42,4,canon_cpu.cpp:29 canon_cpu.cpp:34 canon_cpu.cpp:39 canon_cpu.cpp:9,
tsvc_2_s2275,canon,new,g++-14,bonsall,True,2,canon_cpu.cpp:31 canon_cpu.cpp:42,2,canon_cpu.cpp:34 canon_cpu.cpp:9,
tsvc_2_s2275,canon,new,g++-14,unsafe,True,2,canon_cpu.cpp:31 canon_cpu.cpp:42,2,canon_cpu.cpp:34 canon_cpu.cpp:9,
tsvc_2_s2275,canon,new,g++-14,harness,True,2,canon_cpu.cpp:31 canon_cpu.cpp:42,4,canon_cpu.cpp:29 canon_cpu.cpp:34 canon_cpu.cpp:39 canon_cpu.cpp:9,
tsvc_2_s2275,canon,old,g++-13,bonsall,True,2,canon_cpu.cpp:31 canon_cpu.cpp:77,2,canon_cpu.cpp:35 canon_cpu.cpp:36,
tsvc_2_s2275,canon,old,g++-13,unsafe,True,2,canon_cpu.cpp:31 canon_cpu.cpp:77,2,canon_cpu.cpp:35 canon_cpu.cpp:36,
tsvc_2_s2275,canon,old,g++-13,harness,True,2,canon_cpu.cpp:31 canon_cpu.cpp:77,4,canon_cpu.cpp:29 canon_cpu.cpp:35 canon_cpu.cpp:36 canon_cpu.cpp:73,
tsvc_2_s2275,canon,old,g++-14,bonsall,True,2,canon_cpu.cpp:31 canon_cpu.cpp:77,2,canon_cpu.cpp:35 canon_cpu.cpp:36,
tsvc_2_s2275,canon,old,g++-14,unsafe,True,2,canon_cpu.cpp:31 canon_cpu.cpp:77,2,canon_cpu.cpp:35 canon_cpu.cpp:36,
tsvc_2_s2275,canon,old,g++-14,harness,True,2,canon_cpu.cpp:31 canon_cpu.cpp:77,4,canon_cpu.cpp:29 canon_cpu.cpp:35 canon_cpu.cpp:36 canon_cpu.cpp:73,
tsvc_2_s2275,none,legacy,g++-13,bonsall,True,1,canon_cpu.cpp:27,2,canon_cpu.cpp:25 canon_cpu.cpp:31,
tsvc_2_s2275,none,legacy,g++-13,unsafe,True,1,canon_cpu.cpp:27,2,canon_cpu.cpp:25 canon_cpu.cpp:31,
tsvc_2_s2275,none,legacy,g++-13,harness,True,0,,3,canon_cpu.cpp:25 canon_cpu.cpp:27 canon_cpu.cpp:31,
tsvc_2_s2275,none,legacy,g++-14,bonsall,True,1,canon_cpu.cpp:27,2,canon_cpu.cpp:25 canon_cpu.cpp:31,
tsvc_2_s2275,none,legacy,g++-14,unsafe,True,1,canon_cpu.cpp:27,2,canon_cpu.cpp:25 canon_cpu.cpp:31,
tsvc_2_s2275,none,legacy,g++-14,harness,True,0,,3,canon_cpu.cpp:25 canon_cpu.cpp:27 canon_cpu.cpp:31,
tsvc_2_s2275,none,new,g++-13,bonsall,True,1,canon_cpu.cpp:32,2,canon_cpu.cpp:30 canon_cpu.cpp:35,
tsvc_2_s2275,none,new,g++-13,unsafe,True,1,canon_cpu.cpp:32,2,canon_cpu.cpp:30 canon_cpu.cpp:35,
tsvc_2_s2275,none,new,g++-13,harness,True,0,,3,canon_cpu.cpp:30 canon_cpu.cpp:32 canon_cpu.cpp:35,
tsvc_2_s2275,none,new,g++-14,bonsall,True,1,canon_cpu.cpp:32,2,canon_cpu.cpp:30 canon_cpu.cpp:35,
tsvc_2_s2275,none,new,g++-14,unsafe,True,1,canon_cpu.cpp:32,2,canon_cpu.cpp:30 canon_cpu.cpp:35,
tsvc_2_s2275,none,new,g++-14,harness,True,0,,3,canon_cpu.cpp:30 canon_cpu.cpp:32 canon_cpu.cpp:35,
tsvc_2_s2275,none,old,g++-13,bonsall,True,1,canon_cpu.cpp:27,2,canon_cpu.cpp:25 copy.h:26,
tsvc_2_s2275,none,old,g++-13,unsafe,True,1,canon_cpu.cpp:27,2,canon_cpu.cpp:25 copy.h:26,
tsvc_2_s2275,none,old,g++-13,harness,True,0,,3,canon_cpu.cpp:25 canon_cpu.cpp:27 copy.h:26,
tsvc_2_s2275,none,old,g++-14,bonsall,True,1,canon_cpu.cpp:27,2,canon_cpu.cpp:25 copy.h:26,
tsvc_2_s2275,none,old,g++-14,unsafe,True,1,canon_cpu.cpp:27,2,canon_cpu.cpp:25 copy.h:26,
tsvc_2_s2275,none,old,g++-14,harness,True,0,,3,canon_cpu.cpp:25 canon_cpu.cpp:27 copy.h:26,
tsvc_2_s231,canon,legacy,g++-13,bonsall,True,1,canon_cpu.cpp:19,1,canon_cpu.cpp:15,
tsvc_2_s231,canon,legacy,g++-13,unsafe,True,1,canon_cpu.cpp:19,1,canon_cpu.cpp:15,
tsvc_2_s231,canon,legacy,g++-13,harness,True,1,canon_cpu.cpp:19,2,canon_cpu.cpp:15 canon_cpu.cpp:89,
tsvc_2_s231,canon,legacy,g++-14,bonsall,True,1,canon_cpu.cpp:19,1,canon_cpu.cpp:15,
tsvc_2_s231,canon,legacy,g++-14,unsafe,True,1,canon_cpu.cpp:19,1,canon_cpu.cpp:15,
tsvc_2_s231,canon,legacy,g++-14,harness,True,1,canon_cpu.cpp:19,2,canon_cpu.cpp:15 canon_cpu.cpp:89,
tsvc_2_s231,canon,new,g++-13,bonsall,True,1,canon_cpu.cpp:18,1,canon_cpu.cpp:16,
tsvc_2_s231,canon,new,g++-13,unsafe,True,1,canon_cpu.cpp:18,1,canon_cpu.cpp:16,
tsvc_2_s231,canon,new,g++-13,harness,True,1,canon_cpu.cpp:18,2,canon_cpu.cpp:16 canon_cpu.cpp:47,
tsvc_2_s231,canon,new,g++-14,bonsall,True,1,canon_cpu.cpp:18,1,canon_cpu.cpp:16,
tsvc_2_s231,canon,new,g++-14,unsafe,True,1,canon_cpu.cpp:18,1,canon_cpu.cpp:16,
tsvc_2_s231,canon,new,g++-14,harness,True,1,canon_cpu.cpp:18,2,canon_cpu.cpp:16 canon_cpu.cpp:47,
tsvc_2_s231,canon,old,g++-13,bonsall,True,1,canon_cpu.cpp:19,1,canon_cpu.cpp:15,
tsvc_2_s231,canon,old,g++-13,unsafe,True,1,canon_cpu.cpp:19,1,canon_cpu.cpp:15,
tsvc_2_s231,canon,old,g++-13,harness,True,1,canon_cpu.cpp:19,2,canon_cpu.cpp:15 canon_cpu.cpp:89,
tsvc_2_s231,canon,old,g++-14,bonsall,True,1,canon_cpu.cpp:19,1,canon_cpu.cpp:15,
tsvc_2_s231,canon,old,g++-14,unsafe,True,1,canon_cpu.cpp:19,1,canon_cpu.cpp:15,
tsvc_2_s231,canon,old,g++-14,harness,True,1,canon_cpu.cpp:19,2,canon_cpu.cpp:15 canon_cpu.cpp:89,
tsvc_2_s231,none,legacy,g++-13,bonsall,True,1,canon_cpu.cpp:20,0,,
tsvc_2_s231,none,legacy,g++-13,unsafe,True,1,canon_cpu.cpp:20,0,,
tsvc_2_s231,none,legacy,g++-13,harness,True,0,,1,canon_cpu.cpp:20,
tsvc_2_s231,none,legacy,g++-14,bonsall,True,1,canon_cpu.cpp:20,0,,
tsvc_2_s231,none,legacy,g++-14,unsafe,True,1,canon_cpu.cpp:20,0,,
tsvc_2_s231,none,legacy,g++-14,harness,True,0,,1,canon_cpu.cpp:20,
tsvc_2_s231,none,new,g++-13,bonsall,True,1,canon_cpu.cpp:20,0,,
tsvc_2_s231,none,new,g++-13,unsafe,True,1,canon_cpu.cpp:20,0,,
tsvc_2_s231,none,new,g++-13,harness,True,0,,1,canon_cpu.cpp:20,
tsvc_2_s231,none,new,g++-14,bonsall,True,1,canon_cpu.cpp:20,0,,
tsvc_2_s231,none,new,g++-14,unsafe,True,1,canon_cpu.cpp:20,0,,
tsvc_2_s231,none,new,g++-14,harness,True,0,,1,canon_cpu.cpp:20,
tsvc_2_s231,none,old,g++-13,bonsall,True,1,canon_cpu.cpp:20,0,,
tsvc_2_s231,none,old,g++-13,unsafe,True,1,canon_cpu.cpp:20,0,,
tsvc_2_s231,none,old,g++-13,harness,True,0,,1,canon_cpu.cpp:20,
tsvc_2_s231,none,old,g++-14,bonsall,True,1,canon_cpu.cpp:20,0,,
tsvc_2_s231,none,old,g++-14,unsafe,True,1,canon_cpu.cpp:20,0,,
tsvc_2_s231,none,old,g++-14,harness,True,0,,1,canon_cpu.cpp:20,
tsvc_2_s233,canon,legacy,g++-13,bonsall,True,1,canon_cpu.cpp:19,1,canon_cpu.cpp:15,
tsvc_2_s233,canon,legacy,g++-13,unsafe,True,1,canon_cpu.cpp:19,1,canon_cpu.cpp:15,
tsvc_2_s233,canon,legacy,g++-13,harness,True,1,canon_cpu.cpp:19,2,canon_cpu.cpp:125 canon_cpu.cpp:15,
tsvc_2_s233,canon,legacy,g++-14,bonsall,True,1,canon_cpu.cpp:19,1,canon_cpu.cpp:15,
tsvc_2_s233,canon,legacy,g++-14,unsafe,True,1,canon_cpu.cpp:19,1,canon_cpu.cpp:15,
tsvc_2_s233,canon,legacy,g++-14,harness,True,1,canon_cpu.cpp:19,2,canon_cpu.cpp:125 canon_cpu.cpp:15,
tsvc_2_s233,canon,new,g++-13,bonsall,True,1,canon_cpu.cpp:19,1,canon_cpu.cpp:17,
tsvc_2_s233,canon,new,g++-13,unsafe,True,1,canon_cpu.cpp:19,1,canon_cpu.cpp:17,
tsvc_2_s233,canon,new,g++-13,harness,True,1,canon_cpu.cpp:19,2,canon_cpu.cpp:17 canon_cpu.cpp:53,
tsvc_2_s233,canon,new,g++-14,bonsall,True,1,canon_cpu.cpp:19,1,canon_cpu.cpp:17,
tsvc_2_s233,canon,new,g++-14,unsafe,True,1,canon_cpu.cpp:19,1,canon_cpu.cpp:17,
tsvc_2_s233,canon,new,g++-14,harness,True,1,canon_cpu.cpp:19,2,canon_cpu.cpp:17 canon_cpu.cpp:53,
tsvc_2_s233,canon,old,g++-13,bonsall,True,1,canon_cpu.cpp:19,1,canon_cpu.cpp:15,
tsvc_2_s233,canon,old,g++-13,unsafe,True,1,canon_cpu.cpp:19,1,canon_cpu.cpp:15,
tsvc_2_s233,canon,old,g++-13,harness,True,1,canon_cpu.cpp:19,2,canon_cpu.cpp:125 canon_cpu.cpp:15,
tsvc_2_s233,canon,old,g++-14,bonsall,True,1,canon_cpu.cpp:19,1,canon_cpu.cpp:15,
tsvc_2_s233,canon,old,g++-14,unsafe,True,1,canon_cpu.cpp:19,1,canon_cpu.cpp:15,
tsvc_2_s233,canon,old,g++-14,harness,True,1,canon_cpu.cpp:19,2,canon_cpu.cpp:125 canon_cpu.cpp:15,
tsvc_2_s233,none,legacy,g++-13,bonsall,True,2,canon_cpu.cpp:23 canon_cpu.cpp:77,1,canon_cpu.cpp:21,
tsvc_2_s233,none,legacy,g++-13,unsafe,True,2,canon_cpu.cpp:23 canon_cpu.cpp:77,1,canon_cpu.cpp:21,
tsvc_2_s233,none,legacy,g++-13,harness,True,0,,3,canon_cpu.cpp:21 canon_cpu.cpp:23 canon_cpu.cpp:77,
tsvc_2_s233,none,legacy,g++-14,bonsall,True,2,canon_cpu.cpp:23 canon_cpu.cpp:77,1,canon_cpu.cpp:21,
tsvc_2_s233,none,legacy,g++-14,unsafe,True,2,canon_cpu.cpp:23 canon_cpu.cpp:77,1,canon_cpu.cpp:21,
tsvc_2_s233,none,legacy,g++-14,harness,True,0,,3,canon_cpu.cpp:21 canon_cpu.cpp:23 canon_cpu.cpp:77,
tsvc_2_s233,none,new,g++-13,bonsall,True,2,canon_cpu.cpp:25 canon_cpu.cpp:38,1,canon_cpu.cpp:23,
tsvc_2_s233,none,new,g++-13,unsafe,True,2,canon_cpu.cpp:25 canon_cpu.cpp:38,1,canon_cpu.cpp:23,
tsvc_2_s233,none,new,g++-13,harness,True,0,,3,canon_cpu.cpp:23 canon_cpu.cpp:25 canon_cpu.cpp:38,
tsvc_2_s233,none,new,g++-14,bonsall,True,2,canon_cpu.cpp:25 canon_cpu.cpp:38,1,canon_cpu.cpp:23,
tsvc_2_s233,none,new,g++-14,unsafe,True,2,canon_cpu.cpp:25 canon_cpu.cpp:38,1,canon_cpu.cpp:23,
tsvc_2_s233,none,new,g++-14,harness,True,0,,3,canon_cpu.cpp:23 canon_cpu.cpp:25 canon_cpu.cpp:38,
tsvc_2_s233,none,old,g++-13,bonsall,True,2,canon_cpu.cpp:23 canon_cpu.cpp:61,1,canon_cpu.cpp:21,
tsvc_2_s233,none,old,g++-13,unsafe,True,2,canon_cpu.cpp:23 canon_cpu.cpp:61,1,canon_cpu.cpp:21,
tsvc_2_s233,none,old,g++-13,harness,True,0,,3,canon_cpu.cpp:21 canon_cpu.cpp:23 canon_cpu.cpp:61,
tsvc_2_s233,none,old,g++-14,bonsall,True,2,canon_cpu.cpp:23 canon_cpu.cpp:61,1,canon_cpu.cpp:21,
tsvc_2_s233,none,old,g++-14,unsafe,True,2,canon_cpu.cpp:23 canon_cpu.cpp:61,1,canon_cpu.cpp:21,
tsvc_2_s233,none,old,g++-14,harness,True,0,,3,canon_cpu.cpp:21 canon_cpu.cpp:23 canon_cpu.cpp:61,
tsvc_2_s235,canon,legacy,g++-13,bonsall,True,2,canon_cpu.cpp:107 canon_cpu.cpp:19,1,canon_cpu.cpp:15,
tsvc_2_s235,canon,legacy,g++-13,unsafe,True,2,canon_cpu.cpp:107 canon_cpu.cpp:19,1,canon_cpu.cpp:15,
tsvc_2_s235,canon,legacy,g++-13,harness,True,2,canon_cpu.cpp:107 canon_cpu.cpp:19,3,canon_cpu.cpp:102 canon_cpu.cpp:148 canon_cpu.cpp:15,
tsvc_2_s235,canon,legacy,g++-14,bonsall,True,2,canon_cpu.cpp:107 canon_cpu.cpp:19,1,canon_cpu.cpp:15,
tsvc_2_s235,canon,legacy,g++-14,unsafe,True,2,canon_cpu.cpp:107 canon_cpu.cpp:19,1,canon_cpu.cpp:15,
tsvc_2_s235,canon,legacy,g++-14,harness,True,2,canon_cpu.cpp:107 canon_cpu.cpp:19,3,canon_cpu.cpp:102 canon_cpu.cpp:148 canon_cpu.cpp:15,
tsvc_2_s235,canon,new,g++-13,bonsall,True,2,canon_cpu.cpp:21 canon_cpu.cpp:56,1,canon_cpu.cpp:19,
tsvc_2_s235,canon,new,g++-13,unsafe,True,2,canon_cpu.cpp:21 canon_cpu.cpp:56,1,canon_cpu.cpp:19,
tsvc_2_s235,canon,new,g++-13,harness,True,2,canon_cpu.cpp:21 canon_cpu.cpp:56,3,canon_cpu.cpp:19 canon_cpu.cpp:52 canon_cpu.cpp:61,
tsvc_2_s235,canon,new,g++-14,bonsall,True,2,canon_cpu.cpp:21 canon_cpu.cpp:56,1,canon_cpu.cpp:19,
tsvc_2_s235,canon,new,g++-14,unsafe,True,2,canon_cpu.cpp:21 canon_cpu.cpp:56,1,canon_cpu.cpp:19,
tsvc_2_s235,canon,new,g++-14,harness,True,2,canon_cpu.cpp:21 canon_cpu.cpp:56,3,canon_cpu.cpp:19 canon_cpu.cpp:52 canon_cpu.cpp:61,
tsvc_2_s235,canon,old,g++-13,bonsall,True,2,canon_cpu.cpp:107 canon_cpu.cpp:19,1,canon_cpu.cpp:15,
tsvc_2_s235,canon,old,g++-13,unsafe,True,2,canon_cpu.cpp:107 canon_cpu.cpp:19,1,canon_cpu.cpp:15,
tsvc_2_s235,canon,old,g++-13,harness,True,2,canon_cpu.cpp:107 canon_cpu.cpp:19,3,canon_cpu.cpp:102 canon_cpu.cpp:148 canon_cpu.cpp:15,
tsvc_2_s235,canon,old,g++-14,bonsall,True,2,canon_cpu.cpp:107 canon_cpu.cpp:19,1,canon_cpu.cpp:15,
tsvc_2_s235,canon,old,g++-14,unsafe,True,2,canon_cpu.cpp:107 canon_cpu.cpp:19,1,canon_cpu.cpp:15,
tsvc_2_s235,canon,old,g++-14,harness,True,2,canon_cpu.cpp:107 canon_cpu.cpp:19,3,canon_cpu.cpp:102 canon_cpu.cpp:148 canon_cpu.cpp:15,
tsvc_2_s235,none,legacy,g++-13,bonsall,True,1,canon_cpu.cpp:99,1,canon_cpu.cpp:29,
tsvc_2_s235,none,legacy,g++-13,unsafe,True,1,canon_cpu.cpp:99,1,canon_cpu.cpp:29,
tsvc_2_s235,none,legacy,g++-13,harness,True,0,,2,canon_cpu.cpp:29 canon_cpu.cpp:99,
tsvc_2_s235,none,legacy,g++-14,bonsall,True,1,canon_cpu.cpp:99,1,canon_cpu.cpp:25,
tsvc_2_s235,none,legacy,g++-14,unsafe,True,1,canon_cpu.cpp:99,1,canon_cpu.cpp:25,
tsvc_2_s235,none,legacy,g++-14,harness,True,0,,2,canon_cpu.cpp:25 canon_cpu.cpp:99,
tsvc_2_s235,none,new,g++-13,bonsall,True,1,canon_cpu.cpp:40,1,canon_cpu.cpp:31,
tsvc_2_s235,none,new,g++-13,unsafe,True,1,canon_cpu.cpp:40,1,canon_cpu.cpp:31,
tsvc_2_s235,none,new,g++-13,harness,True,0,,2,canon_cpu.cpp:31 canon_cpu.cpp:40,
tsvc_2_s235,none,new,g++-14,bonsall,True,1,canon_cpu.cpp:40,1,canon_cpu.cpp:28,
tsvc_2_s235,none,new,g++-14,unsafe,True,1,canon_cpu.cpp:40,1,canon_cpu.cpp:28,
tsvc_2_s235,none,new,g++-14,harness,True,0,,2,canon_cpu.cpp:28 canon_cpu.cpp:40,
tsvc_2_s235,none,old,g++-13,bonsall,True,1,canon_cpu.cpp:75,1,canon_cpu.cpp:30,
tsvc_2_s235,none,old,g++-13,unsafe,True,1,canon_cpu.cpp:75,1,canon_cpu.cpp:30,
tsvc_2_s235,none,old,g++-13,harness,True,0,,2,canon_cpu.cpp:30 canon_cpu.cpp:75,
tsvc_2_s235,none,old,g++-14,bonsall,True,1,canon_cpu.cpp:75,1,canon_cpu.cpp:25,
tsvc_2_s235,none,old,g++-14,unsafe,True,1,canon_cpu.cpp:75,1,canon_cpu.cpp:25,
tsvc_2_s235,none,old,g++-14,harness,True,0,,2,canon_cpu.cpp:25 canon_cpu.cpp:75,
tsvc_2_s252,canon,legacy,g++-13,bonsall,True,1,canon_cpu.cpp:71,0,,
tsvc_2_s252,canon,legacy,g++-13,unsafe,True,1,canon_cpu.cpp:71,0,,
tsvc_2_s252,canon,legacy,g++-13,harness,True,1,canon_cpu.cpp:71,1,canon_cpu.cpp:65,
tsvc_2_s252,canon,legacy,g++-14,bonsall,True,1,canon_cpu.cpp:71,0,,
tsvc_2_s252,canon,legacy,g++-14,unsafe,True,1,canon_cpu.cpp:71,0,,
tsvc_2_s252,canon,legacy,g++-14,harness,True,1,canon_cpu.cpp:71,1,canon_cpu.cpp:65,
tsvc_2_s252,canon,new,g++-13,bonsall,True,1,canon_cpu.cpp:38,0,,
tsvc_2_s252,canon,new,g++-13,unsafe,True,1,canon_cpu.cpp:38,0,,
tsvc_2_s252,canon,new,g++-13,harness,True,1,canon_cpu.cpp:38,1,canon_cpu.cpp:33,
tsvc_2_s252,canon,new,g++-14,bonsall,True,1,canon_cpu.cpp:38,0,,
tsvc_2_s252,canon,new,g++-14,unsafe,True,1,canon_cpu.cpp:38,0,,
tsvc_2_s252,canon,new,g++-14,harness,True,1,canon_cpu.cpp:38,1,canon_cpu.cpp:33,
tsvc_2_s252,canon,old,g++-13,bonsall,True,1,canon_cpu.cpp:71,0,,
tsvc_2_s252,canon,old,g++-13,unsafe,True,1,canon_cpu.cpp:71,0,,
tsvc_2_s252,canon,old,g++-13,harness,True,1,canon_cpu.cpp:71,1,canon_cpu.cpp:65,
tsvc_2_s252,canon,old,g++-14,bonsall,True,1,canon_cpu.cpp:71,0,,
tsvc_2_s252,canon,old,g++-14,unsafe,True,1,canon_cpu.cpp:71,0,,
tsvc_2_s252,canon,old,g++-14,harness,True,1,canon_cpu.cpp:71,1,canon_cpu.cpp:65,
tsvc_2_s252,none,legacy,g++-13,bonsall,True,0,,2,canon_cpu.cpp:34 canon_cpu.cpp:78,
tsvc_2_s252,none,legacy,g++-13,unsafe,True,0,,1,canon_cpu.cpp:34,
tsvc_2_s252,none,legacy,g++-13,harness,True,0,,2,canon_cpu.cpp:34 canon_cpu.cpp:9,
tsvc_2_s252,none,legacy,g++-14,bonsall,True,0,,2,canon_cpu.cpp:34 canon_cpu.cpp:78,
tsvc_2_s252,none,legacy,g++-14,unsafe,True,0,,1,canon_cpu.cpp:34,
tsvc_2_s252,none,legacy,g++-14,harness,True,0,,2,canon_cpu.cpp:34 canon_cpu.cpp:9,
tsvc_2_s252,none,new,g++-13,bonsall,True,0,,2,canon_cpu.cpp:27 canon_cpu.cpp:33,
tsvc_2_s252,none,new,g++-13,unsafe,True,0,,1,canon_cpu.cpp:27,
tsvc_2_s252,none,new,g++-13,harness,True,0,,2,canon_cpu.cpp:12 canon_cpu.cpp:27,
tsvc_2_s252,none,new,g++-14,bonsall,True,0,,2,canon_cpu.cpp:27 canon_cpu.cpp:33,
tsvc_2_s252,none,new,g++-14,unsafe,True,0,,1,canon_cpu.cpp:27,
tsvc_2_s252,none,new,g++-14,harness,True,0,,2,canon_cpu.cpp:12 canon_cpu.cpp:27,
tsvc_2_s252,none,old,g++-13,bonsall,True,0,,2,canon_cpu.cpp:34 canon_cpu.cpp:62,
tsvc_2_s252,none,old,g++-13,unsafe,True,0,,1,canon_cpu.cpp:34,
tsvc_2_s252,none,old,g++-13,harness,True,0,,2,canon_cpu.cpp:34 canon_cpu.cpp:9,
tsvc_2_s252,none,old,g++-14,bonsall,True,0,,2,canon_cpu.cpp:34 canon_cpu.cpp:62,
tsvc_2_s252,none,old,g++-14,unsafe,True,0,,1,canon_cpu.cpp:34,
tsvc_2_s252,none,old,g++-14,harness,True,0,,2,canon_cpu.cpp:34 canon_cpu.cpp:9,
tsvc_2_s255,canon,legacy,g++-13,bonsall,True,1,canon_cpu.cpp:166,0,,
tsvc_2_s255,canon,legacy,g++-13,unsafe,True,1,canon_cpu.cpp:166,0,,
tsvc_2_s255,canon,legacy,g++-13,harness,True,1,canon_cpu.cpp:166,1,canon_cpu.cpp:159,
tsvc_2_s255,canon,legacy,g++-14,bonsall,True,1,canon_cpu.cpp:166,0,,
tsvc_2_s255,canon,legacy,g++-14,unsafe,True,1,canon_cpu.cpp:166,0,,
tsvc_2_s255,canon,legacy,g++-14,harness,True,1,canon_cpu.cpp:166,2,canon_cpu.cpp:159 canon_cpu.cpp:88,
tsvc_2_s255,canon,new,g++-13,bonsall,True,1,canon_cpu.cpp:56,0,,
tsvc_2_s255,canon,new,g++-13,unsafe,True,1,canon_cpu.cpp:56,0,,
tsvc_2_s255,canon,new,g++-13,harness,True,1,canon_cpu.cpp:56,1,canon_cpu.cpp:50,
tsvc_2_s255,canon,new,g++-14,bonsall,True,1,canon_cpu.cpp:56,0,,
tsvc_2_s255,canon,new,g++-14,unsafe,True,1,canon_cpu.cpp:56,0,,
tsvc_2_s255,canon,new,g++-14,harness,True,1,canon_cpu.cpp:56,2,canon_cpu.cpp:34 canon_cpu.cpp:50,
tsvc_2_s255,canon,old,g++-13,bonsall,True,1,canon_cpu.cpp:166,0,,
tsvc_2_s255,canon,old,g++-13,unsafe,True,1,canon_cpu.cpp:166,0,,
tsvc_2_s255,canon,old,g++-13,harness,True,1,canon_cpu.cpp:166,1,canon_cpu.cpp:159,
tsvc_2_s255,canon,old,g++-14,bonsall,True,1,canon_cpu.cpp:166,0,,
tsvc_2_s255,canon,old,g++-14,unsafe,True,1,canon_cpu.cpp:166,0,,
tsvc_2_s255,canon,old,g++-14,harness,True,1,canon_cpu.cpp:166,2,canon_cpu.cpp:159 canon_cpu.cpp:88,
tsvc_2_s255,none,legacy,g++-13,bonsall,True,0,,2,canon_cpu.cpp:48 canon_cpu.cpp:81,
tsvc_2_s255,none,legacy,g++-13,unsafe,True,0,,2,canon_cpu.cpp:48 canon_cpu.cpp:9,
tsvc_2_s255,none,legacy,g++-13,harness,True,0,,2,canon_cpu.cpp:48 canon_cpu.cpp:81,
tsvc_2_s255,none,legacy,g++-14,bonsall,True,0,,2,canon_cpu.cpp:48 canon_cpu.cpp:81,
tsvc_2_s255,none,legacy,g++-14,unsafe,True,0,,2,canon_cpu.cpp:48 canon_cpu.cpp:9,
tsvc_2_s255,none,legacy,g++-14,harness,True,0,,2,canon_cpu.cpp:48 canon_cpu.cpp:81,
tsvc_2_s255,none,new,g++-13,bonsall,True,0,,2,canon_cpu.cpp:29 canon_cpu.cpp:34,
tsvc_2_s255,none,new,g++-13,unsafe,True,0,,2,canon_cpu.cpp:11 canon_cpu.cpp:29,
tsvc_2_s255,none,new,g++-13,harness,True,0,,2,canon_cpu.cpp:29 canon_cpu.cpp:34,
tsvc_2_s255,none,new,g++-14,bonsall,True,0,,2,canon_cpu.cpp:29 canon_cpu.cpp:34,
tsvc_2_s255,none,new,g++-14,unsafe,True,0,,2,canon_cpu.cpp:11 canon_cpu.cpp:29,
tsvc_2_s255,none,new,g++-14,harness,True,0,,2,canon_cpu.cpp:29 canon_cpu.cpp:34,
tsvc_2_s255,none,old,g++-13,bonsall,True,0,,2,canon_cpu.cpp:32 canon_cpu.cpp:57,
tsvc_2_s255,none,old,g++-13,unsafe,True,0,,2,canon_cpu.cpp:32 canon_cpu.cpp:9,
tsvc_2_s255,none,old,g++-13,harness,True,0,,2,canon_cpu.cpp:32 canon_cpu.cpp:57,
tsvc_2_s255,none,old,g++-14,bonsall,True,0,,2,canon_cpu.cpp:32 canon_cpu.cpp:57,
tsvc_2_s255,none,old,g++-14,unsafe,True,0,,2,canon_cpu.cpp:32 canon_cpu.cpp:9,
tsvc_2_s255,none,old,g++-14,harness,True,0,,2,canon_cpu.cpp:32 canon_cpu.cpp:57,
tsvc_2_s2710,canon,legacy,g++-13,bonsall,True,0,,1,canon_cpu.cpp:15,
tsvc_2_s2710,canon,legacy,g++-13,unsafe,True,0,,1,canon_cpu.cpp:15,
tsvc_2_s2710,canon,legacy,g++-13,harness,True,0,,2,canon_cpu.cpp:15 canon_cpu.cpp:259,
tsvc_2_s2710,canon,legacy,g++-14,bonsall,True,0,,1,canon_cpu.cpp:15,
tsvc_2_s2710,canon,legacy,g++-14,unsafe,True,0,,1,canon_cpu.cpp:15,
tsvc_2_s2710,canon,legacy,g++-14,harness,True,0,,2,canon_cpu.cpp:15 canon_cpu.cpp:259,
tsvc_2_s2710,canon,new,g++-13,bonsall,True,0,,1,canon_cpu.cpp:20,
tsvc_2_s2710,canon,new,g++-13,unsafe,True,0,,1,canon_cpu.cpp:20,
tsvc_2_s2710,canon,new,g++-13,harness,True,0,,2,canon_cpu.cpp:20 canon_cpu.cpp:96,
tsvc_2_s2710,canon,new,g++-14,bonsall,True,0,,1,canon_cpu.cpp:20,
tsvc_2_s2710,canon,new,g++-14,unsafe,True,0,,1,canon_cpu.cpp:20,
tsvc_2_s2710,canon,new,g++-14,harness,True,0,,2,canon_cpu.cpp:20 canon_cpu.cpp:96,
tsvc_2_s2710,canon,old,g++-13,bonsall,True,0,,1,canon_cpu.cpp:15,
tsvc_2_s2710,canon,old,g++-13,unsafe,True,0,,1,canon_cpu.cpp:15,
tsvc_2_s2710,canon,old,g++-13,harness,True,0,,2,canon_cpu.cpp:15 canon_cpu.cpp:259,
tsvc_2_s2710,canon,old,g++-14,bonsall,True,0,,1,canon_cpu.cpp:15,
tsvc_2_s2710,canon,old,g++-14,unsafe,True,0,,1,canon_cpu.cpp:15,
tsvc_2_s2710,canon,old,g++-14,harness,True,0,,2,canon_cpu.cpp:15 canon_cpu.cpp:259,
tsvc_2_s2710,none,legacy,g++-13,bonsall,True,0,,1,canon_cpu.cpp:46,
tsvc_2_s2710,none,legacy,g++-13,unsafe,True,0,,1,canon_cpu.cpp:46,
tsvc_2_s2710,none,legacy,g++-13,harness,True,0,,2,canon_cpu.cpp:263 canon_cpu.cpp:46,
tsvc_2_s2710,none,legacy,g++-14,bonsall,True,0,,1,canon_cpu.cpp:46,
tsvc_2_s2710,none,legacy,g++-14,unsafe,True,0,,1,canon_cpu.cpp:46,
tsvc_2_s2710,none,legacy,g++-14,harness,True,0,,2,canon_cpu.cpp:263 canon_cpu.cpp:46,
tsvc_2_s2710,none,new,g++-13,bonsall,True,0,,1,canon_cpu.cpp:50,
tsvc_2_s2710,none,new,g++-13,unsafe,True,0,,1,canon_cpu.cpp:50,
tsvc_2_s2710,none,new,g++-13,harness,True,0,,2,canon_cpu.cpp:50 canon_cpu.cpp:92,
tsvc_2_s2710,none,new,g++-14,bonsall,True,0,,1,canon_cpu.cpp:50,
tsvc_2_s2710,none,new,g++-14,unsafe,True,0,,1,canon_cpu.cpp:50,
tsvc_2_s2710,none,new,g++-14,harness,True,0,,2,canon_cpu.cpp:50 canon_cpu.cpp:92,
tsvc_2_s2710,none,old,g++-13,bonsall,True,0,,1,canon_cpu.cpp:46,
tsvc_2_s2710,none,old,g++-13,unsafe,True,0,,1,canon_cpu.cpp:46,
tsvc_2_s2710,none,old,g++-13,harness,True,0,,2,canon_cpu.cpp:199 canon_cpu.cpp:46,
tsvc_2_s2710,none,old,g++-14,bonsall,True,0,,1,canon_cpu.cpp:46,
tsvc_2_s2710,none,old,g++-14,unsafe,True,0,,1,canon_cpu.cpp:46,
tsvc_2_s2710,none,old,g++-14,harness,True,0,,2,canon_cpu.cpp:199 canon_cpu.cpp:46,
tsvc_2_s275,canon,legacy,g++-13,bonsall,True,0,,2,canon_cpu.cpp:77 canon_cpu.cpp:81,
tsvc_2_s275,canon,legacy,g++-13,unsafe,True,0,,2,canon_cpu.cpp:77 canon_cpu.cpp:81,
tsvc_2_s275,canon,legacy,g++-13,harness,True,1,canon_cpu.cpp:81,2,canon_cpu.cpp:116 canon_cpu.cpp:77,
tsvc_2_s275,canon,legacy,g++-14,bonsall,True,0,,2,canon_cpu.cpp:77 canon_cpu.cpp:81,
tsvc_2_s275,canon,legacy,g++-14,unsafe,True,0,,2,canon_cpu.cpp:77 canon_cpu.cpp:81,
tsvc_2_s275,canon,legacy,g++-14,harness,True,1,canon_cpu.cpp:81,2,canon_cpu.cpp:116 canon_cpu.cpp:77,
tsvc_2_s275,canon,new,g++-13,bonsall,True,0,,2,canon_cpu.cpp:37 canon_cpu.cpp:39,
tsvc_2_s275,canon,new,g++-13,unsafe,True,0,,2,canon_cpu.cpp:37 canon_cpu.cpp:39,
tsvc_2_s275,canon,new,g++-13,harness,True,1,canon_cpu.cpp:39,2,canon_cpu.cpp:37 canon_cpu.cpp:64,
tsvc_2_s275,canon,new,g++-14,bonsall,True,0,,2,canon_cpu.cpp:37 canon_cpu.cpp:39,
tsvc_2_s275,canon,new,g++-14,unsafe,True,0,,2,canon_cpu.cpp:37 canon_cpu.cpp:39,
tsvc_2_s275,canon,new,g++-14,harness,True,1,canon_cpu.cpp:39,2,canon_cpu.cpp:37 canon_cpu.cpp:64,
tsvc_2_s275,canon,old,g++-13,bonsall,True,0,,2,canon_cpu.cpp:77 canon_cpu.cpp:81,
tsvc_2_s275,canon,old,g++-13,unsafe,True,0,,2,canon_cpu.cpp:77 canon_cpu.cpp:81,
tsvc_2_s275,canon,old,g++-13,harness,True,1,canon_cpu.cpp:81,2,canon_cpu.cpp:116 canon_cpu.cpp:77,
tsvc_2_s275,canon,old,g++-14,bonsall,True,0,,2,canon_cpu.cpp:77 canon_cpu.cpp:81,
tsvc_2_s275,canon,old,g++-14,unsafe,True,0,,2,canon_cpu.cpp:77 canon_cpu.cpp:81,
tsvc_2_s275,canon,old,g++-14,harness,True,1,canon_cpu.cpp:81,2,canon_cpu.cpp:116 canon_cpu.cpp:77,
tsvc_2_s275,none,legacy,g++-13,bonsall,True,1,canon_cpu.cpp:27,1,canon_cpu.cpp:23,
tsvc_2_s275,none,legacy,g++-13,unsafe,True,1,canon_cpu.cpp:27,1,canon_cpu.cpp:23,
tsvc_2_s275,none,legacy,g++-13,harness,True,0,,2,canon_cpu.cpp:23 canon_cpu.cpp:27,
tsvc_2_s275,none,legacy,g++-14,bonsall,True,1,canon_cpu.cpp:27,1,canon_cpu.cpp:21,
tsvc_2_s275,none,legacy,g++-14,unsafe,True,1,canon_cpu.cpp:27,1,canon_cpu.cpp:21,
tsvc_2_s275,none,legacy,g++-14,harness,True,0,,2,canon_cpu.cpp:21 canon_cpu.cpp:27,
tsvc_2_s275,none,new,g++-13,bonsall,True,1,canon_cpu.cpp:28,1,canon_cpu.cpp:24,
tsvc_2_s275,none,new,g++-13,unsafe,True,1,canon_cpu.cpp:28,1,canon_cpu.cpp:24,
tsvc_2_s275,none,new,g++-13,harness,True,0,,2,canon_cpu.cpp:24 canon_cpu.cpp:28,
tsvc_2_s275,none,new,g++-14,bonsall,True,1,canon_cpu.cpp:28,1,canon_cpu.cpp:22,
tsvc_2_s275,none,new,g++-14,unsafe,True,1,canon_cpu.cpp:28,1,canon_cpu.cpp:22,
tsvc_2_s275,none,new,g++-14,harness,True,0,,2,canon_cpu.cpp:22 canon_cpu.cpp:28,
tsvc_2_s275,none,old,g++-13,bonsall,True,1,canon_cpu.cpp:27,1,canon_cpu.cpp:23,
tsvc_2_s275,none,old,g++-13,unsafe,True,1,canon_cpu.cpp:27,1,canon_cpu.cpp:23,
tsvc_2_s275,none,old,g++-13,harness,True,0,,2,canon_cpu.cpp:23 canon_cpu.cpp:27,
tsvc_2_s275,none,old,g++-14,bonsall,True,1,canon_cpu.cpp:27,1,canon_cpu.cpp:21,
tsvc_2_s275,none,old,g++-14,unsafe,True,1,canon_cpu.cpp:27,1,canon_cpu.cpp:21,
tsvc_2_s275,none,old,g++-14,harness,True,0,,2,canon_cpu.cpp:21 canon_cpu.cpp:27,
tsvc_2_s311,canon,legacy,g++-13,bonsall,True,1,reduction.h:971,1,reduction.h:970,
tsvc_2_s311,canon,legacy,g++-13,unsafe,True,1,reduction.h:971,1,reduction.h:970,
tsvc_2_s311,canon,legacy,g++-13,harness,True,1,reduction.h:971,1,reduction.h:970,
tsvc_2_s311,canon,legacy,g++-14,bonsall,True,1,reduction.h:971,1,reduction.h:970,
tsvc_2_s311,canon,legacy,g++-14,unsafe,True,1,reduction.h:971,1,reduction.h:970,
tsvc_2_s311,canon,legacy,g++-14,harness,True,1,reduction.h:971,1,reduction.h:970,
tsvc_2_s311,canon,new,g++-13,bonsall,True,1,reduction.h:971,1,reduction.h:970,
tsvc_2_s311,canon,new,g++-13,unsafe,True,1,reduction.h:971,1,reduction.h:970,
tsvc_2_s311,canon,new,g++-13,harness,True,1,reduction.h:971,1,reduction.h:970,
tsvc_2_s311,canon,new,g++-14,bonsall,True,1,reduction.h:971,1,reduction.h:970,
tsvc_2_s311,canon,new,g++-14,unsafe,True,1,reduction.h:971,1,reduction.h:970,
tsvc_2_s311,canon,new,g++-14,harness,True,1,reduction.h:971,1,reduction.h:970,
tsvc_2_s311,canon,old,g++-13,bonsall,True,1,reduction.h:971,1,reduction.h:970,
tsvc_2_s311,canon,old,g++-13,unsafe,True,1,reduction.h:971,1,reduction.h:970,
tsvc_2_s311,canon,old,g++-13,harness,True,1,reduction.h:971,1,reduction.h:970,
tsvc_2_s311,canon,old,g++-14,bonsall,True,1,reduction.h:971,1,reduction.h:970,
tsvc_2_s311,canon,old,g++-14,unsafe,True,1,reduction.h:971,1,reduction.h:970,
tsvc_2_s311,canon,old,g++-14,harness,True,1,reduction.h:971,1,reduction.h:970,
tsvc_2_s311,none,legacy,g++-13,bonsall,True,1,canon_cpu.cpp:31,0,,
tsvc_2_s311,none,legacy,g++-13,unsafe,True,1,canon_cpu.cpp:31,0,,
tsvc_2_s311,none,legacy,g++-13,harness,True,1,canon_cpu.cpp:31,0,,
tsvc_2_s311,none,legacy,g++-14,bonsall,True,1,canon_cpu.cpp:31,0,,
tsvc_2_s311,none,legacy,g++-14,unsafe,True,1,canon_cpu.cpp:31,0,,
tsvc_2_s311,none,legacy,g++-14,harness,True,1,canon_cpu.cpp:31,0,,
tsvc_2_s311,none,new,g++-13,bonsall,True,1,canon_cpu.cpp:23,0,,
tsvc_2_s311,none,new,g++-13,unsafe,True,1,canon_cpu.cpp:23,0,,
tsvc_2_s311,none,new,g++-13,harness,True,1,canon_cpu.cpp:23,0,,
tsvc_2_s311,none,new,g++-14,bonsall,True,1,canon_cpu.cpp:23,0,,
tsvc_2_s311,none,new,g++-14,unsafe,True,1,canon_cpu.cpp:23,0,,
tsvc_2_s311,none,new,g++-14,harness,True,1,canon_cpu.cpp:23,0,,
tsvc_2_s311,none,old,g++-13,bonsall,True,0,,2,canon_cpu.cpp:31 canon_cpu.cpp:61,
tsvc_2_s311,none,old,g++-13,unsafe,True,0,,2,canon_cpu.cpp:31 canon_cpu.cpp:61,
tsvc_2_s311,none,old,g++-13,harness,True,0,,2,canon_cpu.cpp:31 canon_cpu.cpp:61,
tsvc_2_s311,none,old,g++-14,bonsall,True,0,,2,canon_cpu.cpp:31 canon_cpu.cpp:61,
tsvc_2_s311,none,old,g++-14,unsafe,True,0,,2,canon_cpu.cpp:31 canon_cpu.cpp:61,
tsvc_2_s311,none,old,g++-14,harness,True,0,,2,canon_cpu.cpp:31 canon_cpu.cpp:61,
tsvc_2_s3110,canon,legacy,g++-13,bonsall,True,0,,4,canon_cpu.cpp:41 canon_cpu.cpp:42 canon_cpu.cpp:47 canon_cpu.cpp:48,
tsvc_2_s3110,canon,legacy,g++-13,unsafe,True,0,,4,canon_cpu.cpp:41 canon_cpu.cpp:42 canon_cpu.cpp:47 canon_cpu.cpp:48,
tsvc_2_s3110,canon,legacy,g++-13,harness,True,0,,4,canon_cpu.cpp:41 canon_cpu.cpp:42 canon_cpu.cpp:47 canon_cpu.cpp:48,
tsvc_2_s3110,canon,legacy,g++-14,bonsall,True,0,,4,canon_cpu.cpp:41 canon_cpu.cpp:42 canon_cpu.cpp:47 canon_cpu.cpp:48,
tsvc_2_s3110,canon,legacy,g++-14,unsafe,True,0,,4,canon_cpu.cpp:41 canon_cpu.cpp:42 canon_cpu.cpp:47 canon_cpu.cpp:48,
tsvc_2_s3110,canon,legacy,g++-14,harness,True,0,,4,canon_cpu.cpp:41 canon_cpu.cpp:42 canon_cpu.cpp:47 canon_cpu.cpp:48,
tsvc_2_s3110,canon,new,g++-13,bonsall,True,0,,4,canon_cpu.cpp:35 canon_cpu.cpp:36 canon_cpu.cpp:41 canon_cpu.cpp:42,
tsvc_2_s3110,canon,new,g++-13,unsafe,True,0,,4,canon_cpu.cpp:35 canon_cpu.cpp:36 canon_cpu.cpp:41 canon_cpu.cpp:42,
tsvc_2_s3110,canon,new,g++-13,harness,True,0,,4,canon_cpu.cpp:35 canon_cpu.cpp:36 canon_cpu.cpp:41 canon_cpu.cpp:42,
tsvc_2_s3110,canon,new,g++-14,bonsall,True,0,,4,canon_cpu.cpp:35 canon_cpu.cpp:36 canon_cpu.cpp:41 canon_cpu.cpp:42,
tsvc_2_s3110,canon,new,g++-14,unsafe,True,0,,4,canon_cpu.cpp:35 canon_cpu.cpp:36 canon_cpu.cpp:41 canon_cpu.cpp:42,
tsvc_2_s3110,canon,new,g++-14,harness,True,0,,4,canon_cpu.cpp:35 canon_cpu.cpp:36 canon_cpu.cpp:41 canon_cpu.cpp:42,
tsvc_2_s3110,canon,old,g++-13,bonsall,True,0,,4,canon_cpu.cpp:41 canon_cpu.cpp:42 canon_cpu.cpp:47 canon_cpu.cpp:48,
tsvc_2_s3110,canon,old,g++-13,unsafe,True,0,,4,canon_cpu.cpp:41 canon_cpu.cpp:42 canon_cpu.cpp:47 canon_cpu.cpp:48,
tsvc_2_s3110,canon,old,g++-13,harness,True,0,,4,canon_cpu.cpp:41 canon_cpu.cpp:42 canon_cpu.cpp:47 canon_cpu.cpp:48,
tsvc_2_s3110,canon,old,g++-14,bonsall,True,0,,4,canon_cpu.cpp:41 canon_cpu.cpp:42 canon_cpu.cpp:47 canon_cpu.cpp:48,
tsvc_2_s3110,canon,old,g++-14,unsafe,True,0,,4,canon_cpu.cpp:41 canon_cpu.cpp:42 canon_cpu.cpp:47 canon_cpu.cpp:48,
tsvc_2_s3110,canon,old,g++-14,harness,True,0,,4,canon_cpu.cpp:41 canon_cpu.cpp:42 canon_cpu.cpp:47 canon_cpu.cpp:48,
tsvc_2_s3110,none,legacy,g++-13,bonsall,True,0,,4,canon_cpu.cpp:38 canon_cpu.cpp:40 canon_cpu.cpp:42 canon_cpu.cpp:46,
tsvc_2_s3110,none,legacy,g++-13,unsafe,True,0,,4,canon_cpu.cpp:38 canon_cpu.cpp:40 canon_cpu.cpp:42 canon_cpu.cpp:46,
tsvc_2_s3110,none,legacy,g++-13,harness,True,0,,4,canon_cpu.cpp:38 canon_cpu.cpp:40 canon_cpu.cpp:42 canon_cpu.cpp:46,
tsvc_2_s3110,none,legacy,g++-14,bonsall,True,0,,4,canon_cpu.cpp:38 canon_cpu.cpp:40 canon_cpu.cpp:42 canon_cpu.cpp:46,
tsvc_2_s3110,none,legacy,g++-14,unsafe,True,0,,4,canon_cpu.cpp:38 canon_cpu.cpp:40 canon_cpu.cpp:42 canon_cpu.cpp:46,
tsvc_2_s3110,none,legacy,g++-14,harness,True,0,,4,canon_cpu.cpp:38 canon_cpu.cpp:40 canon_cpu.cpp:42 canon_cpu.cpp:46,
tsvc_2_s3110,none,new,g++-13,bonsall,True,0,,4,canon_cpu.cpp:28 canon_cpu.cpp:30 canon_cpu.cpp:32 canon_cpu.cpp:36,
tsvc_2_s3110,none,new,g++-13,unsafe,True,0,,4,canon_cpu.cpp:28 canon_cpu.cpp:30 canon_cpu.cpp:32 canon_cpu.cpp:36,
tsvc_2_s3110,none,new,g++-13,harness,True,0,,4,canon_cpu.cpp:28 canon_cpu.cpp:30 canon_cpu.cpp:32 canon_cpu.cpp:36,
tsvc_2_s3110,none,new,g++-14,bonsall,True,0,,4,canon_cpu.cpp:28 canon_cpu.cpp:30 canon_cpu.cpp:32 canon_cpu.cpp:36,
tsvc_2_s3110,none,new,g++-14,unsafe,True,0,,4,canon_cpu.cpp:28 canon_cpu.cpp:30 canon_cpu.cpp:32 canon_cpu.cpp:36,
tsvc_2_s3110,none,new,g++-14,harness,True,0,,4,canon_cpu.cpp:28 canon_cpu.cpp:30 canon_cpu.cpp:32 canon_cpu.cpp:36,
tsvc_2_s3110,none,old,g++-13,bonsall,True,0,,4,canon_cpu.cpp:30 canon_cpu.cpp:32 canon_cpu.cpp:34 canon_cpu.cpp:9,
tsvc_2_s3110,none,old,g++-13,unsafe,True,0,,4,canon_cpu.cpp:30 canon_cpu.cpp:32 canon_cpu.cpp:34 canon_cpu.cpp:9,
tsvc_2_s3110,none,old,g++-13,harness,True,0,,4,canon_cpu.cpp:30 canon_cpu.cpp:32 canon_cpu.cpp:34 canon_cpu.cpp:9,
tsvc_2_s3110,none,old,g++-14,bonsall,True,0,,4,canon_cpu.cpp:30 canon_cpu.cpp:32 canon_cpu.cpp:34 canon_cpu.cpp:9,
tsvc_2_s3110,none,old,g++-14,unsafe,True,0,,4,canon_cpu.cpp:30 canon_cpu.cpp:32 canon_cpu.cpp:34 canon_cpu.cpp:9,
tsvc_2_s3110,none,old,g++-14,harness,True,0,,4,canon_cpu.cpp:30 canon_cpu.cpp:32 canon_cpu.cpp:34 canon_cpu.cpp:9,
tsvc_2_s3111,canon,legacy,g++-13,bonsall,True,1,canon_cpu.cpp:50,1,canon_cpu.cpp:44,
tsvc_2_s3111,canon,legacy,g++-13,unsafe,True,1,canon_cpu.cpp:50,1,canon_cpu.cpp:44,
tsvc_2_s3111,canon,legacy,g++-13,harness,True,1,canon_cpu.cpp:50,1,canon_cpu.cpp:44,
tsvc_2_s3111,canon,legacy,g++-14,bonsall,True,1,canon_cpu.cpp:50,1,canon_cpu.cpp:44,
tsvc_2_s3111,canon,legacy,g++-14,unsafe,True,1,canon_cpu.cpp:50,1,canon_cpu.cpp:44,
tsvc_2_s3111,canon,legacy,g++-14,harness,True,1,canon_cpu.cpp:50,1,canon_cpu.cpp:44,
tsvc_2_s3111,canon,new,g++-13,bonsall,True,1,canon_cpu.cpp:40,1,canon_cpu.cpp:35,
tsvc_2_s3111,canon,new,g++-13,unsafe,True,1,canon_cpu.cpp:40,1,canon_cpu.cpp:35,
tsvc_2_s3111,canon,new,g++-13,harness,True,1,canon_cpu.cpp:40,1,canon_cpu.cpp:35,
tsvc_2_s3111,canon,new,g++-14,bonsall,True,1,canon_cpu.cpp:40,1,canon_cpu.cpp:35,
tsvc_2_s3111,canon,new,g++-14,unsafe,True,1,canon_cpu.cpp:40,1,canon_cpu.cpp:35,
tsvc_2_s3111,canon,new,g++-14,harness,True,1,canon_cpu.cpp:40,1,canon_cpu.cpp:35,
tsvc_2_s3111,canon,old,g++-13,bonsall,True,0,,3,canon_cpu.cpp:44 canon_cpu.cpp:50 reduction.h:216,
tsvc_2_s3111,canon,old,g++-13,unsafe,True,0,,3,canon_cpu.cpp:44 canon_cpu.cpp:50 reduction.h:216,
tsvc_2_s3111,canon,old,g++-13,harness,True,0,,3,canon_cpu.cpp:44 canon_cpu.cpp:50 reduction.h:216,
tsvc_2_s3111,canon,old,g++-14,bonsall,True,0,,3,canon_cpu.cpp:44 canon_cpu.cpp:50 reduction.h:216,
tsvc_2_s3111,canon,old,g++-14,unsafe,True,0,,3,canon_cpu.cpp:44 canon_cpu.cpp:50 reduction.h:216,
tsvc_2_s3111,canon,old,g++-14,harness,True,0,,3,canon_cpu.cpp:44 canon_cpu.cpp:50 reduction.h:216,
tsvc_2_s3111,none,legacy,g++-13,bonsall,True,0,,1,canon_cpu.cpp:32,
tsvc_2_s3111,none,legacy,g++-13,unsafe,True,1,canon_cpu.cpp:32,0,,
tsvc_2_s3111,none,legacy,g++-13,harness,True,1,canon_cpu.cpp:32,0,,
tsvc_2_s3111,none,legacy,g++-14,bonsall,True,0,,1,canon_cpu.cpp:32,
tsvc_2_s3111,none,legacy,g++-14,unsafe,True,1,canon_cpu.cpp:32,0,,
tsvc_2_s3111,none,legacy,g++-14,harness,True,1,canon_cpu.cpp:32,0,,
tsvc_2_s3111,none,new,g++-13,bonsall,True,0,,1,canon_cpu.cpp:24,
tsvc_2_s3111,none,new,g++-13,unsafe,True,1,canon_cpu.cpp:24,0,,
tsvc_2_s3111,none,new,g++-13,harness,True,1,canon_cpu.cpp:24,0,,
tsvc_2_s3111,none,new,g++-14,bonsall,True,0,,1,canon_cpu.cpp:24,
tsvc_2_s3111,none,new,g++-14,unsafe,True,1,canon_cpu.cpp:24,0,,
tsvc_2_s3111,none,new,g++-14,harness,True,1,canon_cpu.cpp:24,0,,
tsvc_2_s3111,none,old,g++-13,bonsall,True,0,,1,canon_cpu.cpp:32,
tsvc_2_s3111,none,old,g++-13,unsafe,True,1,canon_cpu.cpp:32,0,,
tsvc_2_s3111,none,old,g++-13,harness,True,1,canon_cpu.cpp:32,0,,
tsvc_2_s3111,none,old,g++-14,bonsall,True,0,,1,canon_cpu.cpp:32,
tsvc_2_s3111,none,old,g++-14,unsafe,True,1,canon_cpu.cpp:32,0,,
tsvc_2_s3111,none,old,g++-14,harness,True,1,canon_cpu.cpp:32,0,,
tsvc_2_s3112,canon,legacy,g++-13,bonsall,True,4,scan.hpp:149 scan.hpp:150 scan.hpp:181 scan.hpp:183,3,scan.hpp:284 scan.hpp:292 scan.hpp:364,
tsvc_2_s3112,canon,legacy,g++-13,unsafe,True,4,scan.hpp:149 scan.hpp:150 scan.hpp:181 scan.hpp:183,3,scan.hpp:284 scan.hpp:292 scan.hpp:364,
tsvc_2_s3112,canon,legacy,g++-13,harness,True,4,scan.hpp:149 scan.hpp:150 scan.hpp:181 scan.hpp:183,5,scan.hpp:277 scan.hpp:284 scan.hpp:292 scan.hpp:360 scan.hpp:364,
tsvc_2_s3112,canon,legacy,g++-14,bonsall,True,4,scan.hpp:149 scan.hpp:150 scan.hpp:181 scan.hpp:183,3,scan.hpp:284 scan.hpp:292 scan.hpp:364,
tsvc_2_s3112,canon,legacy,g++-14,unsafe,True,4,scan.hpp:149 scan.hpp:150 scan.hpp:181 scan.hpp:183,3,scan.hpp:284 scan.hpp:292 scan.hpp:364,
tsvc_2_s3112,canon,legacy,g++-14,harness,True,4,scan.hpp:149 scan.hpp:150 scan.hpp:181 scan.hpp:183,5,scan.hpp:277 scan.hpp:284 scan.hpp:292 scan.hpp:360 scan.hpp:364,
tsvc_2_s3112,canon,new,g++-13,bonsall,True,4,scan.hpp:149 scan.hpp:150 scan.hpp:181 scan.hpp:183,3,scan.hpp:284 scan.hpp:292 scan.hpp:364,
tsvc_2_s3112,canon,new,g++-13,unsafe,True,4,scan.hpp:149 scan.hpp:150 scan.hpp:181 scan.hpp:183,3,scan.hpp:284 scan.hpp:292 scan.hpp:364,
tsvc_2_s3112,canon,new,g++-13,harness,True,4,scan.hpp:149 scan.hpp:150 scan.hpp:181 scan.hpp:183,5,scan.hpp:277 scan.hpp:284 scan.hpp:292 scan.hpp:360 scan.hpp:364,
tsvc_2_s3112,canon,new,g++-14,bonsall,True,4,scan.hpp:149 scan.hpp:150 scan.hpp:181 scan.hpp:183,3,scan.hpp:284 scan.hpp:292 scan.hpp:364,
tsvc_2_s3112,canon,new,g++-14,unsafe,True,4,scan.hpp:149 scan.hpp:150 scan.hpp:181 scan.hpp:183,3,scan.hpp:284 scan.hpp:292 scan.hpp:364,
tsvc_2_s3112,canon,new,g++-14,harness,True,4,scan.hpp:149 scan.hpp:150 scan.hpp:181 scan.hpp:183,5,scan.hpp:277 scan.hpp:284 scan.hpp:292 scan.hpp:360 scan.hpp:364,
tsvc_2_s3112,canon,old,g++-13,bonsall,True,4,scan.hpp:149 scan.hpp:150 scan.hpp:181 scan.hpp:183,3,scan.hpp:284 scan.hpp:292 scan.hpp:364,
tsvc_2_s3112,canon,old,g++-13,unsafe,True,4,scan.hpp:149 scan.hpp:150 scan.hpp:181 scan.hpp:183,3,scan.hpp:284 scan.hpp:292 scan.hpp:364,
tsvc_2_s3112,canon,old,g++-13,harness,True,4,scan.hpp:149 scan.hpp:150 scan.hpp:181 scan.hpp:183,5,scan.hpp:277 scan.hpp:284 scan.hpp:292 scan.hpp:360 scan.hpp:364,
tsvc_2_s3112,canon,old,g++-14,bonsall,True,4,scan.hpp:149 scan.hpp:150 scan.hpp:181 scan.hpp:183,3,scan.hpp:284 scan.hpp:292 scan.hpp:364,
tsvc_2_s3112,canon,old,g++-14,unsafe,True,4,scan.hpp:149 scan.hpp:150 scan.hpp:181 scan.hpp:183,3,scan.hpp:284 scan.hpp:292 scan.hpp:364,
tsvc_2_s3112,canon,old,g++-14,harness,True,4,scan.hpp:149 scan.hpp:150 scan.hpp:181 scan.hpp:183,5,scan.hpp:277 scan.hpp:284 scan.hpp:292 scan.hpp:360 scan.hpp:364,
tsvc_2_s3112,none,legacy,g++-13,bonsall,True,0,,2,canon_cpu.cpp:31 canon_cpu.cpp:52,
tsvc_2_s3112,none,legacy,g++-13,unsafe,True,0,,2,canon_cpu.cpp:31 canon_cpu.cpp:52,
tsvc_2_s3112,none,legacy,g++-13,harness,True,0,,2,canon_cpu.cpp:31 canon_cpu.cpp:52,
tsvc_2_s3112,none,legacy,g++-14,bonsall,True,0,,2,canon_cpu.cpp:31 canon_cpu.cpp:52,
tsvc_2_s3112,none,legacy,g++-14,unsafe,True,0,,2,canon_cpu.cpp:31 canon_cpu.cpp:52,
tsvc_2_s3112,none,legacy,g++-14,harness,True,0,,2,canon_cpu.cpp:31 canon_cpu.cpp:52,
tsvc_2_s3112,none,new,g++-13,bonsall,True,0,,2,canon_cpu.cpp:23 canon_cpu.cpp:27,
tsvc_2_s3112,none,new,g++-13,unsafe,True,0,,2,canon_cpu.cpp:23 canon_cpu.cpp:27,
tsvc_2_s3112,none,new,g++-13,harness,True,0,,2,canon_cpu.cpp:23 canon_cpu.cpp:27,
tsvc_2_s3112,none,new,g++-14,bonsall,True,0,,2,canon_cpu.cpp:23 canon_cpu.cpp:27,
tsvc_2_s3112,none,new,g++-14,unsafe,True,0,,2,canon_cpu.cpp:23 canon_cpu.cpp:27,
tsvc_2_s3112,none,new,g++-14,harness,True,0,,2,canon_cpu.cpp:23 canon_cpu.cpp:27,
tsvc_2_s3112,none,old,g++-13,bonsall,True,0,,2,canon_cpu.cpp:31 canon_cpu.cpp:44,
tsvc_2_s3112,none,old,g++-13,unsafe,True,0,,2,canon_cpu.cpp:31 canon_cpu.cpp:44,
tsvc_2_s3112,none,old,g++-13,harness,True,0,,2,canon_cpu.cpp:31 canon_cpu.cpp:44,
tsvc_2_s3112,none,old,g++-14,bonsall,True,0,,2,canon_cpu.cpp:31 canon_cpu.cpp:44,
tsvc_2_s3112,none,old,g++-14,unsafe,True,0,,2,canon_cpu.cpp:31 canon_cpu.cpp:44,
tsvc_2_s3112,none,old,g++-14,harness,True,0,,2,canon_cpu.cpp:31 canon_cpu.cpp:44,
tsvc_2_s313,canon,legacy,g++-13,bonsall,True,1,canon_cpu.cpp:60,1,canon_cpu.cpp:55,
tsvc_2_s313,canon,legacy,g++-13,unsafe,True,1,canon_cpu.cpp:60,1,canon_cpu.cpp:55,
tsvc_2_s313,canon,legacy,g++-13,harness,True,1,canon_cpu.cpp:60,1,canon_cpu.cpp:55,
tsvc_2_s313,canon,legacy,g++-14,bonsall,True,1,canon_cpu.cpp:60,1,canon_cpu.cpp:55,
tsvc_2_s313,canon,legacy,g++-14,unsafe,True,1,canon_cpu.cpp:60,1,canon_cpu.cpp:55,
tsvc_2_s313,canon,legacy,g++-14,harness,True,1,canon_cpu.cpp:60,1,canon_cpu.cpp:55,
tsvc_2_s313,canon,new,g++-13,bonsall,True,1,canon_cpu.cpp:41,1,canon_cpu.cpp:37,
tsvc_2_s313,canon,new,g++-13,unsafe,True,1,canon_cpu.cpp:41,1,canon_cpu.cpp:37,
tsvc_2_s313,canon,new,g++-13,harness,True,1,canon_cpu.cpp:41,1,canon_cpu.cpp:37,
tsvc_2_s313,canon,new,g++-14,bonsall,True,1,canon_cpu.cpp:41,1,canon_cpu.cpp:37,
tsvc_2_s313,canon,new,g++-14,unsafe,True,1,canon_cpu.cpp:41,1,canon_cpu.cpp:37,
tsvc_2_s313,canon,new,g++-14,harness,True,1,canon_cpu.cpp:41,1,canon_cpu.cpp:37,
tsvc_2_s313,canon,old,g++-13,bonsall,True,0,,3,canon_cpu.cpp:47 canon_cpu.cpp:52 reduction.h:216,
tsvc_2_s313,canon,old,g++-13,unsafe,True,0,,3,canon_cpu.cpp:47 canon_cpu.cpp:52 reduction.h:216,
tsvc_2_s313,canon,old,g++-13,harness,True,0,,3,canon_cpu.cpp:47 canon_cpu.cpp:52 reduction.h:216,
tsvc_2_s313,canon,old,g++-14,bonsall,True,0,,3,canon_cpu.cpp:47 canon_cpu.cpp:52 reduction.h:216,
tsvc_2_s313,canon,old,g++-14,unsafe,True,0,,3,canon_cpu.cpp:47 canon_cpu.cpp:52 reduction.h:216,
tsvc_2_s313,canon,old,g++-14,harness,True,0,,3,canon_cpu.cpp:47 canon_cpu.cpp:52 reduction.h:216,
tsvc_2_s313,none,legacy,g++-13,bonsall,True,1,canon_cpu.cpp:33,0,,
tsvc_2_s313,none,legacy,g++-13,unsafe,True,1,canon_cpu.cpp:33,0,,
tsvc_2_s313,none,legacy,g++-13,harness,True,1,canon_cpu.cpp:33,0,,
tsvc_2_s313,none,legacy,g++-14,bonsall,True,1,canon_cpu.cpp:33,0,,
tsvc_2_s313,none,legacy,g++-14,unsafe,True,1,canon_cpu.cpp:33,0,,
tsvc_2_s313,none,legacy,g++-14,harness,True,1,canon_cpu.cpp:33,0,,
tsvc_2_s313,none,new,g++-13,bonsall,True,1,canon_cpu.cpp:26,0,,
tsvc_2_s313,none,new,g++-13,unsafe,True,1,canon_cpu.cpp:26,0,,
tsvc_2_s313,none,new,g++-13,harness,True,1,canon_cpu.cpp:26,0,,
tsvc_2_s313,none,new,g++-14,bonsall,True,1,canon_cpu.cpp:26,0,,
tsvc_2_s313,none,new,g++-14,unsafe,True,1,canon_cpu.cpp:26,0,,
tsvc_2_s313,none,new,g++-14,harness,True,1,canon_cpu.cpp:26,0,,
tsvc_2_s313,none,old,g++-13,bonsall,True,0,,2,canon_cpu.cpp:33 canon_cpu.cpp:78,
tsvc_2_s313,none,old,g++-13,unsafe,True,0,,2,canon_cpu.cpp:33 canon_cpu.cpp:78,
tsvc_2_s313,none,old,g++-13,harness,True,0,,2,canon_cpu.cpp:33 canon_cpu.cpp:78,
tsvc_2_s313,none,old,g++-14,bonsall,True,0,,2,canon_cpu.cpp:33 canon_cpu.cpp:78,
tsvc_2_s313,none,old,g++-14,unsafe,True,0,,2,canon_cpu.cpp:33 canon_cpu.cpp:78,
tsvc_2_s313,none,old,g++-14,harness,True,0,,2,canon_cpu.cpp:33 canon_cpu.cpp:78,
tsvc_2_s314,canon,legacy,g++-13,bonsall,True,0,,2,reduction.h:1020 reduction.h:1021,
tsvc_2_s314,canon,legacy,g++-13,unsafe,True,1,reduction.h:1021,1,reduction.h:1020,
tsvc_2_s314,canon,legacy,g++-13,harness,True,0,,2,reduction.h:1020 reduction.h:1021,
tsvc_2_s314,canon,legacy,g++-14,bonsall,True,0,,2,reduction.h:1020 reduction.h:1021,
tsvc_2_s314,canon,legacy,g++-14,unsafe,True,1,reduction.h:1021,1,reduction.h:1020,
tsvc_2_s314,canon,legacy,g++-14,harness,True,0,,2,reduction.h:1020 reduction.h:1021,
tsvc_2_s314,canon,new,g++-13,bonsall,True,0,,2,reduction.h:1020 reduction.h:1021,
tsvc_2_s314,canon,new,g++-13,unsafe,True,1,reduction.h:1021,1,reduction.h:1020,
tsvc_2_s314,canon,new,g++-13,harness,True,0,,2,reduction.h:1020 reduction.h:1021,
tsvc_2_s314,canon,new,g++-14,bonsall,True,0,,2,reduction.h:1020 reduction.h:1021,
tsvc_2_s314,canon,new,g++-14,unsafe,True,1,reduction.h:1021,1,reduction.h:1020,
tsvc_2_s314,canon,new,g++-14,harness,True,0,,2,reduction.h:1020 reduction.h:1021,
tsvc_2_s314,canon,old,g++-13,bonsall,True,0,,2,reduction.h:1020 reduction.h:1021,
tsvc_2_s314,canon,old,g++-13,unsafe,True,1,reduction.h:1021,1,reduction.h:1020,
tsvc_2_s314,canon,old,g++-13,harness,True,0,,2,reduction.h:1020 reduction.h:1021,
tsvc_2_s314,canon,old,g++-14,bonsall,True,0,,2,reduction.h:1020 reduction.h:1021,
tsvc_2_s314,canon,old,g++-14,unsafe,True,1,reduction.h:1021,1,reduction.h:1020,
tsvc_2_s314,canon,old,g++-14,harness,True,0,,2,reduction.h:1020 reduction.h:1021,
tsvc_2_s314,none,legacy,g++-13,bonsall,True,0,,2,canon_cpu.cpp:33 canon_cpu.cpp:9,
tsvc_2_s314,none,legacy,g++-13,unsafe,True,1,canon_cpu.cpp:33,0,,
tsvc_2_s314,none,legacy,g++-13,harness,True,0,,2,canon_cpu.cpp:33 canon_cpu.cpp:9,
tsvc_2_s314,none,legacy,g++-14,bonsall,True,0,,2,canon_cpu.cpp:33 canon_cpu.cpp:9,
tsvc_2_s314,none,legacy,g++-14,unsafe,True,1,canon_cpu.cpp:33,0,,
tsvc_2_s314,none,legacy,g++-14,harness,True,0,,2,canon_cpu.cpp:33 canon_cpu.cpp:9,
tsvc_2_s314,none,new,g++-13,bonsall,True,0,,2,canon_cpu.cpp:11 canon_cpu.cpp:24,
tsvc_2_s314,none,new,g++-13,unsafe,True,1,canon_cpu.cpp:24,0,,
tsvc_2_s314,none,new,g++-13,harness,True,0,,2,canon_cpu.cpp:11 canon_cpu.cpp:24,
tsvc_2_s314,none,new,g++-14,bonsall,True,0,,2,canon_cpu.cpp:11 canon_cpu.cpp:24,
tsvc_2_s314,none,new,g++-14,unsafe,True,1,canon_cpu.cpp:24,0,,
tsvc_2_s314,none,new,g++-14,harness,True,0,,2,canon_cpu.cpp:11 canon_cpu.cpp:24,
tsvc_2_s314,none,old,g++-13,bonsall,True,0,,2,canon_cpu.cpp:25 canon_cpu.cpp:9,
tsvc_2_s314,none,old,g++-13,unsafe,True,0,,2,canon_cpu.cpp:25 canon_cpu.cpp:9,
tsvc_2_s314,none,old,g++-13,harness,True,0,,2,canon_cpu.cpp:25 canon_cpu.cpp:9,
tsvc_2_s314,none,old,g++-14,bonsall,True,0,,2,canon_cpu.cpp:25 canon_cpu.cpp:9,
tsvc_2_s314,none,old,g++-14,unsafe,True,0,,2,canon_cpu.cpp:25 canon_cpu.cpp:9,
tsvc_2_s314,none,old,g++-14,harness,True,0,,2,canon_cpu.cpp:25 canon_cpu.cpp:9,
tsvc_2_s316,canon,legacy,g++-13,bonsall,True,0,,2,reduction.h:1005 reduction.h:1006,
tsvc_2_s316,canon,legacy,g++-13,unsafe,True,1,reduction.h:1006,1,reduction.h:1005,
tsvc_2_s316,canon,legacy,g++-13,harness,True,0,,2,reduction.h:1005 reduction.h:1006,
tsvc_2_s316,canon,legacy,g++-14,bonsall,True,0,,2,reduction.h:1005 reduction.h:1006,
tsvc_2_s316,canon,legacy,g++-14,unsafe,True,1,reduction.h:1006,1,reduction.h:1005,
tsvc_2_s316,canon,legacy,g++-14,harness,True,0,,2,reduction.h:1005 reduction.h:1006,
tsvc_2_s316,canon,new,g++-13,bonsall,True,0,,2,reduction.h:1005 reduction.h:1006,
tsvc_2_s316,canon,new,g++-13,unsafe,True,1,reduction.h:1006,1,reduction.h:1005,
tsvc_2_s316,canon,new,g++-13,harness,True,0,,2,reduction.h:1005 reduction.h:1006,
tsvc_2_s316,canon,new,g++-14,bonsall,True,0,,2,reduction.h:1005 reduction.h:1006,
tsvc_2_s316,canon,new,g++-14,unsafe,True,1,reduction.h:1006,1,reduction.h:1005,
tsvc_2_s316,canon,new,g++-14,harness,True,0,,2,reduction.h:1005 reduction.h:1006,
tsvc_2_s316,canon,old,g++-13,bonsall,True,0,,2,reduction.h:1005 reduction.h:1006,
tsvc_2_s316,canon,old,g++-13,unsafe,True,1,reduction.h:1006,1,reduction.h:1005,
tsvc_2_s316,canon,old,g++-13,harness,True,0,,2,reduction.h:1005 reduction.h:1006,
tsvc_2_s316,canon,old,g++-14,bonsall,True,0,,2,reduction.h:1005 reduction.h:1006,
tsvc_2_s316,canon,old,g++-14,unsafe,True,1,reduction.h:1006,1,reduction.h:1005,
tsvc_2_s316,canon,old,g++-14,harness,True,0,,2,reduction.h:1005 reduction.h:1006,
tsvc_2_s316,none,legacy,g++-13,bonsall,True,0,,2,canon_cpu.cpp:33 canon_cpu.cpp:9,
tsvc_2_s316,none,legacy,g++-13,unsafe,True,1,canon_cpu.cpp:33,0,,
tsvc_2_s316,none,legacy,g++-13,harness,True,0,,2,canon_cpu.cpp:33 canon_cpu.cpp:9,
tsvc_2_s316,none,legacy,g++-14,bonsall,True,0,,2,canon_cpu.cpp:33 canon_cpu.cpp:9,
tsvc_2_s316,none,legacy,g++-14,unsafe,True,1,canon_cpu.cpp:33,0,,
tsvc_2_s316,none,legacy,g++-14,harness,True,0,,2,canon_cpu.cpp:33 canon_cpu.cpp:9,
tsvc_2_s316,none,new,g++-13,bonsall,True,0,,2,canon_cpu.cpp:11 canon_cpu.cpp:24,
tsvc_2_s316,none,new,g++-13,unsafe,True,1,canon_cpu.cpp:24,0,,
tsvc_2_s316,none,new,g++-13,harness,True,0,,2,canon_cpu.cpp:11 canon_cpu.cpp:24,
tsvc_2_s316,none,new,g++-14,bonsall,True,0,,2,canon_cpu.cpp:11 canon_cpu.cpp:24,
tsvc_2_s316,none,new,g++-14,unsafe,True,1,canon_cpu.cpp:24,0,,
tsvc_2_s316,none,new,g++-14,harness,True,0,,2,canon_cpu.cpp:11 canon_cpu.cpp:24,
tsvc_2_s316,none,old,g++-13,bonsall,True,0,,2,canon_cpu.cpp:25 canon_cpu.cpp:9,
tsvc_2_s316,none,old,g++-13,unsafe,True,0,,2,canon_cpu.cpp:25 canon_cpu.cpp:9,
tsvc_2_s316,none,old,g++-13,harness,True,0,,2,canon_cpu.cpp:25 canon_cpu.cpp:9,
tsvc_2_s316,none,old,g++-14,bonsall,True,0,,2,canon_cpu.cpp:25 canon_cpu.cpp:9,
tsvc_2_s316,none,old,g++-14,unsafe,True,0,,2,canon_cpu.cpp:25 canon_cpu.cpp:9,
tsvc_2_s316,none,old,g++-14,harness,True,0,,2,canon_cpu.cpp:25 canon_cpu.cpp:9,
tsvc_2_s318,canon,legacy,g++-13,bonsall,True,0,,4,canon_cpu.cpp:26 canon_cpu.cpp:27 canon_cpu.cpp:32 canon_cpu.cpp:33,
tsvc_2_s318,canon,legacy,g++-13,unsafe,True,0,,4,canon_cpu.cpp:26 canon_cpu.cpp:27 canon_cpu.cpp:32 canon_cpu.cpp:33,
tsvc_2_s318,canon,legacy,g++-13,harness,True,0,,5,canon_cpu.cpp:26 canon_cpu.cpp:27 canon_cpu.cpp:30 canon_cpu.cpp:32 canon_cpu.cpp:33,
tsvc_2_s318,canon,legacy,g++-14,bonsall,True,0,,4,canon_cpu.cpp:26 canon_cpu.cpp:27 canon_cpu.cpp:32 canon_cpu.cpp:33,
tsvc_2_s318,canon,legacy,g++-14,unsafe,True,0,,4,canon_cpu.cpp:26 canon_cpu.cpp:27 canon_cpu.cpp:32 canon_cpu.cpp:33,
tsvc_2_s318,canon,legacy,g++-14,harness,True,0,,5,canon_cpu.cpp:26 canon_cpu.cpp:27 canon_cpu.cpp:30 canon_cpu.cpp:32 canon_cpu.cpp:33,
tsvc_2_s318,canon,new,g++-13,bonsall,True,0,,4,canon_cpu.cpp:25 canon_cpu.cpp:26 canon_cpu.cpp:31 canon_cpu.cpp:32,
tsvc_2_s318,canon,new,g++-13,unsafe,True,0,,4,canon_cpu.cpp:25 canon_cpu.cpp:26 canon_cpu.cpp:31 canon_cpu.cpp:32,
tsvc_2_s318,canon,new,g++-13,harness,True,0,,5,canon_cpu.cpp:25 canon_cpu.cpp:26 canon_cpu.cpp:29 canon_cpu.cpp:31 canon_cpu.cpp:32,
tsvc_2_s318,canon,new,g++-14,bonsall,True,0,,4,canon_cpu.cpp:25 canon_cpu.cpp:26 canon_cpu.cpp:31 canon_cpu.cpp:32,
tsvc_2_s318,canon,new,g++-14,unsafe,True,0,,4,canon_cpu.cpp:25 canon_cpu.cpp:26 canon_cpu.cpp:31 canon_cpu.cpp:32,
tsvc_2_s318,canon,new,g++-14,harness,True,0,,5,canon_cpu.cpp:25 canon_cpu.cpp:26 canon_cpu.cpp:29 canon_cpu.cpp:31 canon_cpu.cpp:32,
tsvc_2_s318,canon,old,g++-13,bonsall,True,0,,4,canon_cpu.cpp:26 canon_cpu.cpp:27 canon_cpu.cpp:32 canon_cpu.cpp:33,
tsvc_2_s318,canon,old,g++-13,unsafe,True,0,,4,canon_cpu.cpp:26 canon_cpu.cpp:27 canon_cpu.cpp:32 canon_cpu.cpp:33,
tsvc_2_s318,canon,old,g++-13,harness,True,0,,5,canon_cpu.cpp:26 canon_cpu.cpp:27 canon_cpu.cpp:30 canon_cpu.cpp:32 canon_cpu.cpp:33,
tsvc_2_s318,canon,old,g++-14,bonsall,True,0,,4,canon_cpu.cpp:26 canon_cpu.cpp:27 canon_cpu.cpp:32 canon_cpu.cpp:33,
tsvc_2_s318,canon,old,g++-14,unsafe,True,0,,4,canon_cpu.cpp:26 canon_cpu.cpp:27 canon_cpu.cpp:32 canon_cpu.cpp:33,
tsvc_2_s318,canon,old,g++-14,harness,True,0,,5,canon_cpu.cpp:26 canon_cpu.cpp:27 canon_cpu.cpp:30 canon_cpu.cpp:32 canon_cpu.cpp:33,
tsvc_2_s318,none,legacy,g++-13,bonsall,True,0,,1,canon_cpu.cpp:27,
tsvc_2_s318,none,legacy,g++-13,unsafe,True,0,,2,canon_cpu.cpp:27 canon_cpu.cpp:9,
tsvc_2_s318,none,legacy,g++-13,harness,True,0,,2,canon_cpu.cpp:27 canon_cpu.cpp:9,
tsvc_2_s318,none,legacy,g++-14,bonsall,True,0,,1,canon_cpu.cpp:27,
tsvc_2_s318,none,legacy,g++-14,unsafe,True,0,,2,canon_cpu.cpp:27 canon_cpu.cpp:9,
tsvc_2_s318,none,legacy,g++-14,harness,True,0,,2,canon_cpu.cpp:27 canon_cpu.cpp:9,
tsvc_2_s318,none,new,g++-13,bonsall,True,0,,1,canon_cpu.cpp:27,
tsvc_2_s318,none,new,g++-13,unsafe,True,0,,2,canon_cpu.cpp:10 canon_cpu.cpp:27,
tsvc_2_s318,none,new,g++-13,harness,True,0,,2,canon_cpu.cpp:10 canon_cpu.cpp:27,
tsvc_2_s318,none,new,g++-14,bonsall,True,0,,1,canon_cpu.cpp:27,
tsvc_2_s318,none,new,g++-14,unsafe,True,0,,2,canon_cpu.cpp:10 canon_cpu.cpp:27,
tsvc_2_s318,none,new,g++-14,harness,True,0,,2,canon_cpu.cpp:10 canon_cpu.cpp:27,
tsvc_2_s318,none,old,g++-13,bonsall,True,0,,1,canon_cpu.cpp:27,
tsvc_2_s318,none,old,g++-13,unsafe,True,0,,2,canon_cpu.cpp:27 canon_cpu.cpp:9,
tsvc_2_s318,none,old,g++-13,harness,True,0,,2,canon_cpu.cpp:27 canon_cpu.cpp:9,
tsvc_2_s318,none,old,g++-14,bonsall,True,0,,1,canon_cpu.cpp:27,
tsvc_2_s318,none,old,g++-14,unsafe,True,0,,2,canon_cpu.cpp:27 canon_cpu.cpp:9,
tsvc_2_s318,none,old,g++-14,harness,True,0,,2,canon_cpu.cpp:27 canon_cpu.cpp:9,
tsvc_2_s319,canon,legacy,g++-13,bonsall,True,1,canon_cpu.cpp:53,1,canon_cpu.cpp:45,
tsvc_2_s319,canon,legacy,g++-13,unsafe,True,1,canon_cpu.cpp:53,1,canon_cpu.cpp:45,
tsvc_2_s319,canon,legacy,g++-13,harness,True,1,canon_cpu.cpp:53,1,canon_cpu.cpp:45,
tsvc_2_s319,canon,legacy,g++-14,bonsall,True,1,canon_cpu.cpp:53,1,canon_cpu.cpp:45,
tsvc_2_s319,canon,legacy,g++-14,unsafe,True,1,canon_cpu.cpp:53,1,canon_cpu.cpp:45,
tsvc_2_s319,canon,legacy,g++-14,harness,True,1,canon_cpu.cpp:53,1,canon_cpu.cpp:45,
tsvc_2_s319,canon,new,g++-13,bonsall,True,1,canon_cpu.cpp:46,1,canon_cpu.cpp:39,
tsvc_2_s319,canon,new,g++-13,unsafe,True,1,canon_cpu.cpp:46,1,canon_cpu.cpp:39,
tsvc_2_s319,canon,new,g++-13,harness,True,1,canon_cpu.cpp:46,1,canon_cpu.cpp:39,
tsvc_2_s319,canon,new,g++-14,bonsall,True,1,canon_cpu.cpp:46,1,canon_cpu.cpp:39,
tsvc_2_s319,canon,new,g++-14,unsafe,True,1,canon_cpu.cpp:46,1,canon_cpu.cpp:39,
tsvc_2_s319,canon,new,g++-14,harness,True,1,canon_cpu.cpp:46,1,canon_cpu.cpp:39,
tsvc_2_s319,canon,old,g++-13,bonsall,True,0,,3,canon_cpu.cpp:45 canon_cpu.cpp:53 reduction.h:216,
tsvc_2_s319,canon,old,g++-13,unsafe,True,0,,3,canon_cpu.cpp:45 canon_cpu.cpp:53 reduction.h:216,
tsvc_2_s319,canon,old,g++-13,harness,True,0,,3,canon_cpu.cpp:45 canon_cpu.cpp:53 reduction.h:216,
tsvc_2_s319,canon,old,g++-14,bonsall,True,0,,3,canon_cpu.cpp:45 canon_cpu.cpp:53 reduction.h:216,
tsvc_2_s319,canon,old,g++-14,unsafe,True,0,,3,canon_cpu.cpp:45 canon_cpu.cpp:53 reduction.h:216,
tsvc_2_s319,canon,old,g++-14,harness,True,0,,3,canon_cpu.cpp:45 canon_cpu.cpp:53 reduction.h:216,
tsvc_2_s319,none,legacy,g++-13,bonsall,True,0,,2,canon_cpu.cpp:39 canon_cpu.cpp:9,
tsvc_2_s319,none,legacy,g++-13,unsafe,True,1,canon_cpu.cpp:39,0,,
tsvc_2_s319,none,legacy,g++-13,harness,True,0,,2,canon_cpu.cpp:39 canon_cpu.cpp:9,
tsvc_2_s319,none,legacy,g++-14,bonsall,True,0,,2,canon_cpu.cpp:39 canon_cpu.cpp:9,
tsvc_2_s319,none,legacy,g++-14,unsafe,True,1,canon_cpu.cpp:39,0,,
tsvc_2_s319,none,legacy,g++-14,harness,True,0,,2,canon_cpu.cpp:39 canon_cpu.cpp:9,
tsvc_2_s319,none,new,g++-13,bonsall,True,0,,2,canon_cpu.cpp:14 canon_cpu.cpp:34,
tsvc_2_s319,none,new,g++-13,unsafe,True,1,canon_cpu.cpp:34,0,,
tsvc_2_s319,none,new,g++-13,harness,True,0,,2,canon_cpu.cpp:14 canon_cpu.cpp:34,
tsvc_2_s319,none,new,g++-14,bonsall,True,0,,2,canon_cpu.cpp:14 canon_cpu.cpp:34,
tsvc_2_s319,none,new,g++-14,unsafe,True,1,canon_cpu.cpp:34,0,,
tsvc_2_s319,none,new,g++-14,harness,True,0,,2,canon_cpu.cpp:14 canon_cpu.cpp:34,
tsvc_2_s319,none,old,g++-13,bonsall,True,0,,2,canon_cpu.cpp:39 canon_cpu.cpp:9,
tsvc_2_s319,none,old,g++-13,unsafe,True,1,canon_cpu.cpp:39,0,,
tsvc_2_s319,none,old,g++-13,harness,True,0,,2,canon_cpu.cpp:39 canon_cpu.cpp:9,
tsvc_2_s319,none,old,g++-14,bonsall,True,0,,2,canon_cpu.cpp:39 canon_cpu.cpp:9,
tsvc_2_s319,none,old,g++-14,unsafe,True,1,canon_cpu.cpp:39,0,,
tsvc_2_s319,none,old,g++-14,harness,True,0,,2,canon_cpu.cpp:39 canon_cpu.cpp:9,
tsvc_2_s323,canon,legacy,g++-13,bonsall,True,6,canon_cpu.cpp:127 canon_cpu.cpp:42 scan.hpp:149 scan.hpp:150 scan.hpp:181 scan.hpp:183,3,scan.hpp:284 scan.hpp:292 scan.hpp:364,
tsvc_2_s323,canon,legacy,g++-13,unsafe,True,6,canon_cpu.cpp:127 canon_cpu.cpp:42 scan.hpp:149 scan.hpp:150 scan.hpp:181 scan.hpp:183,3,scan.hpp:284 scan.hpp:292 scan.hpp:364,
tsvc_2_s323,canon,legacy,g++-13,harness,True,6,canon_cpu.cpp:127 canon_cpu.cpp:42 scan.hpp:149 scan.hpp:150 scan.hpp:181 scan.hpp:183,7,canon_cpu.cpp:123 canon_cpu.cpp:35 scan.hpp:277 scan.hpp:284 scan.hpp:292 scan.hpp:360 scan.hpp:364,
tsvc_2_s323,canon,legacy,g++-14,bonsall,True,6,canon_cpu.cpp:127 canon_cpu.cpp:42 scan.hpp:149 scan.hpp:150 scan.hpp:181 scan.hpp:183,3,scan.hpp:284 scan.hpp:292 scan.hpp:364,
tsvc_2_s323,canon,legacy,g++-14,unsafe,True,6,canon_cpu.cpp:127 canon_cpu.cpp:42 scan.hpp:149 scan.hpp:150 scan.hpp:181 scan.hpp:183,3,scan.hpp:284 scan.hpp:292 scan.hpp:364,
tsvc_2_s323,canon,legacy,g++-14,harness,True,6,canon_cpu.cpp:127 canon_cpu.cpp:42 scan.hpp:149 scan.hpp:150 scan.hpp:181 scan.hpp:183,7,canon_cpu.cpp:123 canon_cpu.cpp:35 scan.hpp:277 scan.hpp:284 scan.hpp:292 scan.hpp:360 scan.hpp:364,
tsvc_2_s323,canon,new,g++-13,bonsall,True,6,canon_cpu.cpp:42 canon_cpu.cpp:59 scan.hpp:149 scan.hpp:150 scan.hpp:181 scan.hpp:183,3,scan.hpp:284 scan.hpp:292 scan.hpp:364,
tsvc_2_s323,canon,new,g++-13,unsafe,True,6,canon_cpu.cpp:42 canon_cpu.cpp:59 scan.hpp:149 scan.hpp:150 scan.hpp:181 scan.hpp:183,3,scan.hpp:284 scan.hpp:292 scan.hpp:364,
tsvc_2_s323,canon,new,g++-13,harness,True,6,canon_cpu.cpp:42 canon_cpu.cpp:59 scan.hpp:149 scan.hpp:150 scan.hpp:181 scan.hpp:183,7,canon_cpu.cpp:36 canon_cpu.cpp:56 scan.hpp:277 scan.hpp:284 scan.hpp:292 scan.hpp:360 scan.hpp:364,
tsvc_2_s323,canon,new,g++-14,bonsall,True,6,canon_cpu.cpp:42 canon_cpu.cpp:59 scan.hpp:149 scan.hpp:150 scan.hpp:181 scan.hpp:183,3,scan.hpp:284 scan.hpp:292 scan.hpp:364,
tsvc_2_s323,canon,new,g++-14,unsafe,True,6,canon_cpu.cpp:42 canon_cpu.cpp:59 scan.hpp:149 scan.hpp:150 scan.hpp:181 scan.hpp:183,3,scan.hpp:284 scan.hpp:292 scan.hpp:364,
tsvc_2_s323,canon,new,g++-14,harness,True,6,canon_cpu.cpp:42 canon_cpu.cpp:59 scan.hpp:149 scan.hpp:150 scan.hpp:181 scan.hpp:183,7,canon_cpu.cpp:36 canon_cpu.cpp:56 scan.hpp:277 scan.hpp:284 scan.hpp:292 scan.hpp:360 scan.hpp:364,
tsvc_2_s323,canon,old,g++-13,bonsall,True,6,canon_cpu.cpp:127 canon_cpu.cpp:42 scan.hpp:149 scan.hpp:150 scan.hpp:181 scan.hpp:183,3,scan.hpp:284 scan.hpp:292 scan.hpp:364,
tsvc_2_s323,canon,old,g++-13,unsafe,True,6,canon_cpu.cpp:127 canon_cpu.cpp:42 scan.hpp:149 scan.hpp:150 scan.hpp:181 scan.hpp:183,3,scan.hpp:284 scan.hpp:292 scan.hpp:364,
tsvc_2_s323,canon,old,g++-13,harness,True,6,canon_cpu.cpp:127 canon_cpu.cpp:42 scan.hpp:149 scan.hpp:150 scan.hpp:181 scan.hpp:183,7,canon_cpu.cpp:123 canon_cpu.cpp:35 scan.hpp:277 scan.hpp:284 scan.hpp:292 scan.hpp:360 scan.hpp:364,
tsvc_2_s323,canon,old,g++-14,bonsall,True,6,canon_cpu.cpp:127 canon_cpu.cpp:42 scan.hpp:149 scan.hpp:150 scan.hpp:181 scan.hpp:183,3,scan.hpp:284 scan.hpp:292 scan.hpp:364,
tsvc_2_s323,canon,old,g++-14,unsafe,True,6,canon_cpu.cpp:127 canon_cpu.cpp:42 scan.hpp:149 scan.hpp:150 scan.hpp:181 scan.hpp:183,3,scan.hpp:284 scan.hpp:292 scan.hpp:364,
tsvc_2_s323,canon,old,g++-14,harness,True,6,canon_cpu.cpp:127 canon_cpu.cpp:42 scan.hpp:149 scan.hpp:150 scan.hpp:181 scan.hpp:183,7,canon_cpu.cpp:123 canon_cpu.cpp:35 scan.hpp:277 scan.hpp:284 scan.hpp:292 scan.hpp:360 scan.hpp:364,
tsvc_2_s323,none,legacy,g++-13,bonsall,True,0,,1,canon_cpu.cpp:24,
tsvc_2_s323,none,legacy,g++-13,unsafe,True,0,,1,canon_cpu.cpp:24,
tsvc_2_s323,none,legacy,g++-13,harness,True,0,,1,canon_cpu.cpp:24,
tsvc_2_s323,none,legacy,g++-14,bonsall,True,0,,1,canon_cpu.cpp:24,
tsvc_2_s323,none,legacy,g++-14,unsafe,True,0,,1,canon_cpu.cpp:24,
tsvc_2_s323,none,legacy,g++-14,harness,True,0,,1,canon_cpu.cpp:24,
tsvc_2_s323,none,new,g++-13,bonsall,True,0,,1,canon_cpu.cpp:28,
tsvc_2_s323,none,new,g++-13,unsafe,True,0,,1,canon_cpu.cpp:28,
tsvc_2_s323,none,new,g++-13,harness,True,0,,1,canon_cpu.cpp:28,
tsvc_2_s323,none,new,g++-14,bonsall,True,0,,1,canon_cpu.cpp:28,
tsvc_2_s323,none,new,g++-14,unsafe,True,0,,1,canon_cpu.cpp:28,
tsvc_2_s323,none,new,g++-14,harness,True,0,,1,canon_cpu.cpp:28,
tsvc_2_s323,none,old,g++-13,bonsall,True,0,,1,canon_cpu.cpp:24,
tsvc_2_s323,none,old,g++-13,unsafe,True,0,,1,canon_cpu.cpp:24,
tsvc_2_s323,none,old,g++-13,harness,True,0,,1,canon_cpu.cpp:24,
tsvc_2_s323,none,old,g++-14,bonsall,True,0,,1,canon_cpu.cpp:24,
tsvc_2_s323,none,old,g++-14,unsafe,True,0,,1,canon_cpu.cpp:24,
tsvc_2_s323,none,old,g++-14,harness,True,0,,1,canon_cpu.cpp:24,
tsvc_2_s4112,canon,legacy,g++-13,bonsall,True,0,,1,canon_cpu.cpp:16,
tsvc_2_s4112,canon,legacy,g++-13,unsafe,True,0,,1,canon_cpu.cpp:16,
tsvc_2_s4112,canon,legacy,g++-13,harness,True,0,,2,canon_cpu.cpp:16 canon_cpu.cpp:79,
tsvc_2_s4112,canon,legacy,g++-14,bonsall,True,0,,1,canon_cpu.cpp:16,
tsvc_2_s4112,canon,legacy,g++-14,unsafe,True,0,,1,canon_cpu.cpp:16,
tsvc_2_s4112,canon,legacy,g++-14,harness,True,0,,2,canon_cpu.cpp:16 canon_cpu.cpp:79,
tsvc_2_s4112,canon,new,g++-13,bonsall,True,0,,1,canon_cpu.cpp:17,
tsvc_2_s4112,canon,new,g++-13,unsafe,True,0,,1,canon_cpu.cpp:17,
tsvc_2_s4112,canon,new,g++-13,harness,True,0,,2,canon_cpu.cpp:17 canon_cpu.cpp:43,
tsvc_2_s4112,canon,new,g++-14,bonsall,True,0,,1,canon_cpu.cpp:17,
tsvc_2_s4112,canon,new,g++-14,unsafe,True,0,,1,canon_cpu.cpp:17,
tsvc_2_s4112,canon,new,g++-14,harness,True,0,,2,canon_cpu.cpp:17 canon_cpu.cpp:43,
tsvc_2_s4112,canon,old,g++-13,bonsall,True,0,,1,canon_cpu.cpp:16,
tsvc_2_s4112,canon,old,g++-13,unsafe,True,0,,1,canon_cpu.cpp:16,
tsvc_2_s4112,canon,old,g++-13,harness,True,0,,2,canon_cpu.cpp:16 canon_cpu.cpp:79,
tsvc_2_s4112,canon,old,g++-14,bonsall,True,0,,1,canon_cpu.cpp:16,
tsvc_2_s4112,canon,old,g++-14,unsafe,True,0,,1,canon_cpu.cpp:16,
tsvc_2_s4112,canon,old,g++-14,harness,True,0,,2,canon_cpu.cpp:16 canon_cpu.cpp:79,
tsvc_2_s4112,none,legacy,g++-13,bonsall,True,1,canon_cpu.cpp:19,0,,
tsvc_2_s4112,none,legacy,g++-13,unsafe,True,1,canon_cpu.cpp:19,0,,
tsvc_2_s4112,none,legacy,g++-13,harness,True,1,canon_cpu.cpp:19,0,,
tsvc_2_s4112,none,legacy,g++-14,bonsall,True,1,canon_cpu.cpp:19,0,,
tsvc_2_s4112,none,legacy,g++-14,unsafe,True,1,canon_cpu.cpp:19,0,,
tsvc_2_s4112,none,legacy,g++-14,harness,True,1,canon_cpu.cpp:19,0,,
tsvc_2_s4112,none,new,g++-13,bonsall,True,1,canon_cpu.cpp:20,0,,
tsvc_2_s4112,none,new,g++-13,unsafe,True,1,canon_cpu.cpp:20,0,,
tsvc_2_s4112,none,new,g++-13,harness,True,1,canon_cpu.cpp:20,0,,
tsvc_2_s4112,none,new,g++-14,bonsall,True,1,canon_cpu.cpp:20,0,,
tsvc_2_s4112,none,new,g++-14,unsafe,True,1,canon_cpu.cpp:20,0,,
tsvc_2_s4112,none,new,g++-14,harness,True,1,canon_cpu.cpp:20,0,,
tsvc_2_s4112,none,old,g++-13,bonsall,True,1,canon_cpu.cpp:19,0,,
tsvc_2_s4112,none,old,g++-13,unsafe,True,1,canon_cpu.cpp:19,0,,
tsvc_2_s4112,none,old,g++-13,harness,True,1,canon_cpu.cpp:19,0,,
tsvc_2_s4112,none,old,g++-14,bonsall,True,1,canon_cpu.cpp:19,0,,
tsvc_2_s4112,none,old,g++-14,unsafe,True,1,canon_cpu.cpp:19,0,,
tsvc_2_s4112,none,old,g++-14,harness,True,1,canon_cpu.cpp:19,0,,
tsvc_2_s453,canon,legacy,g++-13,bonsall,True,1,canon_cpu.cpp:44,0,,
tsvc_2_s453,canon,legacy,g++-13,unsafe,True,1,canon_cpu.cpp:44,0,,
tsvc_2_s453,canon,legacy,g++-13,harness,True,1,canon_cpu.cpp:44,1,canon_cpu.cpp:40,
tsvc_2_s453,canon,legacy,g++-14,bonsall,True,1,canon_cpu.cpp:44,0,,
tsvc_2_s453,canon,legacy,g++-14,unsafe,True,1,canon_cpu.cpp:44,0,,
tsvc_2_s453,canon,legacy,g++-14,harness,True,1,canon_cpu.cpp:44,1,canon_cpu.cpp:40,
tsvc_2_s453,canon,new,g++-13,bonsall,True,1,canon_cpu.cpp:29,0,,
tsvc_2_s453,canon,new,g++-13,unsafe,True,1,canon_cpu.cpp:29,0,,
tsvc_2_s453,canon,new,g++-13,harness,True,1,canon_cpu.cpp:29,1,canon_cpu.cpp:25,
tsvc_2_s453,canon,new,g++-14,bonsall,True,1,canon_cpu.cpp:29,0,,
tsvc_2_s453,canon,new,g++-14,unsafe,True,1,canon_cpu.cpp:29,0,,
tsvc_2_s453,canon,new,g++-14,harness,True,1,canon_cpu.cpp:29,1,canon_cpu.cpp:25,
tsvc_2_s453,canon,old,g++-13,bonsall,True,1,canon_cpu.cpp:44,0,,
tsvc_2_s453,canon,old,g++-13,unsafe,True,1,canon_cpu.cpp:44,0,,
tsvc_2_s453,canon,old,g++-13,harness,True,1,canon_cpu.cpp:44,1,canon_cpu.cpp:40,
tsvc_2_s453,canon,old,g++-14,bonsall,True,1,canon_cpu.cpp:44,0,,
tsvc_2_s453,canon,old,g++-14,unsafe,True,1,canon_cpu.cpp:44,0,,
tsvc_2_s453,canon,old,g++-14,harness,True,1,canon_cpu.cpp:44,1,canon_cpu.cpp:40,
tsvc_2_s453,none,legacy,g++-13,bonsall,True,0,,2,canon_cpu.cpp:32 canon_cpu.cpp:41,
tsvc_2_s453,none,legacy,g++-13,unsafe,True,1,canon_cpu.cpp:32,0,,
tsvc_2_s453,none,legacy,g++-13,harness,True,0,,2,canon_cpu.cpp:32 canon_cpu.cpp:41,
tsvc_2_s453,none,legacy,g++-14,bonsall,True,0,,2,canon_cpu.cpp:32 canon_cpu.cpp:41,
tsvc_2_s453,none,legacy,g++-14,unsafe,True,1,canon_cpu.cpp:32,0,,
tsvc_2_s453,none,legacy,g++-14,harness,True,0,,2,canon_cpu.cpp:32 canon_cpu.cpp:41,
tsvc_2_s453,none,new,g++-13,bonsall,True,0,,2,canon_cpu.cpp:24 canon_cpu.cpp:27,
tsvc_2_s453,none,new,g++-13,unsafe,True,1,canon_cpu.cpp:24,0,,
tsvc_2_s453,none,new,g++-13,harness,True,0,,2,canon_cpu.cpp:24 canon_cpu.cpp:27,
tsvc_2_s453,none,new,g++-14,bonsall,True,0,,2,canon_cpu.cpp:24 canon_cpu.cpp:27,
tsvc_2_s453,none,new,g++-14,unsafe,True,1,canon_cpu.cpp:24,0,,
tsvc_2_s453,none,new,g++-14,harness,True,0,,2,canon_cpu.cpp:24 canon_cpu.cpp:27,
tsvc_2_s453,none,old,g++-13,bonsall,True,0,,2,canon_cpu.cpp:32 canon_cpu.cpp:41,
tsvc_2_s453,none,old,g++-13,unsafe,True,1,canon_cpu.cpp:32,0,,
tsvc_2_s453,none,old,g++-13,harness,True,0,,2,canon_cpu.cpp:32 canon_cpu.cpp:41,
tsvc_2_s453,none,old,g++-14,bonsall,True,0,,2,canon_cpu.cpp:32 canon_cpu.cpp:41,
tsvc_2_s453,none,old,g++-14,unsafe,True,1,canon_cpu.cpp:32,0,,
tsvc_2_s453,none,old,g++-14,harness,True,0,,2,canon_cpu.cpp:32 canon_cpu.cpp:41,
tsvc_2_vag,canon,legacy,g++-13,bonsall,True,0,,1,canon_cpu.cpp:13,
tsvc_2_vag,canon,legacy,g++-13,unsafe,True,0,,1,canon_cpu.cpp:13,
tsvc_2_vag,canon,legacy,g++-13,harness,True,0,,2,canon_cpu.cpp:13 canon_cpu.cpp:51,
tsvc_2_vag,canon,legacy,g++-14,bonsall,True,0,,1,canon_cpu.cpp:13,
tsvc_2_vag,canon,legacy,g++-14,unsafe,True,0,,1,canon_cpu.cpp:13,
tsvc_2_vag,canon,legacy,g++-14,harness,True,0,,2,canon_cpu.cpp:13 canon_cpu.cpp:51,
tsvc_2_vag,canon,new,g++-13,bonsall,True,0,,1,canon_cpu.cpp:15,
tsvc_2_vag,canon,new,g++-13,unsafe,True,0,,1,canon_cpu.cpp:15,
tsvc_2_vag,canon,new,g++-13,harness,True,0,,2,canon_cpu.cpp:15 canon_cpu.cpp:36,
tsvc_2_vag,canon,new,g++-14,bonsall,True,0,,1,canon_cpu.cpp:15,
tsvc_2_vag,canon,new,g++-14,unsafe,True,0,,1,canon_cpu.cpp:15,
tsvc_2_vag,canon,new,g++-14,harness,True,0,,2,canon_cpu.cpp:15 canon_cpu.cpp:36,
tsvc_2_vag,canon,old,g++-13,bonsall,True,0,,1,canon_cpu.cpp:13,
tsvc_2_vag,canon,old,g++-13,unsafe,True,0,,1,canon_cpu.cpp:13,
tsvc_2_vag,canon,old,g++-13,harness,True,0,,2,canon_cpu.cpp:13 canon_cpu.cpp:51,
tsvc_2_vag,canon,old,g++-14,bonsall,True,0,,1,canon_cpu.cpp:13,
tsvc_2_vag,canon,old,g++-14,unsafe,True,0,,1,canon_cpu.cpp:13,
tsvc_2_vag,canon,old,g++-14,harness,True,0,,2,canon_cpu.cpp:13 canon_cpu.cpp:51,
tsvc_2_vag,none,legacy,g++-13,bonsall,True,1,canon_cpu.cpp:16,0,,
tsvc_2_vag,none,legacy,g++-13,unsafe,True,1,canon_cpu.cpp:16,0,,
tsvc_2_vag,none,legacy,g++-13,harness,True,0,,1,canon_cpu.cpp:16,
tsvc_2_vag,none,legacy,g++-14,bonsall,True,1,canon_cpu.cpp:16,0,,
tsvc_2_vag,none,legacy,g++-14,unsafe,True,1,canon_cpu.cpp:16,0,,
tsvc_2_vag,none,legacy,g++-14,harness,True,0,,1,canon_cpu.cpp:16,
tsvc_2_vag,none,new,g++-13,bonsall,True,1,canon_cpu.cpp:17,0,,
tsvc_2_vag,none,new,g++-13,unsafe,True,1,canon_cpu.cpp:17,0,,
tsvc_2_vag,none,new,g++-13,harness,True,0,,1,canon_cpu.cpp:17,
tsvc_2_vag,none,new,g++-14,bonsall,True,1,canon_cpu.cpp:17,0,,
tsvc_2_vag,none,new,g++-14,unsafe,True,1,canon_cpu.cpp:17,0,,
tsvc_2_vag,none,new,g++-14,harness,True,0,,1,canon_cpu.cpp:17,
tsvc_2_vag,none,old,g++-13,bonsall,True,1,canon_cpu.cpp:16,0,,
tsvc_2_vag,none,old,g++-13,unsafe,True,1,canon_cpu.cpp:16,0,,
tsvc_2_vag,none,old,g++-13,harness,True,0,,1,canon_cpu.cpp:16,
tsvc_2_vag,none,old,g++-14,bonsall,True,1,canon_cpu.cpp:16,0,,
tsvc_2_vag,none,old,g++-14,unsafe,True,1,canon_cpu.cpp:16,0,,
tsvc_2_vag,none,old,g++-14,harness,True,0,,1,canon_cpu.cpp:16,
tsvc_2_vdotr,canon,legacy,g++-13,bonsall,True,1,canon_cpu.cpp:70,1,canon_cpu.cpp:65,
tsvc_2_vdotr,canon,legacy,g++-13,unsafe,True,1,canon_cpu.cpp:70,1,canon_cpu.cpp:65,
tsvc_2_vdotr,canon,legacy,g++-13,harness,True,1,canon_cpu.cpp:70,1,canon_cpu.cpp:65,
tsvc_2_vdotr,canon,legacy,g++-14,bonsall,True,1,canon_cpu.cpp:70,1,canon_cpu.cpp:65,
tsvc_2_vdotr,canon,legacy,g++-14,unsafe,True,1,canon_cpu.cpp:70,1,canon_cpu.cpp:65,
tsvc_2_vdotr,canon,legacy,g++-14,harness,True,1,canon_cpu.cpp:70,1,canon_cpu.cpp:65,
tsvc_2_vdotr,canon,new,g++-13,bonsall,True,1,canon_cpu.cpp:42,1,canon_cpu.cpp:38,
tsvc_2_vdotr,canon,new,g++-13,unsafe,True,1,canon_cpu.cpp:42,1,canon_cpu.cpp:38,
tsvc_2_vdotr,canon,new,g++-13,harness,True,1,canon_cpu.cpp:42,1,canon_cpu.cpp:38,
tsvc_2_vdotr,canon,new,g++-14,bonsall,True,1,canon_cpu.cpp:42,1,canon_cpu.cpp:38,
tsvc_2_vdotr,canon,new,g++-14,unsafe,True,1,canon_cpu.cpp:42,1,canon_cpu.cpp:38,
tsvc_2_vdotr,canon,new,g++-14,harness,True,1,canon_cpu.cpp:42,1,canon_cpu.cpp:38,
tsvc_2_vdotr,canon,old,g++-13,bonsall,True,0,,3,canon_cpu.cpp:57 canon_cpu.cpp:62 reduction.h:216,
tsvc_2_vdotr,canon,old,g++-13,unsafe,True,0,,3,canon_cpu.cpp:57 canon_cpu.cpp:62 reduction.h:216,
tsvc_2_vdotr,canon,old,g++-13,harness,True,0,,3,canon_cpu.cpp:57 canon_cpu.cpp:62 reduction.h:216,
tsvc_2_vdotr,canon,old,g++-14,bonsall,True,0,,3,canon_cpu.cpp:57 canon_cpu.cpp:62 reduction.h:216,
tsvc_2_vdotr,canon,old,g++-14,unsafe,True,0,,3,canon_cpu.cpp:57 canon_cpu.cpp:62 reduction.h:216,
tsvc_2_vdotr,canon,old,g++-14,harness,True,0,,3,canon_cpu.cpp:57 canon_cpu.cpp:62 reduction.h:216,
tsvc_2_vdotr,none,legacy,g++-13,bonsall,True,1,canon_cpu.cpp:43,0,,
tsvc_2_vdotr,none,legacy,g++-13,unsafe,True,1,canon_cpu.cpp:43,0,,
tsvc_2_vdotr,none,legacy,g++-13,harness,True,1,canon_cpu.cpp:43,0,,
tsvc_2_vdotr,none,legacy,g++-14,bonsall,True,1,canon_cpu.cpp:43,0,,
tsvc_2_vdotr,none,legacy,g++-14,unsafe,True,1,canon_cpu.cpp:43,0,,
tsvc_2_vdotr,none,legacy,g++-14,harness,True,1,canon_cpu.cpp:43,0,,
tsvc_2_vdotr,none,new,g++-13,bonsall,True,1,canon_cpu.cpp:27,0,,
tsvc_2_vdotr,none,new,g++-13,unsafe,True,1,canon_cpu.cpp:27,0,,
tsvc_2_vdotr,none,new,g++-13,harness,True,1,canon_cpu.cpp:27,0,,
tsvc_2_vdotr,none,new,g++-14,bonsall,True,1,canon_cpu.cpp:27,0,,
tsvc_2_vdotr,none,new,g++-14,unsafe,True,1,canon_cpu.cpp:27,0,,
tsvc_2_vdotr,none,new,g++-14,harness,True,1,canon_cpu.cpp:27,0,,
tsvc_2_vdotr,none,old,g++-13,bonsall,True,0,,2,canon_cpu.cpp:43 canon_cpu.cpp:88,
tsvc_2_vdotr,none,old,g++-13,unsafe,True,0,,2,canon_cpu.cpp:43 canon_cpu.cpp:88,
tsvc_2_vdotr,none,old,g++-13,harness,True,0,,2,canon_cpu.cpp:43 canon_cpu.cpp:88,
tsvc_2_vdotr,none,old,g++-14,bonsall,True,0,,2,canon_cpu.cpp:43 canon_cpu.cpp:88,
tsvc_2_vdotr,none,old,g++-14,unsafe,True,0,,2,canon_cpu.cpp:43 canon_cpu.cpp:88,
tsvc_2_vdotr,none,old,g++-14,harness,True,0,,2,canon_cpu.cpp:43 canon_cpu.cpp:88,
tsvc_2_vpvts,canon,legacy,g++-13,bonsall,True,1,canon_cpu.cpp:34,0,,
tsvc_2_vpvts,canon,legacy,g++-13,unsafe,True,1,canon_cpu.cpp:34,0,,
tsvc_2_vpvts,canon,legacy,g++-13,harness,True,1,canon_cpu.cpp:34,1,canon_cpu.cpp:29,
tsvc_2_vpvts,canon,legacy,g++-14,bonsall,True,1,canon_cpu.cpp:34,0,,
tsvc_2_vpvts,canon,legacy,g++-14,unsafe,True,1,canon_cpu.cpp:34,0,,
tsvc_2_vpvts,canon,legacy,g++-14,harness,True,1,canon_cpu.cpp:34,1,canon_cpu.cpp:29,
tsvc_2_vpvts,canon,new,g++-13,bonsall,True,1,canon_cpu.cpp:28,0,,
tsvc_2_vpvts,canon,new,g++-13,unsafe,True,1,canon_cpu.cpp:28,0,,
tsvc_2_vpvts,canon,new,g++-13,harness,True,1,canon_cpu.cpp:28,1,canon_cpu.cpp:24,
tsvc_2_vpvts,canon,new,g++-14,bonsall,True,1,canon_cpu.cpp:28,0,,
tsvc_2_vpvts,canon,new,g++-14,unsafe,True,1,canon_cpu.cpp:28,0,,
tsvc_2_vpvts,canon,new,g++-14,harness,True,1,canon_cpu.cpp:28,1,canon_cpu.cpp:24,
tsvc_2_vpvts,canon,old,g++-13,bonsall,True,1,canon_cpu.cpp:34,0,,
tsvc_2_vpvts,canon,old,g++-13,unsafe,True,1,canon_cpu.cpp:34,0,,
tsvc_2_vpvts,canon,old,g++-13,harness,True,1,canon_cpu.cpp:34,1,canon_cpu.cpp:29,
tsvc_2_vpvts,canon,old,g++-14,bonsall,True,1,canon_cpu.cpp:34,0,,
tsvc_2_vpvts,canon,old,g++-14,unsafe,True,1,canon_cpu.cpp:34,0,,
tsvc_2_vpvts,canon,old,g++-14,harness,True,1,canon_cpu.cpp:34,1,canon_cpu.cpp:29,
tsvc_2_vpvts,none,legacy,g++-13,bonsall,True,1,canon_cpu.cpp:18,0,,
tsvc_2_vpvts,none,legacy,g++-13,unsafe,True,1,canon_cpu.cpp:18,0,,
tsvc_2_vpvts,none,legacy,g++-13,harness,True,1,canon_cpu.cpp:18,0,,
tsvc_2_vpvts,none,legacy,g++-14,bonsall,True,1,canon_cpu.cpp:18,0,,
tsvc_2_vpvts,none,legacy,g++-14,unsafe,True,1,canon_cpu.cpp:18,0,,
tsvc_2_vpvts,none,legacy,g++-14,harness,True,1,canon_cpu.cpp:18,0,,
tsvc_2_vpvts,none,new,g++-13,bonsall,True,1,canon_cpu.cpp:19,0,,
tsvc_2_vpvts,none,new,g++-13,unsafe,True,1,canon_cpu.cpp:19,0,,
tsvc_2_vpvts,none,new,g++-13,harness,True,1,canon_cpu.cpp:19,0,,
tsvc_2_vpvts,none,new,g++-14,bonsall,True,1,canon_cpu.cpp:19,0,,
tsvc_2_vpvts,none,new,g++-14,unsafe,True,1,canon_cpu.cpp:19,0,,
tsvc_2_vpvts,none,new,g++-14,harness,True,1,canon_cpu.cpp:19,0,,
tsvc_2_vpvts,none,old,g++-13,bonsall,True,1,canon_cpu.cpp:18,0,,
tsvc_2_vpvts,none,old,g++-13,unsafe,True,1,canon_cpu.cpp:18,0,,
tsvc_2_vpvts,none,old,g++-13,harness,True,1,canon_cpu.cpp:18,0,,
tsvc_2_vpvts,none,old,g++-14,bonsall,True,1,canon_cpu.cpp:18,0,,
tsvc_2_vpvts,none,old,g++-14,unsafe,True,1,canon_cpu.cpp:18,0,,
tsvc_2_vpvts,none,old,g++-14,harness,True,1,canon_cpu.cpp:18,0,,
tsvc_2_vtvtv,canon,legacy,g++-13,bonsall,True,1,canon_cpu.cpp:35,0,,
tsvc_2_vtvtv,canon,legacy,g++-13,unsafe,True,1,canon_cpu.cpp:35,0,,
tsvc_2_vtvtv,canon,legacy,g++-13,harness,True,1,canon_cpu.cpp:35,1,canon_cpu.cpp:29,
tsvc_2_vtvtv,canon,legacy,g++-14,bonsall,True,1,canon_cpu.cpp:35,0,,
tsvc_2_vtvtv,canon,legacy,g++-14,unsafe,True,1,canon_cpu.cpp:35,0,,
tsvc_2_vtvtv,canon,legacy,g++-14,harness,True,1,canon_cpu.cpp:35,1,canon_cpu.cpp:29,
tsvc_2_vtvtv,canon,new,g++-13,bonsall,True,1,canon_cpu.cpp:30,0,,
tsvc_2_vtvtv,canon,new,g++-13,unsafe,True,1,canon_cpu.cpp:30,0,,
tsvc_2_vtvtv,canon,new,g++-13,harness,True,1,canon_cpu.cpp:30,1,canon_cpu.cpp:25,
tsvc_2_vtvtv,canon,new,g++-14,bonsall,True,1,canon_cpu.cpp:30,0,,
tsvc_2_vtvtv,canon,new,g++-14,unsafe,True,1,canon_cpu.cpp:30,0,,
tsvc_2_vtvtv,canon,new,g++-14,harness,True,1,canon_cpu.cpp:30,1,canon_cpu.cpp:25,
tsvc_2_vtvtv,canon,old,g++-13,bonsall,True,1,canon_cpu.cpp:35,0,,
tsvc_2_vtvtv,canon,old,g++-13,unsafe,True,1,canon_cpu.cpp:35,0,,
tsvc_2_vtvtv,canon,old,g++-13,harness,True,1,canon_cpu.cpp:35,1,canon_cpu.cpp:29,
tsvc_2_vtvtv,canon,old,g++-14,bonsall,True,1,canon_cpu.cpp:35,0,,
tsvc_2_vtvtv,canon,old,g++-14,unsafe,True,1,canon_cpu.cpp:35,0,,
tsvc_2_vtvtv,canon,old,g++-14,harness,True,1,canon_cpu.cpp:35,1,canon_cpu.cpp:29,
tsvc_2_vtvtv,none,legacy,g++-13,bonsall,True,1,canon_cpu.cpp:19,0,,
tsvc_2_vtvtv,none,legacy,g++-13,unsafe,True,1,canon_cpu.cpp:19,0,,
tsvc_2_vtvtv,none,legacy,g++-13,harness,True,1,canon_cpu.cpp:19,0,,
tsvc_2_vtvtv,none,legacy,g++-14,bonsall,True,1,canon_cpu.cpp:19,0,,
tsvc_2_vtvtv,none,legacy,g++-14,unsafe,True,1,canon_cpu.cpp:19,0,,
tsvc_2_vtvtv,none,legacy,g++-14,harness,True,1,canon_cpu.cpp:19,0,,
tsvc_2_vtvtv,none,new,g++-13,bonsall,True,1,canon_cpu.cpp:21,0,,
tsvc_2_vtvtv,none,new,g++-13,unsafe,True,1,canon_cpu.cpp:21,0,,
tsvc_2_vtvtv,none,new,g++-13,harness,True,1,canon_cpu.cpp:21,0,,
tsvc_2_vtvtv,none,new,g++-14,bonsall,True,1,canon_cpu.cpp:21,0,,
tsvc_2_vtvtv,none,new,g++-14,unsafe,True,1,canon_cpu.cpp:21,0,,
tsvc_2_vtvtv,none,new,g++-14,harness,True,1,canon_cpu.cpp:21,0,,
tsvc_2_vtvtv,none,old,g++-13,bonsall,True,1,canon_cpu.cpp:19,0,,
tsvc_2_vtvtv,none,old,g++-13,unsafe,True,1,canon_cpu.cpp:19,0,,
tsvc_2_vtvtv,none,old,g++-13,harness,True,1,canon_cpu.cpp:19,0,,
tsvc_2_vtvtv,none,old,g++-14,bonsall,True,1,canon_cpu.cpp:19,0,,
tsvc_2_vtvtv,none,old,g++-14,unsafe,True,1,canon_cpu.cpp:19,0,,
tsvc_2_vtvtv,none,old,g++-14,harness,True,1,canon_cpu.cpp:19,0,,
versioned_distance_update,canon,legacy,g++-13,bonsall,True,3,canon_cpu.cpp:132 canon_cpu.cpp:24 canon_cpu.cpp:89,8,scan.hpp:284 scan.hpp:292 scan.hpp:322 scan.hpp:330 scan.hpp:332 scan.hpp:344 scan.hpp:345 scan.hpp:672,
versioned_distance_update,canon,legacy,g++-13,unsafe,True,3,canon_cpu.cpp:132 canon_cpu.cpp:24 canon_cpu.cpp:89,8,scan.hpp:284 scan.hpp:292 scan.hpp:322 scan.hpp:330 scan.hpp:332 scan.hpp:344 scan.hpp:345 scan.hpp:672,
versioned_distance_update,canon,legacy,g++-13,harness,True,3,canon_cpu.cpp:132 canon_cpu.cpp:24 canon_cpu.cpp:89,12,canon_cpu.cpp:86 scan.hpp:277 scan.hpp:284 scan.hpp:292 scan.hpp:322 scan.hpp:330 scan.hpp:332 scan.hpp:344 scan.hpp:345 scan.hpp:609 scan.hpp:670 scan.hpp:672,
versioned_distance_update,canon,legacy,g++-14,bonsall,True,3,canon_cpu.cpp:132 canon_cpu.cpp:24 canon_cpu.cpp:89,8,scan.hpp:284 scan.hpp:292 scan.hpp:322 scan.hpp:330 scan.hpp:332 scan.hpp:344 scan.hpp:345 scan.hpp:672,
versioned_distance_update,canon,legacy,g++-14,unsafe,True,3,canon_cpu.cpp:132 canon_cpu.cpp:24 canon_cpu.cpp:89,8,scan.hpp:284 scan.hpp:292 scan.hpp:322 scan.hpp:330 scan.hpp:332 scan.hpp:344 scan.hpp:345 scan.hpp:672,
versioned_distance_update,canon,legacy,g++-14,harness,True,3,canon_cpu.cpp:132 canon_cpu.cpp:24 canon_cpu.cpp:89,12,canon_cpu.cpp:86 scan.hpp:277 scan.hpp:284 scan.hpp:292 scan.hpp:322 scan.hpp:330 scan.hpp:332 scan.hpp:344 scan.hpp:345 scan.hpp:609 scan.hpp:670 scan.hpp:672,
versioned_distance_update,canon,new,g++-13,bonsall,True,3,canon_cpu.cpp:30 canon_cpu.cpp:70 canon_cpu.cpp:85,8,scan.hpp:284 scan.hpp:292 scan.hpp:322 scan.hpp:330 scan.hpp:332 scan.hpp:344 scan.hpp:345 scan.hpp:672,
versioned_distance_update,canon,new,g++-13,unsafe,True,3,canon_cpu.cpp:30 canon_cpu.cpp:70 canon_cpu.cpp:85,8,scan.hpp:284 scan.hpp:292 scan.hpp:322 scan.hpp:330 scan.hpp:332 scan.hpp:344 scan.hpp:345 scan.hpp:672,
versioned_distance_update,canon,new,g++-13,harness,True,3,canon_cpu.cpp:30 canon_cpu.cpp:70 canon_cpu.cpp:85,12,canon_cpu.cpp:68 scan.hpp:277 scan.hpp:284 scan.hpp:292 scan.hpp:322 scan.hpp:330 scan.hpp:332 scan.hpp:344 scan.hpp:345 scan.hpp:609 scan.hpp:670 scan.hpp:672,
versioned_distance_update,canon,new,g++-14,bonsall,True,3,canon_cpu.cpp:30 canon_cpu.cpp:70 canon_cpu.cpp:85,8,scan.hpp:284 scan.hpp:292 scan.hpp:322 scan.hpp:330 scan.hpp:332 scan.hpp:344 scan.hpp:345 scan.hpp:672,
versioned_distance_update,canon,new,g++-14,unsafe,True,3,canon_cpu.cpp:30 canon_cpu.cpp:70 canon_cpu.cpp:85,8,scan.hpp:284 scan.hpp:292 scan.hpp:322 scan.hpp:330 scan.hpp:332 scan.hpp:344 scan.hpp:345 scan.hpp:672,
versioned_distance_update,canon,new,g++-14,harness,True,3,canon_cpu.cpp:30 canon_cpu.cpp:70 canon_cpu.cpp:85,12,canon_cpu.cpp:68 scan.hpp:277 scan.hpp:284 scan.hpp:292 scan.hpp:322 scan.hpp:330 scan.hpp:332 scan.hpp:344 scan.hpp:345 scan.hpp:609 scan.hpp:670 scan.hpp:672,
versioned_distance_update,canon,old,g++-13,bonsall,True,2,canon_cpu.cpp:108 canon_cpu.cpp:63,8,scan.hpp:284 scan.hpp:292 scan.hpp:322 scan.hpp:330 scan.hpp:332 scan.hpp:344 scan.hpp:345 scan.hpp:672,
versioned_distance_update,canon,old,g++-13,unsafe,True,2,canon_cpu.cpp:108 canon_cpu.cpp:63,8,scan.hpp:284 scan.hpp:292 scan.hpp:322 scan.hpp:330 scan.hpp:332 scan.hpp:344 scan.hpp:345 scan.hpp:672,
versioned_distance_update,canon,old,g++-13,harness,True,2,canon_cpu.cpp:108 canon_cpu.cpp:63,12,canon_cpu.cpp:60 scan.hpp:277 scan.hpp:284 scan.hpp:292 scan.hpp:322 scan.hpp:330 scan.hpp:332 scan.hpp:344 scan.hpp:345 scan.hpp:609 scan.hpp:670 scan.hpp:672,
versioned_distance_update,canon,old,g++-14,bonsall,True,2,canon_cpu.cpp:108 canon_cpu.cpp:63,8,scan.hpp:284 scan.hpp:292 scan.hpp:322 scan.hpp:330 scan.hpp:332 scan.hpp:344 scan.hpp:345 scan.hpp:672,
versioned_distance_update,canon,old,g++-14,unsafe,True,2,canon_cpu.cpp:108 canon_cpu.cpp:63,8,scan.hpp:284 scan.hpp:292 scan.hpp:322 scan.hpp:330 scan.hpp:332 scan.hpp:344 scan.hpp:345 scan.hpp:672,
versioned_distance_update,canon,old,g++-14,harness,True,2,canon_cpu.cpp:108 canon_cpu.cpp:63,12,canon_cpu.cpp:60 scan.hpp:277 scan.hpp:284 scan.hpp:292 scan.hpp:322 scan.hpp:330 scan.hpp:332 scan.hpp:344 scan.hpp:345 scan.hpp:609 scan.hpp:670 scan.hpp:672,
versioned_distance_update,none,legacy,g++-13,bonsall,True,1,canon_cpu.cpp:20,0,,
versioned_distance_update,none,legacy,g++-13,unsafe,True,1,canon_cpu.cpp:20,0,,
versioned_distance_update,none,legacy,g++-13,harness,True,1,canon_cpu.cpp:20,0,,
versioned_distance_update,none,legacy,g++-14,bonsall,True,1,canon_cpu.cpp:20,0,,
versioned_distance_update,none,legacy,g++-14,unsafe,True,1,canon_cpu.cpp:20,0,,
versioned_distance_update,none,legacy,g++-14,harness,True,1,canon_cpu.cpp:20,0,,
versioned_distance_update,none,new,g++-13,bonsall,True,1,canon_cpu.cpp:22,0,,
versioned_distance_update,none,new,g++-13,unsafe,True,1,canon_cpu.cpp:22,0,,
versioned_distance_update,none,new,g++-13,harness,True,1,canon_cpu.cpp:22,0,,
versioned_distance_update,none,new,g++-14,bonsall,True,1,canon_cpu.cpp:22,0,,
versioned_distance_update,none,new,g++-14,unsafe,True,1,canon_cpu.cpp:22,0,,
versioned_distance_update,none,new,g++-14,harness,True,1,canon_cpu.cpp:22,0,,
versioned_distance_update,none,old,g++-13,bonsall,True,1,canon_cpu.cpp:20,0,,
versioned_distance_update,none,old,g++-13,unsafe,True,1,canon_cpu.cpp:20,0,,
versioned_distance_update,none,old,g++-13,harness,True,1,canon_cpu.cpp:20,0,,
versioned_distance_update,none,old,g++-14,bonsall,True,1,canon_cpu.cpp:20,0,,
versioned_distance_update,none,old,g++-14,unsafe,True,1,canon_cpu.cpp:20,0,,
versioned_distance_update,none,old,g++-14,harness,True,1,canon_cpu.cpp:20,0,,
wf_diff_skew,canon,legacy,g++-13,bonsall,True,1,canon_cpu.cpp:24,1,canon_cpu.cpp:12,
wf_diff_skew,canon,legacy,g++-13,unsafe,True,1,canon_cpu.cpp:24,1,canon_cpu.cpp:12,
wf_diff_skew,canon,legacy,g++-13,harness,True,1,canon_cpu.cpp:24,2,canon_cpu.cpp:119 canon_cpu.cpp:12,
wf_diff_skew,canon,legacy,g++-14,bonsall,True,1,canon_cpu.cpp:24,1,canon_cpu.cpp:12,
wf_diff_skew,canon,legacy,g++-14,unsafe,True,1,canon_cpu.cpp:24,1,canon_cpu.cpp:12,
wf_diff_skew,canon,legacy,g++-14,harness,True,1,canon_cpu.cpp:24,2,canon_cpu.cpp:119 canon_cpu.cpp:12,
wf_diff_skew,canon,new,g++-13,bonsall,True,1,canon_cpu.cpp:9,1,canon_cpu.cpp:12,
wf_diff_skew,canon,new,g++-13,unsafe,True,1,canon_cpu.cpp:9,1,canon_cpu.cpp:12,
wf_diff_skew,canon,new,g++-13,harness,True,1,canon_cpu.cpp:9,2,canon_cpu.cpp:12 canon_cpu.cpp:46,
wf_diff_skew,canon,new,g++-14,bonsall,True,1,canon_cpu.cpp:9,1,canon_cpu.cpp:12,
wf_diff_skew,canon,new,g++-14,unsafe,True,1,canon_cpu.cpp:9,1,canon_cpu.cpp:12,
wf_diff_skew,canon,new,g++-14,harness,True,1,canon_cpu.cpp:9,2,canon_cpu.cpp:12 canon_cpu.cpp:46,
wf_diff_skew,canon,old,g++-13,bonsall,True,1,canon_cpu.cpp:24,1,canon_cpu.cpp:12,
wf_diff_skew,canon,old,g++-13,unsafe,True,1,canon_cpu.cpp:24,1,canon_cpu.cpp:12,
wf_diff_skew,canon,old,g++-13,harness,True,1,canon_cpu.cpp:24,2,canon_cpu.cpp:119 canon_cpu.cpp:12,
wf_diff_skew,canon,old,g++-14,bonsall,True,1,canon_cpu.cpp:24,1,canon_cpu.cpp:12,
wf_diff_skew,canon,old,g++-14,unsafe,True,1,canon_cpu.cpp:24,1,canon_cpu.cpp:12,
wf_diff_skew,canon,old,g++-14,harness,True,1,canon_cpu.cpp:24,2,canon_cpu.cpp:119 canon_cpu.cpp:12,
wf_diff_skew,none,legacy,g++-13,bonsall,True,1,canon_cpu.cpp:22,2,canon_cpu.cpp:20 canon_cpu.cpp:26,
wf_diff_skew,none,legacy,g++-13,unsafe,True,1,canon_cpu.cpp:22,2,canon_cpu.cpp:20 canon_cpu.cpp:26,
wf_diff_skew,none,legacy,g++-13,harness,True,1,canon_cpu.cpp:22,2,canon_cpu.cpp:20 canon_cpu.cpp:26,
wf_diff_skew,none,legacy,g++-14,bonsall,True,1,canon_cpu.cpp:22,2,canon_cpu.cpp:20 canon_cpu.cpp:26,
wf_diff_skew,none,legacy,g++-14,unsafe,True,1,canon_cpu.cpp:22,2,canon_cpu.cpp:20 canon_cpu.cpp:26,
wf_diff_skew,none,legacy,g++-14,harness,True,1,canon_cpu.cpp:22,2,canon_cpu.cpp:20 canon_cpu.cpp:26,
wf_diff_skew,none,new,g++-13,bonsall,True,1,canon_cpu.cpp:21,2,canon_cpu.cpp:19 canon_cpu.cpp:25,
wf_diff_skew,none,new,g++-13,unsafe,True,1,canon_cpu.cpp:21,2,canon_cpu.cpp:19 canon_cpu.cpp:25,
wf_diff_skew,none,new,g++-13,harness,True,1,canon_cpu.cpp:21,2,canon_cpu.cpp:19 canon_cpu.cpp:25,
wf_diff_skew,none,new,g++-14,bonsall,True,1,canon_cpu.cpp:21,2,canon_cpu.cpp:19 canon_cpu.cpp:25,
wf_diff_skew,none,new,g++-14,unsafe,True,1,canon_cpu.cpp:21,2,canon_cpu.cpp:19 canon_cpu.cpp:25,
wf_diff_skew,none,new,g++-14,harness,True,1,canon_cpu.cpp:21,2,canon_cpu.cpp:19 canon_cpu.cpp:25,
wf_diff_skew,none,old,g++-13,bonsall,True,1,canon_cpu.cpp:22,2,canon_cpu.cpp:20 copy.h:26,
wf_diff_skew,none,old,g++-13,unsafe,True,1,canon_cpu.cpp:22,2,canon_cpu.cpp:20 copy.h:26,
wf_diff_skew,none,old,g++-13,harness,True,1,canon_cpu.cpp:22,2,canon_cpu.cpp:20 copy.h:26,
wf_diff_skew,none,old,g++-14,bonsall,True,1,canon_cpu.cpp:22,2,canon_cpu.cpp:20 copy.h:26,
wf_diff_skew,none,old,g++-14,unsafe,True,1,canon_cpu.cpp:22,2,canon_cpu.cpp:20 copy.h:26,
wf_diff_skew,none,old,g++-14,harness,True,1,canon_cpu.cpp:22,2,canon_cpu.cpp:20 copy.h:26,
wf_triangular,canon,legacy,g++-13,bonsall,True,0,,3,canon_cpu.cpp:113 canon_cpu.cpp:13 canon_cpu.cpp:14,
wf_triangular,canon,legacy,g++-13,unsafe,True,0,,3,canon_cpu.cpp:113 canon_cpu.cpp:13 canon_cpu.cpp:14,
wf_triangular,canon,legacy,g++-13,harness,True,0,,4,canon_cpu.cpp:113 canon_cpu.cpp:13 canon_cpu.cpp:14 canon_cpu.cpp:148,
wf_triangular,canon,legacy,g++-14,bonsall,True,0,,3,canon_cpu.cpp:113 canon_cpu.cpp:13 canon_cpu.cpp:14,
wf_triangular,canon,legacy,g++-14,unsafe,True,0,,3,canon_cpu.cpp:113 canon_cpu.cpp:13 canon_cpu.cpp:14,
wf_triangular,canon,legacy,g++-14,harness,True,0,,4,canon_cpu.cpp:113 canon_cpu.cpp:13 canon_cpu.cpp:14 canon_cpu.cpp:148,
wf_triangular,canon,new,g++-13,bonsall,True,0,,3,canon_cpu.cpp:12 canon_cpu.cpp:13 canon_cpu.cpp:39,
wf_triangular,canon,new,g++-13,unsafe,True,0,,3,canon_cpu.cpp:12 canon_cpu.cpp:13 canon_cpu.cpp:39,
wf_triangular,canon,new,g++-13,harness,True,0,,4,canon_cpu.cpp:12 canon_cpu.cpp:13 canon_cpu.cpp:39 canon_cpu.cpp:63,
wf_triangular,canon,new,g++-14,bonsall,True,0,,3,canon_cpu.cpp:12 canon_cpu.cpp:13 canon_cpu.cpp:39,
wf_triangular,canon,new,g++-14,unsafe,True,0,,3,canon_cpu.cpp:12 canon_cpu.cpp:13 canon_cpu.cpp:39,
wf_triangular,canon,new,g++-14,harness,True,0,,4,canon_cpu.cpp:12 canon_cpu.cpp:13 canon_cpu.cpp:39 canon_cpu.cpp:63,
wf_triangular,canon,old,g++-13,bonsall,True,0,,3,canon_cpu.cpp:113 canon_cpu.cpp:13 canon_cpu.cpp:14,
wf_triangular,canon,old,g++-13,unsafe,True,0,,3,canon_cpu.cpp:113 canon_cpu.cpp:13 canon_cpu.cpp:14,
wf_triangular,canon,old,g++-13,harness,True,0,,4,canon_cpu.cpp:113 canon_cpu.cpp:13 canon_cpu.cpp:14 canon_cpu.cpp:148,
wf_triangular,canon,old,g++-14,bonsall,True,0,,3,canon_cpu.cpp:113 canon_cpu.cpp:13 canon_cpu.cpp:14,
wf_triangular,canon,old,g++-14,unsafe,True,0,,3,canon_cpu.cpp:113 canon_cpu.cpp:13 canon_cpu.cpp:14,
wf_triangular,canon,old,g++-14,harness,True,0,,4,canon_cpu.cpp:113 canon_cpu.cpp:13 canon_cpu.cpp:14 canon_cpu.cpp:148,
wf_triangular,none,legacy,g++-13,bonsall,True,0,,2,canon_cpu.cpp:21 canon_cpu.cpp:23,
wf_triangular,none,legacy,g++-13,unsafe,True,0,,2,canon_cpu.cpp:21 canon_cpu.cpp:23,
wf_triangular,none,legacy,g++-13,harness,True,0,,3,canon_cpu.cpp:21 canon_cpu.cpp:23 canon_cpu.cpp:9,
wf_triangular,none,legacy,g++-14,bonsall,True,0,,2,canon_cpu.cpp:21 canon_cpu.cpp:23,
wf_triangular,none,legacy,g++-14,unsafe,True,0,,2,canon_cpu.cpp:21 canon_cpu.cpp:23,
wf_triangular,none,legacy,g++-14,harness,True,0,,3,canon_cpu.cpp:21 canon_cpu.cpp:23 canon_cpu.cpp:9,
wf_triangular,none,new,g++-13,bonsall,True,0,,2,canon_cpu.cpp:20 canon_cpu.cpp:22,
wf_triangular,none,new,g++-13,unsafe,True,0,,2,canon_cpu.cpp:20 canon_cpu.cpp:22,
wf_triangular,none,new,g++-13,harness,True,0,,3,canon_cpu.cpp:10 canon_cpu.cpp:20 canon_cpu.cpp:22,
wf_triangular,none,new,g++-14,bonsall,True,0,,2,canon_cpu.cpp:20 canon_cpu.cpp:22,
wf_triangular,none,new,g++-14,unsafe,True,0,,2,canon_cpu.cpp:20 canon_cpu.cpp:22,
wf_triangular,none,new,g++-14,harness,True,0,,3,canon_cpu.cpp:10 canon_cpu.cpp:20 canon_cpu.cpp:22,
wf_triangular,none,old,g++-13,bonsall,True,0,,2,canon_cpu.cpp:21 canon_cpu.cpp:23,
wf_triangular,none,old,g++-13,unsafe,True,0,,2,canon_cpu.cpp:21 canon_cpu.cpp:23,
wf_triangular,none,old,g++-13,harness,True,0,,2,canon_cpu.cpp:21 canon_cpu.cpp:23,
wf_triangular,none,old,g++-14,bonsall,True,0,,2,canon_cpu.cpp:21 canon_cpu.cpp:23,
wf_triangular,none,old,g++-14,unsafe,True,0,,2,canon_cpu.cpp:21 canon_cpu.cpp:23,
wf_triangular,none,old,g++-14,harness,True,0,,2,canon_cpu.cpp:21 canon_cpu.cpp:23,
