numpyto_c: emitted quatrex_rgf_fp64.{c,cpp} + quatrex_rgf_fp64_pluto_input.c + quatrex_rgf_fp64_binding.json
numpyto_c: emitted quatrex_rgf_fp32.{c,cpp} + quatrex_rgf_fp32_pluto_input.c + quatrex_rgf_fp32_binding.json
***** Testing C (gcc) with quatrex_rgf on the M dataset, datatype float64 *****
C (gcc) - default - default - validation: SUCCESS
C (gcc) - default - median: 7.524ms
C (gcc) - default - default - later-call validation: SUCCESS
{'kernel': 'quatrex_rgf', 'column': 'c', 'output_index': 0, 'validated': True, 'n_elements': 16384, 'n_differ_from_numpy': 16058, 'frac_differ': '0.9801', 'max_rel_error': '5.181e-13', 'max_ulp': 17920}
{'kernel': 'quatrex_rgf', 'column': 'c', 'output_index': 1, 'validated': True, 'n_elements': 14336, 'n_differ_from_numpy': 14151, 'frac_differ': '0.9871', 'max_rel_error': '1.456e-14', 'max_ulp': 131072}
{'kernel': 'quatrex_rgf', 'column': 'c', 'output_index': 2, 'validated': True, 'n_elements': 14336, 'n_differ_from_numpy': 14151, 'frac_differ': '0.9871', 'max_rel_error': '1.456e-14', 'max_ulp': 131072}
{'kernel': 'quatrex_rgf', 'column': 'c', 'output_index': 3, 'validated': True, 'n_elements': 16384, 'n_differ_from_numpy': 16088, 'frac_differ': '0.9819', 'max_rel_error': '3.401e-12', 'max_ulp': 15872}
{'kernel': 'quatrex_rgf', 'column': 'c', 'output_index': 4, 'validated': True, 'n_elements': 14336, 'n_differ_from_numpy': 14174, 'frac_differ': '0.9887', 'max_rel_error': '1.440e-14', 'max_ulp': 32768}
{'kernel': 'quatrex_rgf', 'column': 'c', 'output_index': 5, 'validated': True, 'n_elements': 14336, 'n_differ_from_numpy': 14174, 'frac_differ': '0.9887', 'max_rel_error': '1.440e-14', 'max_ulp': 32768}
{'kernel': 'quatrex_rgf', 'column': 'c', 'output_index': 6, 'validated': True, 'n_elements': 16384, 'n_differ_from_numpy': 16106, 'frac_differ': '0.9830', 'max_rel_error': '1.238e-14', 'max_ulp': 851968}
{'kernel': 'quatrex_rgf', 'column': 'c', 'output_index': 7, 'validated': True, 'n_elements': 16384, 'n_differ_from_numpy': 16058, 'frac_differ': '0.9801', 'max_rel_error': '5.181e-13', 'max_ulp': 17920}
{'kernel': 'quatrex_rgf', 'column': 'c', 'output_index': 8, 'validated': True, 'n_elements': 14336, 'n_differ_from_numpy': 14151, 'frac_differ': '0.9871', 'max_rel_error': '1.456e-14', 'max_ulp': 131072}
{'kernel': 'quatrex_rgf', 'column': 'c', 'output_index': 9, 'validated': True, 'n_elements': 14336, 'n_differ_from_numpy': 14151, 'frac_differ': '0.9871', 'max_rel_error': '1.456e-14', 'max_ulp': 131072}
{'kernel': 'quatrex_rgf', 'column': 'c', 'output_index': 10, 'validated': True, 'n_elements': 16384, 'n_differ_from_numpy': 16088, 'frac_differ': '0.9819', 'max_rel_error': '3.401e-12', 'max_ulp': 15872}
{'kernel': 'quatrex_rgf', 'column': 'c', 'output_index': 11, 'validated': True, 'n_elements': 14336, 'n_differ_from_numpy': 14174, 'frac_differ': '0.9887', 'max_rel_error': '1.440e-14', 'max_ulp': 32768}
{'kernel': 'quatrex_rgf', 'column': 'c', 'output_index': 12, 'validated': True, 'n_elements': 14336, 'n_differ_from_numpy': 14174, 'frac_differ': '0.9887', 'max_rel_error': '1.440e-14', 'max_ulp': 32768}
{'kernel': 'quatrex_rgf', 'column': 'c', 'output_index': 13, 'validated': True, 'n_elements': 16384, 'n_differ_from_numpy': 16106, 'frac_differ': '0.9830', 'max_rel_error': '1.238e-14', 'max_ulp': 851968}
numpyto_c: emitted quatrex_rgf_fp64.{c,cpp} + quatrex_rgf_fp64_pluto_input.c + quatrex_rgf_fp64_binding.json
numpyto_c: emitted quatrex_rgf_fp32.{c,cpp} + quatrex_rgf_fp32_pluto_input.c + quatrex_rgf_fp32_binding.json
***** Testing C++ (g++) with quatrex_rgf on the M dataset, datatype float64 *****
C++ (g++) - default - default - validation: SUCCESS
C++ (g++) - default - median: 7.396ms
C++ (g++) - default - default - later-call validation: SUCCESS
{'kernel': 'quatrex_rgf', 'column': 'cpp', 'output_index': 0, 'validated': True, 'n_elements': 16384, 'n_differ_from_numpy': 16058, 'frac_differ': '0.9801', 'max_rel_error': '5.181e-13', 'max_ulp': 17920}
{'kernel': 'quatrex_rgf', 'column': 'cpp', 'output_index': 1, 'validated': True, 'n_elements': 14336, 'n_differ_from_numpy': 14151, 'frac_differ': '0.9871', 'max_rel_error': '1.456e-14', 'max_ulp': 131072}
{'kernel': 'quatrex_rgf', 'column': 'cpp', 'output_index': 2, 'validated': True, 'n_elements': 14336, 'n_differ_from_numpy': 14151, 'frac_differ': '0.9871', 'max_rel_error': '1.456e-14', 'max_ulp': 131072}
{'kernel': 'quatrex_rgf', 'column': 'cpp', 'output_index': 3, 'validated': True, 'n_elements': 16384, 'n_differ_from_numpy': 16088, 'frac_differ': '0.9819', 'max_rel_error': '3.401e-12', 'max_ulp': 15872}
{'kernel': 'quatrex_rgf', 'column': 'cpp', 'output_index': 4, 'validated': True, 'n_elements': 14336, 'n_differ_from_numpy': 14174, 'frac_differ': '0.9887', 'max_rel_error': '1.440e-14', 'max_ulp': 32768}
{'kernel': 'quatrex_rgf', 'column': 'cpp', 'output_index': 5, 'validated': True, 'n_elements': 14336, 'n_differ_from_numpy': 14174, 'frac_differ': '0.9887', 'max_rel_error': '1.440e-14', 'max_ulp': 32768}
{'kernel': 'quatrex_rgf', 'column': 'cpp', 'output_index': 6, 'validated': True, 'n_elements': 16384, 'n_differ_from_numpy': 16106, 'frac_differ': '0.9830', 'max_rel_error': '1.238e-14', 'max_ulp': 851968}
{'kernel': 'quatrex_rgf', 'column': 'cpp', 'output_index': 7, 'validated': True, 'n_elements': 16384, 'n_differ_from_numpy': 16058, 'frac_differ': '0.9801', 'max_rel_error': '5.181e-13', 'max_ulp': 17920}
{'kernel': 'quatrex_rgf', 'column': 'cpp', 'output_index': 8, 'validated': True, 'n_elements': 14336, 'n_differ_from_numpy': 14151, 'frac_differ': '0.9871', 'max_rel_error': '1.456e-14', 'max_ulp': 131072}
{'kernel': 'quatrex_rgf', 'column': 'cpp', 'output_index': 9, 'validated': True, 'n_elements': 14336, 'n_differ_from_numpy': 14151, 'frac_differ': '0.9871', 'max_rel_error': '1.456e-14', 'max_ulp': 131072}
{'kernel': 'quatrex_rgf', 'column': 'cpp', 'output_index': 10, 'validated': True, 'n_elements': 16384, 'n_differ_from_numpy': 16088, 'frac_differ': '0.9819', 'max_rel_error': '3.401e-12', 'max_ulp': 15872}
{'kernel': 'quatrex_rgf', 'column': 'cpp', 'output_index': 11, 'validated': True, 'n_elements': 14336, 'n_differ_from_numpy': 14174, 'frac_differ': '0.9887', 'max_rel_error': '1.440e-14', 'max_ulp': 32768}
{'kernel': 'quatrex_rgf', 'column': 'cpp', 'output_index': 12, 'validated': True, 'n_elements': 14336, 'n_differ_from_numpy': 14174, 'frac_differ': '0.9887', 'max_rel_error': '1.440e-14', 'max_ulp': 32768}
{'kernel': 'quatrex_rgf', 'column': 'cpp', 'output_index': 13, 'validated': True, 'n_elements': 16384, 'n_differ_from_numpy': 16106, 'frac_differ': '0.9830', 'max_rel_error': '1.238e-14', 'max_ulp': 851968}
numpyto_fortran: emitted quatrex_rgf_fp64.f90
numpyto_fortran: emitted quatrex_rgf_fp32.f90
***** Testing Fortran (gfortran) with quatrex_rgf on the M dataset, datatype float64 *****
Fortran (gfortran) - default - default - validation: SUCCESS
Fortran (gfortran) - default - median: 6.523ms
Fortran (gfortran) - default - default - later-call validation: SUCCESS
{'kernel': 'quatrex_rgf', 'column': 'fortran', 'output_index': 0, 'validated': True, 'n_elements': 16384, 'n_differ_from_numpy': 16071, 'frac_differ': '0.9809', 'max_rel_error': '4.753e-13', 'max_ulp': 18432}
{'kernel': 'quatrex_rgf', 'column': 'fortran', 'output_index': 1, 'validated': True, 'n_elements': 14336, 'n_differ_from_numpy': 14167, 'frac_differ': '0.9882', 'max_rel_error': '1.254e-14', 'max_ulp': 131072}
{'kernel': 'quatrex_rgf', 'column': 'fortran', 'output_index': 2, 'validated': True, 'n_elements': 14336, 'n_differ_from_numpy': 14167, 'frac_differ': '0.9882', 'max_rel_error': '1.254e-14', 'max_ulp': 131072}
{'kernel': 'quatrex_rgf', 'column': 'fortran', 'output_index': 3, 'validated': True, 'n_elements': 16384, 'n_differ_from_numpy': 16080, 'frac_differ': '0.9814', 'max_rel_error': '3.895e-12', 'max_ulp': 18176}
{'kernel': 'quatrex_rgf', 'column': 'fortran', 'output_index': 4, 'validated': True, 'n_elements': 14336, 'n_differ_from_numpy': 14165, 'frac_differ': '0.9881', 'max_rel_error': '1.385e-14', 'max_ulp': 34816}
{'kernel': 'quatrex_rgf', 'column': 'fortran', 'output_index': 5, 'validated': True, 'n_elements': 14336, 'n_differ_from_numpy': 14165, 'frac_differ': '0.9881', 'max_rel_error': '1.385e-14', 'max_ulp': 34816}
{'kernel': 'quatrex_rgf', 'column': 'fortran', 'output_index': 6, 'validated': True, 'n_elements': 16384, 'n_differ_from_numpy': 16079, 'frac_differ': '0.9814', 'max_rel_error': '1.471e-14', 'max_ulp': 1114112}
{'kernel': 'quatrex_rgf', 'column': 'fortran', 'output_index': 7, 'validated': True, 'n_elements': 16384, 'n_differ_from_numpy': 16071, 'frac_differ': '0.9809', 'max_rel_error': '4.753e-13', 'max_ulp': 18432}
{'kernel': 'quatrex_rgf', 'column': 'fortran', 'output_index': 8, 'validated': True, 'n_elements': 14336, 'n_differ_from_numpy': 14167, 'frac_differ': '0.9882', 'max_rel_error': '1.254e-14', 'max_ulp': 131072}
{'kernel': 'quatrex_rgf', 'column': 'fortran', 'output_index': 9, 'validated': True, 'n_elements': 14336, 'n_differ_from_numpy': 14167, 'frac_differ': '0.9882', 'max_rel_error': '1.254e-14', 'max_ulp': 131072}
{'kernel': 'quatrex_rgf', 'column': 'fortran', 'output_index': 10, 'validated': True, 'n_elements': 16384, 'n_differ_from_numpy': 16080, 'frac_differ': '0.9814', 'max_rel_error': '3.895e-12', 'max_ulp': 18176}
{'kernel': 'quatrex_rgf', 'column': 'fortran', 'output_index': 11, 'validated': True, 'n_elements': 14336, 'n_differ_from_numpy': 14165, 'frac_differ': '0.9881', 'max_rel_error': '1.385e-14', 'max_ulp': 34816}
{'kernel': 'quatrex_rgf', 'column': 'fortran', 'output_index': 12, 'validated': True, 'n_elements': 14336, 'n_differ_from_numpy': 14165, 'frac_differ': '0.9881', 'max_rel_error': '1.385e-14', 'max_ulp': 34816}
{'kernel': 'quatrex_rgf', 'column': 'fortran', 'output_index': 13, 'validated': True, 'n_elements': 16384, 'n_differ_from_numpy': 16079, 'frac_differ': '0.9814', 'max_rel_error': '1.471e-14', 'max_ulp': 1114112}
***** Testing Numba with quatrex_rgf on the M dataset, datatype float64 *****
Numba - nopython-mode-parallel - nopython-mode-parallel - validation: SUCCESS
Numba - nopython-mode-parallel - median: 4.263ms
Numba - nopython-mode-parallel - nopython-mode-parallel - later-call validation: SUCCESS
{'kernel': 'quatrex_rgf', 'column': 'numba', 'output_index': 0, 'validated': True, 'n_elements': 16384, 'n_differ_from_numpy': 0, 'frac_differ': '0.0000', 'max_rel_error': '0.000e+00', 'max_ulp': 0}
{'kernel': 'quatrex_rgf', 'column': 'numba', 'output_index': 1, 'validated': True, 'n_elements': 14336, 'n_differ_from_numpy': 0, 'frac_differ': '0.0000', 'max_rel_error': '0.000e+00', 'max_ulp': 0}
{'kernel': 'quatrex_rgf', 'column': 'numba', 'output_index': 2, 'validated': True, 'n_elements': 14336, 'n_differ_from_numpy': 0, 'frac_differ': '0.0000', 'max_rel_error': '0.000e+00', 'max_ulp': 0}
{'kernel': 'quatrex_rgf', 'column': 'numba', 'output_index': 3, 'validated': True, 'n_elements': 16384, 'n_differ_from_numpy': 0, 'frac_differ': '0.0000', 'max_rel_error': '0.000e+00', 'max_ulp': 0}
{'kernel': 'quatrex_rgf', 'column': 'numba', 'output_index': 4, 'validated': True, 'n_elements': 14336, 'n_differ_from_numpy': 0, 'frac_differ': '0.0000', 'max_rel_error': '0.000e+00', 'max_ulp': 0}
{'kernel': 'quatrex_rgf', 'column': 'numba', 'output_index': 5, 'validated': True, 'n_elements': 14336, 'n_differ_from_numpy': 0, 'frac_differ': '0.0000', 'max_rel_error': '0.000e+00', 'max_ulp': 0}
{'kernel': 'quatrex_rgf', 'column': 'numba', 'output_index': 6, 'validated': True, 'n_elements': 16384, 'n_differ_from_numpy': 0, 'frac_differ': '0.0000', 'max_rel_error': '0.000e+00', 'max_ulp': 0}
{'kernel': 'quatrex_rgf', 'column': 'numba', 'output_index': 7, 'validated': True, 'n_elements': 16384, 'n_differ_from_numpy': 0, 'frac_differ': '0.0000', 'max_rel_error': '0.000e+00', 'max_ulp': 0}
{'kernel': 'quatrex_rgf', 'column': 'numba', 'output_index': 8, 'validated': True, 'n_elements': 14336, 'n_differ_from_numpy': 0, 'frac_differ': '0.0000', 'max_rel_error': '0.000e+00', 'max_ulp': 0}
{'kernel': 'quatrex_rgf', 'column': 'numba', 'output_index': 9, 'validated': True, 'n_elements': 14336, 'n_differ_from_numpy': 0, 'frac_differ': '0.0000', 'max_rel_error': '0.000e+00', 'max_ulp': 0}
{'kernel': 'quatrex_rgf', 'column': 'numba', 'output_index': 10, 'validated': True, 'n_elements': 16384, 'n_differ_from_numpy': 0, 'frac_differ': '0.0000', 'max_rel_error': '0.000e+00', 'max_ulp': 0}
{'kernel': 'quatrex_rgf', 'column': 'numba', 'output_index': 11, 'validated': True, 'n_elements': 14336, 'n_differ_from_numpy': 0, 'frac_differ': '0.0000', 'max_rel_error': '0.000e+00', 'max_ulp': 0}
{'kernel': 'quatrex_rgf', 'column': 'numba', 'output_index': 12, 'validated': True, 'n_elements': 14336, 'n_differ_from_numpy': 0, 'frac_differ': '0.0000', 'max_rel_error': '0.000e+00', 'max_ulp': 0}
{'kernel': 'quatrex_rgf', 'column': 'numba', 'output_index': 13, 'validated': True, 'n_elements': 16384, 'n_differ_from_numpy': 0, 'frac_differ': '0.0000', 'max_rel_error': '0.000e+00', 'max_ulp': 0}
numpyto_c: emitted warpx_boris_push_fp64.{c,cpp} + warpx_boris_push_fp64_pluto_input.c + warpx_boris_push_fp64_binding.json
numpyto_c: emitted warpx_boris_push_fp32.{c,cpp} + warpx_boris_push_fp32_pluto_input.c + warpx_boris_push_fp32_binding.json
***** Testing C (gcc) with warpx_boris_push on the M dataset, datatype float64 *****
C (gcc) - default - default - validation: SUCCESS
C (gcc) - default - median: 4.011ms
C (gcc) - default - default - later-call validation: SUCCESS
{'kernel': 'warpx_boris_push', 'column': 'c', 'output_index': 0, 'validated': True, 'n_elements': 262144, 'n_differ_from_numpy': 64464, 'frac_differ': '0.2459', 'max_rel_error': '3.540e-12', 'max_ulp': 16692}
{'kernel': 'warpx_boris_push', 'column': 'c', 'output_index': 1, 'validated': True, 'n_elements': 262144, 'n_differ_from_numpy': 64851, 'frac_differ': '0.2474', 'max_rel_error': '5.722e-12', 'max_ulp': 33681}
{'kernel': 'warpx_boris_push', 'column': 'c', 'output_index': 2, 'validated': True, 'n_elements': 262144, 'n_differ_from_numpy': 64801, 'frac_differ': '0.2472', 'max_rel_error': '2.080e-12', 'max_ulp': 16636}
{'kernel': 'warpx_boris_push', 'column': 'c', 'output_index': 3, 'validated': True, 'n_elements': 262144, 'n_differ_from_numpy': 64464, 'frac_differ': '0.2459', 'max_rel_error': '3.540e-12', 'max_ulp': 16692}
{'kernel': 'warpx_boris_push', 'column': 'c', 'output_index': 4, 'validated': True, 'n_elements': 262144, 'n_differ_from_numpy': 64851, 'frac_differ': '0.2474', 'max_rel_error': '5.722e-12', 'max_ulp': 33681}
{'kernel': 'warpx_boris_push', 'column': 'c', 'output_index': 5, 'validated': True, 'n_elements': 262144, 'n_differ_from_numpy': 64801, 'frac_differ': '0.2472', 'max_rel_error': '2.080e-12', 'max_ulp': 16636}
numpyto_c: emitted warpx_boris_push_fp64.{c,cpp} + warpx_boris_push_fp64_pluto_input.c + warpx_boris_push_fp64_binding.json
numpyto_c: emitted warpx_boris_push_fp32.{c,cpp} + warpx_boris_push_fp32_pluto_input.c + warpx_boris_push_fp32_binding.json
***** Testing C++ (g++) with warpx_boris_push on the M dataset, datatype float64 *****
C++ (g++) - default - default - validation: SUCCESS
C++ (g++) - default - median: 3.796ms
C++ (g++) - default - default - later-call validation: SUCCESS
{'kernel': 'warpx_boris_push', 'column': 'cpp', 'output_index': 0, 'validated': True, 'n_elements': 262144, 'n_differ_from_numpy': 64464, 'frac_differ': '0.2459', 'max_rel_error': '3.540e-12', 'max_ulp': 16692}
{'kernel': 'warpx_boris_push', 'column': 'cpp', 'output_index': 1, 'validated': True, 'n_elements': 262144, 'n_differ_from_numpy': 64851, 'frac_differ': '0.2474', 'max_rel_error': '5.722e-12', 'max_ulp': 33681}
{'kernel': 'warpx_boris_push', 'column': 'cpp', 'output_index': 2, 'validated': True, 'n_elements': 262144, 'n_differ_from_numpy': 64801, 'frac_differ': '0.2472', 'max_rel_error': '2.080e-12', 'max_ulp': 16636}
{'kernel': 'warpx_boris_push', 'column': 'cpp', 'output_index': 3, 'validated': True, 'n_elements': 262144, 'n_differ_from_numpy': 64464, 'frac_differ': '0.2459', 'max_rel_error': '3.540e-12', 'max_ulp': 16692}
{'kernel': 'warpx_boris_push', 'column': 'cpp', 'output_index': 4, 'validated': True, 'n_elements': 262144, 'n_differ_from_numpy': 64851, 'frac_differ': '0.2474', 'max_rel_error': '5.722e-12', 'max_ulp': 33681}
{'kernel': 'warpx_boris_push', 'column': 'cpp', 'output_index': 5, 'validated': True, 'n_elements': 262144, 'n_differ_from_numpy': 64801, 'frac_differ': '0.2472', 'max_rel_error': '2.080e-12', 'max_ulp': 16636}
numpyto_fortran: emitted warpx_boris_push_fp64.f90
numpyto_fortran: emitted warpx_boris_push_fp32.f90
/capstor/scratch/cscs/lhulsbergen/HPCAgent-Bench-ext/hpcagent_bench/benchmarks/scientific_computing/n_body_methods/boris_push/cpp_backend/warpx_boris_push_fp32.f90:5:36:

    5 |     real(c_float), parameter :: dt = 1e-13_8
      |                                    1
Warning: Change of value in conversion from ‘REAL(8)’ to ‘REAL(4)’ at (1) [-Wconversion]
***** Testing Fortran (gfortran) with warpx_boris_push on the M dataset, datatype float64 *****
Fortran (gfortran) - default - default - validation: SUCCESS
Fortran (gfortran) - default - median: 4.037ms
Fortran (gfortran) - default - default - later-call validation: SUCCESS
{'kernel': 'warpx_boris_push', 'column': 'fortran', 'output_index': 0, 'validated': True, 'n_elements': 262144, 'n_differ_from_numpy': 138790, 'frac_differ': '0.5294', 'max_rel_error': '6.138e-11', 'max_ulp': 288948}
{'kernel': 'warpx_boris_push', 'column': 'fortran', 'output_index': 1, 'validated': True, 'n_elements': 262144, 'n_differ_from_numpy': 137991, 'frac_differ': '0.5264', 'max_rel_error': '1.114e-11', 'max_ulp': 63964}
{'kernel': 'warpx_boris_push', 'column': 'fortran', 'output_index': 2, 'validated': True, 'n_elements': 262144, 'n_differ_from_numpy': 138653, 'frac_differ': '0.5289', 'max_rel_error': '1.560e-11', 'max_ulp': 91960}
{'kernel': 'warpx_boris_push', 'column': 'fortran', 'output_index': 3, 'validated': True, 'n_elements': 262144, 'n_differ_from_numpy': 138790, 'frac_differ': '0.5294', 'max_rel_error': '6.138e-11', 'max_ulp': 288948}
{'kernel': 'warpx_boris_push', 'column': 'fortran', 'output_index': 4, 'validated': True, 'n_elements': 262144, 'n_differ_from_numpy': 137991, 'frac_differ': '0.5264', 'max_rel_error': '1.114e-11', 'max_ulp': 63964}
{'kernel': 'warpx_boris_push', 'column': 'fortran', 'output_index': 5, 'validated': True, 'n_elements': 262144, 'n_differ_from_numpy': 138653, 'frac_differ': '0.5289', 'max_rel_error': '1.560e-11', 'max_ulp': 91960}
***** Testing Numba with warpx_boris_push on the M dataset, datatype float64 *****
Numba - nopython-mode-parallel - nopython-mode-parallel - validation: SUCCESS
Numba - nopython-mode-parallel - median: 2.406ms
Numba - nopython-mode-parallel - nopython-mode-parallel - later-call validation: SUCCESS
{'kernel': 'warpx_boris_push', 'column': 'numba', 'output_index': 0, 'validated': True, 'n_elements': 262144, 'n_differ_from_numpy': 0, 'frac_differ': '0.0000', 'max_rel_error': '0.000e+00', 'max_ulp': 0}
{'kernel': 'warpx_boris_push', 'column': 'numba', 'output_index': 1, 'validated': True, 'n_elements': 262144, 'n_differ_from_numpy': 0, 'frac_differ': '0.0000', 'max_rel_error': '0.000e+00', 'max_ulp': 0}
{'kernel': 'warpx_boris_push', 'column': 'numba', 'output_index': 2, 'validated': True, 'n_elements': 262144, 'n_differ_from_numpy': 0, 'frac_differ': '0.0000', 'max_rel_error': '0.000e+00', 'max_ulp': 0}
{'kernel': 'warpx_boris_push', 'column': 'numba', 'output_index': 3, 'validated': True, 'n_elements': 262144, 'n_differ_from_numpy': 0, 'frac_differ': '0.0000', 'max_rel_error': '0.000e+00', 'max_ulp': 0}
{'kernel': 'warpx_boris_push', 'column': 'numba', 'output_index': 4, 'validated': True, 'n_elements': 262144, 'n_differ_from_numpy': 0, 'frac_differ': '0.0000', 'max_rel_error': '0.000e+00', 'max_ulp': 0}
{'kernel': 'warpx_boris_push', 'column': 'numba', 'output_index': 5, 'validated': True, 'n_elements': 262144, 'n_differ_from_numpy': 0, 'frac_differ': '0.0000', 'max_rel_error': '0.000e+00', 'max_ulp': 0}
numpyto_c: emitted warpx_esirkepov_deposition_fp64.{c,cpp} + warpx_esirkepov_deposition_fp64_pluto_input.c + warpx_esirkepov_deposition_fp64_binding.json
numpyto_c: emitted warpx_esirkepov_deposition_fp32.{c,cpp} + warpx_esirkepov_deposition_fp32_pluto_input.c + warpx_esirkepov_deposition_fp32_binding.json
***** Testing C (gcc) with warpx_esirkepov_deposition on the M dataset, datatype float64 *****
C (gcc) - default - default - validation: SUCCESS
C (gcc) - default - median: 2.879ms
C (gcc) - default - default - later-call validation: SUCCESS
{'kernel': 'warpx_esirkepov_deposition', 'column': 'c', 'output_index': 0, 'validated': True, 'n_elements': 46656, 'n_differ_from_numpy': 11331, 'frac_differ': '0.2429', 'max_rel_error': '8.854e-06', 'max_ulp': 77579558419}
{'kernel': 'warpx_esirkepov_deposition', 'column': 'c', 'output_index': 1, 'validated': True, 'n_elements': 46656, 'n_differ_from_numpy': 11291, 'frac_differ': '0.2420', 'max_rel_error': '1.959e-08', 'max_ulp': 169546125}
{'kernel': 'warpx_esirkepov_deposition', 'column': 'c', 'output_index': 2, 'validated': True, 'n_elements': 46656, 'n_differ_from_numpy': 11136, 'frac_differ': '0.2387', 'max_rel_error': '1.128e-07', 'max_ulp': 900031491}
{'kernel': 'warpx_esirkepov_deposition', 'column': 'c', 'output_index': 3, 'validated': True, 'n_elements': 46656, 'n_differ_from_numpy': 11331, 'frac_differ': '0.2429', 'max_rel_error': '8.854e-06', 'max_ulp': 77579558419}
{'kernel': 'warpx_esirkepov_deposition', 'column': 'c', 'output_index': 4, 'validated': True, 'n_elements': 46656, 'n_differ_from_numpy': 11291, 'frac_differ': '0.2420', 'max_rel_error': '1.959e-08', 'max_ulp': 169546125}
{'kernel': 'warpx_esirkepov_deposition', 'column': 'c', 'output_index': 5, 'validated': True, 'n_elements': 46656, 'n_differ_from_numpy': 11136, 'frac_differ': '0.2387', 'max_rel_error': '1.128e-07', 'max_ulp': 900031491}
numpyto_c: emitted warpx_esirkepov_deposition_fp64.{c,cpp} + warpx_esirkepov_deposition_fp64_pluto_input.c + warpx_esirkepov_deposition_fp64_binding.json
numpyto_c: emitted warpx_esirkepov_deposition_fp32.{c,cpp} + warpx_esirkepov_deposition_fp32_pluto_input.c + warpx_esirkepov_deposition_fp32_binding.json
***** Testing C++ (g++) with warpx_esirkepov_deposition on the M dataset, datatype float64 *****
C++ (g++) - default - default - validation: SUCCESS
C++ (g++) - default - median: 2.737ms
C++ (g++) - default - default - later-call validation: SUCCESS
{'kernel': 'warpx_esirkepov_deposition', 'column': 'cpp', 'output_index': 0, 'validated': True, 'n_elements': 46656, 'n_differ_from_numpy': 11331, 'frac_differ': '0.2429', 'max_rel_error': '8.854e-06', 'max_ulp': 77579558419}
{'kernel': 'warpx_esirkepov_deposition', 'column': 'cpp', 'output_index': 1, 'validated': True, 'n_elements': 46656, 'n_differ_from_numpy': 11291, 'frac_differ': '0.2420', 'max_rel_error': '1.959e-08', 'max_ulp': 169546125}
{'kernel': 'warpx_esirkepov_deposition', 'column': 'cpp', 'output_index': 2, 'validated': True, 'n_elements': 46656, 'n_differ_from_numpy': 11136, 'frac_differ': '0.2387', 'max_rel_error': '1.128e-07', 'max_ulp': 900031491}
{'kernel': 'warpx_esirkepov_deposition', 'column': 'cpp', 'output_index': 3, 'validated': True, 'n_elements': 46656, 'n_differ_from_numpy': 11331, 'frac_differ': '0.2429', 'max_rel_error': '8.854e-06', 'max_ulp': 77579558419}
{'kernel': 'warpx_esirkepov_deposition', 'column': 'cpp', 'output_index': 4, 'validated': True, 'n_elements': 46656, 'n_differ_from_numpy': 11291, 'frac_differ': '0.2420', 'max_rel_error': '1.959e-08', 'max_ulp': 169546125}
{'kernel': 'warpx_esirkepov_deposition', 'column': 'cpp', 'output_index': 5, 'validated': True, 'n_elements': 46656, 'n_differ_from_numpy': 11136, 'frac_differ': '0.2387', 'max_rel_error': '1.128e-07', 'max_ulp': 900031491}
numpyto_fortran: emitted warpx_esirkepov_deposition_fp64.f90
numpyto_fortran: emitted warpx_esirkepov_deposition_fp32.f90
/capstor/scratch/cscs/lhulsbergen/HPCAgent-Bench-ext/hpcagent_bench/benchmarks/scientific_computing/n_body_methods/esirkepov_deposition/cpp_backend/warpx_esirkepov_deposition_fp64.f90:856:50:

  856 |                 reduce_shape_old((x_w0_88) + 1) = INT(reduced_particle_shape_mask(((loz + fz_o((x_w0_88) + 1))) + 1, &
      |                                                  1
Warning: Possible change of value in conversion from INTEGER(8) to INTEGER(4) at (1) [-Wconversion]
/capstor/scratch/cscs/lhulsbergen/HPCAgent-Bench-ext/hpcagent_bench/benchmarks/scientific_computing/n_body_methods/esirkepov_deposition/cpp_backend/warpx_esirkepov_deposition_fp64.f90:860:50:

  860 |                 reduce_shape_new((x_w0_89) + 1) = INT(reduced_particle_shape_mask(((loz + fz_n((x_w0_89) + 1))) + 1, &
      |                                                  1
Warning: Possible change of value in conversion from INTEGER(8) to INTEGER(4) at (1) [-Wconversion]
/capstor/scratch/cscs/lhulsbergen/HPCAgent-Bench-ext/hpcagent_bench/benchmarks/scientific_computing/n_body_methods/esirkepov_deposition/cpp_backend/warpx_esirkepov_deposition_fp64.f90:881:50:

  881 |                 reduce_shape_old((x_w0_94) + 1) = INT(reduced_particle_shape_mask((0) + 1, ((loy + fz_o((x_w0_94) + &
      |                                                  1
Warning: Possible change of value in conversion from INTEGER(8) to INTEGER(4) at (1) [-Wconversion]
/capstor/scratch/cscs/lhulsbergen/HPCAgent-Bench-ext/hpcagent_bench/benchmarks/scientific_computing/n_body_methods/esirkepov_deposition/cpp_backend/warpx_esirkepov_deposition_fp64.f90:885:50:

  885 |                 reduce_shape_new((x_w0_95) + 1) = INT(reduced_particle_shape_mask((0) + 1, ((loy + fz_n((x_w0_95) + &
      |                                                  1
Warning: Possible change of value in conversion from INTEGER(8) to INTEGER(4) at (1) [-Wconversion]
/capstor/scratch/cscs/lhulsbergen/HPCAgent-Bench-ext/hpcagent_bench/benchmarks/scientific_computing/n_body_methods/esirkepov_deposition/cpp_backend/warpx_esirkepov_deposition_fp64.f90:898:50:

  898 |                 reduce_shape_old((x_w0_98) + 1) = INT(reduced_particle_shape_mask((0) + 1, (0) + 1, ((lox + &
      |                                                  1
Warning: Possible change of value in conversion from INTEGER(8) to INTEGER(4) at (1) [-Wconversion]
/capstor/scratch/cscs/lhulsbergen/HPCAgent-Bench-ext/hpcagent_bench/benchmarks/scientific_computing/n_body_methods/esirkepov_deposition/cpp_backend/warpx_esirkepov_deposition_fp64.f90:902:50:

  902 |                 reduce_shape_new((x_w0_99) + 1) = INT(reduced_particle_shape_mask((0) + 1, (0) + 1, ((lox + &
      |                                                  1
Warning: Possible change of value in conversion from INTEGER(8) to INTEGER(4) at (1) [-Wconversion]
/capstor/scratch/cscs/lhulsbergen/HPCAgent-Bench-ext/hpcagent_bench/benchmarks/scientific_computing/n_body_methods/esirkepov_deposition/cpp_backend/warpx_esirkepov_deposition_fp64.f90:915:51:

  915 |                 reduce_shape_old((x_w0_102) + 1) = INT(reduced_particle_shape_mask((0) + 1, (0) + 1, ((lox + &
      |                                                   1
Warning: Possible change of value in conversion from INTEGER(8) to INTEGER(4) at (1) [-Wconversion]
/capstor/scratch/cscs/lhulsbergen/HPCAgent-Bench-ext/hpcagent_bench/benchmarks/scientific_computing/n_body_methods/esirkepov_deposition/cpp_backend/warpx_esirkepov_deposition_fp64.f90:919:51:

  919 |                 reduce_shape_new((x_w0_103) + 1) = INT(reduced_particle_shape_mask((0) + 1, (0) + 1, ((lox + &
      |                                                   1
Warning: Possible change of value in conversion from INTEGER(8) to INTEGER(4) at (1) [-Wconversion]
/capstor/scratch/cscs/lhulsbergen/HPCAgent-Bench-ext/hpcagent_bench/benchmarks/scientific_computing/n_body_methods/esirkepov_deposition/cpp_backend/warpx_esirkepov_deposition_fp64.f90:2308:52:

 2308 |             else if (size(ov_old, 1) /= (width) .or. size(ov_old, 2) /= (np_particles)) then
      |                                                    ^
Warning: ‘ov_new.dim[0].ubound’ may be used uninitialized [-Wmaybe-uninitialized]
/capstor/scratch/cscs/lhulsbergen/HPCAgent-Bench-ext/hpcagent_bench/benchmarks/scientific_computing/n_body_methods/esirkepov_deposition/cpp_backend/warpx_esirkepov_deposition_fp64.f90:308:47:

  308 |     real(c_double), allocatable :: ov_new(:, :)
      |                                               ^
note: ‘ov_new.dim[0].ubound’ was declared here
/capstor/scratch/cscs/lhulsbergen/HPCAgent-Bench-ext/hpcagent_bench/benchmarks/scientific_computing/n_body_methods/esirkepov_deposition/cpp_backend/warpx_esirkepov_deposition_fp64.f90:2308:52:

 2308 |             else if (size(ov_old, 1) /= (width) .or. size(ov_old, 2) /= (np_particles)) then
      |                                                    ^
Warning: ‘ov_new.dim[1].ubound’ may be used uninitialized [-Wmaybe-uninitialized]
/capstor/scratch/cscs/lhulsbergen/HPCAgent-Bench-ext/hpcagent_bench/benchmarks/scientific_computing/n_body_methods/esirkepov_deposition/cpp_backend/warpx_esirkepov_deposition_fp64.f90:308:47:

  308 |     real(c_double), allocatable :: ov_new(:, :)
      |                                               ^
note: ‘ov_new.dim[1].ubound’ was declared here
/capstor/scratch/cscs/lhulsbergen/HPCAgent-Bench-ext/hpcagent_bench/benchmarks/scientific_computing/n_body_methods/esirkepov_deposition/cpp_backend/warpx_esirkepov_deposition_fp64.f90:296:47:

  296 |     real(c_double), allocatable :: sx_new(:, :)
      |                                               ^
Warning: ‘sx_new.offset’ may be used uninitialized [-Wmaybe-uninitialized]
/capstor/scratch/cscs/lhulsbergen/HPCAgent-Bench-ext/hpcagent_bench/benchmarks/scientific_computing/n_body_methods/esirkepov_deposition/cpp_backend/warpx_esirkepov_deposition_fp64.f90:296:47: Warning: ‘sx_new.dim[1].stride’ may be used uninitialized [-Wmaybe-uninitialized]
/capstor/scratch/cscs/lhulsbergen/HPCAgent-Bench-ext/hpcagent_bench/benchmarks/scientific_computing/n_body_methods/esirkepov_deposition/cpp_backend/warpx_esirkepov_deposition_fp64.f90:318:47:

  318 |     real(c_double), allocatable :: sy_new(:, :)
      |                                               ^
Warning: ‘sy_new.offset’ may be used uninitialized [-Wmaybe-uninitialized]
/capstor/scratch/cscs/lhulsbergen/HPCAgent-Bench-ext/hpcagent_bench/benchmarks/scientific_computing/n_body_methods/esirkepov_deposition/cpp_backend/warpx_esirkepov_deposition_fp64.f90:318:47: Warning: ‘sy_new.dim[1].stride’ may be used uninitialized [-Wmaybe-uninitialized]
/capstor/scratch/cscs/lhulsbergen/HPCAgent-Bench-ext/hpcagent_bench/benchmarks/scientific_computing/n_body_methods/esirkepov_deposition/cpp_backend/warpx_esirkepov_deposition_fp64.f90:338:47:

  338 |     real(c_double), allocatable :: sz_new(:, :)
      |                                               ^
Warning: ‘sz_new.offset’ may be used uninitialized [-Wmaybe-uninitialized]
/capstor/scratch/cscs/lhulsbergen/HPCAgent-Bench-ext/hpcagent_bench/benchmarks/scientific_computing/n_body_methods/esirkepov_deposition/cpp_backend/warpx_esirkepov_deposition_fp64.f90:338:47: Warning: ‘sz_new.dim[1].stride’ may be used uninitialized [-Wmaybe-uninitialized]
/capstor/scratch/cscs/lhulsbergen/HPCAgent-Bench-ext/hpcagent_bench/benchmarks/scientific_computing/n_body_methods/esirkepov_deposition/cpp_backend/warpx_esirkepov_deposition_fp64.f90:2790:60:

 2790 |                 else if (size(b_re, 1) /= ((k1y - k0y)) .or. size(b_re, 2) /= ((i1y - i0y))) then
      |                                                            ^
Warning: ‘b_re.dim[0].ubound’ may be used uninitialized [-Wmaybe-uninitialized]
/capstor/scratch/cscs/lhulsbergen/HPCAgent-Bench-ext/hpcagent_bench/benchmarks/scientific_computing/n_body_methods/esirkepov_deposition/cpp_backend/warpx_esirkepov_deposition_fp64.f90:367:45:

  367 |     real(c_double), allocatable :: b_re(:, :)
      |                                             ^
note: ‘b_re.dim[0].ubound’ was declared here
/capstor/scratch/cscs/lhulsbergen/HPCAgent-Bench-ext/hpcagent_bench/benchmarks/scientific_computing/n_body_methods/esirkepov_deposition/cpp_backend/warpx_esirkepov_deposition_fp64.f90:2790:60:

 2790 |                 else if (size(b_re, 1) /= ((k1y - k0y)) .or. size(b_re, 2) /= ((i1y - i0y))) then
      |                                                            ^
Warning: ‘b_re.dim[1].ubound’ may be used uninitialized [-Wmaybe-uninitialized]
/capstor/scratch/cscs/lhulsbergen/HPCAgent-Bench-ext/hpcagent_bench/benchmarks/scientific_computing/n_body_methods/esirkepov_deposition/cpp_backend/warpx_esirkepov_deposition_fp64.f90:367:45:

  367 |     real(c_double), allocatable :: b_re(:, :)
      |                                             ^
note: ‘b_re.dim[1].ubound’ was declared here
/capstor/scratch/cscs/lhulsbergen/HPCAgent-Bench-ext/hpcagent_bench/benchmarks/scientific_computing/n_body_methods/esirkepov_deposition/cpp_backend/warpx_esirkepov_deposition_fp64.f90:2676:21:

 2676 |             else if (size(cum_x, 1) /= ((i1 - i0))) then
      |                     ^
Warning: ‘cum_x.dim[0].ubound’ may be used uninitialized [-Wmaybe-uninitialized]
/capstor/scratch/cscs/lhulsbergen/HPCAgent-Bench-ext/hpcagent_bench/benchmarks/scientific_computing/n_body_methods/esirkepov_deposition/cpp_backend/warpx_esirkepov_deposition_fp64.f90:253:43:

  253 |     real(c_double), allocatable :: cum_x(:)
      |                                           ^
note: ‘cum_x.dim[0].ubound’ was declared here
/capstor/scratch/cscs/lhulsbergen/HPCAgent-Bench-ext/hpcagent_bench/benchmarks/scientific_computing/n_body_methods/esirkepov_deposition/cpp_backend/warpx_esirkepov_deposition_fp64.f90:2573:21:

 2573 |             else if (size(cum_y, 1) /= ((j1y - j0y))) then
      |                     ^
Warning: ‘cum_y.dim[0].ubound’ may be used uninitialized [-Wmaybe-uninitialized]
/capstor/scratch/cscs/lhulsbergen/HPCAgent-Bench-ext/hpcagent_bench/benchmarks/scientific_computing/n_body_methods/esirkepov_deposition/cpp_backend/warpx_esirkepov_deposition_fp64.f90:254:43:

  254 |     real(c_double), allocatable :: cum_y(:)
      |                                           ^
note: ‘cum_y.dim[0].ubound’ was declared here
/capstor/scratch/cscs/lhulsbergen/HPCAgent-Bench-ext/hpcagent_bench/benchmarks/scientific_computing/n_body_methods/esirkepov_deposition/cpp_backend/warpx_esirkepov_deposition_fp64.f90:2929:21:

 2929 |             else if (size(cum_z, 1) /= ((k1z - k0z))) then
      |                     ^
Warning: ‘cum_z.dim[0].ubound’ may be used uninitialized [-Wmaybe-uninitialized]
/capstor/scratch/cscs/lhulsbergen/HPCAgent-Bench-ext/hpcagent_bench/benchmarks/scientific_computing/n_body_methods/esirkepov_deposition/cpp_backend/warpx_esirkepov_deposition_fp64.f90:255:43:

  255 |     real(c_double), allocatable :: cum_z(:)
      |                                           ^
note: ‘cum_z.dim[0].ubound’ was declared here
/capstor/scratch/cscs/lhulsbergen/HPCAgent-Bench-ext/hpcagent_bench/benchmarks/scientific_computing/n_body_methods/esirkepov_deposition/cpp_backend/warpx_esirkepov_deposition_fp64.f90:367:45:

  367 |     real(c_double), allocatable :: b_re(:, :)
      |                                             ^
Warning: ‘b_re.offset’ may be used uninitialized [-Wmaybe-uninitialized]
/capstor/scratch/cscs/lhulsbergen/HPCAgent-Bench-ext/hpcagent_bench/benchmarks/scientific_computing/n_body_methods/esirkepov_deposition/cpp_backend/warpx_esirkepov_deposition_fp64.f90:367:45: Warning: ‘b_re.dim[1].stride’ may be used uninitialized [-Wmaybe-uninitialized]
/capstor/scratch/cscs/lhulsbergen/HPCAgent-Bench-ext/hpcagent_bench/benchmarks/scientific_computing/n_body_methods/esirkepov_deposition/cpp_backend/warpx_esirkepov_deposition_fp64.f90:2857:66:

 2857 |                     else if (size(sum_im, 1) /= ((k1y - k0y)) .or. size(sum_im, 2) /= ((i1y - i0y))) then
      |                                                                  ^
Warning: ‘sum_im.dim[0].ubound’ may be used uninitialized [-Wmaybe-uninitialized]
/capstor/scratch/cscs/lhulsbergen/HPCAgent-Bench-ext/hpcagent_bench/benchmarks/scientific_computing/n_body_methods/esirkepov_deposition/cpp_backend/warpx_esirkepov_deposition_fp64.f90:371:47:

  371 |     real(c_double), allocatable :: sum_im(:, :)
      |                                               ^
note: ‘sum_im.dim[0].ubound’ was declared here
/capstor/scratch/cscs/lhulsbergen/HPCAgent-Bench-ext/hpcagent_bench/benchmarks/scientific_computing/n_body_methods/esirkepov_deposition/cpp_backend/warpx_esirkepov_deposition_fp64.f90:2857:66:

 2857 |                     else if (size(sum_im, 1) /= ((k1y - k0y)) .or. size(sum_im, 2) /= ((i1y - i0y))) then
      |                                                                  ^
Warning: ‘sum_im.dim[1].ubound’ may be used uninitialized [-Wmaybe-uninitialized]
/capstor/scratch/cscs/lhulsbergen/HPCAgent-Bench-ext/hpcagent_bench/benchmarks/scientific_computing/n_body_methods/esirkepov_deposition/cpp_backend/warpx_esirkepov_deposition_fp64.f90:371:47:

  371 |     real(c_double), allocatable :: sum_im(:, :)
      |                                               ^
note: ‘sum_im.dim[1].ubound’ was declared here
/capstor/scratch/cscs/lhulsbergen/HPCAgent-Bench-ext/hpcagent_bench/benchmarks/scientific_computing/n_body_methods/esirkepov_deposition/cpp_backend/warpx_esirkepov_deposition_fp64.f90:371:47: Warning: ‘sum_im.offset’ may be used uninitialized [-Wmaybe-uninitialized]
/capstor/scratch/cscs/lhulsbergen/HPCAgent-Bench-ext/hpcagent_bench/benchmarks/scientific_computing/n_body_methods/esirkepov_deposition/cpp_backend/warpx_esirkepov_deposition_fp64.f90:371:47: Warning: ‘sum_im.dim[1].stride’ may be used uninitialized [-Wmaybe-uninitialized]
/capstor/scratch/cscs/lhulsbergen/HPCAgent-Bench-ext/hpcagent_bench/benchmarks/scientific_computing/n_body_methods/esirkepov_deposition/cpp_backend/warpx_esirkepov_deposition_fp32.f90:1000:81:

 1000 |                 x_inl11_xint((x_w0_121) + 1) = (x_new((x_w0_121) + 1) - x_inl11_j((x_w0_121) + 1))
      |                                                                                 1
Warning: Possible change of value in conversion from INTEGER(8) to REAL(4) at (1) [-Wconversion]
/capstor/scratch/cscs/lhulsbergen/HPCAgent-Bench-ext/hpcagent_bench/benchmarks/scientific_computing/n_body_methods/esirkepov_deposition/cpp_backend/warpx_esirkepov_deposition_fp32.f90:1016:81:

 1016 |                 x_inl11_xint((x_w0_126) + 1) = (x_new((x_w0_126) + 1) - x_inl11_j((x_w0_126) + 1))
      |                                                                                 1
Warning: Possible change of value in conversion from INTEGER(8) to REAL(4) at (1) [-Wconversion]
/capstor/scratch/cscs/lhulsbergen/HPCAgent-Bench-ext/hpcagent_bench/benchmarks/scientific_computing/n_body_methods/esirkepov_deposition/cpp_backend/warpx_esirkepov_deposition_fp32.f90:1038:81:

 1038 |                 x_inl11_xint((x_w0_132) + 1) = (x_new((x_w0_132) + 1) - x_inl11_j((x_w0_132) + 1))
      |                                                                                 1
Warning: Possible change of value in conversion from INTEGER(8) to REAL(4) at (1) [-Wconversion]
/capstor/scratch/cscs/lhulsbergen/HPCAgent-Bench-ext/hpcagent_bench/benchmarks/scientific_computing/n_body_methods/esirkepov_deposition/cpp_backend/warpx_esirkepov_deposition_fp32.f90:1066:81:

 1066 |                 x_inl11_xint((x_w0_139) + 1) = (x_new((x_w0_139) + 1) - x_inl11_j((x_w0_139) + 1))
      |                                                                                 1
Warning: Possible change of value in conversion from INTEGER(8) to REAL(4) at (1) [-Wconversion]
/capstor/scratch/cscs/lhulsbergen/HPCAgent-Bench-ext/hpcagent_bench/benchmarks/scientific_computing/n_body_methods/esirkepov_deposition/cpp_backend/warpx_esirkepov_deposition_fp32.f90:1156:81:

 1156 |                 x_inl12_xint((x_w0_159) + 1) = (x_old((x_w0_159) + 1) - x_inl12_i((x_w0_159) + 1))
      |                                                                                 1
Warning: Possible change of value in conversion from INTEGER(8) to REAL(4) at (1) [-Wconversion]
/capstor/scratch/cscs/lhulsbergen/HPCAgent-Bench-ext/hpcagent_bench/benchmarks/scientific_computing/n_body_methods/esirkepov_deposition/cpp_backend/warpx_esirkepov_deposition_fp32.f90:1177:81:

 1177 |                 x_inl12_xint((x_w0_165) + 1) = (x_old((x_w0_165) + 1) - x_inl12_i((x_w0_165) + 1))
      |                                                                                 1
Warning: Possible change of value in conversion from INTEGER(8) to REAL(4) at (1) [-Wconversion]
/capstor/scratch/cscs/lhulsbergen/HPCAgent-Bench-ext/hpcagent_bench/benchmarks/scientific_computing/n_body_methods/esirkepov_deposition/cpp_backend/warpx_esirkepov_deposition_fp32.f90:1204:81:

 1204 |                 x_inl12_xint((x_w0_172) + 1) = (x_old((x_w0_172) + 1) - x_inl12_i((x_w0_172) + 1))
      |                                                                                 1
Warning: Possible change of value in conversion from INTEGER(8) to REAL(4) at (1) [-Wconversion]
/capstor/scratch/cscs/lhulsbergen/HPCAgent-Bench-ext/hpcagent_bench/benchmarks/scientific_computing/n_body_methods/esirkepov_deposition/cpp_backend/warpx_esirkepov_deposition_fp32.f90:1238:81:

 1238 |                 x_inl12_xint((x_w0_180) + 1) = (x_old((x_w0_180) + 1) - x_inl12_i((x_w0_180) + 1))
      |                                                                                 1
Warning: Possible change of value in conversion from INTEGER(8) to REAL(4) at (1) [-Wconversion]
/capstor/scratch/cscs/lhulsbergen/HPCAgent-Bench-ext/hpcagent_bench/benchmarks/scientific_computing/n_body_methods/esirkepov_deposition/cpp_backend/warpx_esirkepov_deposition_fp32.f90:1315:81:

 1315 |                 x_inl13_xint((x_w0_196) + 1) = (x_new((x_w0_196) + 1) - x_inl13_i((x_w0_196) + 1))
      |                                                                                 1
Warning: Possible change of value in conversion from INTEGER(8) to REAL(4) at (1) [-Wconversion]
/capstor/scratch/cscs/lhulsbergen/HPCAgent-Bench-ext/hpcagent_bench/benchmarks/scientific_computing/n_body_methods/esirkepov_deposition/cpp_backend/warpx_esirkepov_deposition_fp32.f90:1361:81:

 1361 |                 x_inl14_xint((x_w0_206) + 1) = (x_old((x_w0_206) + 1) - x_inl14_i((x_w0_206) + 1))
      |                                                                                 1
Warning: Possible change of value in conversion from INTEGER(8) to REAL(4) at (1) [-Wconversion]
/capstor/scratch/cscs/lhulsbergen/HPCAgent-Bench-ext/hpcagent_bench/benchmarks/scientific_computing/n_body_methods/esirkepov_deposition/cpp_backend/warpx_esirkepov_deposition_fp32.f90:1466:81:

 1466 |                 x_inl15_xint((x_w0_224) + 1) = (y_new((x_w0_224) + 1) - x_inl15_j((x_w0_224) + 1))
      |                                                                                 1
Warning: Possible change of value in conversion from INTEGER(8) to REAL(4) at (1) [-Wconversion]
/capstor/scratch/cscs/lhulsbergen/HPCAgent-Bench-ext/hpcagent_bench/benchmarks/scientific_computing/n_body_methods/esirkepov_deposition/cpp_backend/warpx_esirkepov_deposition_fp32.f90:1482:81:

 1482 |                 x_inl15_xint((x_w0_229) + 1) = (y_new((x_w0_229) + 1) - x_inl15_j((x_w0_229) + 1))
      |                                                                                 1
Warning: Possible change of value in conversion from INTEGER(8) to REAL(4) at (1) [-Wconversion]
/capstor/scratch/cscs/lhulsbergen/HPCAgent-Bench-ext/hpcagent_bench/benchmarks/scientific_computing/n_body_methods/esirkepov_deposition/cpp_backend/warpx_esirkepov_deposition_fp32.f90:1504:81:

 1504 |                 x_inl15_xint((x_w0_235) + 1) = (y_new((x_w0_235) + 1) - x_inl15_j((x_w0_235) + 1))
      |                                                                                 1
Warning: Possible change of value in conversion from INTEGER(8) to REAL(4) at (1) [-Wconversion]
/capstor/scratch/cscs/lhulsbergen/HPCAgent-Bench-ext/hpcagent_bench/benchmarks/scientific_computing/n_body_methods/esirkepov_deposition/cpp_backend/warpx_esirkepov_deposition_fp32.f90:1532:81:

 1532 |                 x_inl15_xint((x_w0_242) + 1) = (y_new((x_w0_242) + 1) - x_inl15_j((x_w0_242) + 1))
      |                                                                                 1
Warning: Possible change of value in conversion from INTEGER(8) to REAL(4) at (1) [-Wconversion]
/capstor/scratch/cscs/lhulsbergen/HPCAgent-Bench-ext/hpcagent_bench/benchmarks/scientific_computing/n_body_methods/esirkepov_deposition/cpp_backend/warpx_esirkepov_deposition_fp32.f90:1622:81:

 1622 |                 x_inl16_xint((x_w0_262) + 1) = (y_old((x_w0_262) + 1) - x_inl16_i((x_w0_262) + 1))
      |                                                                                 1
Warning: Possible change of value in conversion from INTEGER(8) to REAL(4) at (1) [-Wconversion]
/capstor/scratch/cscs/lhulsbergen/HPCAgent-Bench-ext/hpcagent_bench/benchmarks/scientific_computing/n_body_methods/esirkepov_deposition/cpp_backend/warpx_esirkepov_deposition_fp32.f90:1643:81:

 1643 |                 x_inl16_xint((x_w0_268) + 1) = (y_old((x_w0_268) + 1) - x_inl16_i((x_w0_268) + 1))
      |                                                                                 1
Warning: Possible change of value in conversion from INTEGER(8) to REAL(4) at (1) [-Wconversion]
/capstor/scratch/cscs/lhulsbergen/HPCAgent-Bench-ext/hpcagent_bench/benchmarks/scientific_computing/n_body_methods/esirkepov_deposition/cpp_backend/warpx_esirkepov_deposition_fp32.f90:1670:81:

 1670 |                 x_inl16_xint((x_w0_275) + 1) = (y_old((x_w0_275) + 1) - x_inl16_i((x_w0_275) + 1))
      |                                                                                 1
Warning: Possible change of value in conversion from INTEGER(8) to REAL(4) at (1) [-Wconversion]
/capstor/scratch/cscs/lhulsbergen/HPCAgent-Bench-ext/hpcagent_bench/benchmarks/scientific_computing/n_body_methods/esirkepov_deposition/cpp_backend/warpx_esirkepov_deposition_fp32.f90:1704:81:

 1704 |                 x_inl16_xint((x_w0_283) + 1) = (y_old((x_w0_283) + 1) - x_inl16_i((x_w0_283) + 1))
      |                                                                                 1
Warning: Possible change of value in conversion from INTEGER(8) to REAL(4) at (1) [-Wconversion]
/capstor/scratch/cscs/lhulsbergen/HPCAgent-Bench-ext/hpcagent_bench/benchmarks/scientific_computing/n_body_methods/esirkepov_deposition/cpp_backend/warpx_esirkepov_deposition_fp32.f90:1781:81:

 1781 |                 x_inl17_xint((x_w0_299) + 1) = (y_new((x_w0_299) + 1) - x_inl17_i((x_w0_299) + 1))
      |                                                                                 1
Warning: Possible change of value in conversion from INTEGER(8) to REAL(4) at (1) [-Wconversion]
/capstor/scratch/cscs/lhulsbergen/HPCAgent-Bench-ext/hpcagent_bench/benchmarks/scientific_computing/n_body_methods/esirkepov_deposition/cpp_backend/warpx_esirkepov_deposition_fp32.f90:1827:81:

 1827 |                 x_inl18_xint((x_w0_309) + 1) = (y_old((x_w0_309) + 1) - x_inl18_i((x_w0_309) + 1))
      |                                                                                 1
Warning: Possible change of value in conversion from INTEGER(8) to REAL(4) at (1) [-Wconversion]
/capstor/scratch/cscs/lhulsbergen/HPCAgent-Bench-ext/hpcagent_bench/benchmarks/scientific_computing/n_body_methods/esirkepov_deposition/cpp_backend/warpx_esirkepov_deposition_fp32.f90:1932:81:

 1932 |                 x_inl19_xint((x_w0_327) + 1) = (z_new((x_w0_327) + 1) - x_inl19_j((x_w0_327) + 1))
      |                                                                                 1
Warning: Possible change of value in conversion from INTEGER(8) to REAL(4) at (1) [-Wconversion]
/capstor/scratch/cscs/lhulsbergen/HPCAgent-Bench-ext/hpcagent_bench/benchmarks/scientific_computing/n_body_methods/esirkepov_deposition/cpp_backend/warpx_esirkepov_deposition_fp32.f90:1948:81:

 1948 |                 x_inl19_xint((x_w0_332) + 1) = (z_new((x_w0_332) + 1) - x_inl19_j((x_w0_332) + 1))
      |                                                                                 1
Warning: Possible change of value in conversion from INTEGER(8) to REAL(4) at (1) [-Wconversion]
/capstor/scratch/cscs/lhulsbergen/HPCAgent-Bench-ext/hpcagent_bench/benchmarks/scientific_computing/n_body_methods/esirkepov_deposition/cpp_backend/warpx_esirkepov_deposition_fp32.f90:1970:81:

 1970 |                 x_inl19_xint((x_w0_338) + 1) = (z_new((x_w0_338) + 1) - x_inl19_j((x_w0_338) + 1))
      |                                                                                 1
Warning: Possible change of value in conversion from INTEGER(8) to REAL(4) at (1) [-Wconversion]
/capstor/scratch/cscs/lhulsbergen/HPCAgent-Bench-ext/hpcagent_bench/benchmarks/scientific_computing/n_body_methods/esirkepov_deposition/cpp_backend/warpx_esirkepov_deposition_fp32.f90:1998:81:

 1998 |                 x_inl19_xint((x_w0_345) + 1) = (z_new((x_w0_345) + 1) - x_inl19_j((x_w0_345) + 1))
      |                                                                                 1
Warning: Possible change of value in conversion from INTEGER(8) to REAL(4) at (1) [-Wconversion]
/capstor/scratch/cscs/lhulsbergen/HPCAgent-Bench-ext/hpcagent_bench/benchmarks/scientific_computing/n_body_methods/esirkepov_deposition/cpp_backend/warpx_esirkepov_deposition_fp32.f90:2088:81:

 2088 |                 x_inl20_xint((x_w0_365) + 1) = (z_old((x_w0_365) + 1) - x_inl20_i((x_w0_365) + 1))
      |                                                                                 1
Warning: Possible change of value in conversion from INTEGER(8) to REAL(4) at (1) [-Wconversion]
/capstor/scratch/cscs/lhulsbergen/HPCAgent-Bench-ext/hpcagent_bench/benchmarks/scientific_computing/n_body_methods/esirkepov_deposition/cpp_backend/warpx_esirkepov_deposition_fp32.f90:2109:81:

 2109 |                 x_inl20_xint((x_w0_371) + 1) = (z_old((x_w0_371) + 1) - x_inl20_i((x_w0_371) + 1))
      |                                                                                 1
Warning: Possible change of value in conversion from INTEGER(8) to REAL(4) at (1) [-Wconversion]
/capstor/scratch/cscs/lhulsbergen/HPCAgent-Bench-ext/hpcagent_bench/benchmarks/scientific_computing/n_body_methods/esirkepov_deposition/cpp_backend/warpx_esirkepov_deposition_fp32.f90:2136:81:

 2136 |                 x_inl20_xint((x_w0_378) + 1) = (z_old((x_w0_378) + 1) - x_inl20_i((x_w0_378) + 1))
      |                                                                                 1
Warning: Possible change of value in conversion from INTEGER(8) to REAL(4) at (1) [-Wconversion]
/capstor/scratch/cscs/lhulsbergen/HPCAgent-Bench-ext/hpcagent_bench/benchmarks/scientific_computing/n_body_methods/esirkepov_deposition/cpp_backend/warpx_esirkepov_deposition_fp32.f90:2170:81:

 2170 |                 x_inl20_xint((x_w0_386) + 1) = (z_old((x_w0_386) + 1) - x_inl20_i((x_w0_386) + 1))
      |                                                                                 1
Warning: Possible change of value in conversion from INTEGER(8) to REAL(4) at (1) [-Wconversion]
/capstor/scratch/cscs/lhulsbergen/HPCAgent-Bench-ext/hpcagent_bench/benchmarks/scientific_computing/n_body_methods/esirkepov_deposition/cpp_backend/warpx_esirkepov_deposition_fp32.f90:2247:81:

 2247 |                 x_inl21_xint((x_w0_402) + 1) = (z_new((x_w0_402) + 1) - x_inl21_i((x_w0_402) + 1))
      |                                                                                 1
Warning: Possible change of value in conversion from INTEGER(8) to REAL(4) at (1) [-Wconversion]
/capstor/scratch/cscs/lhulsbergen/HPCAgent-Bench-ext/hpcagent_bench/benchmarks/scientific_computing/n_body_methods/esirkepov_deposition/cpp_backend/warpx_esirkepov_deposition_fp32.f90:2293:81:

 2293 |                 x_inl22_xint((x_w0_412) + 1) = (z_old((x_w0_412) + 1) - x_inl22_i((x_w0_412) + 1))
      |                                                                                 1
Warning: Possible change of value in conversion from INTEGER(8) to REAL(4) at (1) [-Wconversion]
/capstor/scratch/cscs/lhulsbergen/HPCAgent-Bench-ext/hpcagent_bench/benchmarks/scientific_computing/n_body_methods/esirkepov_deposition/cpp_backend/warpx_esirkepov_deposition_fp32.f90:2832:70:

 2832 |                     neg2coef((x_w0_489) + 1) = ((((-(2.0_c_float)) * (i_local((x_w0_489) + 1) + (xmin * dinvx))) * &
      |                                                                      1
Warning: Possible change of value in conversion from INTEGER(8) to REAL(4) at (1) [-Wconversion]
/capstor/scratch/cscs/lhulsbergen/HPCAgent-Bench-ext/hpcagent_bench/benchmarks/scientific_computing/n_body_methods/esirkepov_deposition/cpp_backend/warpx_esirkepov_deposition_fp32.f90:431:54:

  431 |             wq((x_w0_3) + 1) = (wq((x_w0_3) + 1) * INT(ion_lev((x_w0_3) + 1), c_int64_t))
      |                                                      1
Warning: Possible change of value in conversion from INTEGER(8) to REAL(4) at (1) [-Wconversion]
/capstor/scratch/cscs/lhulsbergen/HPCAgent-Bench-ext/hpcagent_bench/benchmarks/scientific_computing/n_body_methods/esirkepov_deposition/cpp_backend/warpx_esirkepov_deposition_fp32.f90:856:50:

  856 |                 reduce_shape_old((x_w0_88) + 1) = INT(reduced_particle_shape_mask(((loz + fz_o((x_w0_88) + 1))) + 1, &
      |                                                  1
Warning: Possible change of value in conversion from INTEGER(8) to INTEGER(4) at (1) [-Wconversion]
/capstor/scratch/cscs/lhulsbergen/HPCAgent-Bench-ext/hpcagent_bench/benchmarks/scientific_computing/n_body_methods/esirkepov_deposition/cpp_backend/warpx_esirkepov_deposition_fp32.f90:860:50:

  860 |                 reduce_shape_new((x_w0_89) + 1) = INT(reduced_particle_shape_mask(((loz + fz_n((x_w0_89) + 1))) + 1, &
      |                                                  1
Warning: Possible change of value in conversion from INTEGER(8) to INTEGER(4) at (1) [-Wconversion]
/capstor/scratch/cscs/lhulsbergen/HPCAgent-Bench-ext/hpcagent_bench/benchmarks/scientific_computing/n_body_methods/esirkepov_deposition/cpp_backend/warpx_esirkepov_deposition_fp32.f90:881:50:

  881 |                 reduce_shape_old((x_w0_94) + 1) = INT(reduced_particle_shape_mask((0) + 1, ((loy + fz_o((x_w0_94) + &
      |                                                  1
Warning: Possible change of value in conversion from INTEGER(8) to INTEGER(4) at (1) [-Wconversion]
/capstor/scratch/cscs/lhulsbergen/HPCAgent-Bench-ext/hpcagent_bench/benchmarks/scientific_computing/n_body_methods/esirkepov_deposition/cpp_backend/warpx_esirkepov_deposition_fp32.f90:885:50:

  885 |                 reduce_shape_new((x_w0_95) + 1) = INT(reduced_particle_shape_mask((0) + 1, ((loy + fz_n((x_w0_95) + &
      |                                                  1
Warning: Possible change of value in conversion from INTEGER(8) to INTEGER(4) at (1) [-Wconversion]
/capstor/scratch/cscs/lhulsbergen/HPCAgent-Bench-ext/hpcagent_bench/benchmarks/scientific_computing/n_body_methods/esirkepov_deposition/cpp_backend/warpx_esirkepov_deposition_fp32.f90:898:50:

  898 |                 reduce_shape_old((x_w0_98) + 1) = INT(reduced_particle_shape_mask((0) + 1, (0) + 1, ((lox + &
      |                                                  1
Warning: Possible change of value in conversion from INTEGER(8) to INTEGER(4) at (1) [-Wconversion]
/capstor/scratch/cscs/lhulsbergen/HPCAgent-Bench-ext/hpcagent_bench/benchmarks/scientific_computing/n_body_methods/esirkepov_deposition/cpp_backend/warpx_esirkepov_deposition_fp32.f90:902:50:

  902 |                 reduce_shape_new((x_w0_99) + 1) = INT(reduced_particle_shape_mask((0) + 1, (0) + 1, ((lox + &
      |                                                  1
Warning: Possible change of value in conversion from INTEGER(8) to INTEGER(4) at (1) [-Wconversion]
/capstor/scratch/cscs/lhulsbergen/HPCAgent-Bench-ext/hpcagent_bench/benchmarks/scientific_computing/n_body_methods/esirkepov_deposition/cpp_backend/warpx_esirkepov_deposition_fp32.f90:915:51:

  915 |                 reduce_shape_old((x_w0_102) + 1) = INT(reduced_particle_shape_mask((0) + 1, (0) + 1, ((lox + &
      |                                                   1
Warning: Possible change of value in conversion from INTEGER(8) to INTEGER(4) at (1) [-Wconversion]
/capstor/scratch/cscs/lhulsbergen/HPCAgent-Bench-ext/hpcagent_bench/benchmarks/scientific_computing/n_body_methods/esirkepov_deposition/cpp_backend/warpx_esirkepov_deposition_fp32.f90:919:51:

  919 |                 reduce_shape_new((x_w0_103) + 1) = INT(reduced_particle_shape_mask((0) + 1, (0) + 1, ((lox + &
      |                                                   1
Warning: Possible change of value in conversion from INTEGER(8) to INTEGER(4) at (1) [-Wconversion]
/capstor/scratch/cscs/lhulsbergen/HPCAgent-Bench-ext/hpcagent_bench/benchmarks/scientific_computing/n_body_methods/esirkepov_deposition/cpp_backend/warpx_esirkepov_deposition_fp32.f90:2875:49:

 2875 |                         coef_m((x_w0_495) + 1) = (neg2coef((x_w0_495) + 1) / REAL(imode_l490, c_double))
      |                                                 1
Warning: Possible change of value in conversion from REAL(8) to REAL(4) at (1) [-Wconversion]
/capstor/scratch/cscs/lhulsbergen/HPCAgent-Bench-ext/hpcagent_bench/benchmarks/scientific_computing/n_body_methods/esirkepov_deposition/cpp_backend/warpx_esirkepov_deposition_fp32.f90:2308:52:

 2308 |             else if (size(ov_old, 1) /= (width) .or. size(ov_old, 2) /= (np_particles)) then
      |                                                    ^
Warning: ‘ov_new.dim[0].ubound’ may be used uninitialized [-Wmaybe-uninitialized]
/capstor/scratch/cscs/lhulsbergen/HPCAgent-Bench-ext/hpcagent_bench/benchmarks/scientific_computing/n_body_methods/esirkepov_deposition/cpp_backend/warpx_esirkepov_deposition_fp32.f90:308:46:

  308 |     real(c_float), allocatable :: ov_new(:, :)
      |                                              ^
note: ‘ov_new.dim[0].ubound’ was declared here
/capstor/scratch/cscs/lhulsbergen/HPCAgent-Bench-ext/hpcagent_bench/benchmarks/scientific_computing/n_body_methods/esirkepov_deposition/cpp_backend/warpx_esirkepov_deposition_fp32.f90:2308:52:

 2308 |             else if (size(ov_old, 1) /= (width) .or. size(ov_old, 2) /= (np_particles)) then
      |                                                    ^
Warning: ‘ov_new.dim[1].ubound’ may be used uninitialized [-Wmaybe-uninitialized]
/capstor/scratch/cscs/lhulsbergen/HPCAgent-Bench-ext/hpcagent_bench/benchmarks/scientific_computing/n_body_methods/esirkepov_deposition/cpp_backend/warpx_esirkepov_deposition_fp32.f90:308:46:

  308 |     real(c_float), allocatable :: ov_new(:, :)
      |                                              ^
note: ‘ov_new.dim[1].ubound’ was declared here
/capstor/scratch/cscs/lhulsbergen/HPCAgent-Bench-ext/hpcagent_bench/benchmarks/scientific_computing/n_body_methods/esirkepov_deposition/cpp_backend/warpx_esirkepov_deposition_fp32.f90:296:46:

  296 |     real(c_float), allocatable :: sx_new(:, :)
      |                                              ^
Warning: ‘sx_new.offset’ may be used uninitialized [-Wmaybe-uninitialized]
/capstor/scratch/cscs/lhulsbergen/HPCAgent-Bench-ext/hpcagent_bench/benchmarks/scientific_computing/n_body_methods/esirkepov_deposition/cpp_backend/warpx_esirkepov_deposition_fp32.f90:296:46: Warning: ‘sx_new.dim[1].stride’ may be used uninitialized [-Wmaybe-uninitialized]
/capstor/scratch/cscs/lhulsbergen/HPCAgent-Bench-ext/hpcagent_bench/benchmarks/scientific_computing/n_body_methods/esirkepov_deposition/cpp_backend/warpx_esirkepov_deposition_fp32.f90:318:46:

  318 |     real(c_float), allocatable :: sy_new(:, :)
      |                                              ^
Warning: ‘sy_new.offset’ may be used uninitialized [-Wmaybe-uninitialized]
/capstor/scratch/cscs/lhulsbergen/HPCAgent-Bench-ext/hpcagent_bench/benchmarks/scientific_computing/n_body_methods/esirkepov_deposition/cpp_backend/warpx_esirkepov_deposition_fp32.f90:318:46: Warning: ‘sy_new.dim[1].stride’ may be used uninitialized [-Wmaybe-uninitialized]
/capstor/scratch/cscs/lhulsbergen/HPCAgent-Bench-ext/hpcagent_bench/benchmarks/scientific_computing/n_body_methods/esirkepov_deposition/cpp_backend/warpx_esirkepov_deposition_fp32.f90:338:46:

  338 |     real(c_float), allocatable :: sz_new(:, :)
      |                                              ^
Warning: ‘sz_new.offset’ may be used uninitialized [-Wmaybe-uninitialized]
/capstor/scratch/cscs/lhulsbergen/HPCAgent-Bench-ext/hpcagent_bench/benchmarks/scientific_computing/n_body_methods/esirkepov_deposition/cpp_backend/warpx_esirkepov_deposition_fp32.f90:338:46: Warning: ‘sz_new.dim[1].stride’ may be used uninitialized [-Wmaybe-uninitialized]
/capstor/scratch/cscs/lhulsbergen/HPCAgent-Bench-ext/hpcagent_bench/benchmarks/scientific_computing/n_body_methods/esirkepov_deposition/cpp_backend/warpx_esirkepov_deposition_fp32.f90:2790:60:

 2790 |                 else if (size(b_re, 1) /= ((k1y - k0y)) .or. size(b_re, 2) /= ((i1y - i0y))) then
      |                                                            ^
Warning: ‘b_re.dim[0].ubound’ may be used uninitialized [-Wmaybe-uninitialized]
/capstor/scratch/cscs/lhulsbergen/HPCAgent-Bench-ext/hpcagent_bench/benchmarks/scientific_computing/n_body_methods/esirkepov_deposition/cpp_backend/warpx_esirkepov_deposition_fp32.f90:367:44:

  367 |     real(c_float), allocatable :: b_re(:, :)
      |                                            ^
note: ‘b_re.dim[0].ubound’ was declared here
/capstor/scratch/cscs/lhulsbergen/HPCAgent-Bench-ext/hpcagent_bench/benchmarks/scientific_computing/n_body_methods/esirkepov_deposition/cpp_backend/warpx_esirkepov_deposition_fp32.f90:2790:60:

 2790 |                 else if (size(b_re, 1) /= ((k1y - k0y)) .or. size(b_re, 2) /= ((i1y - i0y))) then
      |                                                            ^
Warning: ‘b_re.dim[1].ubound’ may be used uninitialized [-Wmaybe-uninitialized]
/capstor/scratch/cscs/lhulsbergen/HPCAgent-Bench-ext/hpcagent_bench/benchmarks/scientific_computing/n_body_methods/esirkepov_deposition/cpp_backend/warpx_esirkepov_deposition_fp32.f90:367:44:

  367 |     real(c_float), allocatable :: b_re(:, :)
      |                                            ^
note: ‘b_re.dim[1].ubound’ was declared here
/capstor/scratch/cscs/lhulsbergen/HPCAgent-Bench-ext/hpcagent_bench/benchmarks/scientific_computing/n_body_methods/esirkepov_deposition/cpp_backend/warpx_esirkepov_deposition_fp32.f90:2515:21:

 2515 |             else if (size(cum_x, 1) /= ((i1 - i0))) then
      |                     ^
Warning: ‘cum_x.dim[0].ubound’ may be used uninitialized [-Wmaybe-uninitialized]
/capstor/scratch/cscs/lhulsbergen/HPCAgent-Bench-ext/hpcagent_bench/benchmarks/scientific_computing/n_body_methods/esirkepov_deposition/cpp_backend/warpx_esirkepov_deposition_fp32.f90:253:42:

  253 |     real(c_float), allocatable :: cum_x(:)
      |                                          ^
note: ‘cum_x.dim[0].ubound’ was declared here
/capstor/scratch/cscs/lhulsbergen/HPCAgent-Bench-ext/hpcagent_bench/benchmarks/scientific_computing/n_body_methods/esirkepov_deposition/cpp_backend/warpx_esirkepov_deposition_fp32.f90:2573:21:

 2573 |             else if (size(cum_y, 1) /= ((j1y - j0y))) then
      |                     ^
Warning: ‘cum_y.dim[0].ubound’ may be used uninitialized [-Wmaybe-uninitialized]
/capstor/scratch/cscs/lhulsbergen/HPCAgent-Bench-ext/hpcagent_bench/benchmarks/scientific_computing/n_body_methods/esirkepov_deposition/cpp_backend/warpx_esirkepov_deposition_fp32.f90:254:42:

  254 |     real(c_float), allocatable :: cum_y(:)
      |                                          ^
note: ‘cum_y.dim[0].ubound’ was declared here
/capstor/scratch/cscs/lhulsbergen/HPCAgent-Bench-ext/hpcagent_bench/benchmarks/scientific_computing/n_body_methods/esirkepov_deposition/cpp_backend/warpx_esirkepov_deposition_fp32.f90:2929:21:

 2929 |             else if (size(cum_z, 1) /= ((k1z - k0z))) then
      |                     ^
Warning: ‘cum_z.dim[0].ubound’ may be used uninitialized [-Wmaybe-uninitialized]
/capstor/scratch/cscs/lhulsbergen/HPCAgent-Bench-ext/hpcagent_bench/benchmarks/scientific_computing/n_body_methods/esirkepov_deposition/cpp_backend/warpx_esirkepov_deposition_fp32.f90:255:42:

  255 |     real(c_float), allocatable :: cum_z(:)
      |                                          ^
note: ‘cum_z.dim[0].ubound’ was declared here
/capstor/scratch/cscs/lhulsbergen/HPCAgent-Bench-ext/hpcagent_bench/benchmarks/scientific_computing/n_body_methods/esirkepov_deposition/cpp_backend/warpx_esirkepov_deposition_fp32.f90:367:44:

  367 |     real(c_float), allocatable :: b_re(:, :)
      |                                            ^
Warning: ‘b_re.offset’ may be used uninitialized [-Wmaybe-uninitialized]
/capstor/scratch/cscs/lhulsbergen/HPCAgent-Bench-ext/hpcagent_bench/benchmarks/scientific_computing/n_body_methods/esirkepov_deposition/cpp_backend/warpx_esirkepov_deposition_fp32.f90:2797:71:

 2797 |                         &sz_old(((k0y + x_w1_486)) + 1, (ip_l443) + 1))
      |                                                                       ^
Warning: ‘b_re.dim[1].stride’ may be used uninitialized [-Wmaybe-uninitialized]
/capstor/scratch/cscs/lhulsbergen/HPCAgent-Bench-ext/hpcagent_bench/benchmarks/scientific_computing/n_body_methods/esirkepov_deposition/cpp_backend/warpx_esirkepov_deposition_fp32.f90:367:44:

  367 |     real(c_float), allocatable :: b_re(:, :)
      |                                            ^
note: ‘b_re.dim[1].stride’ was declared here
/capstor/scratch/cscs/lhulsbergen/HPCAgent-Bench-ext/hpcagent_bench/benchmarks/scientific_computing/n_body_methods/esirkepov_deposition/cpp_backend/warpx_esirkepov_deposition_fp32.f90:2857:66:

 2857 |                     else if (size(sum_im, 1) /= ((k1y - k0y)) .or. size(sum_im, 2) /= ((i1y - i0y))) then
      |                                                                  ^
Warning: ‘sum_im.dim[0].ubound’ may be used uninitialized [-Wmaybe-uninitialized]
/capstor/scratch/cscs/lhulsbergen/HPCAgent-Bench-ext/hpcagent_bench/benchmarks/scientific_computing/n_body_methods/esirkepov_deposition/cpp_backend/warpx_esirkepov_deposition_fp32.f90:371:46:

  371 |     real(c_float), allocatable :: sum_im(:, :)
      |                                              ^
note: ‘sum_im.dim[0].ubound’ was declared here
/capstor/scratch/cscs/lhulsbergen/HPCAgent-Bench-ext/hpcagent_bench/benchmarks/scientific_computing/n_body_methods/esirkepov_deposition/cpp_backend/warpx_esirkepov_deposition_fp32.f90:2857:66:

 2857 |                     else if (size(sum_im, 1) /= ((k1y - k0y)) .or. size(sum_im, 2) /= ((i1y - i0y))) then
      |                                                                  ^
Warning: ‘sum_im.dim[1].ubound’ may be used uninitialized [-Wmaybe-uninitialized]
/capstor/scratch/cscs/lhulsbergen/HPCAgent-Bench-ext/hpcagent_bench/benchmarks/scientific_computing/n_body_methods/esirkepov_deposition/cpp_backend/warpx_esirkepov_deposition_fp32.f90:371:46:

  371 |     real(c_float), allocatable :: sum_im(:, :)
      |                                              ^
note: ‘sum_im.dim[1].ubound’ was declared here
/capstor/scratch/cscs/lhulsbergen/HPCAgent-Bench-ext/hpcagent_bench/benchmarks/scientific_computing/n_body_methods/esirkepov_deposition/cpp_backend/warpx_esirkepov_deposition_fp32.f90:371:46: Warning: ‘sum_im.offset’ may be used uninitialized [-Wmaybe-uninitialized]
/capstor/scratch/cscs/lhulsbergen/HPCAgent-Bench-ext/hpcagent_bench/benchmarks/scientific_computing/n_body_methods/esirkepov_deposition/cpp_backend/warpx_esirkepov_deposition_fp32.f90:2865:41:

 2865 |                             &xy_old_im)))
      |                                         ^
Warning: ‘sum_im.dim[1].stride’ may be used uninitialized [-Wmaybe-uninitialized]
/capstor/scratch/cscs/lhulsbergen/HPCAgent-Bench-ext/hpcagent_bench/benchmarks/scientific_computing/n_body_methods/esirkepov_deposition/cpp_backend/warpx_esirkepov_deposition_fp32.f90:371:46:

  371 |     real(c_float), allocatable :: sum_im(:, :)
      |                                              ^
note: ‘sum_im.dim[1].stride’ was declared here
***** Testing Fortran (gfortran) with warpx_esirkepov_deposition on the M dataset, datatype float64 *****
Fortran (gfortran) - default - default - validation: SUCCESS
Fortran (gfortran) - default - median: 3.185ms
Fortran (gfortran) - default - default - later-call validation: SUCCESS
{'kernel': 'warpx_esirkepov_deposition', 'column': 'fortran', 'output_index': 0, 'validated': True, 'n_elements': 46656, 'n_differ_from_numpy': 11859, 'frac_differ': '0.2542', 'max_rel_error': '8.854e-06', 'max_ulp': 77579558417}
{'kernel': 'warpx_esirkepov_deposition', 'column': 'fortran', 'output_index': 1, 'validated': True, 'n_elements': 46656, 'n_differ_from_numpy': 11923, 'frac_differ': '0.2556', 'max_rel_error': '1.959e-08', 'max_ulp': 169546125}
{'kernel': 'warpx_esirkepov_deposition', 'column': 'fortran', 'output_index': 2, 'validated': True, 'n_elements': 46656, 'n_differ_from_numpy': 11546, 'frac_differ': '0.2475', 'max_rel_error': '8.687e-08', 'max_ulp': 760316230}
{'kernel': 'warpx_esirkepov_deposition', 'column': 'fortran', 'output_index': 3, 'validated': True, 'n_elements': 46656, 'n_differ_from_numpy': 11859, 'frac_differ': '0.2542', 'max_rel_error': '8.854e-06', 'max_ulp': 77579558417}
{'kernel': 'warpx_esirkepov_deposition', 'column': 'fortran', 'output_index': 4, 'validated': True, 'n_elements': 46656, 'n_differ_from_numpy': 11923, 'frac_differ': '0.2556', 'max_rel_error': '1.959e-08', 'max_ulp': 169546125}
{'kernel': 'warpx_esirkepov_deposition', 'column': 'fortran', 'output_index': 5, 'validated': True, 'n_elements': 46656, 'n_differ_from_numpy': 11546, 'frac_differ': '0.2475', 'max_rel_error': '8.687e-08', 'max_ulp': 760316230}
***** Testing Numba with warpx_esirkepov_deposition on the M dataset, datatype float64 *****
Numba - nopython-mode-parallel - nopython-mode-parallel - validation: SUCCESS
Numba - nopython-mode-parallel - median: 4.611ms
Numba - nopython-mode-parallel - nopython-mode-parallel - later-call validation: SUCCESS
{'kernel': 'warpx_esirkepov_deposition', 'column': 'numba', 'output_index': 0, 'validated': True, 'n_elements': 46656, 'n_differ_from_numpy': 0, 'frac_differ': '0.0000', 'max_rel_error': '0.000e+00', 'max_ulp': 0}
{'kernel': 'warpx_esirkepov_deposition', 'column': 'numba', 'output_index': 1, 'validated': True, 'n_elements': 46656, 'n_differ_from_numpy': 0, 'frac_differ': '0.0000', 'max_rel_error': '0.000e+00', 'max_ulp': 0}
{'kernel': 'warpx_esirkepov_deposition', 'column': 'numba', 'output_index': 2, 'validated': True, 'n_elements': 46656, 'n_differ_from_numpy': 0, 'frac_differ': '0.0000', 'max_rel_error': '0.000e+00', 'max_ulp': 0}
{'kernel': 'warpx_esirkepov_deposition', 'column': 'numba', 'output_index': 3, 'validated': True, 'n_elements': 46656, 'n_differ_from_numpy': 0, 'frac_differ': '0.0000', 'max_rel_error': '0.000e+00', 'max_ulp': 0}
{'kernel': 'warpx_esirkepov_deposition', 'column': 'numba', 'output_index': 4, 'validated': True, 'n_elements': 46656, 'n_differ_from_numpy': 0, 'frac_differ': '0.0000', 'max_rel_error': '0.000e+00', 'max_ulp': 0}
{'kernel': 'warpx_esirkepov_deposition', 'column': 'numba', 'output_index': 5, 'validated': True, 'n_elements': 46656, 'n_differ_from_numpy': 0, 'frac_differ': '0.0000', 'max_rel_error': '0.000e+00', 'max_ulp': 0}
njit reference for warpx_field_gather failed to compile on call (Failed in nopython mode pipeline (step: nopython frontend)); using the interpreter
numpyto_c: emitted warpx_field_gather_fp64.{c,cpp} + warpx_field_gather_fp64_pluto_input.c + warpx_field_gather_fp64_binding.json
numpyto_c: emitted warpx_field_gather_fp32.{c,cpp} + warpx_field_gather_fp32_pluto_input.c + warpx_field_gather_fp32_binding.json
***** Testing C (gcc) with warpx_field_gather on the M dataset, datatype float64 *****
C (gcc) - default - default - validation: SUCCESS
C (gcc) - default - median: 12.553ms
C (gcc) - default - default - later-call validation: SUCCESS
{'kernel': 'warpx_field_gather', 'column': 'c', 'output_index': 0, 'validated': True, 'n_elements': 8192, 'n_differ_from_numpy': 1425, 'frac_differ': '0.1740', 'max_rel_error': '8.386e-14', 'max_ulp': 504}
{'kernel': 'warpx_field_gather', 'column': 'c', 'output_index': 1, 'validated': True, 'n_elements': 8192, 'n_differ_from_numpy': 1471, 'frac_differ': '0.1796', 'max_rel_error': '1.835e-13', 'max_ulp': 832}
{'kernel': 'warpx_field_gather', 'column': 'c', 'output_index': 2, 'validated': True, 'n_elements': 8192, 'n_differ_from_numpy': 1478, 'frac_differ': '0.1804', 'max_rel_error': '1.335e-13', 'max_ulp': 776}
{'kernel': 'warpx_field_gather', 'column': 'c', 'output_index': 3, 'validated': True, 'n_elements': 8192, 'n_differ_from_numpy': 1975, 'frac_differ': '0.2411', 'max_rel_error': '1.945e-13', 'max_ulp': 1024}
{'kernel': 'warpx_field_gather', 'column': 'c', 'output_index': 4, 'validated': True, 'n_elements': 8192, 'n_differ_from_numpy': 1923, 'frac_differ': '0.2347', 'max_rel_error': '7.564e-13', 'max_ulp': 4096}
{'kernel': 'warpx_field_gather', 'column': 'c', 'output_index': 5, 'validated': True, 'n_elements': 8192, 'n_differ_from_numpy': 1970, 'frac_differ': '0.2405', 'max_rel_error': '9.148e-14', 'max_ulp': 768}
{'kernel': 'warpx_field_gather', 'column': 'c', 'output_index': 6, 'validated': True, 'n_elements': 8192, 'n_differ_from_numpy': 1425, 'frac_differ': '0.1740', 'max_rel_error': '8.386e-14', 'max_ulp': 504}
{'kernel': 'warpx_field_gather', 'column': 'c', 'output_index': 7, 'validated': True, 'n_elements': 8192, 'n_differ_from_numpy': 1471, 'frac_differ': '0.1796', 'max_rel_error': '1.835e-13', 'max_ulp': 832}
{'kernel': 'warpx_field_gather', 'column': 'c', 'output_index': 8, 'validated': True, 'n_elements': 8192, 'n_differ_from_numpy': 1478, 'frac_differ': '0.1804', 'max_rel_error': '1.335e-13', 'max_ulp': 776}
{'kernel': 'warpx_field_gather', 'column': 'c', 'output_index': 9, 'validated': True, 'n_elements': 8192, 'n_differ_from_numpy': 1975, 'frac_differ': '0.2411', 'max_rel_error': '1.945e-13', 'max_ulp': 1024}
{'kernel': 'warpx_field_gather', 'column': 'c', 'output_index': 10, 'validated': True, 'n_elements': 8192, 'n_differ_from_numpy': 1923, 'frac_differ': '0.2347', 'max_rel_error': '7.564e-13', 'max_ulp': 4096}
{'kernel': 'warpx_field_gather', 'column': 'c', 'output_index': 11, 'validated': True, 'n_elements': 8192, 'n_differ_from_numpy': 1970, 'frac_differ': '0.2405', 'max_rel_error': '9.148e-14', 'max_ulp': 768}
njit reference for warpx_field_gather failed to compile on call (Failed in nopython mode pipeline (step: nopython frontend)); using the interpreter
numpyto_c: emitted warpx_field_gather_fp64.{c,cpp} + warpx_field_gather_fp64_pluto_input.c + warpx_field_gather_fp64_binding.json
numpyto_c: emitted warpx_field_gather_fp32.{c,cpp} + warpx_field_gather_fp32_pluto_input.c + warpx_field_gather_fp32_binding.json
***** Testing C++ (g++) with warpx_field_gather on the M dataset, datatype float64 *****
C++ (g++) - default - default - validation: SUCCESS
C++ (g++) - default - median: 12.787ms
C++ (g++) - default - default - later-call validation: SUCCESS
{'kernel': 'warpx_field_gather', 'column': 'cpp', 'output_index': 0, 'validated': True, 'n_elements': 8192, 'n_differ_from_numpy': 1425, 'frac_differ': '0.1740', 'max_rel_error': '8.386e-14', 'max_ulp': 504}
{'kernel': 'warpx_field_gather', 'column': 'cpp', 'output_index': 1, 'validated': True, 'n_elements': 8192, 'n_differ_from_numpy': 1471, 'frac_differ': '0.1796', 'max_rel_error': '1.835e-13', 'max_ulp': 832}
{'kernel': 'warpx_field_gather', 'column': 'cpp', 'output_index': 2, 'validated': True, 'n_elements': 8192, 'n_differ_from_numpy': 1478, 'frac_differ': '0.1804', 'max_rel_error': '1.335e-13', 'max_ulp': 776}
{'kernel': 'warpx_field_gather', 'column': 'cpp', 'output_index': 3, 'validated': True, 'n_elements': 8192, 'n_differ_from_numpy': 1975, 'frac_differ': '0.2411', 'max_rel_error': '1.945e-13', 'max_ulp': 1024}
{'kernel': 'warpx_field_gather', 'column': 'cpp', 'output_index': 4, 'validated': True, 'n_elements': 8192, 'n_differ_from_numpy': 1923, 'frac_differ': '0.2347', 'max_rel_error': '7.564e-13', 'max_ulp': 4096}
{'kernel': 'warpx_field_gather', 'column': 'cpp', 'output_index': 5, 'validated': True, 'n_elements': 8192, 'n_differ_from_numpy': 1970, 'frac_differ': '0.2405', 'max_rel_error': '9.148e-14', 'max_ulp': 768}
{'kernel': 'warpx_field_gather', 'column': 'cpp', 'output_index': 6, 'validated': True, 'n_elements': 8192, 'n_differ_from_numpy': 1425, 'frac_differ': '0.1740', 'max_rel_error': '8.386e-14', 'max_ulp': 504}
{'kernel': 'warpx_field_gather', 'column': 'cpp', 'output_index': 7, 'validated': True, 'n_elements': 8192, 'n_differ_from_numpy': 1471, 'frac_differ': '0.1796', 'max_rel_error': '1.835e-13', 'max_ulp': 832}
{'kernel': 'warpx_field_gather', 'column': 'cpp', 'output_index': 8, 'validated': True, 'n_elements': 8192, 'n_differ_from_numpy': 1478, 'frac_differ': '0.1804', 'max_rel_error': '1.335e-13', 'max_ulp': 776}
{'kernel': 'warpx_field_gather', 'column': 'cpp', 'output_index': 9, 'validated': True, 'n_elements': 8192, 'n_differ_from_numpy': 1975, 'frac_differ': '0.2411', 'max_rel_error': '1.945e-13', 'max_ulp': 1024}
{'kernel': 'warpx_field_gather', 'column': 'cpp', 'output_index': 10, 'validated': True, 'n_elements': 8192, 'n_differ_from_numpy': 1923, 'frac_differ': '0.2347', 'max_rel_error': '7.564e-13', 'max_ulp': 4096}
{'kernel': 'warpx_field_gather', 'column': 'cpp', 'output_index': 11, 'validated': True, 'n_elements': 8192, 'n_differ_from_numpy': 1970, 'frac_differ': '0.2405', 'max_rel_error': '9.148e-14', 'max_ulp': 768}
njit reference for warpx_field_gather failed to compile on call (Failed in nopython mode pipeline (step: nopython frontend)); using the interpreter
numpyto_fortran: emitted warpx_field_gather_fp64.f90
numpyto_fortran: emitted warpx_field_gather_fp32.f90
/capstor/scratch/cscs/lhulsbergen/HPCAgent-Bench-ext/hpcagent_bench/benchmarks/scientific_computing/n_body_methods/field_gather/cpp_backend/warpx_field_gather_fp64.f90:3502:17:

 3502 |     x_inl1_lox = INT(lo((0) + 1), c_int64_t)
      |                 1
Warning: Possible change of value in conversion from INTEGER(8) to INTEGER(4) at (1) [-Wconversion]
/capstor/scratch/cscs/lhulsbergen/HPCAgent-Bench-ext/hpcagent_bench/benchmarks/scientific_computing/n_body_methods/field_gather/cpp_backend/warpx_field_gather_fp64.f90:3503:17:

 3503 |     x_inl1_loy = INT(lo((1) + 1), c_int64_t)
      |                 1
Warning: Possible change of value in conversion from INTEGER(8) to INTEGER(4) at (1) [-Wconversion]
/capstor/scratch/cscs/lhulsbergen/HPCAgent-Bench-ext/hpcagent_bench/benchmarks/scientific_computing/n_body_methods/field_gather/cpp_backend/warpx_field_gather_fp64.f90:3504:17:

 3504 |     x_inl1_loz = INT(lo((2) + 1), c_int64_t)
      |                 1
Warning: Possible change of value in conversion from INTEGER(8) to INTEGER(4) at (1) [-Wconversion]
/capstor/scratch/cscs/lhulsbergen/HPCAgent-Bench-ext/hpcagent_bench/benchmarks/scientific_computing/n_body_methods/field_gather/cpp_backend/warpx_field_gather_fp64.f90:4041:83:

 4041 |                     x_inl20_ia_b((si2_l585) + 1, (si1_l584) + 1, (si0_l583) + 1) = x_inl20_ia((si2_l585) + 1, (0) + 1, &
      |                                                                                   1
Warning: Possible change of value in conversion from REAL(8) to INTEGER(8) at (1) [-Wconversion]
/capstor/scratch/cscs/lhulsbergen/HPCAgent-Bench-ext/hpcagent_bench/benchmarks/scientific_computing/n_body_methods/field_gather/cpp_backend/warpx_field_gather_fp64.f90:4056:83:

 4056 |                     x_inl20_ib_b((si2_l588) + 1, (si1_l587) + 1, (si0_l586) + 1) = x_inl20_ib((si2_l588) + 1, &
      |                                                                                   1
Warning: Possible change of value in conversion from REAL(8) to INTEGER(8) at (1) [-Wconversion]
/capstor/scratch/cscs/lhulsbergen/HPCAgent-Bench-ext/hpcagent_bench/benchmarks/scientific_computing/n_body_methods/field_gather/cpp_backend/warpx_field_gather_fp64.f90:4213:83:

 4213 |                     x_inl21_ia_b((si2_l615) + 1, (si1_l614) + 1, (si0_l613) + 1) = x_inl21_ia((si2_l615) + 1, (0) + 1, &
      |                                                                                   1
Warning: Possible change of value in conversion from REAL(8) to INTEGER(8) at (1) [-Wconversion]
/capstor/scratch/cscs/lhulsbergen/HPCAgent-Bench-ext/hpcagent_bench/benchmarks/scientific_computing/n_body_methods/field_gather/cpp_backend/warpx_field_gather_fp64.f90:4228:83:

 4228 |                     x_inl21_ib_b((si2_l618) + 1, (si1_l617) + 1, (si0_l616) + 1) = x_inl21_ib((si2_l618) + 1, &
      |                                                                                   1
Warning: Possible change of value in conversion from REAL(8) to INTEGER(8) at (1) [-Wconversion]
/capstor/scratch/cscs/lhulsbergen/HPCAgent-Bench-ext/hpcagent_bench/benchmarks/scientific_computing/n_body_methods/field_gather/cpp_backend/warpx_field_gather_fp64.f90:4385:83:

 4385 |                     x_inl22_ia_b((si2_l645) + 1, (si1_l644) + 1, (si0_l643) + 1) = x_inl22_ia((si2_l645) + 1, (0) + 1, &
      |                                                                                   1
Warning: Possible change of value in conversion from REAL(8) to INTEGER(8) at (1) [-Wconversion]
/capstor/scratch/cscs/lhulsbergen/HPCAgent-Bench-ext/hpcagent_bench/benchmarks/scientific_computing/n_body_methods/field_gather/cpp_backend/warpx_field_gather_fp64.f90:4400:83:

 4400 |                     x_inl22_ib_b((si2_l648) + 1, (si1_l647) + 1, (si0_l646) + 1) = x_inl22_ib((si2_l648) + 1, &
      |                                                                                   1
Warning: Possible change of value in conversion from REAL(8) to INTEGER(8) at (1) [-Wconversion]
/capstor/scratch/cscs/lhulsbergen/HPCAgent-Bench-ext/hpcagent_bench/benchmarks/scientific_computing/n_body_methods/field_gather/cpp_backend/warpx_field_gather_fp64.f90:4557:83:

 4557 |                     x_inl23_ia_b((si2_l675) + 1, (si1_l674) + 1, (si0_l673) + 1) = x_inl23_ia((si2_l675) + 1, (0) + 1, &
      |                                                                                   1
Warning: Possible change of value in conversion from REAL(8) to INTEGER(8) at (1) [-Wconversion]
/capstor/scratch/cscs/lhulsbergen/HPCAgent-Bench-ext/hpcagent_bench/benchmarks/scientific_computing/n_body_methods/field_gather/cpp_backend/warpx_field_gather_fp64.f90:4572:83:

 4572 |                     x_inl23_ib_b((si2_l678) + 1, (si1_l677) + 1, (si0_l676) + 1) = x_inl23_ib((si2_l678) + 1, &
      |                                                                                   1
Warning: Possible change of value in conversion from REAL(8) to INTEGER(8) at (1) [-Wconversion]
/capstor/scratch/cscs/lhulsbergen/HPCAgent-Bench-ext/hpcagent_bench/benchmarks/scientific_computing/n_body_methods/field_gather/cpp_backend/warpx_field_gather_fp64.f90:4729:83:

 4729 |                     x_inl24_ia_b((si2_l705) + 1, (si1_l704) + 1, (si0_l703) + 1) = x_inl24_ia((si2_l705) + 1, (0) + 1, &
      |                                                                                   1
Warning: Possible change of value in conversion from REAL(8) to INTEGER(8) at (1) [-Wconversion]
/capstor/scratch/cscs/lhulsbergen/HPCAgent-Bench-ext/hpcagent_bench/benchmarks/scientific_computing/n_body_methods/field_gather/cpp_backend/warpx_field_gather_fp64.f90:4744:83:

 4744 |                     x_inl24_ib_b((si2_l708) + 1, (si1_l707) + 1, (si0_l706) + 1) = x_inl24_ib((si2_l708) + 1, &
      |                                                                                   1
Warning: Possible change of value in conversion from REAL(8) to INTEGER(8) at (1) [-Wconversion]
/capstor/scratch/cscs/lhulsbergen/HPCAgent-Bench-ext/hpcagent_bench/benchmarks/scientific_computing/n_body_methods/field_gather/cpp_backend/warpx_field_gather_fp64.f90:4901:83:

 4901 |                     x_inl25_ia_b((si2_l735) + 1, (si1_l734) + 1, (si0_l733) + 1) = x_inl25_ia((si2_l735) + 1, (0) + 1, &
      |                                                                                   1
Warning: Possible change of value in conversion from REAL(8) to INTEGER(8) at (1) [-Wconversion]
/capstor/scratch/cscs/lhulsbergen/HPCAgent-Bench-ext/hpcagent_bench/benchmarks/scientific_computing/n_body_methods/field_gather/cpp_backend/warpx_field_gather_fp64.f90:4916:83:

 4916 |                     x_inl25_ib_b((si2_l738) + 1, (si1_l737) + 1, (si0_l736) + 1) = x_inl25_ib((si2_l738) + 1, &
      |                                                                                   1
Warning: Possible change of value in conversion from REAL(8) to INTEGER(8) at (1) [-Wconversion]
/capstor/scratch/cscs/lhulsbergen/HPCAgent-Bench-ext/hpcagent_bench/benchmarks/scientific_computing/n_body_methods/field_gather/cpp_backend/warpx_field_gather_fp64.f90:5074:83:

 5074 |                     x_inl26_ia_b((si2_l765) + 1, (si1_l764) + 1, (si0_l763) + 1) = x_inl26_ia((si2_l765) + 1, (0) + 1, &
      |                                                                                   1
Warning: Possible change of value in conversion from REAL(8) to INTEGER(8) at (1) [-Wconversion]
/capstor/scratch/cscs/lhulsbergen/HPCAgent-Bench-ext/hpcagent_bench/benchmarks/scientific_computing/n_body_methods/field_gather/cpp_backend/warpx_field_gather_fp64.f90:5089:83:

 5089 |                     x_inl26_ib_b((si2_l768) + 1, (si1_l767) + 1, (si0_l766) + 1) = x_inl26_ib((si2_l768) + 1, &
      |                                                                                   1
Warning: Possible change of value in conversion from REAL(8) to INTEGER(8) at (1) [-Wconversion]
/capstor/scratch/cscs/lhulsbergen/HPCAgent-Bench-ext/hpcagent_bench/benchmarks/scientific_computing/n_body_methods/field_gather/cpp_backend/warpx_field_gather_fp64.f90:5243:83:

 5243 |                     x_inl27_ia_b((si2_l794) + 1, (si1_l793) + 1, (si0_l792) + 1) = x_inl27_ia((si2_l794) + 1, (0) + 1, &
      |                                                                                   1
Warning: Possible change of value in conversion from REAL(8) to INTEGER(8) at (1) [-Wconversion]
/capstor/scratch/cscs/lhulsbergen/HPCAgent-Bench-ext/hpcagent_bench/benchmarks/scientific_computing/n_body_methods/field_gather/cpp_backend/warpx_field_gather_fp64.f90:5258:83:

 5258 |                     x_inl27_ib_b((si2_l797) + 1, (si1_l796) + 1, (si0_l795) + 1) = x_inl27_ib((si2_l797) + 1, &
      |                                                                                   1
Warning: Possible change of value in conversion from REAL(8) to INTEGER(8) at (1) [-Wconversion]
/capstor/scratch/cscs/lhulsbergen/HPCAgent-Bench-ext/hpcagent_bench/benchmarks/scientific_computing/n_body_methods/field_gather/cpp_backend/warpx_field_gather_fp64.f90:5412:83:

 5412 |                     x_inl28_ia_b((si2_l823) + 1, (si1_l822) + 1, (si0_l821) + 1) = x_inl28_ia((si2_l823) + 1, (0) + 1, &
      |                                                                                   1
Warning: Possible change of value in conversion from REAL(8) to INTEGER(8) at (1) [-Wconversion]
/capstor/scratch/cscs/lhulsbergen/HPCAgent-Bench-ext/hpcagent_bench/benchmarks/scientific_computing/n_body_methods/field_gather/cpp_backend/warpx_field_gather_fp64.f90:5427:83:

 5427 |                     x_inl28_ib_b((si2_l826) + 1, (si1_l825) + 1, (si0_l824) + 1) = x_inl28_ib((si2_l826) + 1, &
      |                                                                                   1
Warning: Possible change of value in conversion from REAL(8) to INTEGER(8) at (1) [-Wconversion]
/capstor/scratch/cscs/lhulsbergen/HPCAgent-Bench-ext/hpcagent_bench/benchmarks/scientific_computing/n_body_methods/field_gather/cpp_backend/warpx_field_gather_fp64.f90:5584:83:

 5584 |                     x_inl29_ia_b((si2_l853) + 1, (si1_l852) + 1, (si0_l851) + 1) = x_inl29_ia((si2_l853) + 1, (0) + 1, &
      |                                                                                   1
Warning: Possible change of value in conversion from REAL(8) to INTEGER(8) at (1) [-Wconversion]
/capstor/scratch/cscs/lhulsbergen/HPCAgent-Bench-ext/hpcagent_bench/benchmarks/scientific_computing/n_body_methods/field_gather/cpp_backend/warpx_field_gather_fp64.f90:5599:83:

 5599 |                     x_inl29_ib_b((si2_l856) + 1, (si1_l855) + 1, (si0_l854) + 1) = x_inl29_ib((si2_l856) + 1, &
      |                                                                                   1
Warning: Possible change of value in conversion from REAL(8) to INTEGER(8) at (1) [-Wconversion]
/capstor/scratch/cscs/lhulsbergen/HPCAgent-Bench-ext/hpcagent_bench/benchmarks/scientific_computing/n_body_methods/field_gather/cpp_backend/warpx_field_gather_fp64.f90:5756:83:

 5756 |                     x_inl30_ia_b((si2_l883) + 1, (si1_l882) + 1, (si0_l881) + 1) = x_inl30_ia((si2_l883) + 1, (0) + 1, &
      |                                                                                   1
Warning: Possible change of value in conversion from REAL(8) to INTEGER(8) at (1) [-Wconversion]
/capstor/scratch/cscs/lhulsbergen/HPCAgent-Bench-ext/hpcagent_bench/benchmarks/scientific_computing/n_body_methods/field_gather/cpp_backend/warpx_field_gather_fp64.f90:5771:83:

 5771 |                     x_inl30_ib_b((si2_l886) + 1, (si1_l885) + 1, (si0_l884) + 1) = x_inl30_ib((si2_l886) + 1, &
      |                                                                                   1
Warning: Possible change of value in conversion from REAL(8) to INTEGER(8) at (1) [-Wconversion]
/capstor/scratch/cscs/lhulsbergen/HPCAgent-Bench-ext/hpcagent_bench/benchmarks/scientific_computing/n_body_methods/field_gather/cpp_backend/warpx_field_gather_fp64.f90:5925:83:

 5925 |                     x_inl31_ia_b((si2_l912) + 1, (si1_l911) + 1, (si0_l910) + 1) = x_inl31_ia((si2_l912) + 1, (0) + 1, &
      |                                                                                   1
Warning: Possible change of value in conversion from REAL(8) to INTEGER(8) at (1) [-Wconversion]
/capstor/scratch/cscs/lhulsbergen/HPCAgent-Bench-ext/hpcagent_bench/benchmarks/scientific_computing/n_body_methods/field_gather/cpp_backend/warpx_field_gather_fp64.f90:5940:83:

 5940 |                     x_inl31_ib_b((si2_l915) + 1, (si1_l914) + 1, (si0_l913) + 1) = x_inl31_ib((si2_l915) + 1, &
      |                                                                                   1
Warning: Possible change of value in conversion from REAL(8) to INTEGER(8) at (1) [-Wconversion]
/capstor/scratch/cscs/lhulsbergen/HPCAgent-Bench-ext/hpcagent_bench/benchmarks/scientific_computing/n_body_methods/field_gather/cpp_backend/warpx_field_gather_fp64.f90:6143:87:

 6143 |                         x_inl32_ia_b((si2_l952) + 1, (si1_l951) + 1, (si0_l950) + 1) = x_inl32_ia((si2_l952) + 1, (0) &
      |                                                                                       1
Warning: Possible change of value in conversion from REAL(8) to INTEGER(8) at (1) [-Wconversion]
/capstor/scratch/cscs/lhulsbergen/HPCAgent-Bench-ext/hpcagent_bench/benchmarks/scientific_computing/n_body_methods/field_gather/cpp_backend/warpx_field_gather_fp64.f90:6158:87:

 6158 |                         x_inl32_ib_b((si2_l955) + 1, (si1_l954) + 1, (si0_l953) + 1) = x_inl32_ib((si2_l955) + 1, &
      |                                                                                       1
Warning: Possible change of value in conversion from REAL(8) to INTEGER(8) at (1) [-Wconversion]
/capstor/scratch/cscs/lhulsbergen/HPCAgent-Bench-ext/hpcagent_bench/benchmarks/scientific_computing/n_body_methods/field_gather/cpp_backend/warpx_field_gather_fp64.f90:6313:87:

 6313 |                         x_inl33_ia_b((si2_l981) + 1, (si1_l980) + 1, (si0_l979) + 1) = x_inl33_ia((si2_l981) + 1, (0) &
      |                                                                                       1
Warning: Possible change of value in conversion from REAL(8) to INTEGER(8) at (1) [-Wconversion]
/capstor/scratch/cscs/lhulsbergen/HPCAgent-Bench-ext/hpcagent_bench/benchmarks/scientific_computing/n_body_methods/field_gather/cpp_backend/warpx_field_gather_fp64.f90:6328:87:

 6328 |                         x_inl33_ib_b((si2_l984) + 1, (si1_l983) + 1, (si0_l982) + 1) = x_inl33_ib((si2_l984) + 1, &
      |                                                                                       1
Warning: Possible change of value in conversion from REAL(8) to INTEGER(8) at (1) [-Wconversion]
/capstor/scratch/cscs/lhulsbergen/HPCAgent-Bench-ext/hpcagent_bench/benchmarks/scientific_computing/n_body_methods/field_gather/cpp_backend/warpx_field_gather_fp64.f90:6490:90:

 6490 |                         x_inl34_ia_b((si2_l1012) + 1, (si1_l1011) + 1, (si0_l1010) + 1) = x_inl34_ia((si2_l1012) + 1, &
      |                                                                                          1
Warning: Possible change of value in conversion from REAL(8) to INTEGER(8) at (1) [-Wconversion]
/capstor/scratch/cscs/lhulsbergen/HPCAgent-Bench-ext/hpcagent_bench/benchmarks/scientific_computing/n_body_methods/field_gather/cpp_backend/warpx_field_gather_fp64.f90:6505:90:

 6505 |                         x_inl34_ib_b((si2_l1015) + 1, (si1_l1014) + 1, (si0_l1013) + 1) = x_inl34_ib((si2_l1015) + 1, &
      |                                                                                          1
Warning: Possible change of value in conversion from REAL(8) to INTEGER(8) at (1) [-Wconversion]
/capstor/scratch/cscs/lhulsbergen/HPCAgent-Bench-ext/hpcagent_bench/benchmarks/scientific_computing/n_body_methods/field_gather/cpp_backend/warpx_field_gather_fp64.f90:6660:90:

 6660 |                         x_inl35_ia_b((si2_l1041) + 1, (si1_l1040) + 1, (si0_l1039) + 1) = x_inl35_ia((si2_l1041) + 1, &
      |                                                                                          1
Warning: Possible change of value in conversion from REAL(8) to INTEGER(8) at (1) [-Wconversion]
/capstor/scratch/cscs/lhulsbergen/HPCAgent-Bench-ext/hpcagent_bench/benchmarks/scientific_computing/n_body_methods/field_gather/cpp_backend/warpx_field_gather_fp64.f90:6675:90:

 6675 |                         x_inl35_ib_b((si2_l1044) + 1, (si1_l1043) + 1, (si0_l1042) + 1) = x_inl35_ib((si2_l1044) + 1, &
      |                                                                                          1
Warning: Possible change of value in conversion from REAL(8) to INTEGER(8) at (1) [-Wconversion]
/capstor/scratch/cscs/lhulsbergen/HPCAgent-Bench-ext/hpcagent_bench/benchmarks/scientific_computing/n_body_methods/field_gather/cpp_backend/warpx_field_gather_fp64.f90:6837:90:

 6837 |                         x_inl36_ia_b((si2_l1072) + 1, (si1_l1071) + 1, (si0_l1070) + 1) = x_inl36_ia((si2_l1072) + 1, &
      |                                                                                          1
Warning: Possible change of value in conversion from REAL(8) to INTEGER(8) at (1) [-Wconversion]
/capstor/scratch/cscs/lhulsbergen/HPCAgent-Bench-ext/hpcagent_bench/benchmarks/scientific_computing/n_body_methods/field_gather/cpp_backend/warpx_field_gather_fp64.f90:6852:90:

 6852 |                         x_inl36_ib_b((si2_l1075) + 1, (si1_l1074) + 1, (si0_l1073) + 1) = x_inl36_ib((si2_l1075) + 1, &
      |                                                                                          1
Warning: Possible change of value in conversion from REAL(8) to INTEGER(8) at (1) [-Wconversion]
/capstor/scratch/cscs/lhulsbergen/HPCAgent-Bench-ext/hpcagent_bench/benchmarks/scientific_computing/n_body_methods/field_gather/cpp_backend/warpx_field_gather_fp64.f90:7007:90:

 7007 |                         x_inl37_ia_b((si2_l1101) + 1, (si1_l1100) + 1, (si0_l1099) + 1) = x_inl37_ia((si2_l1101) + 1, &
      |                                                                                          1
Warning: Possible change of value in conversion from REAL(8) to INTEGER(8) at (1) [-Wconversion]
/capstor/scratch/cscs/lhulsbergen/HPCAgent-Bench-ext/hpcagent_bench/benchmarks/scientific_computing/n_body_methods/field_gather/cpp_backend/warpx_field_gather_fp64.f90:7022:90:

 7022 |                         x_inl37_ib_b((si2_l1104) + 1, (si1_l1103) + 1, (si0_l1102) + 1) = x_inl37_ib((si2_l1104) + 1, &
      |                                                                                          1
Warning: Possible change of value in conversion from REAL(8) to INTEGER(8) at (1) [-Wconversion]
/capstor/scratch/cscs/lhulsbergen/HPCAgent-Bench-ext/hpcagent_bench/benchmarks/scientific_computing/n_body_methods/field_gather/cpp_backend/warpx_field_gather_fp64.f90:7184:90:

 7184 |                         x_inl38_ia_b((si2_l1132) + 1, (si1_l1131) + 1, (si0_l1130) + 1) = x_inl38_ia((si2_l1132) + 1, &
      |                                                                                          1
Warning: Possible change of value in conversion from REAL(8) to INTEGER(8) at (1) [-Wconversion]
/capstor/scratch/cscs/lhulsbergen/HPCAgent-Bench-ext/hpcagent_bench/benchmarks/scientific_computing/n_body_methods/field_gather/cpp_backend/warpx_field_gather_fp64.f90:7199:90:

 7199 |                         x_inl38_ib_b((si2_l1135) + 1, (si1_l1134) + 1, (si0_l1133) + 1) = x_inl38_ib((si2_l1135) + 1, &
      |                                                                                          1
Warning: Possible change of value in conversion from REAL(8) to INTEGER(8) at (1) [-Wconversion]
/capstor/scratch/cscs/lhulsbergen/HPCAgent-Bench-ext/hpcagent_bench/benchmarks/scientific_computing/n_body_methods/field_gather/cpp_backend/warpx_field_gather_fp64.f90:7354:90:

 7354 |                         x_inl39_ia_b((si2_l1161) + 1, (si1_l1160) + 1, (si0_l1159) + 1) = x_inl39_ia((si2_l1161) + 1, &
      |                                                                                          1
Warning: Possible change of value in conversion from REAL(8) to INTEGER(8) at (1) [-Wconversion]
/capstor/scratch/cscs/lhulsbergen/HPCAgent-Bench-ext/hpcagent_bench/benchmarks/scientific_computing/n_body_methods/field_gather/cpp_backend/warpx_field_gather_fp64.f90:7369:90:

 7369 |                         x_inl39_ib_b((si2_l1164) + 1, (si1_l1163) + 1, (si0_l1162) + 1) = x_inl39_ib((si2_l1164) + 1, &
      |                                                                                          1
Warning: Possible change of value in conversion from REAL(8) to INTEGER(8) at (1) [-Wconversion]
/capstor/scratch/cscs/lhulsbergen/HPCAgent-Bench-ext/hpcagent_bench/benchmarks/scientific_computing/n_body_methods/field_gather/cpp_backend/warpx_field_gather_fp64.f90:7531:90:

 7531 |                         x_inl40_ia_b((si2_l1192) + 1, (si1_l1191) + 1, (si0_l1190) + 1) = x_inl40_ia((si2_l1192) + 1, &
      |                                                                                          1
Warning: Possible change of value in conversion from REAL(8) to INTEGER(8) at (1) [-Wconversion]
/capstor/scratch/cscs/lhulsbergen/HPCAgent-Bench-ext/hpcagent_bench/benchmarks/scientific_computing/n_body_methods/field_gather/cpp_backend/warpx_field_gather_fp64.f90:7546:90:

 7546 |                         x_inl40_ib_b((si2_l1195) + 1, (si1_l1194) + 1, (si0_l1193) + 1) = x_inl40_ib((si2_l1195) + 1, &
      |                                                                                          1
Warning: Possible change of value in conversion from REAL(8) to INTEGER(8) at (1) [-Wconversion]
/capstor/scratch/cscs/lhulsbergen/HPCAgent-Bench-ext/hpcagent_bench/benchmarks/scientific_computing/n_body_methods/field_gather/cpp_backend/warpx_field_gather_fp64.f90:7701:90:

 7701 |                         x_inl41_ia_b((si2_l1221) + 1, (si1_l1220) + 1, (si0_l1219) + 1) = x_inl41_ia((si2_l1221) + 1, &
      |                                                                                          1
Warning: Possible change of value in conversion from REAL(8) to INTEGER(8) at (1) [-Wconversion]
/capstor/scratch/cscs/lhulsbergen/HPCAgent-Bench-ext/hpcagent_bench/benchmarks/scientific_computing/n_body_methods/field_gather/cpp_backend/warpx_field_gather_fp64.f90:7716:90:

 7716 |                         x_inl41_ib_b((si2_l1224) + 1, (si1_l1223) + 1, (si0_l1222) + 1) = x_inl41_ib((si2_l1224) + 1, &
      |                                                                                          1
Warning: Possible change of value in conversion from REAL(8) to INTEGER(8) at (1) [-Wconversion]
/capstor/scratch/cscs/lhulsbergen/HPCAgent-Bench-ext/hpcagent_bench/benchmarks/scientific_computing/n_body_methods/field_gather/cpp_backend/warpx_field_gather_fp64.f90:7878:90:

 7878 |                         x_inl42_ia_b((si2_l1252) + 1, (si1_l1251) + 1, (si0_l1250) + 1) = x_inl42_ia((si2_l1252) + 1, &
      |                                                                                          1
Warning: Possible change of value in conversion from REAL(8) to INTEGER(8) at (1) [-Wconversion]
/capstor/scratch/cscs/lhulsbergen/HPCAgent-Bench-ext/hpcagent_bench/benchmarks/scientific_computing/n_body_methods/field_gather/cpp_backend/warpx_field_gather_fp64.f90:7893:90:

 7893 |                         x_inl42_ib_b((si2_l1255) + 1, (si1_l1254) + 1, (si0_l1253) + 1) = x_inl42_ib((si2_l1255) + 1, &
      |                                                                                          1
Warning: Possible change of value in conversion from REAL(8) to INTEGER(8) at (1) [-Wconversion]
/capstor/scratch/cscs/lhulsbergen/HPCAgent-Bench-ext/hpcagent_bench/benchmarks/scientific_computing/n_body_methods/field_gather/cpp_backend/warpx_field_gather_fp64.f90:8048:90:

 8048 |                         x_inl43_ia_b((si2_l1281) + 1, (si1_l1280) + 1, (si0_l1279) + 1) = x_inl43_ia((si2_l1281) + 1, &
      |                                                                                          1
Warning: Possible change of value in conversion from REAL(8) to INTEGER(8) at (1) [-Wconversion]
/capstor/scratch/cscs/lhulsbergen/HPCAgent-Bench-ext/hpcagent_bench/benchmarks/scientific_computing/n_body_methods/field_gather/cpp_backend/warpx_field_gather_fp64.f90:8063:90:

 8063 |                         x_inl43_ib_b((si2_l1284) + 1, (si1_l1283) + 1, (si0_l1282) + 1) = x_inl43_ib((si2_l1284) + 1, &
      |                                                                                          1
Warning: Possible change of value in conversion from REAL(8) to INTEGER(8) at (1) [-Wconversion]
/capstor/scratch/cscs/lhulsbergen/HPCAgent-Bench-ext/hpcagent_bench/benchmarks/scientific_computing/n_body_methods/field_gather/cpp_backend/warpx_field_gather_fp64.f90:9328:107:

 9328 |                         x_inl56_ix_b((si3_l1493) + 1, (si2_l1492) + 1, (si1_l1491) + 1, (si0_l1490) + 1) = &
      |                                                                                                           1
Warning: Possible change of value in conversion from REAL(8) to INTEGER(8) at (1) [-Wconversion]
/capstor/scratch/cscs/lhulsbergen/HPCAgent-Bench-ext/hpcagent_bench/benchmarks/scientific_computing/n_body_methods/field_gather/cpp_backend/warpx_field_gather_fp64.f90:9345:107:

 9345 |                         x_inl56_iy_b((si3_l1497) + 1, (si2_l1496) + 1, (si1_l1495) + 1, (si0_l1494) + 1) = &
      |                                                                                                           1
Warning: Possible change of value in conversion from REAL(8) to INTEGER(8) at (1) [-Wconversion]
/capstor/scratch/cscs/lhulsbergen/HPCAgent-Bench-ext/hpcagent_bench/benchmarks/scientific_computing/n_body_methods/field_gather/cpp_backend/warpx_field_gather_fp64.f90:9362:107:

 9362 |                         x_inl56_iz_b((si3_l1501) + 1, (si2_l1500) + 1, (si1_l1499) + 1, (si0_l1498) + 1) = &
      |                                                                                                           1
Warning: Possible change of value in conversion from REAL(8) to INTEGER(8) at (1) [-Wconversion]
/capstor/scratch/cscs/lhulsbergen/HPCAgent-Bench-ext/hpcagent_bench/benchmarks/scientific_computing/n_body_methods/field_gather/cpp_backend/warpx_field_gather_fp64.f90:9578:107:

 9578 |                         x_inl57_ix_b((si3_l1541) + 1, (si2_l1540) + 1, (si1_l1539) + 1, (si0_l1538) + 1) = &
      |                                                                                                           1
Warning: Possible change of value in conversion from REAL(8) to INTEGER(8) at (1) [-Wconversion]
/capstor/scratch/cscs/lhulsbergen/HPCAgent-Bench-ext/hpcagent_bench/benchmarks/scientific_computing/n_body_methods/field_gather/cpp_backend/warpx_field_gather_fp64.f90:9595:107:

 9595 |                         x_inl57_iy_b((si3_l1545) + 1, (si2_l1544) + 1, (si1_l1543) + 1, (si0_l1542) + 1) = &
      |                                                                                                           1
Warning: Possible change of value in conversion from REAL(8) to INTEGER(8) at (1) [-Wconversion]
/capstor/scratch/cscs/lhulsbergen/HPCAgent-Bench-ext/hpcagent_bench/benchmarks/scientific_computing/n_body_methods/field_gather/cpp_backend/warpx_field_gather_fp64.f90:9612:107:

 9612 |                         x_inl57_iz_b((si3_l1549) + 1, (si2_l1548) + 1, (si1_l1547) + 1, (si0_l1546) + 1) = &
      |                                                                                                           1
Warning: Possible change of value in conversion from REAL(8) to INTEGER(8) at (1) [-Wconversion]
/capstor/scratch/cscs/lhulsbergen/HPCAgent-Bench-ext/hpcagent_bench/benchmarks/scientific_computing/n_body_methods/field_gather/cpp_backend/warpx_field_gather_fp64.f90:9828:107:

 9828 |                         x_inl58_ix_b((si3_l1589) + 1, (si2_l1588) + 1, (si1_l1587) + 1, (si0_l1586) + 1) = &
      |                                                                                                           1
Warning: Possible change of value in conversion from REAL(8) to INTEGER(8) at (1) [-Wconversion]
/capstor/scratch/cscs/lhulsbergen/HPCAgent-Bench-ext/hpcagent_bench/benchmarks/scientific_computing/n_body_methods/field_gather/cpp_backend/warpx_field_gather_fp64.f90:9845:107:

 9845 |                         x_inl58_iy_b((si3_l1593) + 1, (si2_l1592) + 1, (si1_l1591) + 1, (si0_l1590) + 1) = &
      |                                                                                                           1
Warning: Possible change of value in conversion from REAL(8) to INTEGER(8) at (1) [-Wconversion]
/capstor/scratch/cscs/lhulsbergen/HPCAgent-Bench-ext/hpcagent_bench/benchmarks/scientific_computing/n_body_methods/field_gather/cpp_backend/warpx_field_gather_fp64.f90:9862:107:

 9862 |                         x_inl58_iz_b((si3_l1597) + 1, (si2_l1596) + 1, (si1_l1595) + 1, (si0_l1594) + 1) = &
      |                                                                                                           1
Warning: Possible change of value in conversion from REAL(8) to INTEGER(8) at (1) [-Wconversion]
/capstor/scratch/cscs/lhulsbergen/HPCAgent-Bench-ext/hpcagent_bench/benchmarks/scientific_computing/n_body_methods/field_gather/cpp_backend/warpx_field_gather_fp64.f90:10078:107:

10078 |                         x_inl59_ix_b((si3_l1637) + 1, (si2_l1636) + 1, (si1_l1635) + 1, (si0_l1634) + 1) = &
      |                                                                                                           1
Warning: Possible change of value in conversion from REAL(8) to INTEGER(8) at (1) [-Wconversion]
/capstor/scratch/cscs/lhulsbergen/HPCAgent-Bench-ext/hpcagent_bench/benchmarks/scientific_computing/n_body_methods/field_gather/cpp_backend/warpx_field_gather_fp64.f90:10095:107:

10095 |                         x_inl59_iy_b((si3_l1641) + 1, (si2_l1640) + 1, (si1_l1639) + 1, (si0_l1638) + 1) = &
      |                                                                                                           1
Warning: Possible change of value in conversion from REAL(8) to INTEGER(8) at (1) [-Wconversion]
/capstor/scratch/cscs/lhulsbergen/HPCAgent-Bench-ext/hpcagent_bench/benchmarks/scientific_computing/n_body_methods/field_gather/cpp_backend/warpx_field_gather_fp64.f90:10112:107:

10112 |                         x_inl59_iz_b((si3_l1645) + 1, (si2_l1644) + 1, (si1_l1643) + 1, (si0_l1642) + 1) = &
      |                                                                                                           1
Warning: Possible change of value in conversion from REAL(8) to INTEGER(8) at (1) [-Wconversion]
/capstor/scratch/cscs/lhulsbergen/HPCAgent-Bench-ext/hpcagent_bench/benchmarks/scientific_computing/n_body_methods/field_gather/cpp_backend/warpx_field_gather_fp64.f90:10328:107:

10328 |                         x_inl60_ix_b((si3_l1685) + 1, (si2_l1684) + 1, (si1_l1683) + 1, (si0_l1682) + 1) = &
      |                                                                                                           1
Warning: Possible change of value in conversion from REAL(8) to INTEGER(8) at (1) [-Wconversion]
/capstor/scratch/cscs/lhulsbergen/HPCAgent-Bench-ext/hpcagent_bench/benchmarks/scientific_computing/n_body_methods/field_gather/cpp_backend/warpx_field_gather_fp64.f90:10345:107:

10345 |                         x_inl60_iy_b((si3_l1689) + 1, (si2_l1688) + 1, (si1_l1687) + 1, (si0_l1686) + 1) = &
      |                                                                                                           1
Warning: Possible change of value in conversion from REAL(8) to INTEGER(8) at (1) [-Wconversion]
/capstor/scratch/cscs/lhulsbergen/HPCAgent-Bench-ext/hpcagent_bench/benchmarks/scientific_computing/n_body_methods/field_gather/cpp_backend/warpx_field_gather_fp64.f90:10362:107:

10362 |                         x_inl60_iz_b((si3_l1693) + 1, (si2_l1692) + 1, (si1_l1691) + 1, (si0_l1690) + 1) = &
      |                                                                                                           1
Warning: Possible change of value in conversion from REAL(8) to INTEGER(8) at (1) [-Wconversion]
/capstor/scratch/cscs/lhulsbergen/HPCAgent-Bench-ext/hpcagent_bench/benchmarks/scientific_computing/n_body_methods/field_gather/cpp_backend/warpx_field_gather_fp64.f90:10578:107:

10578 |                         x_inl61_ix_b((si3_l1733) + 1, (si2_l1732) + 1, (si1_l1731) + 1, (si0_l1730) + 1) = &
      |                                                                                                           1
Warning: Possible change of value in conversion from REAL(8) to INTEGER(8) at (1) [-Wconversion]
/capstor/scratch/cscs/lhulsbergen/HPCAgent-Bench-ext/hpcagent_bench/benchmarks/scientific_computing/n_body_methods/field_gather/cpp_backend/warpx_field_gather_fp64.f90:10595:107:

10595 |                         x_inl61_iy_b((si3_l1737) + 1, (si2_l1736) + 1, (si1_l1735) + 1, (si0_l1734) + 1) = &
      |                                                                                                           1
Warning: Possible change of value in conversion from REAL(8) to INTEGER(8) at (1) [-Wconversion]
/capstor/scratch/cscs/lhulsbergen/HPCAgent-Bench-ext/hpcagent_bench/benchmarks/scientific_computing/n_body_methods/field_gather/cpp_backend/warpx_field_gather_fp64.f90:10612:107:

10612 |                         x_inl61_iz_b((si3_l1741) + 1, (si2_l1740) + 1, (si1_l1739) + 1, (si0_l1738) + 1) = &
      |                                                                                                           1
Warning: Possible change of value in conversion from REAL(8) to INTEGER(8) at (1) [-Wconversion]
/capstor/scratch/cscs/lhulsbergen/HPCAgent-Bench-ext/hpcagent_bench/benchmarks/scientific_computing/n_body_methods/field_gather/cpp_backend/warpx_field_gather_fp64.f90:6173:98:

 6052 |         do x_inl1_imode_939 = 1, (nmodes) - 1
      |                                             2                                                     
......
 6173 |                         x_inl32_gathered((x_w2_958) + 1, (x_w1_957) + 1, (x_w0_956) + 1) = ey_arr((((2 * &
      |                                                                                                  1
Warning: Array reference at (1) out of bounds (2 > 1) in loop beginning at (2)
/capstor/scratch/cscs/lhulsbergen/HPCAgent-Bench-ext/hpcagent_bench/benchmarks/scientific_computing/n_body_methods/field_gather/cpp_backend/warpx_field_gather_fp64.f90:6343:98:

 6052 |         do x_inl1_imode_939 = 1, (nmodes) - 1
      |                                             2                                                     
......
 6343 |                         x_inl33_gathered((x_w2_987) + 1, (x_w1_986) + 1, (x_w0_985) + 1) = ey_arr(((2 * &
      |                                                                                                  1
Warning: Array reference at (1) out of bounds (3 > 1) in loop beginning at (2)
/capstor/scratch/cscs/lhulsbergen/HPCAgent-Bench-ext/hpcagent_bench/benchmarks/scientific_computing/n_body_methods/field_gather/cpp_backend/warpx_field_gather_fp64.f90:6520:101:

 6052 |         do x_inl1_imode_939 = 1, (nmodes) - 1
      |                                             2                                                        
......
 6520 |                         x_inl34_gathered((x_w2_1018) + 1, (x_w1_1017) + 1, (x_w0_1016) + 1) = ex_arr((((2 * &
      |                                                                                                     1
Warning: Array reference at (1) out of bounds (2 > 1) in loop beginning at (2)
/capstor/scratch/cscs/lhulsbergen/HPCAgent-Bench-ext/hpcagent_bench/benchmarks/scientific_computing/n_body_methods/field_gather/cpp_backend/warpx_field_gather_fp64.f90:6690:101:

 6052 |         do x_inl1_imode_939 = 1, (nmodes) - 1
      |                                             2                                                        
......
 6690 |                         x_inl35_gathered((x_w2_1047) + 1, (x_w1_1046) + 1, (x_w0_1045) + 1) = ex_arr(((2 * &
      |                                                                                                     1
Warning: Array reference at (1) out of bounds (3 > 1) in loop beginning at (2)
/capstor/scratch/cscs/lhulsbergen/HPCAgent-Bench-ext/hpcagent_bench/benchmarks/scientific_computing/n_body_methods/field_gather/cpp_backend/warpx_field_gather_fp64.f90:6867:101:

 6052 |         do x_inl1_imode_939 = 1, (nmodes) - 1
      |                                             2                                                        
......
 6867 |                         x_inl36_gathered((x_w2_1078) + 1, (x_w1_1077) + 1, (x_w0_1076) + 1) = bz_arr((((2 * &
      |                                                                                                     1
Warning: Array reference at (1) out of bounds (2 > 1) in loop beginning at (2)
/capstor/scratch/cscs/lhulsbergen/HPCAgent-Bench-ext/hpcagent_bench/benchmarks/scientific_computing/n_body_methods/field_gather/cpp_backend/warpx_field_gather_fp64.f90:7037:101:

 6052 |         do x_inl1_imode_939 = 1, (nmodes) - 1
      |                                             2                                                        
......
 7037 |                         x_inl37_gathered((x_w2_1107) + 1, (x_w1_1106) + 1, (x_w0_1105) + 1) = bz_arr(((2 * &
      |                                                                                                     1
Warning: Array reference at (1) out of bounds (3 > 1) in loop beginning at (2)
/capstor/scratch/cscs/lhulsbergen/HPCAgent-Bench-ext/hpcagent_bench/benchmarks/scientific_computing/n_body_methods/field_gather/cpp_backend/warpx_field_gather_fp64.f90:7214:101:

 6052 |         do x_inl1_imode_939 = 1, (nmodes) - 1
      |                                             2                                                        
......
 7214 |                         x_inl38_gathered((x_w2_1138) + 1, (x_w1_1137) + 1, (x_w0_1136) + 1) = ez_arr((((2 * &
      |                                                                                                     1
Warning: Array reference at (1) out of bounds (2 > 1) in loop beginning at (2)
/capstor/scratch/cscs/lhulsbergen/HPCAgent-Bench-ext/hpcagent_bench/benchmarks/scientific_computing/n_body_methods/field_gather/cpp_backend/warpx_field_gather_fp64.f90:7384:101:

 6052 |         do x_inl1_imode_939 = 1, (nmodes) - 1
      |                                             2                                                        
......
 7384 |                         x_inl39_gathered((x_w2_1167) + 1, (x_w1_1166) + 1, (x_w0_1165) + 1) = ez_arr(((2 * &
      |                                                                                                     1
Warning: Array reference at (1) out of bounds (3 > 1) in loop beginning at (2)
/capstor/scratch/cscs/lhulsbergen/HPCAgent-Bench-ext/hpcagent_bench/benchmarks/scientific_computing/n_body_methods/field_gather/cpp_backend/warpx_field_gather_fp64.f90:7561:101:

 6052 |         do x_inl1_imode_939 = 1, (nmodes) - 1
      |                                             2                                                        
......
 7561 |                         x_inl40_gathered((x_w2_1198) + 1, (x_w1_1197) + 1, (x_w0_1196) + 1) = bx_arr((((2 * &
      |                                                                                                     1
Warning: Array reference at (1) out of bounds (2 > 1) in loop beginning at (2)
/capstor/scratch/cscs/lhulsbergen/HPCAgent-Bench-ext/hpcagent_bench/benchmarks/scientific_computing/n_body_methods/field_gather/cpp_backend/warpx_field_gather_fp64.f90:7731:101:

 6052 |         do x_inl1_imode_939 = 1, (nmodes) - 1
      |                                             2                                                        
......
 7731 |                         x_inl41_gathered((x_w2_1227) + 1, (x_w1_1226) + 1, (x_w0_1225) + 1) = bx_arr(((2 * &
      |                                                                                                     1
Warning: Array reference at (1) out of bounds (3 > 1) in loop beginning at (2)
/capstor/scratch/cscs/lhulsbergen/HPCAgent-Bench-ext/hpcagent_bench/benchmarks/scientific_computing/n_body_methods/field_gather/cpp_backend/warpx_field_gather_fp64.f90:7908:101:

 6052 |         do x_inl1_imode_939 = 1, (nmodes) - 1
      |                                             2                                                        
......
 7908 |                         x_inl42_gathered((x_w2_1258) + 1, (x_w1_1257) + 1, (x_w0_1256) + 1) = by_arr((((2 * &
      |                                                                                                     1
Warning: Array reference at (1) out of bounds (2 > 1) in loop beginning at (2)
/capstor/scratch/cscs/lhulsbergen/HPCAgent-Bench-ext/hpcagent_bench/benchmarks/scientific_computing/n_body_methods/field_gather/cpp_backend/warpx_field_gather_fp64.f90:8078:101:

 6052 |         do x_inl1_imode_939 = 1, (nmodes) - 1
      |                                             2                                                        
......
 8078 |                         x_inl43_gathered((x_w2_1287) + 1, (x_w1_1286) + 1, (x_w0_1285) + 1) = by_arr(((2 * &
      |                                                                                                     1
Warning: Array reference at (1) out of bounds (3 > 1) in loop beginning at (2)
/capstor/scratch/cscs/lhulsbergen/HPCAgent-Bench-ext/hpcagent_bench/benchmarks/scientific_computing/n_body_methods/field_gather/cpp_backend/warpx_field_gather_fp32.f90:1107:84:

 1107 |                     x_inl2_xint((x_w0_11) + 1) = (x_inl1_x((x_w0_11) + 1) - x_inl2_j((x_w0_11) + 1))
      |                                                                                    1
Warning: Possible change of value in conversion from INTEGER(8) to REAL(4) at (1) [-Wconversion]
/capstor/scratch/cscs/lhulsbergen/HPCAgent-Bench-ext/hpcagent_bench/benchmarks/scientific_computing/n_body_methods/field_gather/cpp_backend/warpx_field_gather_fp32.f90:1124:84:

 1124 |                     x_inl2_xint((x_w0_16) + 1) = (x_inl1_x((x_w0_16) + 1) - x_inl2_j((x_w0_16) + 1))
      |                                                                                    1
Warning: Possible change of value in conversion from INTEGER(8) to REAL(4) at (1) [-Wconversion]
/capstor/scratch/cscs/lhulsbergen/HPCAgent-Bench-ext/hpcagent_bench/benchmarks/scientific_computing/n_body_methods/field_gather/cpp_backend/warpx_field_gather_fp32.f90:1147:84:

 1147 |                     x_inl2_xint((x_w0_22) + 1) = (x_inl1_x((x_w0_22) + 1) - x_inl2_j((x_w0_22) + 1))
      |                                                                                    1
Warning: Possible change of value in conversion from INTEGER(8) to REAL(4) at (1) [-Wconversion]
/capstor/scratch/cscs/lhulsbergen/HPCAgent-Bench-ext/hpcagent_bench/benchmarks/scientific_computing/n_body_methods/field_gather/cpp_backend/warpx_field_gather_fp32.f90:1176:84:

 1176 |                     x_inl2_xint((x_w0_29) + 1) = (x_inl1_x((x_w0_29) + 1) - x_inl2_j((x_w0_29) + 1))
      |                                                                                    1
Warning: Possible change of value in conversion from INTEGER(8) to REAL(4) at (1) [-Wconversion]
/capstor/scratch/cscs/lhulsbergen/HPCAgent-Bench-ext/hpcagent_bench/benchmarks/scientific_computing/n_body_methods/field_gather/cpp_backend/warpx_field_gather_fp32.f90:1236:100:

 1236 |                     x_inl3_xint((x_w0_43) + 1) = ((x_inl1_x((x_w0_43) + 1) - 0.5_c_float) - x_inl3_j((x_w0_43) + 1))
      |                                                                                                    1
Warning: Possible change of value in conversion from INTEGER(8) to REAL(4) at (1) [-Wconversion]
/capstor/scratch/cscs/lhulsbergen/HPCAgent-Bench-ext/hpcagent_bench/benchmarks/scientific_computing/n_body_methods/field_gather/cpp_backend/warpx_field_gather_fp32.f90:1253:100:

 1253 |                     x_inl3_xint((x_w0_48) + 1) = ((x_inl1_x((x_w0_48) + 1) - 0.5_c_float) - x_inl3_j((x_w0_48) + 1))
      |                                                                                                    1
Warning: Possible change of value in conversion from INTEGER(8) to REAL(4) at (1) [-Wconversion]
/capstor/scratch/cscs/lhulsbergen/HPCAgent-Bench-ext/hpcagent_bench/benchmarks/scientific_computing/n_body_methods/field_gather/cpp_backend/warpx_field_gather_fp32.f90:1276:100:

 1276 |                     x_inl3_xint((x_w0_54) + 1) = ((x_inl1_x((x_w0_54) + 1) - 0.5_c_float) - x_inl3_j((x_w0_54) + 1))
      |                                                                                                    1
Warning: Possible change of value in conversion from INTEGER(8) to REAL(4) at (1) [-Wconversion]
/capstor/scratch/cscs/lhulsbergen/HPCAgent-Bench-ext/hpcagent_bench/benchmarks/scientific_computing/n_body_methods/field_gather/cpp_backend/warpx_field_gather_fp32.f90:1305:100:

 1305 |                     x_inl3_xint((x_w0_61) + 1) = ((x_inl1_x((x_w0_61) + 1) - 0.5_c_float) - x_inl3_j((x_w0_61) + 1))
      |                                                                                                    1
Warning: Possible change of value in conversion from INTEGER(8) to REAL(4) at (1) [-Wconversion]
/capstor/scratch/cscs/lhulsbergen/HPCAgent-Bench-ext/hpcagent_bench/benchmarks/scientific_computing/n_body_methods/field_gather/cpp_backend/warpx_field_gather_fp32.f90:1365:84:

 1365 |                     x_inl4_xint((x_w0_75) + 1) = (x_inl1_x((x_w0_75) + 1) - x_inl4_j((x_w0_75) + 1))
      |                                                                                    1
Warning: Possible change of value in conversion from INTEGER(8) to REAL(4) at (1) [-Wconversion]
/capstor/scratch/cscs/lhulsbergen/HPCAgent-Bench-ext/hpcagent_bench/benchmarks/scientific_computing/n_body_methods/field_gather/cpp_backend/warpx_field_gather_fp32.f90:1382:84:

 1382 |                     x_inl4_xint((x_w0_80) + 1) = (x_inl1_x((x_w0_80) + 1) - x_inl4_j((x_w0_80) + 1))
      |                                                                                    1
Warning: Possible change of value in conversion from INTEGER(8) to REAL(4) at (1) [-Wconversion]
/capstor/scratch/cscs/lhulsbergen/HPCAgent-Bench-ext/hpcagent_bench/benchmarks/scientific_computing/n_body_methods/field_gather/cpp_backend/warpx_field_gather_fp32.f90:1405:84:

 1405 |                     x_inl4_xint((x_w0_86) + 1) = (x_inl1_x((x_w0_86) + 1) - x_inl4_j((x_w0_86) + 1))
      |                                                                                    1
Warning: Possible change of value in conversion from INTEGER(8) to REAL(4) at (1) [-Wconversion]
/capstor/scratch/cscs/lhulsbergen/HPCAgent-Bench-ext/hpcagent_bench/benchmarks/scientific_computing/n_body_methods/field_gather/cpp_backend/warpx_field_gather_fp32.f90:1434:84:

 1434 |                     x_inl4_xint((x_w0_93) + 1) = (x_inl1_x((x_w0_93) + 1) - x_inl4_j((x_w0_93) + 1))
      |                                                                                    1
Warning: Possible change of value in conversion from INTEGER(8) to REAL(4) at (1) [-Wconversion]
/capstor/scratch/cscs/lhulsbergen/HPCAgent-Bench-ext/hpcagent_bench/benchmarks/scientific_computing/n_body_methods/field_gather/cpp_backend/warpx_field_gather_fp32.f90:1495:102:

 1495 |                     x_inl5_xint((x_w0_107) + 1) = ((x_inl1_x((x_w0_107) + 1) - 0.5_c_float) - x_inl5_j((x_w0_107) + 1))
      |                                                                                                      1
Warning: Possible change of value in conversion from INTEGER(8) to REAL(4) at (1) [-Wconversion]
/capstor/scratch/cscs/lhulsbergen/HPCAgent-Bench-ext/hpcagent_bench/benchmarks/scientific_computing/n_body_methods/field_gather/cpp_backend/warpx_field_gather_fp32.f90:1512:102:

 1512 |                     x_inl5_xint((x_w0_112) + 1) = ((x_inl1_x((x_w0_112) + 1) - 0.5_c_float) - x_inl5_j((x_w0_112) + 1))
      |                                                                                                      1
Warning: Possible change of value in conversion from INTEGER(8) to REAL(4) at (1) [-Wconversion]
/capstor/scratch/cscs/lhulsbergen/HPCAgent-Bench-ext/hpcagent_bench/benchmarks/scientific_computing/n_body_methods/field_gather/cpp_backend/warpx_field_gather_fp32.f90:1535:102:

 1535 |                     x_inl5_xint((x_w0_118) + 1) = ((x_inl1_x((x_w0_118) + 1) - 0.5_c_float) - x_inl5_j((x_w0_118) + 1))
      |                                                                                                      1
Warning: Possible change of value in conversion from INTEGER(8) to REAL(4) at (1) [-Wconversion]
/capstor/scratch/cscs/lhulsbergen/HPCAgent-Bench-ext/hpcagent_bench/benchmarks/scientific_computing/n_body_methods/field_gather/cpp_backend/warpx_field_gather_fp32.f90:1565:102:

 1565 |                     x_inl5_xint((x_w0_125) + 1) = ((x_inl1_x((x_w0_125) + 1) - 0.5_c_float) - x_inl5_j((x_w0_125) + 1))
      |                                                                                                      1
Warning: Possible change of value in conversion from INTEGER(8) to REAL(4) at (1) [-Wconversion]
/capstor/scratch/cscs/lhulsbergen/HPCAgent-Bench-ext/hpcagent_bench/benchmarks/scientific_computing/n_body_methods/field_gather/cpp_backend/warpx_field_gather_fp32.f90:1910:86:

 1910 |                     x_inl6_xint((x_w0_176) + 1) = (x_inl1_y((x_w0_176) + 1) - x_inl6_j((x_w0_176) + 1))
      |                                                                                      1
Warning: Possible change of value in conversion from INTEGER(8) to REAL(4) at (1) [-Wconversion]
/capstor/scratch/cscs/lhulsbergen/HPCAgent-Bench-ext/hpcagent_bench/benchmarks/scientific_computing/n_body_methods/field_gather/cpp_backend/warpx_field_gather_fp32.f90:1927:86:

 1927 |                     x_inl6_xint((x_w0_181) + 1) = (x_inl1_y((x_w0_181) + 1) - x_inl6_j((x_w0_181) + 1))
      |                                                                                      1
Warning: Possible change of value in conversion from INTEGER(8) to REAL(4) at (1) [-Wconversion]
/capstor/scratch/cscs/lhulsbergen/HPCAgent-Bench-ext/hpcagent_bench/benchmarks/scientific_computing/n_body_methods/field_gather/cpp_backend/warpx_field_gather_fp32.f90:1950:86:

 1950 |                     x_inl6_xint((x_w0_187) + 1) = (x_inl1_y((x_w0_187) + 1) - x_inl6_j((x_w0_187) + 1))
      |                                                                                      1
Warning: Possible change of value in conversion from INTEGER(8) to REAL(4) at (1) [-Wconversion]
/capstor/scratch/cscs/lhulsbergen/HPCAgent-Bench-ext/hpcagent_bench/benchmarks/scientific_computing/n_body_methods/field_gather/cpp_backend/warpx_field_gather_fp32.f90:1979:86:

 1979 |                     x_inl6_xint((x_w0_194) + 1) = (x_inl1_y((x_w0_194) + 1) - x_inl6_j((x_w0_194) + 1))
      |                                                                                      1
Warning: Possible change of value in conversion from INTEGER(8) to REAL(4) at (1) [-Wconversion]
/capstor/scratch/cscs/lhulsbergen/HPCAgent-Bench-ext/hpcagent_bench/benchmarks/scientific_computing/n_body_methods/field_gather/cpp_backend/warpx_field_gather_fp32.f90:2039:102:

 2039 |                     x_inl7_xint((x_w0_208) + 1) = ((x_inl1_y((x_w0_208) + 1) - 0.5_c_float) - x_inl7_j((x_w0_208) + 1))
      |                                                                                                      1
Warning: Possible change of value in conversion from INTEGER(8) to REAL(4) at (1) [-Wconversion]
/capstor/scratch/cscs/lhulsbergen/HPCAgent-Bench-ext/hpcagent_bench/benchmarks/scientific_computing/n_body_methods/field_gather/cpp_backend/warpx_field_gather_fp32.f90:2056:102:

 2056 |                     x_inl7_xint((x_w0_213) + 1) = ((x_inl1_y((x_w0_213) + 1) - 0.5_c_float) - x_inl7_j((x_w0_213) + 1))
      |                                                                                                      1
Warning: Possible change of value in conversion from INTEGER(8) to REAL(4) at (1) [-Wconversion]
/capstor/scratch/cscs/lhulsbergen/HPCAgent-Bench-ext/hpcagent_bench/benchmarks/scientific_computing/n_body_methods/field_gather/cpp_backend/warpx_field_gather_fp32.f90:2079:102:

 2079 |                     x_inl7_xint((x_w0_219) + 1) = ((x_inl1_y((x_w0_219) + 1) - 0.5_c_float) - x_inl7_j((x_w0_219) + 1))
      |                                                                                                      1
Warning: Possible change of value in conversion from INTEGER(8) to REAL(4) at (1) [-Wconversion]
/capstor/scratch/cscs/lhulsbergen/HPCAgent-Bench-ext/hpcagent_bench/benchmarks/scientific_computing/n_body_methods/field_gather/cpp_backend/warpx_field_gather_fp32.f90:2108:102:

 2108 |                     x_inl7_xint((x_w0_226) + 1) = ((x_inl1_y((x_w0_226) + 1) - 0.5_c_float) - x_inl7_j((x_w0_226) + 1))
      |                                                                                                      1
Warning: Possible change of value in conversion from INTEGER(8) to REAL(4) at (1) [-Wconversion]
/capstor/scratch/cscs/lhulsbergen/HPCAgent-Bench-ext/hpcagent_bench/benchmarks/scientific_computing/n_body_methods/field_gather/cpp_backend/warpx_field_gather_fp32.f90:2168:86:

 2168 |                     x_inl8_xint((x_w0_240) + 1) = (x_inl1_y((x_w0_240) + 1) - x_inl8_j((x_w0_240) + 1))
      |                                                                                      1
Warning: Possible change of value in conversion from INTEGER(8) to REAL(4) at (1) [-Wconversion]
/capstor/scratch/cscs/lhulsbergen/HPCAgent-Bench-ext/hpcagent_bench/benchmarks/scientific_computing/n_body_methods/field_gather/cpp_backend/warpx_field_gather_fp32.f90:2185:86:

 2185 |                     x_inl8_xint((x_w0_245) + 1) = (x_inl1_y((x_w0_245) + 1) - x_inl8_j((x_w0_245) + 1))
      |                                                                                      1
Warning: Possible change of value in conversion from INTEGER(8) to REAL(4) at (1) [-Wconversion]
/capstor/scratch/cscs/lhulsbergen/HPCAgent-Bench-ext/hpcagent_bench/benchmarks/scientific_computing/n_body_methods/field_gather/cpp_backend/warpx_field_gather_fp32.f90:2208:86:

 2208 |                     x_inl8_xint((x_w0_251) + 1) = (x_inl1_y((x_w0_251) + 1) - x_inl8_j((x_w0_251) + 1))
      |                                                                                      1
Warning: Possible change of value in conversion from INTEGER(8) to REAL(4) at (1) [-Wconversion]
/capstor/scratch/cscs/lhulsbergen/HPCAgent-Bench-ext/hpcagent_bench/benchmarks/scientific_computing/n_body_methods/field_gather/cpp_backend/warpx_field_gather_fp32.f90:2238:86:

 2238 |                     x_inl8_xint((x_w0_258) + 1) = (x_inl1_y((x_w0_258) + 1) - x_inl8_j((x_w0_258) + 1))
      |                                                                                      1
Warning: Possible change of value in conversion from INTEGER(8) to REAL(4) at (1) [-Wconversion]
/capstor/scratch/cscs/lhulsbergen/HPCAgent-Bench-ext/hpcagent_bench/benchmarks/scientific_computing/n_body_methods/field_gather/cpp_backend/warpx_field_gather_fp32.f90:2300:102:

 2300 |                     x_inl9_xint((x_w0_272) + 1) = ((x_inl1_y((x_w0_272) + 1) - 0.5_c_float) - x_inl9_j((x_w0_272) + 1))
      |                                                                                                      1
Warning: Possible change of value in conversion from INTEGER(8) to REAL(4) at (1) [-Wconversion]
/capstor/scratch/cscs/lhulsbergen/HPCAgent-Bench-ext/hpcagent_bench/benchmarks/scientific_computing/n_body_methods/field_gather/cpp_backend/warpx_field_gather_fp32.f90:2317:102:

 2317 |                     x_inl9_xint((x_w0_277) + 1) = ((x_inl1_y((x_w0_277) + 1) - 0.5_c_float) - x_inl9_j((x_w0_277) + 1))
      |                                                                                                      1
Warning: Possible change of value in conversion from INTEGER(8) to REAL(4) at (1) [-Wconversion]
/capstor/scratch/cscs/lhulsbergen/HPCAgent-Bench-ext/hpcagent_bench/benchmarks/scientific_computing/n_body_methods/field_gather/cpp_backend/warpx_field_gather_fp32.f90:2340:102:

 2340 |                     x_inl9_xint((x_w0_283) + 1) = ((x_inl1_y((x_w0_283) + 1) - 0.5_c_float) - x_inl9_j((x_w0_283) + 1))
      |                                                                                                      1
Warning: Possible change of value in conversion from INTEGER(8) to REAL(4) at (1) [-Wconversion]
/capstor/scratch/cscs/lhulsbergen/HPCAgent-Bench-ext/hpcagent_bench/benchmarks/scientific_computing/n_body_methods/field_gather/cpp_backend/warpx_field_gather_fp32.f90:2370:102:

 2370 |                     x_inl9_xint((x_w0_290) + 1) = ((x_inl1_y((x_w0_290) + 1) - 0.5_c_float) - x_inl9_j((x_w0_290) + 1))
      |                                                                                                      1
Warning: Possible change of value in conversion from INTEGER(8) to REAL(4) at (1) [-Wconversion]
/capstor/scratch/cscs/lhulsbergen/HPCAgent-Bench-ext/hpcagent_bench/benchmarks/scientific_computing/n_body_methods/field_gather/cpp_backend/warpx_field_gather_fp32.f90:2715:88:

 2715 |                     x_inl10_xint((x_w0_341) + 1) = (x_inl1_z((x_w0_341) + 1) - x_inl10_j((x_w0_341) + 1))
      |                                                                                        1
Warning: Possible change of value in conversion from INTEGER(8) to REAL(4) at (1) [-Wconversion]
/capstor/scratch/cscs/lhulsbergen/HPCAgent-Bench-ext/hpcagent_bench/benchmarks/scientific_computing/n_body_methods/field_gather/cpp_backend/warpx_field_gather_fp32.f90:2732:88:

 2732 |                     x_inl10_xint((x_w0_346) + 1) = (x_inl1_z((x_w0_346) + 1) - x_inl10_j((x_w0_346) + 1))
      |                                                                                        1
Warning: Possible change of value in conversion from INTEGER(8) to REAL(4) at (1) [-Wconversion]
/capstor/scratch/cscs/lhulsbergen/HPCAgent-Bench-ext/hpcagent_bench/benchmarks/scientific_computing/n_body_methods/field_gather/cpp_backend/warpx_field_gather_fp32.f90:2755:88:

 2755 |                     x_inl10_xint((x_w0_352) + 1) = (x_inl1_z((x_w0_352) + 1) - x_inl10_j((x_w0_352) + 1))
      |                                                                                        1
Warning: Possible change of value in conversion from INTEGER(8) to REAL(4) at (1) [-Wconversion]
/capstor/scratch/cscs/lhulsbergen/HPCAgent-Bench-ext/hpcagent_bench/benchmarks/scientific_computing/n_body_methods/field_gather/cpp_backend/warpx_field_gather_fp32.f90:2785:88:

 2785 |                     x_inl10_xint((x_w0_359) + 1) = (x_inl1_z((x_w0_359) + 1) - x_inl10_j((x_w0_359) + 1))
      |                                                                                        1
Warning: Possible change of value in conversion from INTEGER(8) to REAL(4) at (1) [-Wconversion]
/capstor/scratch/cscs/lhulsbergen/HPCAgent-Bench-ext/hpcagent_bench/benchmarks/scientific_computing/n_body_methods/field_gather/cpp_backend/warpx_field_gather_fp32.f90:2845:104:

 2845 |                     x_inl11_xint((x_w0_373) + 1) = ((x_inl1_z((x_w0_373) + 1) - 0.5_c_float) - x_inl11_j((x_w0_373) + &
      |                                                                                                        1
Warning: Possible change of value in conversion from INTEGER(8) to REAL(4) at (1) [-Wconversion]
/capstor/scratch/cscs/lhulsbergen/HPCAgent-Bench-ext/hpcagent_bench/benchmarks/scientific_computing/n_body_methods/field_gather/cpp_backend/warpx_field_gather_fp32.f90:2863:104:

 2863 |                     x_inl11_xint((x_w0_378) + 1) = ((x_inl1_z((x_w0_378) + 1) - 0.5_c_float) - x_inl11_j((x_w0_378) + &
      |                                                                                                        1
Warning: Possible change of value in conversion from INTEGER(8) to REAL(4) at (1) [-Wconversion]
/capstor/scratch/cscs/lhulsbergen/HPCAgent-Bench-ext/hpcagent_bench/benchmarks/scientific_computing/n_body_methods/field_gather/cpp_backend/warpx_field_gather_fp32.f90:2887:104:

 2887 |                     x_inl11_xint((x_w0_384) + 1) = ((x_inl1_z((x_w0_384) + 1) - 0.5_c_float) - x_inl11_j((x_w0_384) + &
      |                                                                                                        1
Warning: Possible change of value in conversion from INTEGER(8) to REAL(4) at (1) [-Wconversion]
/capstor/scratch/cscs/lhulsbergen/HPCAgent-Bench-ext/hpcagent_bench/benchmarks/scientific_computing/n_body_methods/field_gather/cpp_backend/warpx_field_gather_fp32.f90:2918:104:

 2918 |                     x_inl11_xint((x_w0_391) + 1) = ((x_inl1_z((x_w0_391) + 1) - 0.5_c_float) - x_inl11_j((x_w0_391) + &
      |                                                                                                        1
Warning: Possible change of value in conversion from INTEGER(8) to REAL(4) at (1) [-Wconversion]
/capstor/scratch/cscs/lhulsbergen/HPCAgent-Bench-ext/hpcagent_bench/benchmarks/scientific_computing/n_body_methods/field_gather/cpp_backend/warpx_field_gather_fp32.f90:2979:88:

 2979 |                     x_inl12_xint((x_w0_405) + 1) = (x_inl1_z((x_w0_405) + 1) - x_inl12_j((x_w0_405) + 1))
      |                                                                                        1
Warning: Possible change of value in conversion from INTEGER(8) to REAL(4) at (1) [-Wconversion]
/capstor/scratch/cscs/lhulsbergen/HPCAgent-Bench-ext/hpcagent_bench/benchmarks/scientific_computing/n_body_methods/field_gather/cpp_backend/warpx_field_gather_fp32.f90:2996:88:

 2996 |                     x_inl12_xint((x_w0_410) + 1) = (x_inl1_z((x_w0_410) + 1) - x_inl12_j((x_w0_410) + 1))
      |                                                                                        1
Warning: Possible change of value in conversion from INTEGER(8) to REAL(4) at (1) [-Wconversion]
/capstor/scratch/cscs/lhulsbergen/HPCAgent-Bench-ext/hpcagent_bench/benchmarks/scientific_computing/n_body_methods/field_gather/cpp_backend/warpx_field_gather_fp32.f90:3019:88:

 3019 |                     x_inl12_xint((x_w0_416) + 1) = (x_inl1_z((x_w0_416) + 1) - x_inl12_j((x_w0_416) + 1))
      |                                                                                        1
Warning: Possible change of value in conversion from INTEGER(8) to REAL(4) at (1) [-Wconversion]
/capstor/scratch/cscs/lhulsbergen/HPCAgent-Bench-ext/hpcagent_bench/benchmarks/scientific_computing/n_body_methods/field_gather/cpp_backend/warpx_field_gather_fp32.f90:3049:88:

 3049 |                     x_inl12_xint((x_w0_423) + 1) = (x_inl1_z((x_w0_423) + 1) - x_inl12_j((x_w0_423) + 1))
      |                                                                                        1
Warning: Possible change of value in conversion from INTEGER(8) to REAL(4) at (1) [-Wconversion]
/capstor/scratch/cscs/lhulsbergen/HPCAgent-Bench-ext/hpcagent_bench/benchmarks/scientific_computing/n_body_methods/field_gather/cpp_backend/warpx_field_gather_fp32.f90:3111:104:

 3111 |                     x_inl13_xint((x_w0_437) + 1) = ((x_inl1_z((x_w0_437) + 1) - 0.5_c_float) - x_inl13_j((x_w0_437) + &
      |                                                                                                        1
Warning: Possible change of value in conversion from INTEGER(8) to REAL(4) at (1) [-Wconversion]
/capstor/scratch/cscs/lhulsbergen/HPCAgent-Bench-ext/hpcagent_bench/benchmarks/scientific_computing/n_body_methods/field_gather/cpp_backend/warpx_field_gather_fp32.f90:3129:104:

 3129 |                     x_inl13_xint((x_w0_442) + 1) = ((x_inl1_z((x_w0_442) + 1) - 0.5_c_float) - x_inl13_j((x_w0_442) + &
      |                                                                                                        1
Warning: Possible change of value in conversion from INTEGER(8) to REAL(4) at (1) [-Wconversion]
/capstor/scratch/cscs/lhulsbergen/HPCAgent-Bench-ext/hpcagent_bench/benchmarks/scientific_computing/n_body_methods/field_gather/cpp_backend/warpx_field_gather_fp32.f90:3153:104:

 3153 |                     x_inl13_xint((x_w0_448) + 1) = ((x_inl1_z((x_w0_448) + 1) - 0.5_c_float) - x_inl13_j((x_w0_448) + &
      |                                                                                                        1
Warning: Possible change of value in conversion from INTEGER(8) to REAL(4) at (1) [-Wconversion]
/capstor/scratch/cscs/lhulsbergen/HPCAgent-Bench-ext/hpcagent_bench/benchmarks/scientific_computing/n_body_methods/field_gather/cpp_backend/warpx_field_gather_fp32.f90:3184:104:

 3184 |                     x_inl13_xint((x_w0_455) + 1) = ((x_inl1_z((x_w0_455) + 1) - 0.5_c_float) - x_inl13_j((x_w0_455) + &
      |                                                                                                        1
Warning: Possible change of value in conversion from INTEGER(8) to REAL(4) at (1) [-Wconversion]
/capstor/scratch/cscs/lhulsbergen/HPCAgent-Bench-ext/hpcagent_bench/benchmarks/scientific_computing/n_body_methods/field_gather/cpp_backend/warpx_field_gather_fp32.f90:3475:17:

 3475 |     x_inl1_lox = INT(lo((0) + 1), c_int64_t)
      |                 1
Warning: Possible change of value in conversion from INTEGER(8) to INTEGER(4) at (1) [-Wconversion]
/capstor/scratch/cscs/lhulsbergen/HPCAgent-Bench-ext/hpcagent_bench/benchmarks/scientific_computing/n_body_methods/field_gather/cpp_backend/warpx_field_gather_fp32.f90:3476:17:

 3476 |     x_inl1_loy = INT(lo((1) + 1), c_int64_t)
      |                 1
Warning: Possible change of value in conversion from INTEGER(8) to INTEGER(4) at (1) [-Wconversion]
/capstor/scratch/cscs/lhulsbergen/HPCAgent-Bench-ext/hpcagent_bench/benchmarks/scientific_computing/n_body_methods/field_gather/cpp_backend/warpx_field_gather_fp32.f90:3477:17:

 3477 |     x_inl1_loz = INT(lo((2) + 1), c_int64_t)
      |                 1
Warning: Possible change of value in conversion from INTEGER(8) to INTEGER(4) at (1) [-Wconversion]
/capstor/scratch/cscs/lhulsbergen/HPCAgent-Bench-ext/hpcagent_bench/benchmarks/scientific_computing/n_body_methods/field_gather/cpp_backend/warpx_field_gather_fp32.f90:3984:81:

 3984 |                     x_inl20_ia((si2_l579) + 1, (si1_l578) + 1, (si0_l577) + 1) = ((x_inl1_lox + x_inl1_j_ey((si2_l579) &
      |                                                                                 1
Warning: Possible change of value in conversion from INTEGER(8) to REAL(4) at (1) [-Wconversion]
/capstor/scratch/cscs/lhulsbergen/HPCAgent-Bench-ext/hpcagent_bench/benchmarks/scientific_computing/n_body_methods/field_gather/cpp_backend/warpx_field_gather_fp32.f90:3999:81:

 3999 |                     x_inl20_ib((si2_l582) + 1, (si1_l581) + 1, (si0_l580) + 1) = ((x_inl1_loy + x_inl1_l_ey((si2_l582) &
      |                                                                                 1
Warning: Possible change of value in conversion from INTEGER(8) to REAL(4) at (1) [-Wconversion]
/capstor/scratch/cscs/lhulsbergen/HPCAgent-Bench-ext/hpcagent_bench/benchmarks/scientific_computing/n_body_methods/field_gather/cpp_backend/warpx_field_gather_fp32.f90:4014:83:

 4014 |                     x_inl20_ia_b((si2_l585) + 1, (si1_l584) + 1, (si0_l583) + 1) = x_inl20_ia((si2_l585) + 1, (0) + 1, &
      |                                                                                   1
Warning: Possible change of value in conversion from REAL(4) to INTEGER(8) at (1) [-Wconversion]
/capstor/scratch/cscs/lhulsbergen/HPCAgent-Bench-ext/hpcagent_bench/benchmarks/scientific_computing/n_body_methods/field_gather/cpp_backend/warpx_field_gather_fp32.f90:4029:83:

 4029 |                     x_inl20_ib_b((si2_l588) + 1, (si1_l587) + 1, (si0_l586) + 1) = x_inl20_ib((si2_l588) + 1, &
      |                                                                                   1
Warning: Possible change of value in conversion from REAL(4) to INTEGER(8) at (1) [-Wconversion]
/capstor/scratch/cscs/lhulsbergen/HPCAgent-Bench-ext/hpcagent_bench/benchmarks/scientific_computing/n_body_methods/field_gather/cpp_backend/warpx_field_gather_fp32.f90:4156:81:

 4156 |                     x_inl21_ia((si2_l609) + 1, (si1_l608) + 1, (si0_l607) + 1) = ((x_inl1_lox + x_inl1_j_ex((si2_l609) &
      |                                                                                 1
Warning: Possible change of value in conversion from INTEGER(8) to REAL(4) at (1) [-Wconversion]
/capstor/scratch/cscs/lhulsbergen/HPCAgent-Bench-ext/hpcagent_bench/benchmarks/scientific_computing/n_body_methods/field_gather/cpp_backend/warpx_field_gather_fp32.f90:4171:81:

 4171 |                     x_inl21_ib((si2_l612) + 1, (si1_l611) + 1, (si0_l610) + 1) = ((x_inl1_loy + x_inl1_l_ex((si2_l612) &
      |                                                                                 1
Warning: Possible change of value in conversion from INTEGER(8) to REAL(4) at (1) [-Wconversion]
/capstor/scratch/cscs/lhulsbergen/HPCAgent-Bench-ext/hpcagent_bench/benchmarks/scientific_computing/n_body_methods/field_gather/cpp_backend/warpx_field_gather_fp32.f90:4186:83:

 4186 |                     x_inl21_ia_b((si2_l615) + 1, (si1_l614) + 1, (si0_l613) + 1) = x_inl21_ia((si2_l615) + 1, (0) + 1, &
      |                                                                                   1
Warning: Possible change of value in conversion from REAL(4) to INTEGER(8) at (1) [-Wconversion]
/capstor/scratch/cscs/lhulsbergen/HPCAgent-Bench-ext/hpcagent_bench/benchmarks/scientific_computing/n_body_methods/field_gather/cpp_backend/warpx_field_gather_fp32.f90:4201:83:

 4201 |                     x_inl21_ib_b((si2_l618) + 1, (si1_l617) + 1, (si0_l616) + 1) = x_inl21_ib((si2_l618) + 1, &
      |                                                                                   1
Warning: Possible change of value in conversion from REAL(4) to INTEGER(8) at (1) [-Wconversion]
/capstor/scratch/cscs/lhulsbergen/HPCAgent-Bench-ext/hpcagent_bench/benchmarks/scientific_computing/n_body_methods/field_gather/cpp_backend/warpx_field_gather_fp32.f90:4328:81:

 4328 |                     x_inl22_ia((si2_l639) + 1, (si1_l638) + 1, (si0_l637) + 1) = ((x_inl1_lox + x_inl1_j_bz((si2_l639) &
      |                                                                                 1
Warning: Possible change of value in conversion from INTEGER(8) to REAL(4) at (1) [-Wconversion]
/capstor/scratch/cscs/lhulsbergen/HPCAgent-Bench-ext/hpcagent_bench/benchmarks/scientific_computing/n_body_methods/field_gather/cpp_backend/warpx_field_gather_fp32.f90:4343:81:

 4343 |                     x_inl22_ib((si2_l642) + 1, (si1_l641) + 1, (si0_l640) + 1) = ((x_inl1_loy + x_inl1_l_bz((si2_l642) &
      |                                                                                 1
Warning: Possible change of value in conversion from INTEGER(8) to REAL(4) at (1) [-Wconversion]
/capstor/scratch/cscs/lhulsbergen/HPCAgent-Bench-ext/hpcagent_bench/benchmarks/scientific_computing/n_body_methods/field_gather/cpp_backend/warpx_field_gather_fp32.f90:4358:83:

 4358 |                     x_inl22_ia_b((si2_l645) + 1, (si1_l644) + 1, (si0_l643) + 1) = x_inl22_ia((si2_l645) + 1, (0) + 1, &
      |                                                                                   1
Warning: Possible change of value in conversion from REAL(4) to INTEGER(8) at (1) [-Wconversion]
/capstor/scratch/cscs/lhulsbergen/HPCAgent-Bench-ext/hpcagent_bench/benchmarks/scientific_computing/n_body_methods/field_gather/cpp_backend/warpx_field_gather_fp32.f90:4373:83:

 4373 |                     x_inl22_ib_b((si2_l648) + 1, (si1_l647) + 1, (si0_l646) + 1) = x_inl22_ib((si2_l648) + 1, &
      |                                                                                   1
Warning: Possible change of value in conversion from REAL(4) to INTEGER(8) at (1) [-Wconversion]
/capstor/scratch/cscs/lhulsbergen/HPCAgent-Bench-ext/hpcagent_bench/benchmarks/scientific_computing/n_body_methods/field_gather/cpp_backend/warpx_field_gather_fp32.f90:4500:81:

 4500 |                     x_inl23_ia((si2_l669) + 1, (si1_l668) + 1, (si0_l667) + 1) = ((x_inl1_lox + x_inl1_j_ez((si2_l669) &
      |                                                                                 1
Warning: Possible change of value in conversion from INTEGER(8) to REAL(4) at (1) [-Wconversion]
/capstor/scratch/cscs/lhulsbergen/HPCAgent-Bench-ext/hpcagent_bench/benchmarks/scientific_computing/n_body_methods/field_gather/cpp_backend/warpx_field_gather_fp32.f90:4515:81:

 4515 |                     x_inl23_ib((si2_l672) + 1, (si1_l671) + 1, (si0_l670) + 1) = ((x_inl1_loy + x_inl1_l_ez((si2_l672) &
      |                                                                                 1
Warning: Possible change of value in conversion from INTEGER(8) to REAL(4) at (1) [-Wconversion]
/capstor/scratch/cscs/lhulsbergen/HPCAgent-Bench-ext/hpcagent_bench/benchmarks/scientific_computing/n_body_methods/field_gather/cpp_backend/warpx_field_gather_fp32.f90:4530:83:

 4530 |                     x_inl23_ia_b((si2_l675) + 1, (si1_l674) + 1, (si0_l673) + 1) = x_inl23_ia((si2_l675) + 1, (0) + 1, &
      |                                                                                   1
Warning: Possible change of value in conversion from REAL(4) to INTEGER(8) at (1) [-Wconversion]
/capstor/scratch/cscs/lhulsbergen/HPCAgent-Bench-ext/hpcagent_bench/benchmarks/scientific_computing/n_body_methods/field_gather/cpp_backend/warpx_field_gather_fp32.f90:4545:83:

 4545 |                     x_inl23_ib_b((si2_l678) + 1, (si1_l677) + 1, (si0_l676) + 1) = x_inl23_ib((si2_l678) + 1, &
      |                                                                                   1
Warning: Possible change of value in conversion from REAL(4) to INTEGER(8) at (1) [-Wconversion]
/capstor/scratch/cscs/lhulsbergen/HPCAgent-Bench-ext/hpcagent_bench/benchmarks/scientific_computing/n_body_methods/field_gather/cpp_backend/warpx_field_gather_fp32.f90:4672:81:

 4672 |                     x_inl24_ia((si2_l699) + 1, (si1_l698) + 1, (si0_l697) + 1) = ((x_inl1_lox + x_inl1_j_bx((si2_l699) &
      |                                                                                 1
Warning: Possible change of value in conversion from INTEGER(8) to REAL(4) at (1) [-Wconversion]
/capstor/scratch/cscs/lhulsbergen/HPCAgent-Bench-ext/hpcagent_bench/benchmarks/scientific_computing/n_body_methods/field_gather/cpp_backend/warpx_field_gather_fp32.f90:4687:81:

 4687 |                     x_inl24_ib((si2_l702) + 1, (si1_l701) + 1, (si0_l700) + 1) = ((x_inl1_loy + x_inl1_l_bx((si2_l702) &
      |                                                                                 1
Warning: Possible change of value in conversion from INTEGER(8) to REAL(4) at (1) [-Wconversion]
/capstor/scratch/cscs/lhulsbergen/HPCAgent-Bench-ext/hpcagent_bench/benchmarks/scientific_computing/n_body_methods/field_gather/cpp_backend/warpx_field_gather_fp32.f90:4702:83:

 4702 |                     x_inl24_ia_b((si2_l705) + 1, (si1_l704) + 1, (si0_l703) + 1) = x_inl24_ia((si2_l705) + 1, (0) + 1, &
      |                                                                                   1
Warning: Possible change of value in conversion from REAL(4) to INTEGER(8) at (1) [-Wconversion]
/capstor/scratch/cscs/lhulsbergen/HPCAgent-Bench-ext/hpcagent_bench/benchmarks/scientific_computing/n_body_methods/field_gather/cpp_backend/warpx_field_gather_fp32.f90:4717:83:

 4717 |                     x_inl24_ib_b((si2_l708) + 1, (si1_l707) + 1, (si0_l706) + 1) = x_inl24_ib((si2_l708) + 1, &
      |                                                                                   1
Warning: Possible change of value in conversion from REAL(4) to INTEGER(8) at (1) [-Wconversion]
/capstor/scratch/cscs/lhulsbergen/HPCAgent-Bench-ext/hpcagent_bench/benchmarks/scientific_computing/n_body_methods/field_gather/cpp_backend/warpx_field_gather_fp32.f90:4844:81:

 4844 |                     x_inl25_ia((si2_l729) + 1, (si1_l728) + 1, (si0_l727) + 1) = ((x_inl1_lox + x_inl1_j_by((si2_l729) &
      |                                                                                 1
Warning: Possible change of value in conversion from INTEGER(8) to REAL(4) at (1) [-Wconversion]
/capstor/scratch/cscs/lhulsbergen/HPCAgent-Bench-ext/hpcagent_bench/benchmarks/scientific_computing/n_body_methods/field_gather/cpp_backend/warpx_field_gather_fp32.f90:4859:81:

 4859 |                     x_inl25_ib((si2_l732) + 1, (si1_l731) + 1, (si0_l730) + 1) = ((x_inl1_loy + x_inl1_l_by((si2_l732) &
      |                                                                                 1
Warning: Possible change of value in conversion from INTEGER(8) to REAL(4) at (1) [-Wconversion]
/capstor/scratch/cscs/lhulsbergen/HPCAgent-Bench-ext/hpcagent_bench/benchmarks/scientific_computing/n_body_methods/field_gather/cpp_backend/warpx_field_gather_fp32.f90:4874:83:

 4874 |                     x_inl25_ia_b((si2_l735) + 1, (si1_l734) + 1, (si0_l733) + 1) = x_inl25_ia((si2_l735) + 1, (0) + 1, &
      |                                                                                   1
Warning: Possible change of value in conversion from REAL(4) to INTEGER(8) at (1) [-Wconversion]
/capstor/scratch/cscs/lhulsbergen/HPCAgent-Bench-ext/hpcagent_bench/benchmarks/scientific_computing/n_body_methods/field_gather/cpp_backend/warpx_field_gather_fp32.f90:4889:83:

 4889 |                     x_inl25_ib_b((si2_l738) + 1, (si1_l737) + 1, (si0_l736) + 1) = x_inl25_ib((si2_l738) + 1, &
      |                                                                                   1
Warning: Possible change of value in conversion from REAL(4) to INTEGER(8) at (1) [-Wconversion]
/capstor/scratch/cscs/lhulsbergen/HPCAgent-Bench-ext/hpcagent_bench/benchmarks/scientific_computing/n_body_methods/field_gather/cpp_backend/warpx_field_gather_fp32.f90:5017:81:

 5017 |                     x_inl26_ia((si2_l759) + 1, (si1_l758) + 1, (si0_l757) + 1) = ((x_inl1_lox + x_inl1_j_ey((si2_l759) &
      |                                                                                 1
Warning: Possible change of value in conversion from INTEGER(8) to REAL(4) at (1) [-Wconversion]
/capstor/scratch/cscs/lhulsbergen/HPCAgent-Bench-ext/hpcagent_bench/benchmarks/scientific_computing/n_body_methods/field_gather/cpp_backend/warpx_field_gather_fp32.f90:5032:81:

 5032 |                     x_inl26_ib((si2_l762) + 1, (si1_l761) + 1, (si0_l760) + 1) = ((x_inl1_loy + x_inl1_l_ey((si2_l762) &
      |                                                                                 1
Warning: Possible change of value in conversion from INTEGER(8) to REAL(4) at (1) [-Wconversion]
/capstor/scratch/cscs/lhulsbergen/HPCAgent-Bench-ext/hpcagent_bench/benchmarks/scientific_computing/n_body_methods/field_gather/cpp_backend/warpx_field_gather_fp32.f90:5047:83:

 5047 |                     x_inl26_ia_b((si2_l765) + 1, (si1_l764) + 1, (si0_l763) + 1) = x_inl26_ia((si2_l765) + 1, (0) + 1, &
      |                                                                                   1
Warning: Possible change of value in conversion from REAL(4) to INTEGER(8) at (1) [-Wconversion]
/capstor/scratch/cscs/lhulsbergen/HPCAgent-Bench-ext/hpcagent_bench/benchmarks/scientific_computing/n_body_methods/field_gather/cpp_backend/warpx_field_gather_fp32.f90:5062:83:

 5062 |                     x_inl26_ib_b((si2_l768) + 1, (si1_l767) + 1, (si0_l766) + 1) = x_inl26_ib((si2_l768) + 1, &
      |                                                                                   1
Warning: Possible change of value in conversion from REAL(4) to INTEGER(8) at (1) [-Wconversion]
/capstor/scratch/cscs/lhulsbergen/HPCAgent-Bench-ext/hpcagent_bench/benchmarks/scientific_computing/n_body_methods/field_gather/cpp_backend/warpx_field_gather_fp32.f90:5186:81:

 5186 |                     x_inl27_ia((si2_l788) + 1, (si1_l787) + 1, (si0_l786) + 1) = ((x_inl1_lox + x_inl1_j_ex((si2_l788) &
      |                                                                                 1
Warning: Possible change of value in conversion from INTEGER(8) to REAL(4) at (1) [-Wconversion]
/capstor/scratch/cscs/lhulsbergen/HPCAgent-Bench-ext/hpcagent_bench/benchmarks/scientific_computing/n_body_methods/field_gather/cpp_backend/warpx_field_gather_fp32.f90:5201:81:

 5201 |                     x_inl27_ib((si2_l791) + 1, (si1_l790) + 1, (si0_l789) + 1) = ((x_inl1_loy + x_inl1_l_ex((si2_l791) &
      |                                                                                 1
Warning: Possible change of value in conversion from INTEGER(8) to REAL(4) at (1) [-Wconversion]
/capstor/scratch/cscs/lhulsbergen/HPCAgent-Bench-ext/hpcagent_bench/benchmarks/scientific_computing/n_body_methods/field_gather/cpp_backend/warpx_field_gather_fp32.f90:5216:83:

 5216 |                     x_inl27_ia_b((si2_l794) + 1, (si1_l793) + 1, (si0_l792) + 1) = x_inl27_ia((si2_l794) + 1, (0) + 1, &
      |                                                                                   1
Warning: Possible change of value in conversion from REAL(4) to INTEGER(8) at (1) [-Wconversion]
/capstor/scratch/cscs/lhulsbergen/HPCAgent-Bench-ext/hpcagent_bench/benchmarks/scientific_computing/n_body_methods/field_gather/cpp_backend/warpx_field_gather_fp32.f90:5231:83:

 5231 |                     x_inl27_ib_b((si2_l797) + 1, (si1_l796) + 1, (si0_l795) + 1) = x_inl27_ib((si2_l797) + 1, &
      |                                                                                   1
Warning: Possible change of value in conversion from REAL(4) to INTEGER(8) at (1) [-Wconversion]
/capstor/scratch/cscs/lhulsbergen/HPCAgent-Bench-ext/hpcagent_bench/benchmarks/scientific_computing/n_body_methods/field_gather/cpp_backend/warpx_field_gather_fp32.f90:5355:81:

 5355 |                     x_inl28_ia((si2_l817) + 1, (si1_l816) + 1, (si0_l815) + 1) = ((x_inl1_lox + x_inl1_j_bz((si2_l817) &
      |                                                                                 1
Warning: Possible change of value in conversion from INTEGER(8) to REAL(4) at (1) [-Wconversion]
/capstor/scratch/cscs/lhulsbergen/HPCAgent-Bench-ext/hpcagent_bench/benchmarks/scientific_computing/n_body_methods/field_gather/cpp_backend/warpx_field_gather_fp32.f90:5370:81:

 5370 |                     x_inl28_ib((si2_l820) + 1, (si1_l819) + 1, (si0_l818) + 1) = ((x_inl1_loy + x_inl1_l_bz((si2_l820) &
      |                                                                                 1
Warning: Possible change of value in conversion from INTEGER(8) to REAL(4) at (1) [-Wconversion]
/capstor/scratch/cscs/lhulsbergen/HPCAgent-Bench-ext/hpcagent_bench/benchmarks/scientific_computing/n_body_methods/field_gather/cpp_backend/warpx_field_gather_fp32.f90:5385:83:

 5385 |                     x_inl28_ia_b((si2_l823) + 1, (si1_l822) + 1, (si0_l821) + 1) = x_inl28_ia((si2_l823) + 1, (0) + 1, &
      |                                                                                   1
Warning: Possible change of value in conversion from REAL(4) to INTEGER(8) at (1) [-Wconversion]
/capstor/scratch/cscs/lhulsbergen/HPCAgent-Bench-ext/hpcagent_bench/benchmarks/scientific_computing/n_body_methods/field_gather/cpp_backend/warpx_field_gather_fp32.f90:5400:83:

 5400 |                     x_inl28_ib_b((si2_l826) + 1, (si1_l825) + 1, (si0_l824) + 1) = x_inl28_ib((si2_l826) + 1, &
      |                                                                                   1
Warning: Possible change of value in conversion from REAL(4) to INTEGER(8) at (1) [-Wconversion]
/capstor/scratch/cscs/lhulsbergen/HPCAgent-Bench-ext/hpcagent_bench/benchmarks/scientific_computing/n_body_methods/field_gather/cpp_backend/warpx_field_gather_fp32.f90:5527:81:

 5527 |                     x_inl29_ia((si2_l847) + 1, (si1_l846) + 1, (si0_l845) + 1) = ((x_inl1_lox + x_inl1_j_ez((si2_l847) &
      |                                                                                 1
Warning: Possible change of value in conversion from INTEGER(8) to REAL(4) at (1) [-Wconversion]
/capstor/scratch/cscs/lhulsbergen/HPCAgent-Bench-ext/hpcagent_bench/benchmarks/scientific_computing/n_body_methods/field_gather/cpp_backend/warpx_field_gather_fp32.f90:5542:81:

 5542 |                     x_inl29_ib((si2_l850) + 1, (si1_l849) + 1, (si0_l848) + 1) = ((x_inl1_loy + x_inl1_l_ez((si2_l850) &
      |                                                                                 1
Warning: Possible change of value in conversion from INTEGER(8) to REAL(4) at (1) [-Wconversion]
/capstor/scratch/cscs/lhulsbergen/HPCAgent-Bench-ext/hpcagent_bench/benchmarks/scientific_computing/n_body_methods/field_gather/cpp_backend/warpx_field_gather_fp32.f90:5557:83:

 5557 |                     x_inl29_ia_b((si2_l853) + 1, (si1_l852) + 1, (si0_l851) + 1) = x_inl29_ia((si2_l853) + 1, (0) + 1, &
      |                                                                                   1
Warning: Possible change of value in conversion from REAL(4) to INTEGER(8) at (1) [-Wconversion]
/capstor/scratch/cscs/lhulsbergen/HPCAgent-Bench-ext/hpcagent_bench/benchmarks/scientific_computing/n_body_methods/field_gather/cpp_backend/warpx_field_gather_fp32.f90:5572:83:

 5572 |                     x_inl29_ib_b((si2_l856) + 1, (si1_l855) + 1, (si0_l854) + 1) = x_inl29_ib((si2_l856) + 1, &
      |                                                                                   1
Warning: Possible change of value in conversion from REAL(4) to INTEGER(8) at (1) [-Wconversion]
/capstor/scratch/cscs/lhulsbergen/HPCAgent-Bench-ext/hpcagent_bench/benchmarks/scientific_computing/n_body_methods/field_gather/cpp_backend/warpx_field_gather_fp32.f90:5699:81:

 5699 |                     x_inl30_ia((si2_l877) + 1, (si1_l876) + 1, (si0_l875) + 1) = ((x_inl1_lox + x_inl1_j_bx((si2_l877) &
      |                                                                                 1
Warning: Possible change of value in conversion from INTEGER(8) to REAL(4) at (1) [-Wconversion]
/capstor/scratch/cscs/lhulsbergen/HPCAgent-Bench-ext/hpcagent_bench/benchmarks/scientific_computing/n_body_methods/field_gather/cpp_backend/warpx_field_gather_fp32.f90:5714:81:

 5714 |                     x_inl30_ib((si2_l880) + 1, (si1_l879) + 1, (si0_l878) + 1) = ((x_inl1_loy + x_inl1_l_bx((si2_l880) &
      |                                                                                 1
Warning: Possible change of value in conversion from INTEGER(8) to REAL(4) at (1) [-Wconversion]
/capstor/scratch/cscs/lhulsbergen/HPCAgent-Bench-ext/hpcagent_bench/benchmarks/scientific_computing/n_body_methods/field_gather/cpp_backend/warpx_field_gather_fp32.f90:5729:83:

 5729 |                     x_inl30_ia_b((si2_l883) + 1, (si1_l882) + 1, (si0_l881) + 1) = x_inl30_ia((si2_l883) + 1, (0) + 1, &
      |                                                                                   1
Warning: Possible change of value in conversion from REAL(4) to INTEGER(8) at (1) [-Wconversion]
/capstor/scratch/cscs/lhulsbergen/HPCAgent-Bench-ext/hpcagent_bench/benchmarks/scientific_computing/n_body_methods/field_gather/cpp_backend/warpx_field_gather_fp32.f90:5744:83:

 5744 |                     x_inl30_ib_b((si2_l886) + 1, (si1_l885) + 1, (si0_l884) + 1) = x_inl30_ib((si2_l886) + 1, &
      |                                                                                   1
Warning: Possible change of value in conversion from REAL(4) to INTEGER(8) at (1) [-Wconversion]
/capstor/scratch/cscs/lhulsbergen/HPCAgent-Bench-ext/hpcagent_bench/benchmarks/scientific_computing/n_body_methods/field_gather/cpp_backend/warpx_field_gather_fp32.f90:5868:81:

 5868 |                     x_inl31_ia((si2_l906) + 1, (si1_l905) + 1, (si0_l904) + 1) = ((x_inl1_lox + x_inl1_j_by((si2_l906) &
      |                                                                                 1
Warning: Possible change of value in conversion from INTEGER(8) to REAL(4) at (1) [-Wconversion]
/capstor/scratch/cscs/lhulsbergen/HPCAgent-Bench-ext/hpcagent_bench/benchmarks/scientific_computing/n_body_methods/field_gather/cpp_backend/warpx_field_gather_fp32.f90:5883:81:

 5883 |                     x_inl31_ib((si2_l909) + 1, (si1_l908) + 1, (si0_l907) + 1) = ((x_inl1_loy + x_inl1_l_by((si2_l909) &
      |                                                                                 1
Warning: Possible change of value in conversion from INTEGER(8) to REAL(4) at (1) [-Wconversion]
/capstor/scratch/cscs/lhulsbergen/HPCAgent-Bench-ext/hpcagent_bench/benchmarks/scientific_computing/n_body_methods/field_gather/cpp_backend/warpx_field_gather_fp32.f90:5898:83:

 5898 |                     x_inl31_ia_b((si2_l912) + 1, (si1_l911) + 1, (si0_l910) + 1) = x_inl31_ia((si2_l912) + 1, (0) + 1, &
      |                                                                                   1
Warning: Possible change of value in conversion from REAL(4) to INTEGER(8) at (1) [-Wconversion]
/capstor/scratch/cscs/lhulsbergen/HPCAgent-Bench-ext/hpcagent_bench/benchmarks/scientific_computing/n_body_methods/field_gather/cpp_backend/warpx_field_gather_fp32.f90:5913:83:

 5913 |                     x_inl31_ib_b((si2_l915) + 1, (si1_l914) + 1, (si0_l913) + 1) = x_inl31_ib((si2_l915) + 1, &
      |                                                                                   1
Warning: Possible change of value in conversion from REAL(4) to INTEGER(8) at (1) [-Wconversion]
/capstor/scratch/cscs/lhulsbergen/HPCAgent-Bench-ext/hpcagent_bench/benchmarks/scientific_computing/n_body_methods/field_gather/cpp_backend/warpx_field_gather_fp32.f90:6086:85:

 6086 |                         x_inl32_ia((si2_l946) + 1, (si1_l945) + 1, (si0_l944) + 1) = ((x_inl1_lox + &
      |                                                                                     1
Warning: Possible change of value in conversion from INTEGER(8) to REAL(4) at (1) [-Wconversion]
/capstor/scratch/cscs/lhulsbergen/HPCAgent-Bench-ext/hpcagent_bench/benchmarks/scientific_computing/n_body_methods/field_gather/cpp_backend/warpx_field_gather_fp32.f90:6101:85:

 6101 |                         x_inl32_ib((si2_l949) + 1, (si1_l948) + 1, (si0_l947) + 1) = ((x_inl1_loy + &
      |                                                                                     1
Warning: Possible change of value in conversion from INTEGER(8) to REAL(4) at (1) [-Wconversion]
/capstor/scratch/cscs/lhulsbergen/HPCAgent-Bench-ext/hpcagent_bench/benchmarks/scientific_computing/n_body_methods/field_gather/cpp_backend/warpx_field_gather_fp32.f90:6116:87:

 6116 |                         x_inl32_ia_b((si2_l952) + 1, (si1_l951) + 1, (si0_l950) + 1) = x_inl32_ia((si2_l952) + 1, (0) &
      |                                                                                       1
Warning: Possible change of value in conversion from REAL(4) to INTEGER(8) at (1) [-Wconversion]
/capstor/scratch/cscs/lhulsbergen/HPCAgent-Bench-ext/hpcagent_bench/benchmarks/scientific_computing/n_body_methods/field_gather/cpp_backend/warpx_field_gather_fp32.f90:6131:87:

 6131 |                         x_inl32_ib_b((si2_l955) + 1, (si1_l954) + 1, (si0_l953) + 1) = x_inl32_ib((si2_l955) + 1, &
      |                                                                                       1
Warning: Possible change of value in conversion from REAL(4) to INTEGER(8) at (1) [-Wconversion]
/capstor/scratch/cscs/lhulsbergen/HPCAgent-Bench-ext/hpcagent_bench/benchmarks/scientific_computing/n_body_methods/field_gather/cpp_backend/warpx_field_gather_fp32.f90:6256:85:

 6256 |                         x_inl33_ia((si2_l975) + 1, (si1_l974) + 1, (si0_l973) + 1) = ((x_inl1_lox + &
      |                                                                                     1
Warning: Possible change of value in conversion from INTEGER(8) to REAL(4) at (1) [-Wconversion]
/capstor/scratch/cscs/lhulsbergen/HPCAgent-Bench-ext/hpcagent_bench/benchmarks/scientific_computing/n_body_methods/field_gather/cpp_backend/warpx_field_gather_fp32.f90:6271:85:

 6271 |                         x_inl33_ib((si2_l978) + 1, (si1_l977) + 1, (si0_l976) + 1) = ((x_inl1_loy + &
      |                                                                                     1
Warning: Possible change of value in conversion from INTEGER(8) to REAL(4) at (1) [-Wconversion]
/capstor/scratch/cscs/lhulsbergen/HPCAgent-Bench-ext/hpcagent_bench/benchmarks/scientific_computing/n_body_methods/field_gather/cpp_backend/warpx_field_gather_fp32.f90:6286:87:

 6286 |                         x_inl33_ia_b((si2_l981) + 1, (si1_l980) + 1, (si0_l979) + 1) = x_inl33_ia((si2_l981) + 1, (0) &
      |                                                                                       1
Warning: Possible change of value in conversion from REAL(4) to INTEGER(8) at (1) [-Wconversion]
/capstor/scratch/cscs/lhulsbergen/HPCAgent-Bench-ext/hpcagent_bench/benchmarks/scientific_computing/n_body_methods/field_gather/cpp_backend/warpx_field_gather_fp32.f90:6301:87:

 6301 |                         x_inl33_ib_b((si2_l984) + 1, (si1_l983) + 1, (si0_l982) + 1) = x_inl33_ib((si2_l984) + 1, &
      |                                                                                       1
Warning: Possible change of value in conversion from REAL(4) to INTEGER(8) at (1) [-Wconversion]
/capstor/scratch/cscs/lhulsbergen/HPCAgent-Bench-ext/hpcagent_bench/benchmarks/scientific_computing/n_body_methods/field_gather/cpp_backend/warpx_field_gather_fp32.f90:6433:88:

 6433 |                         x_inl34_ia((si2_l1006) + 1, (si1_l1005) + 1, (si0_l1004) + 1) = ((x_inl1_lox + &
      |                                                                                        1
Warning: Possible change of value in conversion from INTEGER(8) to REAL(4) at (1) [-Wconversion]
/capstor/scratch/cscs/lhulsbergen/HPCAgent-Bench-ext/hpcagent_bench/benchmarks/scientific_computing/n_body_methods/field_gather/cpp_backend/warpx_field_gather_fp32.f90:6448:88:

 6448 |                         x_inl34_ib((si2_l1009) + 1, (si1_l1008) + 1, (si0_l1007) + 1) = ((x_inl1_loy + &
      |                                                                                        1
Warning: Possible change of value in conversion from INTEGER(8) to REAL(4) at (1) [-Wconversion]
/capstor/scratch/cscs/lhulsbergen/HPCAgent-Bench-ext/hpcagent_bench/benchmarks/scientific_computing/n_body_methods/field_gather/cpp_backend/warpx_field_gather_fp32.f90:6463:90:

 6463 |                         x_inl34_ia_b((si2_l1012) + 1, (si1_l1011) + 1, (si0_l1010) + 1) = x_inl34_ia((si2_l1012) + 1, &
      |                                                                                          1
Warning: Possible change of value in conversion from REAL(4) to INTEGER(8) at (1) [-Wconversion]
/capstor/scratch/cscs/lhulsbergen/HPCAgent-Bench-ext/hpcagent_bench/benchmarks/scientific_computing/n_body_methods/field_gather/cpp_backend/warpx_field_gather_fp32.f90:6478:90:

 6478 |                         x_inl34_ib_b((si2_l1015) + 1, (si1_l1014) + 1, (si0_l1013) + 1) = x_inl34_ib((si2_l1015) + 1, &
      |                                                                                          1
Warning: Possible change of value in conversion from REAL(4) to INTEGER(8) at (1) [-Wconversion]
/capstor/scratch/cscs/lhulsbergen/HPCAgent-Bench-ext/hpcagent_bench/benchmarks/scientific_computing/n_body_methods/field_gather/cpp_backend/warpx_field_gather_fp32.f90:6603:88:

 6603 |                         x_inl35_ia((si2_l1035) + 1, (si1_l1034) + 1, (si0_l1033) + 1) = ((x_inl1_lox + &
      |                                                                                        1
Warning: Possible change of value in conversion from INTEGER(8) to REAL(4) at (1) [-Wconversion]
/capstor/scratch/cscs/lhulsbergen/HPCAgent-Bench-ext/hpcagent_bench/benchmarks/scientific_computing/n_body_methods/field_gather/cpp_backend/warpx_field_gather_fp32.f90:6618:88:

 6618 |                         x_inl35_ib((si2_l1038) + 1, (si1_l1037) + 1, (si0_l1036) + 1) = ((x_inl1_loy + &
      |                                                                                        1
Warning: Possible change of value in conversion from INTEGER(8) to REAL(4) at (1) [-Wconversion]
/capstor/scratch/cscs/lhulsbergen/HPCAgent-Bench-ext/hpcagent_bench/benchmarks/scientific_computing/n_body_methods/field_gather/cpp_backend/warpx_field_gather_fp32.f90:6633:90:

 6633 |                         x_inl35_ia_b((si2_l1041) + 1, (si1_l1040) + 1, (si0_l1039) + 1) = x_inl35_ia((si2_l1041) + 1, &
      |                                                                                          1
Warning: Possible change of value in conversion from REAL(4) to INTEGER(8) at (1) [-Wconversion]
/capstor/scratch/cscs/lhulsbergen/HPCAgent-Bench-ext/hpcagent_bench/benchmarks/scientific_computing/n_body_methods/field_gather/cpp_backend/warpx_field_gather_fp32.f90:6648:90:

 6648 |                         x_inl35_ib_b((si2_l1044) + 1, (si1_l1043) + 1, (si0_l1042) + 1) = x_inl35_ib((si2_l1044) + 1, &
      |                                                                                          1
Warning: Possible change of value in conversion from REAL(4) to INTEGER(8) at (1) [-Wconversion]
/capstor/scratch/cscs/lhulsbergen/HPCAgent-Bench-ext/hpcagent_bench/benchmarks/scientific_computing/n_body_methods/field_gather/cpp_backend/warpx_field_gather_fp32.f90:6780:88:

 6780 |                         x_inl36_ia((si2_l1066) + 1, (si1_l1065) + 1, (si0_l1064) + 1) = ((x_inl1_lox + &
      |                                                                                        1
Warning: Possible change of value in conversion from INTEGER(8) to REAL(4) at (1) [-Wconversion]
/capstor/scratch/cscs/lhulsbergen/HPCAgent-Bench-ext/hpcagent_bench/benchmarks/scientific_computing/n_body_methods/field_gather/cpp_backend/warpx_field_gather_fp32.f90:6795:88:

 6795 |                         x_inl36_ib((si2_l1069) + 1, (si1_l1068) + 1, (si0_l1067) + 1) = ((x_inl1_loy + &
      |                                                                                        1
Warning: Possible change of value in conversion from INTEGER(8) to REAL(4) at (1) [-Wconversion]
/capstor/scratch/cscs/lhulsbergen/HPCAgent-Bench-ext/hpcagent_bench/benchmarks/scientific_computing/n_body_methods/field_gather/cpp_backend/warpx_field_gather_fp32.f90:6810:90:

 6810 |                         x_inl36_ia_b((si2_l1072) + 1, (si1_l1071) + 1, (si0_l1070) + 1) = x_inl36_ia((si2_l1072) + 1, &
      |                                                                                          1
Warning: Possible change of value in conversion from REAL(4) to INTEGER(8) at (1) [-Wconversion]
/capstor/scratch/cscs/lhulsbergen/HPCAgent-Bench-ext/hpcagent_bench/benchmarks/scientific_computing/n_body_methods/field_gather/cpp_backend/warpx_field_gather_fp32.f90:6825:90:

 6825 |                         x_inl36_ib_b((si2_l1075) + 1, (si1_l1074) + 1, (si0_l1073) + 1) = x_inl36_ib((si2_l1075) + 1, &
      |                                                                                          1
Warning: Possible change of value in conversion from REAL(4) to INTEGER(8) at (1) [-Wconversion]
/capstor/scratch/cscs/lhulsbergen/HPCAgent-Bench-ext/hpcagent_bench/benchmarks/scientific_computing/n_body_methods/field_gather/cpp_backend/warpx_field_gather_fp32.f90:6950:88:

 6950 |                         x_inl37_ia((si2_l1095) + 1, (si1_l1094) + 1, (si0_l1093) + 1) = ((x_inl1_lox + &
      |                                                                                        1
Warning: Possible change of value in conversion from INTEGER(8) to REAL(4) at (1) [-Wconversion]
/capstor/scratch/cscs/lhulsbergen/HPCAgent-Bench-ext/hpcagent_bench/benchmarks/scientific_computing/n_body_methods/field_gather/cpp_backend/warpx_field_gather_fp32.f90:6965:88:

 6965 |                         x_inl37_ib((si2_l1098) + 1, (si1_l1097) + 1, (si0_l1096) + 1) = ((x_inl1_loy + &
      |                                                                                        1
Warning: Possible change of value in conversion from INTEGER(8) to REAL(4) at (1) [-Wconversion]
/capstor/scratch/cscs/lhulsbergen/HPCAgent-Bench-ext/hpcagent_bench/benchmarks/scientific_computing/n_body_methods/field_gather/cpp_backend/warpx_field_gather_fp32.f90:6980:90:

 6980 |                         x_inl37_ia_b((si2_l1101) + 1, (si1_l1100) + 1, (si0_l1099) + 1) = x_inl37_ia((si2_l1101) + 1, &
      |                                                                                          1
Warning: Possible change of value in conversion from REAL(4) to INTEGER(8) at (1) [-Wconversion]
/capstor/scratch/cscs/lhulsbergen/HPCAgent-Bench-ext/hpcagent_bench/benchmarks/scientific_computing/n_body_methods/field_gather/cpp_backend/warpx_field_gather_fp32.f90:6995:90:

 6995 |                         x_inl37_ib_b((si2_l1104) + 1, (si1_l1103) + 1, (si0_l1102) + 1) = x_inl37_ib((si2_l1104) + 1, &
      |                                                                                          1
Warning: Possible change of value in conversion from REAL(4) to INTEGER(8) at (1) [-Wconversion]
/capstor/scratch/cscs/lhulsbergen/HPCAgent-Bench-ext/hpcagent_bench/benchmarks/scientific_computing/n_body_methods/field_gather/cpp_backend/warpx_field_gather_fp32.f90:7127:88:

 7127 |                         x_inl38_ia((si2_l1126) + 1, (si1_l1125) + 1, (si0_l1124) + 1) = ((x_inl1_lox + &
      |                                                                                        1
Warning: Possible change of value in conversion from INTEGER(8) to REAL(4) at (1) [-Wconversion]
/capstor/scratch/cscs/lhulsbergen/HPCAgent-Bench-ext/hpcagent_bench/benchmarks/scientific_computing/n_body_methods/field_gather/cpp_backend/warpx_field_gather_fp32.f90:7142:88:

 7142 |                         x_inl38_ib((si2_l1129) + 1, (si1_l1128) + 1, (si0_l1127) + 1) = ((x_inl1_loy + &
      |                                                                                        1
Warning: Possible change of value in conversion from INTEGER(8) to REAL(4) at (1) [-Wconversion]
/capstor/scratch/cscs/lhulsbergen/HPCAgent-Bench-ext/hpcagent_bench/benchmarks/scientific_computing/n_body_methods/field_gather/cpp_backend/warpx_field_gather_fp32.f90:7157:90:

 7157 |                         x_inl38_ia_b((si2_l1132) + 1, (si1_l1131) + 1, (si0_l1130) + 1) = x_inl38_ia((si2_l1132) + 1, &
      |                                                                                          1
Warning: Possible change of value in conversion from REAL(4) to INTEGER(8) at (1) [-Wconversion]
/capstor/scratch/cscs/lhulsbergen/HPCAgent-Bench-ext/hpcagent_bench/benchmarks/scientific_computing/n_body_methods/field_gather/cpp_backend/warpx_field_gather_fp32.f90:7172:90:

 7172 |                         x_inl38_ib_b((si2_l1135) + 1, (si1_l1134) + 1, (si0_l1133) + 1) = x_inl38_ib((si2_l1135) + 1, &
      |                                                                                          1
Warning: Possible change of value in conversion from REAL(4) to INTEGER(8) at (1) [-Wconversion]
/capstor/scratch/cscs/lhulsbergen/HPCAgent-Bench-ext/hpcagent_bench/benchmarks/scientific_computing/n_body_methods/field_gather/cpp_backend/warpx_field_gather_fp32.f90:7297:88:

 7297 |                         x_inl39_ia((si2_l1155) + 1, (si1_l1154) + 1, (si0_l1153) + 1) = ((x_inl1_lox + &
      |                                                                                        1
Warning: Possible change of value in conversion from INTEGER(8) to REAL(4) at (1) [-Wconversion]
/capstor/scratch/cscs/lhulsbergen/HPCAgent-Bench-ext/hpcagent_bench/benchmarks/scientific_computing/n_body_methods/field_gather/cpp_backend/warpx_field_gather_fp32.f90:7312:88:

 7312 |                         x_inl39_ib((si2_l1158) + 1, (si1_l1157) + 1, (si0_l1156) + 1) = ((x_inl1_loy + &
      |                                                                                        1
Warning: Possible change of value in conversion from INTEGER(8) to REAL(4) at (1) [-Wconversion]
/capstor/scratch/cscs/lhulsbergen/HPCAgent-Bench-ext/hpcagent_bench/benchmarks/scientific_computing/n_body_methods/field_gather/cpp_backend/warpx_field_gather_fp32.f90:7327:90:

 7327 |                         x_inl39_ia_b((si2_l1161) + 1, (si1_l1160) + 1, (si0_l1159) + 1) = x_inl39_ia((si2_l1161) + 1, &
      |                                                                                          1
Warning: Possible change of value in conversion from REAL(4) to INTEGER(8) at (1) [-Wconversion]
/capstor/scratch/cscs/lhulsbergen/HPCAgent-Bench-ext/hpcagent_bench/benchmarks/scientific_computing/n_body_methods/field_gather/cpp_backend/warpx_field_gather_fp32.f90:7342:90:

 7342 |                         x_inl39_ib_b((si2_l1164) + 1, (si1_l1163) + 1, (si0_l1162) + 1) = x_inl39_ib((si2_l1164) + 1, &
      |                                                                                          1
Warning: Possible change of value in conversion from REAL(4) to INTEGER(8) at (1) [-Wconversion]
/capstor/scratch/cscs/lhulsbergen/HPCAgent-Bench-ext/hpcagent_bench/benchmarks/scientific_computing/n_body_methods/field_gather/cpp_backend/warpx_field_gather_fp32.f90:7474:88:

 7474 |                         x_inl40_ia((si2_l1186) + 1, (si1_l1185) + 1, (si0_l1184) + 1) = ((x_inl1_lox + &
      |                                                                                        1
Warning: Possible change of value in conversion from INTEGER(8) to REAL(4) at (1) [-Wconversion]
/capstor/scratch/cscs/lhulsbergen/HPCAgent-Bench-ext/hpcagent_bench/benchmarks/scientific_computing/n_body_methods/field_gather/cpp_backend/warpx_field_gather_fp32.f90:7489:88:

 7489 |                         x_inl40_ib((si2_l1189) + 1, (si1_l1188) + 1, (si0_l1187) + 1) = ((x_inl1_loy + &
      |                                                                                        1
Warning: Possible change of value in conversion from INTEGER(8) to REAL(4) at (1) [-Wconversion]
/capstor/scratch/cscs/lhulsbergen/HPCAgent-Bench-ext/hpcagent_bench/benchmarks/scientific_computing/n_body_methods/field_gather/cpp_backend/warpx_field_gather_fp32.f90:7504:90:

 7504 |                         x_inl40_ia_b((si2_l1192) + 1, (si1_l1191) + 1, (si0_l1190) + 1) = x_inl40_ia((si2_l1192) + 1, &
      |                                                                                          1
Warning: Possible change of value in conversion from REAL(4) to INTEGER(8) at (1) [-Wconversion]
/capstor/scratch/cscs/lhulsbergen/HPCAgent-Bench-ext/hpcagent_bench/benchmarks/scientific_computing/n_body_methods/field_gather/cpp_backend/warpx_field_gather_fp32.f90:7519:90:

 7519 |                         x_inl40_ib_b((si2_l1195) + 1, (si1_l1194) + 1, (si0_l1193) + 1) = x_inl40_ib((si2_l1195) + 1, &
      |                                                                                          1
Warning: Possible change of value in conversion from REAL(4) to INTEGER(8) at (1) [-Wconversion]
/capstor/scratch/cscs/lhulsbergen/HPCAgent-Bench-ext/hpcagent_bench/benchmarks/scientific_computing/n_body_methods/field_gather/cpp_backend/warpx_field_gather_fp32.f90:7644:88:

 7644 |                         x_inl41_ia((si2_l1215) + 1, (si1_l1214) + 1, (si0_l1213) + 1) = ((x_inl1_lox + &
      |                                                                                        1
Warning: Possible change of value in conversion from INTEGER(8) to REAL(4) at (1) [-Wconversion]
/capstor/scratch/cscs/lhulsbergen/HPCAgent-Bench-ext/hpcagent_bench/benchmarks/scientific_computing/n_body_methods/field_gather/cpp_backend/warpx_field_gather_fp32.f90:7659:88:

 7659 |                         x_inl41_ib((si2_l1218) + 1, (si1_l1217) + 1, (si0_l1216) + 1) = ((x_inl1_loy + &
      |                                                                                        1
Warning: Possible change of value in conversion from INTEGER(8) to REAL(4) at (1) [-Wconversion]
/capstor/scratch/cscs/lhulsbergen/HPCAgent-Bench-ext/hpcagent_bench/benchmarks/scientific_computing/n_body_methods/field_gather/cpp_backend/warpx_field_gather_fp32.f90:7674:90:

 7674 |                         x_inl41_ia_b((si2_l1221) + 1, (si1_l1220) + 1, (si0_l1219) + 1) = x_inl41_ia((si2_l1221) + 1, &
      |                                                                                          1
Warning: Possible change of value in conversion from REAL(4) to INTEGER(8) at (1) [-Wconversion]
/capstor/scratch/cscs/lhulsbergen/HPCAgent-Bench-ext/hpcagent_bench/benchmarks/scientific_computing/n_body_methods/field_gather/cpp_backend/warpx_field_gather_fp32.f90:7689:90:

 7689 |                         x_inl41_ib_b((si2_l1224) + 1, (si1_l1223) + 1, (si0_l1222) + 1) = x_inl41_ib((si2_l1224) + 1, &
      |                                                                                          1
Warning: Possible change of value in conversion from REAL(4) to INTEGER(8) at (1) [-Wconversion]
/capstor/scratch/cscs/lhulsbergen/HPCAgent-Bench-ext/hpcagent_bench/benchmarks/scientific_computing/n_body_methods/field_gather/cpp_backend/warpx_field_gather_fp32.f90:7821:88:

 7821 |                         x_inl42_ia((si2_l1246) + 1, (si1_l1245) + 1, (si0_l1244) + 1) = ((x_inl1_lox + &
      |                                                                                        1
Warning: Possible change of value in conversion from INTEGER(8) to REAL(4) at (1) [-Wconversion]
/capstor/scratch/cscs/lhulsbergen/HPCAgent-Bench-ext/hpcagent_bench/benchmarks/scientific_computing/n_body_methods/field_gather/cpp_backend/warpx_field_gather_fp32.f90:7836:88:

 7836 |                         x_inl42_ib((si2_l1249) + 1, (si1_l1248) + 1, (si0_l1247) + 1) = ((x_inl1_loy + &
      |                                                                                        1
Warning: Possible change of value in conversion from INTEGER(8) to REAL(4) at (1) [-Wconversion]
/capstor/scratch/cscs/lhulsbergen/HPCAgent-Bench-ext/hpcagent_bench/benchmarks/scientific_computing/n_body_methods/field_gather/cpp_backend/warpx_field_gather_fp32.f90:7851:90:

 7851 |                         x_inl42_ia_b((si2_l1252) + 1, (si1_l1251) + 1, (si0_l1250) + 1) = x_inl42_ia((si2_l1252) + 1, &
      |                                                                                          1
Warning: Possible change of value in conversion from REAL(4) to INTEGER(8) at (1) [-Wconversion]
/capstor/scratch/cscs/lhulsbergen/HPCAgent-Bench-ext/hpcagent_bench/benchmarks/scientific_computing/n_body_methods/field_gather/cpp_backend/warpx_field_gather_fp32.f90:7866:90:

 7866 |                         x_inl42_ib_b((si2_l1255) + 1, (si1_l1254) + 1, (si0_l1253) + 1) = x_inl42_ib((si2_l1255) + 1, &
      |                                                                                          1
Warning: Possible change of value in conversion from REAL(4) to INTEGER(8) at (1) [-Wconversion]
/capstor/scratch/cscs/lhulsbergen/HPCAgent-Bench-ext/hpcagent_bench/benchmarks/scientific_computing/n_body_methods/field_gather/cpp_backend/warpx_field_gather_fp32.f90:7991:88:

 7991 |                         x_inl43_ia((si2_l1275) + 1, (si1_l1274) + 1, (si0_l1273) + 1) = ((x_inl1_lox + &
      |                                                                                        1
Warning: Possible change of value in conversion from INTEGER(8) to REAL(4) at (1) [-Wconversion]
/capstor/scratch/cscs/lhulsbergen/HPCAgent-Bench-ext/hpcagent_bench/benchmarks/scientific_computing/n_body_methods/field_gather/cpp_backend/warpx_field_gather_fp32.f90:8006:88:

 8006 |                         x_inl43_ib((si2_l1278) + 1, (si1_l1277) + 1, (si0_l1276) + 1) = ((x_inl1_loy + &
      |                                                                                        1
Warning: Possible change of value in conversion from INTEGER(8) to REAL(4) at (1) [-Wconversion]
/capstor/scratch/cscs/lhulsbergen/HPCAgent-Bench-ext/hpcagent_bench/benchmarks/scientific_computing/n_body_methods/field_gather/cpp_backend/warpx_field_gather_fp32.f90:8021:90:

 8021 |                         x_inl43_ia_b((si2_l1281) + 1, (si1_l1280) + 1, (si0_l1279) + 1) = x_inl43_ia((si2_l1281) + 1, &
      |                                                                                          1
Warning: Possible change of value in conversion from REAL(4) to INTEGER(8) at (1) [-Wconversion]
/capstor/scratch/cscs/lhulsbergen/HPCAgent-Bench-ext/hpcagent_bench/benchmarks/scientific_computing/n_body_methods/field_gather/cpp_backend/warpx_field_gather_fp32.f90:8036:90:

 8036 |                         x_inl43_ib_b((si2_l1284) + 1, (si1_l1283) + 1, (si0_l1282) + 1) = x_inl43_ib((si2_l1284) + 1, &
      |                                                                                          1
Warning: Possible change of value in conversion from REAL(4) to INTEGER(8) at (1) [-Wconversion]
/capstor/scratch/cscs/lhulsbergen/HPCAgent-Bench-ext/hpcagent_bench/benchmarks/scientific_computing/n_body_methods/field_gather/cpp_backend/warpx_field_gather_fp32.f90:9250:105:

 9250 |                         x_inl56_ix((si3_l1481) + 1, (si2_l1480) + 1, (si1_l1479) + 1, (si0_l1478) + 1) = ((x_inl1_lox &
      |                                                                                                         1
Warning: Possible change of value in conversion from INTEGER(8) to REAL(4) at (1) [-Wconversion]
/capstor/scratch/cscs/lhulsbergen/HPCAgent-Bench-ext/hpcagent_bench/benchmarks/scientific_computing/n_body_methods/field_gather/cpp_backend/warpx_field_gather_fp32.f90:9267:105:

 9267 |                         x_inl56_iy((si3_l1485) + 1, (si2_l1484) + 1, (si1_l1483) + 1, (si0_l1482) + 1) = ((x_inl1_loy &
      |                                                                                                         1
Warning: Possible change of value in conversion from INTEGER(8) to REAL(4) at (1) [-Wconversion]
/capstor/scratch/cscs/lhulsbergen/HPCAgent-Bench-ext/hpcagent_bench/benchmarks/scientific_computing/n_body_methods/field_gather/cpp_backend/warpx_field_gather_fp32.f90:9284:105:

 9284 |                         x_inl56_iz((si3_l1489) + 1, (si2_l1488) + 1, (si1_l1487) + 1, (si0_l1486) + 1) = ((x_inl1_loz &
      |                                                                                                         1
Warning: Possible change of value in conversion from INTEGER(8) to REAL(4) at (1) [-Wconversion]
/capstor/scratch/cscs/lhulsbergen/HPCAgent-Bench-ext/hpcagent_bench/benchmarks/scientific_computing/n_body_methods/field_gather/cpp_backend/warpx_field_gather_fp32.f90:9301:107:

 9301 |                         x_inl56_ix_b((si3_l1493) + 1, (si2_l1492) + 1, (si1_l1491) + 1, (si0_l1490) + 1) = &
      |                                                                                                           1
Warning: Possible change of value in conversion from REAL(4) to INTEGER(8) at (1) [-Wconversion]
/capstor/scratch/cscs/lhulsbergen/HPCAgent-Bench-ext/hpcagent_bench/benchmarks/scientific_computing/n_body_methods/field_gather/cpp_backend/warpx_field_gather_fp32.f90:9318:107:

 9318 |                         x_inl56_iy_b((si3_l1497) + 1, (si2_l1496) + 1, (si1_l1495) + 1, (si0_l1494) + 1) = &
      |                                                                                                           1
Warning: Possible change of value in conversion from REAL(4) to INTEGER(8) at (1) [-Wconversion]
/capstor/scratch/cscs/lhulsbergen/HPCAgent-Bench-ext/hpcagent_bench/benchmarks/scientific_computing/n_body_methods/field_gather/cpp_backend/warpx_field_gather_fp32.f90:9335:107:

 9335 |                         x_inl56_iz_b((si3_l1501) + 1, (si2_l1500) + 1, (si1_l1499) + 1, (si0_l1498) + 1) = &
      |                                                                                                           1
Warning: Possible change of value in conversion from REAL(4) to INTEGER(8) at (1) [-Wconversion]
/capstor/scratch/cscs/lhulsbergen/HPCAgent-Bench-ext/hpcagent_bench/benchmarks/scientific_computing/n_body_methods/field_gather/cpp_backend/warpx_field_gather_fp32.f90:9500:105:

 9500 |                         x_inl57_ix((si3_l1529) + 1, (si2_l1528) + 1, (si1_l1527) + 1, (si0_l1526) + 1) = ((x_inl1_lox &
      |                                                                                                         1
Warning: Possible change of value in conversion from INTEGER(8) to REAL(4) at (1) [-Wconversion]
/capstor/scratch/cscs/lhulsbergen/HPCAgent-Bench-ext/hpcagent_bench/benchmarks/scientific_computing/n_body_methods/field_gather/cpp_backend/warpx_field_gather_fp32.f90:9517:105:

 9517 |                         x_inl57_iy((si3_l1533) + 1, (si2_l1532) + 1, (si1_l1531) + 1, (si0_l1530) + 1) = ((x_inl1_loy &
      |                                                                                                         1
Warning: Possible change of value in conversion from INTEGER(8) to REAL(4) at (1) [-Wconversion]
/capstor/scratch/cscs/lhulsbergen/HPCAgent-Bench-ext/hpcagent_bench/benchmarks/scientific_computing/n_body_methods/field_gather/cpp_backend/warpx_field_gather_fp32.f90:9534:105:

 9534 |                         x_inl57_iz((si3_l1537) + 1, (si2_l1536) + 1, (si1_l1535) + 1, (si0_l1534) + 1) = ((x_inl1_loz &
      |                                                                                                         1
Warning: Possible change of value in conversion from INTEGER(8) to REAL(4) at (1) [-Wconversion]
/capstor/scratch/cscs/lhulsbergen/HPCAgent-Bench-ext/hpcagent_bench/benchmarks/scientific_computing/n_body_methods/field_gather/cpp_backend/warpx_field_gather_fp32.f90:9551:107:

 9551 |                         x_inl57_ix_b((si3_l1541) + 1, (si2_l1540) + 1, (si1_l1539) + 1, (si0_l1538) + 1) = &
      |                                                                                                           1
Warning: Possible change of value in conversion from REAL(4) to INTEGER(8) at (1) [-Wconversion]
/capstor/scratch/cscs/lhulsbergen/HPCAgent-Bench-ext/hpcagent_bench/benchmarks/scientific_computing/n_body_methods/field_gather/cpp_backend/warpx_field_gather_fp32.f90:9568:107:

 9568 |                         x_inl57_iy_b((si3_l1545) + 1, (si2_l1544) + 1, (si1_l1543) + 1, (si0_l1542) + 1) = &
      |                                                                                                           1
Warning: Possible change of value in conversion from REAL(4) to INTEGER(8) at (1) [-Wconversion]
/capstor/scratch/cscs/lhulsbergen/HPCAgent-Bench-ext/hpcagent_bench/benchmarks/scientific_computing/n_body_methods/field_gather/cpp_backend/warpx_field_gather_fp32.f90:9585:107:

 9585 |                         x_inl57_iz_b((si3_l1549) + 1, (si2_l1548) + 1, (si1_l1547) + 1, (si0_l1546) + 1) = &
      |                                                                                                           1
Warning: Possible change of value in conversion from REAL(4) to INTEGER(8) at (1) [-Wconversion]
/capstor/scratch/cscs/lhulsbergen/HPCAgent-Bench-ext/hpcagent_bench/benchmarks/scientific_computing/n_body_methods/field_gather/cpp_backend/warpx_field_gather_fp32.f90:9750:105:

 9750 |                         x_inl58_ix((si3_l1577) + 1, (si2_l1576) + 1, (si1_l1575) + 1, (si0_l1574) + 1) = ((x_inl1_lox &
      |                                                                                                         1
Warning: Possible change of value in conversion from INTEGER(8) to REAL(4) at (1) [-Wconversion]
/capstor/scratch/cscs/lhulsbergen/HPCAgent-Bench-ext/hpcagent_bench/benchmarks/scientific_computing/n_body_methods/field_gather/cpp_backend/warpx_field_gather_fp32.f90:9767:105:

 9767 |                         x_inl58_iy((si3_l1581) + 1, (si2_l1580) + 1, (si1_l1579) + 1, (si0_l1578) + 1) = ((x_inl1_loy &
      |                                                                                                         1
Warning: Possible change of value in conversion from INTEGER(8) to REAL(4) at (1) [-Wconversion]
/capstor/scratch/cscs/lhulsbergen/HPCAgent-Bench-ext/hpcagent_bench/benchmarks/scientific_computing/n_body_methods/field_gather/cpp_backend/warpx_field_gather_fp32.f90:9784:105:

 9784 |                         x_inl58_iz((si3_l1585) + 1, (si2_l1584) + 1, (si1_l1583) + 1, (si0_l1582) + 1) = ((x_inl1_loz &
      |                                                                                                         1
Warning: Possible change of value in conversion from INTEGER(8) to REAL(4) at (1) [-Wconversion]
/capstor/scratch/cscs/lhulsbergen/HPCAgent-Bench-ext/hpcagent_bench/benchmarks/scientific_computing/n_body_methods/field_gather/cpp_backend/warpx_field_gather_fp32.f90:9801:107:

 9801 |                         x_inl58_ix_b((si3_l1589) + 1, (si2_l1588) + 1, (si1_l1587) + 1, (si0_l1586) + 1) = &
      |                                                                                                           1
Warning: Possible change of value in conversion from REAL(4) to INTEGER(8) at (1) [-Wconversion]
/capstor/scratch/cscs/lhulsbergen/HPCAgent-Bench-ext/hpcagent_bench/benchmarks/scientific_computing/n_body_methods/field_gather/cpp_backend/warpx_field_gather_fp32.f90:9818:107:

 9818 |                         x_inl58_iy_b((si3_l1593) + 1, (si2_l1592) + 1, (si1_l1591) + 1, (si0_l1590) + 1) = &
      |                                                                                                           1
Warning: Possible change of value in conversion from REAL(4) to INTEGER(8) at (1) [-Wconversion]
/capstor/scratch/cscs/lhulsbergen/HPCAgent-Bench-ext/hpcagent_bench/benchmarks/scientific_computing/n_body_methods/field_gather/cpp_backend/warpx_field_gather_fp32.f90:9835:107:

 9835 |                         x_inl58_iz_b((si3_l1597) + 1, (si2_l1596) + 1, (si1_l1595) + 1, (si0_l1594) + 1) = &
      |                                                                                                           1
Warning: Possible change of value in conversion from REAL(4) to INTEGER(8) at (1) [-Wconversion]
/capstor/scratch/cscs/lhulsbergen/HPCAgent-Bench-ext/hpcagent_bench/benchmarks/scientific_computing/n_body_methods/field_gather/cpp_backend/warpx_field_gather_fp32.f90:10000:105:

10000 |                         x_inl59_ix((si3_l1625) + 1, (si2_l1624) + 1, (si1_l1623) + 1, (si0_l1622) + 1) = ((x_inl1_lox &
      |                                                                                                         1
Warning: Possible change of value in conversion from INTEGER(8) to REAL(4) at (1) [-Wconversion]
/capstor/scratch/cscs/lhulsbergen/HPCAgent-Bench-ext/hpcagent_bench/benchmarks/scientific_computing/n_body_methods/field_gather/cpp_backend/warpx_field_gather_fp32.f90:10017:105:

10017 |                         x_inl59_iy((si3_l1629) + 1, (si2_l1628) + 1, (si1_l1627) + 1, (si0_l1626) + 1) = ((x_inl1_loy &
      |                                                                                                         1
Warning: Possible change of value in conversion from INTEGER(8) to REAL(4) at (1) [-Wconversion]
/capstor/scratch/cscs/lhulsbergen/HPCAgent-Bench-ext/hpcagent_bench/benchmarks/scientific_computing/n_body_methods/field_gather/cpp_backend/warpx_field_gather_fp32.f90:10034:105:

10034 |                         x_inl59_iz((si3_l1633) + 1, (si2_l1632) + 1, (si1_l1631) + 1, (si0_l1630) + 1) = ((x_inl1_loz &
      |                                                                                                         1
Warning: Possible change of value in conversion from INTEGER(8) to REAL(4) at (1) [-Wconversion]
/capstor/scratch/cscs/lhulsbergen/HPCAgent-Bench-ext/hpcagent_bench/benchmarks/scientific_computing/n_body_methods/field_gather/cpp_backend/warpx_field_gather_fp32.f90:10051:107:

10051 |                         x_inl59_ix_b((si3_l1637) + 1, (si2_l1636) + 1, (si1_l1635) + 1, (si0_l1634) + 1) = &
      |                                                                                                           1
Warning: Possible change of value in conversion from REAL(4) to INTEGER(8) at (1) [-Wconversion]
/capstor/scratch/cscs/lhulsbergen/HPCAgent-Bench-ext/hpcagent_bench/benchmarks/scientific_computing/n_body_methods/field_gather/cpp_backend/warpx_field_gather_fp32.f90:10068:107:

10068 |                         x_inl59_iy_b((si3_l1641) + 1, (si2_l1640) + 1, (si1_l1639) + 1, (si0_l1638) + 1) = &
      |                                                                                                           1
Warning: Possible change of value in conversion from REAL(4) to INTEGER(8) at (1) [-Wconversion]
/capstor/scratch/cscs/lhulsbergen/HPCAgent-Bench-ext/hpcagent_bench/benchmarks/scientific_computing/n_body_methods/field_gather/cpp_backend/warpx_field_gather_fp32.f90:10085:107:

10085 |                         x_inl59_iz_b((si3_l1645) + 1, (si2_l1644) + 1, (si1_l1643) + 1, (si0_l1642) + 1) = &
      |                                                                                                           1
Warning: Possible change of value in conversion from REAL(4) to INTEGER(8) at (1) [-Wconversion]
/capstor/scratch/cscs/lhulsbergen/HPCAgent-Bench-ext/hpcagent_bench/benchmarks/scientific_computing/n_body_methods/field_gather/cpp_backend/warpx_field_gather_fp32.f90:10250:105:

10250 |                         x_inl60_ix((si3_l1673) + 1, (si2_l1672) + 1, (si1_l1671) + 1, (si0_l1670) + 1) = ((x_inl1_lox &
      |                                                                                                         1
Warning: Possible change of value in conversion from INTEGER(8) to REAL(4) at (1) [-Wconversion]
/capstor/scratch/cscs/lhulsbergen/HPCAgent-Bench-ext/hpcagent_bench/benchmarks/scientific_computing/n_body_methods/field_gather/cpp_backend/warpx_field_gather_fp32.f90:10267:105:

10267 |                         x_inl60_iy((si3_l1677) + 1, (si2_l1676) + 1, (si1_l1675) + 1, (si0_l1674) + 1) = ((x_inl1_loy &
      |                                                                                                         1
Warning: Possible change of value in conversion from INTEGER(8) to REAL(4) at (1) [-Wconversion]
/capstor/scratch/cscs/lhulsbergen/HPCAgent-Bench-ext/hpcagent_bench/benchmarks/scientific_computing/n_body_methods/field_gather/cpp_backend/warpx_field_gather_fp32.f90:10284:105:

10284 |                         x_inl60_iz((si3_l1681) + 1, (si2_l1680) + 1, (si1_l1679) + 1, (si0_l1678) + 1) = ((x_inl1_loz &
      |                                                                                                         1
Warning: Possible change of value in conversion from INTEGER(8) to REAL(4) at (1) [-Wconversion]
/capstor/scratch/cscs/lhulsbergen/HPCAgent-Bench-ext/hpcagent_bench/benchmarks/scientific_computing/n_body_methods/field_gather/cpp_backend/warpx_field_gather_fp32.f90:10301:107:

10301 |                         x_inl60_ix_b((si3_l1685) + 1, (si2_l1684) + 1, (si1_l1683) + 1, (si0_l1682) + 1) = &
      |                                                                                                           1
Warning: Possible change of value in conversion from REAL(4) to INTEGER(8) at (1) [-Wconversion]
/capstor/scratch/cscs/lhulsbergen/HPCAgent-Bench-ext/hpcagent_bench/benchmarks/scientific_computing/n_body_methods/field_gather/cpp_backend/warpx_field_gather_fp32.f90:10318:107:

10318 |                         x_inl60_iy_b((si3_l1689) + 1, (si2_l1688) + 1, (si1_l1687) + 1, (si0_l1686) + 1) = &
      |                                                                                                           1
Warning: Possible change of value in conversion from REAL(4) to INTEGER(8) at (1) [-Wconversion]
/capstor/scratch/cscs/lhulsbergen/HPCAgent-Bench-ext/hpcagent_bench/benchmarks/scientific_computing/n_body_methods/field_gather/cpp_backend/warpx_field_gather_fp32.f90:10335:107:

10335 |                         x_inl60_iz_b((si3_l1693) + 1, (si2_l1692) + 1, (si1_l1691) + 1, (si0_l1690) + 1) = &
      |                                                                                                           1
Warning: Possible change of value in conversion from REAL(4) to INTEGER(8) at (1) [-Wconversion]
/capstor/scratch/cscs/lhulsbergen/HPCAgent-Bench-ext/hpcagent_bench/benchmarks/scientific_computing/n_body_methods/field_gather/cpp_backend/warpx_field_gather_fp32.f90:10500:105:

10500 |                         x_inl61_ix((si3_l1721) + 1, (si2_l1720) + 1, (si1_l1719) + 1, (si0_l1718) + 1) = ((x_inl1_lox &
      |                                                                                                         1
Warning: Possible change of value in conversion from INTEGER(8) to REAL(4) at (1) [-Wconversion]
/capstor/scratch/cscs/lhulsbergen/HPCAgent-Bench-ext/hpcagent_bench/benchmarks/scientific_computing/n_body_methods/field_gather/cpp_backend/warpx_field_gather_fp32.f90:10517:105:

10517 |                         x_inl61_iy((si3_l1725) + 1, (si2_l1724) + 1, (si1_l1723) + 1, (si0_l1722) + 1) = ((x_inl1_loy &
      |                                                                                                         1
Warning: Possible change of value in conversion from INTEGER(8) to REAL(4) at (1) [-Wconversion]
/capstor/scratch/cscs/lhulsbergen/HPCAgent-Bench-ext/hpcagent_bench/benchmarks/scientific_computing/n_body_methods/field_gather/cpp_backend/warpx_field_gather_fp32.f90:10534:105:

10534 |                         x_inl61_iz((si3_l1729) + 1, (si2_l1728) + 1, (si1_l1727) + 1, (si0_l1726) + 1) = ((x_inl1_loz &
      |                                                                                                         1
Warning: Possible change of value in conversion from INTEGER(8) to REAL(4) at (1) [-Wconversion]
/capstor/scratch/cscs/lhulsbergen/HPCAgent-Bench-ext/hpcagent_bench/benchmarks/scientific_computing/n_body_methods/field_gather/cpp_backend/warpx_field_gather_fp32.f90:10551:107:

10551 |                         x_inl61_ix_b((si3_l1733) + 1, (si2_l1732) + 1, (si1_l1731) + 1, (si0_l1730) + 1) = &
      |                                                                                                           1
Warning: Possible change of value in conversion from REAL(4) to INTEGER(8) at (1) [-Wconversion]
/capstor/scratch/cscs/lhulsbergen/HPCAgent-Bench-ext/hpcagent_bench/benchmarks/scientific_computing/n_body_methods/field_gather/cpp_backend/warpx_field_gather_fp32.f90:10568:107:

10568 |                         x_inl61_iy_b((si3_l1737) + 1, (si2_l1736) + 1, (si1_l1735) + 1, (si0_l1734) + 1) = &
      |                                                                                                           1
Warning: Possible change of value in conversion from REAL(4) to INTEGER(8) at (1) [-Wconversion]
/capstor/scratch/cscs/lhulsbergen/HPCAgent-Bench-ext/hpcagent_bench/benchmarks/scientific_computing/n_body_methods/field_gather/cpp_backend/warpx_field_gather_fp32.f90:10585:107:

10585 |                         x_inl61_iz_b((si3_l1741) + 1, (si2_l1740) + 1, (si1_l1739) + 1, (si0_l1738) + 1) = &
      |                                                                                                           1
Warning: Possible change of value in conversion from REAL(4) to INTEGER(8) at (1) [-Wconversion]
/capstor/scratch/cscs/lhulsbergen/HPCAgent-Bench-ext/hpcagent_bench/benchmarks/scientific_computing/n_body_methods/field_gather/cpp_backend/warpx_field_gather_fp32.f90:6146:98:

 6025 |         do x_inl1_imode_939 = 1, (nmodes) - 1
      |                                             2                                                     
......
 6146 |                         x_inl32_gathered((x_w2_958) + 1, (x_w1_957) + 1, (x_w0_956) + 1) = ey_arr((((2 * &
      |                                                                                                  1
Warning: Array reference at (1) out of bounds (2 > 1) in loop beginning at (2)
/capstor/scratch/cscs/lhulsbergen/HPCAgent-Bench-ext/hpcagent_bench/benchmarks/scientific_computing/n_body_methods/field_gather/cpp_backend/warpx_field_gather_fp32.f90:6316:98:

 6025 |         do x_inl1_imode_939 = 1, (nmodes) - 1
      |                                             2                                                     
......
 6316 |                         x_inl33_gathered((x_w2_987) + 1, (x_w1_986) + 1, (x_w0_985) + 1) = ey_arr(((2 * &
      |                                                                                                  1
Warning: Array reference at (1) out of bounds (3 > 1) in loop beginning at (2)
/capstor/scratch/cscs/lhulsbergen/HPCAgent-Bench-ext/hpcagent_bench/benchmarks/scientific_computing/n_body_methods/field_gather/cpp_backend/warpx_field_gather_fp32.f90:6493:101:

 6025 |         do x_inl1_imode_939 = 1, (nmodes) - 1
      |                                             2                                                        
......
 6493 |                         x_inl34_gathered((x_w2_1018) + 1, (x_w1_1017) + 1, (x_w0_1016) + 1) = ex_arr((((2 * &
      |                                                                                                     1
Warning: Array reference at (1) out of bounds (2 > 1) in loop beginning at (2)
/capstor/scratch/cscs/lhulsbergen/HPCAgent-Bench-ext/hpcagent_bench/benchmarks/scientific_computing/n_body_methods/field_gather/cpp_backend/warpx_field_gather_fp32.f90:6663:101:

 6025 |         do x_inl1_imode_939 = 1, (nmodes) - 1
      |                                             2                                                        
......
 6663 |                         x_inl35_gathered((x_w2_1047) + 1, (x_w1_1046) + 1, (x_w0_1045) + 1) = ex_arr(((2 * &
      |                                                                                                     1
Warning: Array reference at (1) out of bounds (3 > 1) in loop beginning at (2)
/capstor/scratch/cscs/lhulsbergen/HPCAgent-Bench-ext/hpcagent_bench/benchmarks/scientific_computing/n_body_methods/field_gather/cpp_backend/warpx_field_gather_fp32.f90:6840:101:

 6025 |         do x_inl1_imode_939 = 1, (nmodes) - 1
      |                                             2                                                        
......
 6840 |                         x_inl36_gathered((x_w2_1078) + 1, (x_w1_1077) + 1, (x_w0_1076) + 1) = bz_arr((((2 * &
      |                                                                                                     1
Warning: Array reference at (1) out of bounds (2 > 1) in loop beginning at (2)
/capstor/scratch/cscs/lhulsbergen/HPCAgent-Bench-ext/hpcagent_bench/benchmarks/scientific_computing/n_body_methods/field_gather/cpp_backend/warpx_field_gather_fp32.f90:7010:101:

 6025 |         do x_inl1_imode_939 = 1, (nmodes) - 1
      |                                             2                                                        
......
 7010 |                         x_inl37_gathered((x_w2_1107) + 1, (x_w1_1106) + 1, (x_w0_1105) + 1) = bz_arr(((2 * &
      |                                                                                                     1
Warning: Array reference at (1) out of bounds (3 > 1) in loop beginning at (2)
/capstor/scratch/cscs/lhulsbergen/HPCAgent-Bench-ext/hpcagent_bench/benchmarks/scientific_computing/n_body_methods/field_gather/cpp_backend/warpx_field_gather_fp32.f90:7187:101:

 6025 |         do x_inl1_imode_939 = 1, (nmodes) - 1
      |                                             2                                                        
......
 7187 |                         x_inl38_gathered((x_w2_1138) + 1, (x_w1_1137) + 1, (x_w0_1136) + 1) = ez_arr((((2 * &
      |                                                                                                     1
Warning: Array reference at (1) out of bounds (2 > 1) in loop beginning at (2)
/capstor/scratch/cscs/lhulsbergen/HPCAgent-Bench-ext/hpcagent_bench/benchmarks/scientific_computing/n_body_methods/field_gather/cpp_backend/warpx_field_gather_fp32.f90:7357:101:

 6025 |         do x_inl1_imode_939 = 1, (nmodes) - 1
      |                                             2                                                        
......
 7357 |                         x_inl39_gathered((x_w2_1167) + 1, (x_w1_1166) + 1, (x_w0_1165) + 1) = ez_arr(((2 * &
      |                                                                                                     1
Warning: Array reference at (1) out of bounds (3 > 1) in loop beginning at (2)
/capstor/scratch/cscs/lhulsbergen/HPCAgent-Bench-ext/hpcagent_bench/benchmarks/scientific_computing/n_body_methods/field_gather/cpp_backend/warpx_field_gather_fp32.f90:7534:101:

 6025 |         do x_inl1_imode_939 = 1, (nmodes) - 1
      |                                             2                                                        
......
 7534 |                         x_inl40_gathered((x_w2_1198) + 1, (x_w1_1197) + 1, (x_w0_1196) + 1) = bx_arr((((2 * &
      |                                                                                                     1
Warning: Array reference at (1) out of bounds (2 > 1) in loop beginning at (2)
/capstor/scratch/cscs/lhulsbergen/HPCAgent-Bench-ext/hpcagent_bench/benchmarks/scientific_computing/n_body_methods/field_gather/cpp_backend/warpx_field_gather_fp32.f90:7704:101:

 6025 |         do x_inl1_imode_939 = 1, (nmodes) - 1
      |                                             2                                                        
......
 7704 |                         x_inl41_gathered((x_w2_1227) + 1, (x_w1_1226) + 1, (x_w0_1225) + 1) = bx_arr(((2 * &
      |                                                                                                     1
Warning: Array reference at (1) out of bounds (3 > 1) in loop beginning at (2)
/capstor/scratch/cscs/lhulsbergen/HPCAgent-Bench-ext/hpcagent_bench/benchmarks/scientific_computing/n_body_methods/field_gather/cpp_backend/warpx_field_gather_fp32.f90:7881:101:

 6025 |         do x_inl1_imode_939 = 1, (nmodes) - 1
      |                                             2                                                        
......
 7881 |                         x_inl42_gathered((x_w2_1258) + 1, (x_w1_1257) + 1, (x_w0_1256) + 1) = by_arr((((2 * &
      |                                                                                                     1
Warning: Array reference at (1) out of bounds (2 > 1) in loop beginning at (2)
/capstor/scratch/cscs/lhulsbergen/HPCAgent-Bench-ext/hpcagent_bench/benchmarks/scientific_computing/n_body_methods/field_gather/cpp_backend/warpx_field_gather_fp32.f90:8051:101:

 6025 |         do x_inl1_imode_939 = 1, (nmodes) - 1
      |                                             2                                                        
......
 8051 |                         x_inl43_gathered((x_w2_1287) + 1, (x_w1_1286) + 1, (x_w0_1285) + 1) = by_arr(((2 * &
      |                                                                                                     1
Warning: Array reference at (1) out of bounds (3 > 1) in loop beginning at (2)
***** Testing Fortran (gfortran) with warpx_field_gather on the M dataset, datatype float64 *****
Fortran (gfortran) - default - default - validation: SUCCESS
Fortran (gfortran) - default - median: 13.381ms
Fortran (gfortran) - default - default - later-call validation: SUCCESS
{'kernel': 'warpx_field_gather', 'column': 'fortran', 'output_index': 0, 'validated': True, 'n_elements': 8192, 'n_differ_from_numpy': 1861, 'frac_differ': '0.2272', 'max_rel_error': '3.069e-13', 'max_ulp': 2044}
{'kernel': 'warpx_field_gather', 'column': 'fortran', 'output_index': 1, 'validated': True, 'n_elements': 8192, 'n_differ_from_numpy': 1858, 'frac_differ': '0.2268', 'max_rel_error': '1.716e-12', 'max_ulp': 8192}
{'kernel': 'warpx_field_gather', 'column': 'fortran', 'output_index': 2, 'validated': True, 'n_elements': 8192, 'n_differ_from_numpy': 1914, 'frac_differ': '0.2336', 'max_rel_error': '1.335e-13', 'max_ulp': 776}
{'kernel': 'warpx_field_gather', 'column': 'fortran', 'output_index': 3, 'validated': True, 'n_elements': 8192, 'n_differ_from_numpy': 2724, 'frac_differ': '0.3325', 'max_rel_error': '2.171e-13', 'max_ulp': 1143}
{'kernel': 'warpx_field_gather', 'column': 'fortran', 'output_index': 4, 'validated': True, 'n_elements': 8192, 'n_differ_from_numpy': 2605, 'frac_differ': '0.3180', 'max_rel_error': '8.041e-13', 'max_ulp': 4354}
{'kernel': 'warpx_field_gather', 'column': 'fortran', 'output_index': 5, 'validated': True, 'n_elements': 8192, 'n_differ_from_numpy': 2638, 'frac_differ': '0.3220', 'max_rel_error': '9.530e-14', 'max_ulp': 800}
{'kernel': 'warpx_field_gather', 'column': 'fortran', 'output_index': 6, 'validated': True, 'n_elements': 8192, 'n_differ_from_numpy': 1861, 'frac_differ': '0.2272', 'max_rel_error': '3.069e-13', 'max_ulp': 2044}
{'kernel': 'warpx_field_gather', 'column': 'fortran', 'output_index': 7, 'validated': True, 'n_elements': 8192, 'n_differ_from_numpy': 1858, 'frac_differ': '0.2268', 'max_rel_error': '1.716e-12', 'max_ulp': 8192}
{'kernel': 'warpx_field_gather', 'column': 'fortran', 'output_index': 8, 'validated': True, 'n_elements': 8192, 'n_differ_from_numpy': 1914, 'frac_differ': '0.2336', 'max_rel_error': '1.335e-13', 'max_ulp': 776}
{'kernel': 'warpx_field_gather', 'column': 'fortran', 'output_index': 9, 'validated': True, 'n_elements': 8192, 'n_differ_from_numpy': 2724, 'frac_differ': '0.3325', 'max_rel_error': '2.171e-13', 'max_ulp': 1143}
{'kernel': 'warpx_field_gather', 'column': 'fortran', 'output_index': 10, 'validated': True, 'n_elements': 8192, 'n_differ_from_numpy': 2605, 'frac_differ': '0.3180', 'max_rel_error': '8.041e-13', 'max_ulp': 4354}
{'kernel': 'warpx_field_gather', 'column': 'fortran', 'output_index': 11, 'validated': True, 'n_elements': 8192, 'n_differ_from_numpy': 2638, 'frac_differ': '0.3220', 'max_rel_error': '9.530e-14', 'max_ulp': 800}
njit reference for warpx_field_gather failed to compile on call (Failed in nopython mode pipeline (step: nopython frontend)); using the interpreter
Traceback (most recent call last):
  File "/capstor/scratch/cscs/lhulsbergen/HPCAgent-Bench-ext/hpcagent_bench/frameworks/test.py", line 364, in _execute
    plan.run()
  File "/capstor/scratch/cscs/lhulsbergen/HPCAgent-Bench-ext/hpcagent_bench/frameworks/framework.py", line 270, in run
    self.result = self.f.post_call(self.impl(*args, **kwargs))
                                   ^^^^^^^^^^^^^^^^^^^^^^^^^^
  File "/capstor/scratch/cscs/lhulsbergen/venv_llr40v2/lib/python3.12/site-packages/numba/core/dispatcher.py", line 422, in _compile_for_args
    error_rewrite(e, 'typing')
  File "/capstor/scratch/cscs/lhulsbergen/venv_llr40v2/lib/python3.12/site-packages/numba/core/dispatcher.py", line 363, in error_rewrite
    raise e.with_traceback(None)
numba.core.errors.TypingError: Failed in nopython mode pipeline (step: nopython frontend)
Failed in nopython mode pipeline (step: nopython frontend)
Failed in nopython mode pipeline (step: native parfor lowering)
Failed in full_parfor_gufunc mode pipeline (step: nopython frontend)
No implementation of function Function(<built-in function getitem>) found for signature:
 
 >>> getitem(array(float64, 2d, C), UniTuple(uint64 x 3))
 
There are 22 candidate implementations:
 - Of which 20 did not match due to:
 Overload of function 'getitem': File: <numerous>: Line N/A.
   With argument(s): '(array(float64, 2d, C), UniTuple(uint64 x 3))':
  No match.
 - Of which 2 did not match due to:
 Overload in function 'GetItemBuffer.generic': File: numba/core/typing/arraydecl.py: Line 196.
   With argument(s): '(array(float64, 2d, C), UniTuple(uint64 x 3))':
  Rejected as the implementation raised a specific error:
    NumbaTypeError: cannot index array(float64, 2d, C) with 3 indices: UniTuple(uint64 x 3)
  raised from /capstor/scratch/cscs/lhulsbergen/venv_llr40v2/lib/python3.12/site-packages/numba/core/typing/arraydecl.py:118

During: typing of intrinsic-call at /capstor/scratch/cscs/lhulsbergen/HPCAgent-Bench-ext/hpcagent_bench/benchmarks/scientific_computing/n_body_methods/field_gather/warpx_field_gather_numba_np.py (493)

File "hpcagent_bench/benchmarks/scientific_computing/n_body_methods/field_gather/warpx_field_gather_numba_np.py", line 493:
def _tap3(vol, sf_x, idx_x, sf_y, idx_y, sf_z, idx_z, ntx, nty, ntz, n):
    <source elided>
    for __ob0_i in range(sf_x.shape[0]):
        weight[__ob0_i] = sf_x[__ob0_i] * sf_y[:, None] * sf_z
        ^

During: Pass nopython_type_inference
During: lowering "id=4[LoopNest(index_variable = parfor_index.229, range = (0, $1234binary_subscr.12_size0.157, 1)), LoopNest(index_variable = parfor_index.230, range = (0, sf_z_size0.75, 1)), LoopNest(index_variable = parfor_index.231, range = (0, sf_z_size1.76, 1))]{2674: <ir.Block at /capstor/scratch/cscs/lhulsbergen/HPCAgent-Bench-ext/hpcagent_bench/benchmarks/scientific_computing/n_body_methods/field_gather/warpx_field_gather_numba_np.py (493)>}Var($parfor_index_tuple_var.237, warpx_field_gather_numba_np.py:493)" at /capstor/scratch/cscs/lhulsbergen/HPCAgent-Bench-ext/hpcagent_bench/benchmarks/scientific_computing/n_body_methods/field_gather/warpx_field_gather_numba_np.py (493)
During: Pass native_parfor_lowering
During: resolving callee type: type(CPUDispatcher(<function _tap3 at 0x4000427ef740>))
During: typing of call at /capstor/scratch/cscs/lhulsbergen/HPCAgent-Bench-ext/hpcagent_bench/benchmarks/scientific_computing/n_body_methods/field_gather/warpx_field_gather_numba_np.py (373)
During: typing of call at /capstor/scratch/cscs/lhulsbergen/HPCAgent-Bench-ext/hpcagent_bench/benchmarks/scientific_computing/n_body_methods/field_gather/warpx_field_gather_numba_np.py (374)
During: typing of call at /capstor/scratch/cscs/lhulsbergen/HPCAgent-Bench-ext/hpcagent_bench/benchmarks/scientific_computing/n_body_methods/field_gather/warpx_field_gather_numba_np.py (375)
During: typing of call at /capstor/scratch/cscs/lhulsbergen/HPCAgent-Bench-ext/hpcagent_bench/benchmarks/scientific_computing/n_body_methods/field_gather/warpx_field_gather_numba_np.py (376)
During: typing of call at /capstor/scratch/cscs/lhulsbergen/HPCAgent-Bench-ext/hpcagent_bench/benchmarks/scientific_computing/n_body_methods/field_gather/warpx_field_gather_numba_np.py (377)
During: typing of call at /capstor/scratch/cscs/lhulsbergen/HPCAgent-Bench-ext/hpcagent_bench/benchmarks/scientific_computing/n_body_methods/field_gather/warpx_field_gather_numba_np.py (378)

File "hpcagent_bench/benchmarks/scientific_computing/n_body_methods/field_gather/warpx_field_gather_numba_np.py", line 373:
def _gather_shape_n(xp, yp, zp, Exp, Eyp, Ezp, Bxp, Byp, Bzp, ex_arr, ey_arr, ez_arr, bx_arr, by_arr, bz_arr, ex_type, ey_type, ez_type, bx_type, by_type, bz_type, dinv, xyzmin, lo, n_rz_azimuthal_modes, depos_order, galerkin_interpolation, geom, n):
    <source elided>
    else:
        Exp += _tap3(ex_arr[:, :, :, 0], sx_ex, lox + j_ex, sy_ex, loy + k_ex, sz_ex, loz + l_ex, n_sx_ex, n_sy_ex, n_sz_ex, n)
        ^

During: Pass nopython_type_inference
During: resolving callee type: type(CPUDispatcher(<function _gather_shape_n at 0x400043d08ea0>))
During: typing of call at /capstor/scratch/cscs/lhulsbergen/HPCAgent-Bench-ext/hpcagent_bench/benchmarks/scientific_computing/n_body_methods/field_gather/warpx_field_gather_numba_np.py (391)

File "hpcagent_bench/benchmarks/scientific_computing/n_body_methods/field_gather/warpx_field_gather_numba_np.py", line 391:
def warpx_field_gather(Bxp, Byp, Bzp, Exp, Eyp, Ezp, bx_arr, bx_type, by_arr, by_type, bz_arr, bz_type, dinv, ex_arr, ex_type, ey_arr, ey_type, ez_arr, ez_type, lo, xp, xyzmin, yp, zp, depos_order, galerkin_interpolation, geom, n_rz_azimuthal_modes, np_particles):
    <source elided>
    nmodes = int(n_rz_azimuthal_modes)
    _gather_shape_n(xp, yp, zp, Exp, Eyp, Ezp, Bxp, Byp, Bzp, ex_arr, ey_arr, ez_arr, bx_arr, by_arr, bz_arr, ex_type, ey_type, ez_type, bx_type, by_type, bz_type, dinv, xyzmin, lo, nmodes, o, gal, g, np_particles)
    ^

During: Pass nopython_type_inference
***** Testing Numba with warpx_field_gather on the M dataset, datatype float64 *****
Failed to execute the Numba - nopython-mode-parallel implementation.
{'kernel': 'warpx_field_gather', 'column': 'numba', 'output_index': '', 'validated': False, 'n_elements': '', 'n_differ_from_numpy': '', 'frac_differ': '', 'max_rel_error': '', 'max_ulp': 'no comparison recorded: ok '}
