kernel,representation,preset,status,time_ns_median,time_ns_min,time_ns_all,compiler,compiler_version,flags,threads,n_warmup,n_reps,commit_hash,timestamp,notes
argmax_with_index,c,M,ok,71829154,71513500,71695255 71862545 71767572 71888433 71611961 84140374 84280978 72064267 71723894 72053963 71591706 71818419 71578650 71839890 72197607 71553819 71513500 72148808 71546843 72023405 71783796 71886353 71697495 71868529 71537467 71923472 71514748 71946830 71634936 71855409,gcc,gcc (SUSE Linux) 13.3.1 20250313 [revision 4ef1d8c84faeebffeb0cc01ee22e891b41e5c4e0],-O3 -march=native -fopenmp -fno-math-errno -fno-trapping-math -fno-signed-zeros  -ffp-contract=fast -fstrict-aliasing -fPIC -include /capstor/scratch/cscs/lhulsbergen/llr40-matrix/bench/hpcagent_bench/envs/vecmath.h -Wall -Wextra,1,5,30,e2bceb68db2b32dc2203a6c6d4bc169dff291a49,2026-09-08T10:32:46+0200,
argmax_with_index,cpp,M,ok,71723861,71059577,71776548 71394831 72037277 71131223 72169593 71218260 71791972 71314417 71671175 72609933 71828835 71213141 72028445 71080248 72007422 71307922 71941439 71366352 71980990 71137815 71892705 71124663 72092283 71202997 71876417 71304818 71831043 71158709 71962687 71059577,g++,g++ (SUSE Linux) 13.3.1 20250313 [revision 4ef1d8c84faeebffeb0cc01ee22e891b41e5c4e0],-O3 -march=native -fopenmp -fno-math-errno -fno-trapping-math -fno-signed-zeros  -ffp-contract=fast -fstrict-aliasing -fPIC -include /capstor/scratch/cscs/lhulsbergen/llr40-matrix/bench/hpcagent_bench/envs/vecmath.h -Wall -Wextra,1,5,30,e2bceb68db2b32dc2203a6c6d4bc169dff291a49,2026-09-08T10:34:19+0200,
argmax_with_index,fortran,M,ok,71882674,71662490,71806485 71757271 71785013 71701015 71886578 71677017 71878770 72084365 71695512 72208744 72955762 72078733 72077741 71830549 72162825 71902706 72010671 72059277 71980976 72126795 72211817 71701304 71860787 71755862 71778517 71980880 71828788 71898898 71680505 71662490,gfortran,GNU Fortran (SUSE Linux) 13.3.1 20250313 [revision 4ef1d8c84faeebffeb0cc01ee22e891b41e5c4e0],-O3 -march=native -fopenmp -fno-math-errno -fno-trapping-math -fno-signed-zeros  -ffp-contract=fast -fstrict-aliasing -fPIC -ftree-parallelize-loops=1 -Wall -Wextra,1,5,30,e2bceb68db2b32dc2203a6c6d4bc169dff291a49,2026-09-08T10:35:51+0200,
argmax_with_index,numba,M,ok,178695300,178244466,178822656 178856864 178756387 178828448 178929917 178641798 178515913 179244788 178491626 178668741 178558184 178607175 178731010 178614214 178692132 178369806 178626919 178414477 178791682 178758338 178305200 178990684 178561929 178794562 179071513 178506858 179024827 178244466 178698469 179042042,numba,numba 0.67.0,"@nb.njit(parallel=True, cache=True)",1,5,30,e2bceb68db2b32dc2203a6c6d4bc169dff291a49,2026-09-08T10:37:33+0200,
argmax_with_index,c_reference,M,ok,71783277,71271980,71899354 71396168 71957624 71441543 72070516 71450471 71765790 71689184 72025526 71536420 71909882 71408968 74383408 71351434 71959224 71352586 71866107 71800765 72039893 71368873 72185585 71271980 71834299 71403528 71925784 71535940 71939704 71367913 71947864 71382281,gcc,gcc (SUSE Linux) 13.3.1 20250313 [revision 4ef1d8c84faeebffeb0cc01ee22e891b41e5c4e0],-O3 -march=native -fopenmp -fno-math-errno -fno-trapping-math -fno-signed-zeros  -ffp-contract=fast -fstrict-aliasing -fPIC -include /capstor/scratch/cscs/lhulsbergen/llr40-matrix/bench/hpcagent_bench/envs/vecmath.h -Wall -Wextra,1,5,30,e2bceb68db2b32dc2203a6c6d4bc169dff291a49,2026-09-08T10:39:05+0200,source=argmax_with_index_reference.c sha256=1cf93d4244fe5cee
argmax_with_index,agent,M,ok,71843152,71451467,71863999 71620262 71822305 71485866 72030043 71597831 72064153 71593703 71864447 71558824 72138807 71511305 72122967 71451467 72127991 71640389 71915453 71610823 71801057 71790753 71936381 71563304 71974299 71688645 71881822 71772738 72023898 71867647 72164246 72123736,gcc,gcc (SUSE Linux) 13.3.1 20250313 [revision 4ef1d8c84faeebffeb0cc01ee22e891b41e5c4e0],-O3 -march=native -fopenmp -fno-math-errno -fno-trapping-math -fno-signed-zeros  -ffp-contract=fast -fstrict-aliasing -fPIC -include /capstor/scratch/cscs/lhulsbergen/llr40-matrix/bench/hpcagent_bench/envs/vecmath.h -Wall -Wextra,1,5,30,e2bceb68db2b32dc2203a6c6d4bc169dff291a49,2026-09-08T10:46:11+0200,arm=llr40v10-qwen38-c job=621016 seq=1 lang=c campaign_speedup=15.585 sha256=5360f2a4292b3ea0
compact_threshold_pack,c,M,ok,112828368,112027194,112389774 113446540 112556457 112548586 112847071 112284306 113431372 112807553 113215827 112699620 112580264 112027194 112871840 112844544 113106775 113101815 112778562 112827776 112532937 113086872 112836960 112353039 112903390 112992667 112828960 112615944 312194675 112730180 113030681 112219444,gcc,gcc (SUSE Linux) 13.3.1 20250313 [revision 4ef1d8c84faeebffeb0cc01ee22e891b41e5c4e0],-O3 -march=native -fopenmp -fno-math-errno -fno-trapping-math -fno-signed-zeros  -ffp-contract=fast -fstrict-aliasing -fPIC -include /capstor/scratch/cscs/lhulsbergen/llr40-matrix/bench/hpcagent_bench/envs/vecmath.h -Wall -Wextra,1,5,30,e2bceb68db2b32dc2203a6c6d4bc169dff291a49,2026-09-08T10:40:12+0200,
compact_threshold_pack,cpp,M,ok,112859974,111592160,112798392 111869334 112832567 111592160 113143885 112154957 113046320 112252298 112276009 113762521 113578815 112284649 220272509 112686011 113081455 113044593 112887382 113568352 113457986 113388036 112555744 113595262 113025969 112525409 113133869 112376422 112495745 113299271 112568640 112813656,g++,g++ (SUSE Linux) 13.3.1 20250313 [revision 4ef1d8c84faeebffeb0cc01ee22e891b41e5c4e0],-O3 -march=native -fopenmp -fno-math-errno -fno-trapping-math -fno-signed-zeros  -ffp-contract=fast -fstrict-aliasing -fPIC -include /capstor/scratch/cscs/lhulsbergen/llr40-matrix/bench/hpcagent_bench/envs/vecmath.h -Wall -Wextra,1,5,30,e2bceb68db2b32dc2203a6c6d4bc169dff291a49,2026-09-08T10:42:21+0200,
compact_threshold_pack,fortran,M,ok,112746694,111348242,113034140 112525132 112596267 113065051 112107642 112489070 112312340 113756293 112680104 112966783 112549932 112938432 112636298 112873825 112813284 113205398 111348242 113030428 112898113 113558891 112593674 112338323 112984127 113159224 112256886 112567948 112207575 113444367 112498862 113593322,gfortran,GNU Fortran (SUSE Linux) 13.3.1 20250313 [revision 4ef1d8c84faeebffeb0cc01ee22e891b41e5c4e0],-O3 -march=native -fopenmp -fno-math-errno -fno-trapping-math -fno-signed-zeros  -ffp-contract=fast -fstrict-aliasing -fPIC -ftree-parallelize-loops=1 -Wall -Wextra,1,5,30,e2bceb68db2b32dc2203a6c6d4bc169dff291a49,2026-09-08T10:44:28+0200,
compact_threshold_pack,numba,M,ok,107603119,106681597,107673149 107670333 107573376 107968692 107773274 107606687 107600928 107192780 107386790 317417965 107821177 107605311 107305929 107986451 107380486 107597023 107711964 107322856 107483778 106681597 107898742 107593759 107507587 107647678 107544737 107396421 107620446 107402725 107833464 107840184,numba,numba 0.67.0,"@nb.njit(parallel=True, cache=True)",1,5,30,e2bceb68db2b32dc2203a6c6d4bc169dff291a49,2026-09-08T10:46:41+0200,
compact_threshold_pack,c_reference,M,unsupported,,,,gcc,gcc (SUSE Linux) 13.3.1 20250313 [revision 4ef1d8c84faeebffeb0cc01ee22e891b41e5c4e0],-O3 -march=native -fopenmp -fno-math-errno -fno-trapping-math -fno-signed-zeros  -ffp-contract=fast -fstrict-aliasing -fPIC -include /capstor/scratch/cscs/lhulsbergen/llr40-matrix/bench/hpcagent_bench/envs/vecmath.h -Wall -Wextra,1,5,0,e2bceb68db2b32dc2203a6c6d4bc169dff291a49,2026-09-08T10:46:41+0200,no hand-written _reference.c in the corpus
compact_threshold_pack,agent,M,ok,145201525,144492205,145187254 145054394 145491244 144503405 145316050 144772196 145252340 145224853 145288723 145490477 145207765 144639272 144749573 145369361 145232437 145277044 145539114 145256340 144959390 145065946 145086681 145111193 145121113 145458349 144492205 145425167 145802914 145116440 145158520 145195286,gcc,gcc (SUSE Linux) 13.3.1 20250313 [revision 4ef1d8c84faeebffeb0cc01ee22e891b41e5c4e0],-O3 -march=native -fopenmp -fno-math-errno -fno-trapping-math -fno-signed-zeros  -ffp-contract=fast -fstrict-aliasing -fPIC -include /capstor/scratch/cscs/lhulsbergen/llr40-matrix/bench/hpcagent_bench/envs/vecmath.h -Wall -Wextra,1,5,30,e2bceb68db2b32dc2203a6c6d4bc169dff291a49,2026-09-08T10:50:44+0200,arm=llr40v10-qwen38-c job=621383 seq=1 lang=c campaign_speedup=11.678 sha256=c3bbca9bc6710a07
ext_break_capture,c,M,ok,69718823,69265925,69837876 69472958 69841875 69732023 69702648 69359937 69801044 69735863 69745175 69279589 69743671 69669433 69705624 69414881 69835124 69630362 69804245 69473887 69918609 69612090 69744151 69431872 69934737 69601243 69863635 69265925 69858579 69532029 69995311 69336482,gcc,gcc (SUSE Linux) 13.3.1 20250313 [revision 4ef1d8c84faeebffeb0cc01ee22e891b41e5c4e0],-O3 -march=native -fopenmp -fno-math-errno -fno-trapping-math -fno-signed-zeros  -ffp-contract=fast -fstrict-aliasing -fPIC -include /capstor/scratch/cscs/lhulsbergen/llr40-matrix/bench/hpcagent_bench/envs/vecmath.h -Wall -Wextra,1,5,30,e2bceb68db2b32dc2203a6c6d4bc169dff291a49,2026-09-08T10:50:14+0200,
ext_break_capture,cpp,M,ok,69619595,69170440,69721271 70070733 69702136 70168298 69534686 69914098 69564508 70062893 69407234 69760310 69555197 70038286 69407905 69983152 69548606 69958416 69614171 69853555 69404290 69762615 69221863 69704856 69397922 69955216 69189064 69544349 69386657 69625019 69170440 69436353,g++,g++ (SUSE Linux) 13.3.1 20250313 [revision 4ef1d8c84faeebffeb0cc01ee22e891b41e5c4e0],-O3 -march=native -fopenmp -fno-math-errno -fno-trapping-math -fno-signed-zeros  -ffp-contract=fast -fstrict-aliasing -fPIC -include /capstor/scratch/cscs/lhulsbergen/llr40-matrix/bench/hpcagent_bench/envs/vecmath.h -Wall -Wextra,1,5,30,e2bceb68db2b32dc2203a6c6d4bc169dff291a49,2026-09-08T10:51:53+0200,
ext_break_capture,fortran,M,ok,69795821,69524326,70102387 69997207 69803389 69774845 69908889 70068565 69680193 69907738 69929208 69942296 69592323 69793085 69798557 69811965 69601091 69747807 69809885 69812764 69705760 69706496 69829180 69629793 69702816 69617411 69912282 69658369 69730879 69524326 69942233 69658530,gfortran,GNU Fortran (SUSE Linux) 13.3.1 20250313 [revision 4ef1d8c84faeebffeb0cc01ee22e891b41e5c4e0],-O3 -march=native -fopenmp -fno-math-errno -fno-trapping-math -fno-signed-zeros  -ffp-contract=fast -fstrict-aliasing -fPIC -ftree-parallelize-loops=1 -Wall -Wextra,1,5,30,e2bceb68db2b32dc2203a6c6d4bc169dff291a49,2026-09-08T10:53:29+0200,
ext_break_capture,numba,M,ok,74231372,74115648,74210556 74225084 74133631 74278075 74183773 74300922 74161310 74426549 74273403 74203261 74215548 74228732 74316537 74269883 74198205 74265051 74270330 74253147 74143678 74296282 74198173 74252348 74349272 74474452 74133887 74234012 74165309 74488756 74115648 74169630,numba,numba 0.67.0,"@nb.njit(parallel=True, cache=True)",1,5,30,e2bceb68db2b32dc2203a6c6d4bc169dff291a49,2026-09-08T10:55:11+0200,
ext_break_capture,c_reference,M,ok,69989111,69031989,74403314 70002167 69445255 70041014 69487911 70003767 69323019 70085077 69333099 69929881 69268429 70087157 69136785 71268977 71231058 70619525 69706816 70000663 70024535 70152083 69031989 70173521 69708416 70114579 69166992 70048150 69624834 69977560 69177968 69920985,gcc,gcc (SUSE Linux) 13.3.1 20250313 [revision 4ef1d8c84faeebffeb0cc01ee22e891b41e5c4e0],-O3 -march=native -fopenmp -fno-math-errno -fno-trapping-math -fno-signed-zeros  -ffp-contract=fast -fstrict-aliasing -fPIC -include /capstor/scratch/cscs/lhulsbergen/llr40-matrix/bench/hpcagent_bench/envs/vecmath.h -Wall -Wextra,1,5,30,e2bceb68db2b32dc2203a6c6d4bc169dff291a49,2026-09-08T10:56:48+0200,source=ext_break_capture_reference.c sha256=c8a1d98b15a038f4
ext_break_capture,agent,M,ok,32505069,32229814,32618666 32465870 32606346 32335026 32576715 32414928 32500301 32315731 32507245 32537548 32578058 32348945 32587115 32404208 32598699 32356786 32549964 32570027 32502893 32464846 34294903 32479534 32574858 32338034 32545932 32295059 32685415 32229814 32557643 32426287,gcc,gcc (SUSE Linux) 13.3.1 20250313 [revision 4ef1d8c84faeebffeb0cc01ee22e891b41e5c4e0],-O3 -march=native -fopenmp -fno-math-errno -fno-trapping-math -fno-signed-zeros  -ffp-contract=fast -fstrict-aliasing -fPIC -include /capstor/scratch/cscs/lhulsbergen/llr40-matrix/bench/hpcagent_bench/envs/vecmath.h -Wall -Wextra,1,5,30,e2bceb68db2b32dc2203a6c6d4bc169dff291a49,2026-09-08T10:59:49+0200,arm=llr40v10-qwen38-c job=621383 seq=1 lang=c campaign_speedup=9.763 sha256=099bb334d1962157
ext_war_unit,c,M,ok,62200359,61826786,63698507 62049020 62049628 62155480 61826786 62193976 62106874 62014813 62263701 62206743 62081627 62446512 61987005 62146745 62389105 62347027 62142586 62358898 62217207 62233782 62144217 62437424 62043644 62606540 62133433 62245845 62140378 62310228 62207799 62225015,gcc,gcc (SUSE Linux) 13.3.1 20250313 [revision 4ef1d8c84faeebffeb0cc01ee22e891b41e5c4e0],-O3 -march=native -fopenmp -fno-math-errno -fno-trapping-math -fno-signed-zeros  -ffp-contract=fast -fstrict-aliasing -fPIC -include /capstor/scratch/cscs/lhulsbergen/llr40-matrix/bench/hpcagent_bench/envs/vecmath.h -Wall -Wextra,1,5,30,e2bceb68db2b32dc2203a6c6d4bc169dff291a49,2026-09-08T10:51:33+0200,
ext_war_unit,cpp,M,ok,62192184,61831619,62427729 61905761 62358547 62014014 62084475 61831619 62191256 61916705 62290518 62033692 62592044 61951807 62332180 61964638 62119867 62053149 62384274 62130106 62373107 61968959 62193112 62353811 62394835 62365075 62353203 61968160 62502286 61999390 62255190 62382962,g++,g++ (SUSE Linux) 13.3.1 20250313 [revision 4ef1d8c84faeebffeb0cc01ee22e891b41e5c4e0],-O3 -march=native -fopenmp -fno-math-errno -fno-trapping-math -fno-signed-zeros  -ffp-contract=fast -fstrict-aliasing -fPIC -include /capstor/scratch/cscs/lhulsbergen/llr40-matrix/bench/hpcagent_bench/envs/vecmath.h -Wall -Wextra,1,5,30,e2bceb68db2b32dc2203a6c6d4bc169dff291a49,2026-09-08T10:53:28+0200,
ext_war_unit,fortran,M,ok,61111139,60800349,61029462 60800349 61141746 60878938 61031703 60981304 60893563 61181074 61243279 60978872 61194001 60915097 61203985 61170993 61300239 61191666 61232433 61056278 61399755 61137299 61057078 61083988 61045302 61106899 61115380 61011767 61246320 61098804 61140755 61175122,gfortran,GNU Fortran (SUSE Linux) 13.3.1 20250313 [revision 4ef1d8c84faeebffeb0cc01ee22e891b41e5c4e0],-O3 -march=native -fopenmp -fno-math-errno -fno-trapping-math -fno-signed-zeros  -ffp-contract=fast -fstrict-aliasing -fPIC -ftree-parallelize-loops=1 -Wall -Wextra,1,5,30,e2bceb68db2b32dc2203a6c6d4bc169dff291a49,2026-09-08T10:55:23+0200,
ext_war_unit,numba,M,ok,62434752,62154234,62496848 62304694 62420498 62192345 62237399 62258711 62287734 62353267 62339732 62221143 62622155 62347764 62832581 62559470 62427153 62442352 62424497 62403218 62617772 62371411 62520782 62500688 62564430 62659690 62557198 62154234 62656843 62458704 62635403 62776135,numba,numba 0.67.0,"@nb.njit(parallel=True, cache=True)",1,5,30,e2bceb68db2b32dc2203a6c6d4bc169dff291a49,2026-09-08T10:57:24+0200,
ext_war_unit,c_reference,M,ok,62284474,61950884,61972451 62432054 61950884 62459893 62155070 62229628 62288698 62258522 62140254 62457748 62269082 62524306 62110047 62053729 62196252 62500371 62094591 62301370 62130974 62481716 62273818 62374327 62459380 62273722 62467957 62537842 62280250 62885032 62393174 62444981,gcc,gcc (SUSE Linux) 13.3.1 20250313 [revision 4ef1d8c84faeebffeb0cc01ee22e891b41e5c4e0],-O3 -march=native -fopenmp -fno-math-errno -fno-trapping-math -fno-signed-zeros  -ffp-contract=fast -fstrict-aliasing -fPIC -include /capstor/scratch/cscs/lhulsbergen/llr40-matrix/bench/hpcagent_bench/envs/vecmath.h -Wall -Wextra,1,5,30,e2bceb68db2b32dc2203a6c6d4bc169dff291a49,2026-09-08T10:59:19+0200,source=ext_war_unit_reference.c sha256=2ee53f9778ce59a0
ext_war_unit,agent,M,ok,62497050,61986138,62183028 62445964 62038457 62563881 62126646 62466252 61986138 62901759 62350607 62569672 62183604 62576361 62197364 62590952 62004985 62946718 62332592 62470123 62524682 62744068 62599848 62564809 62323696 62719556 62206804 62858209 62523978 62549514 62432653 63978591,gcc,gcc (SUSE Linux) 13.3.1 20250313 [revision 4ef1d8c84faeebffeb0cc01ee22e891b41e5c4e0],-O3 -march=native -fopenmp -fno-math-errno -fno-trapping-math -fno-signed-zeros  -ffp-contract=fast -fstrict-aliasing -fPIC -include /capstor/scratch/cscs/lhulsbergen/llr40-matrix/bench/hpcagent_bench/envs/vecmath.h -Wall -Wextra,1,5,30,e2bceb68db2b32dc2203a6c6d4bc169dff291a49,2026-09-08T11:01:15+0200,arm=llr40v10-kimi27sglang-c job=621729 seq=3 lang=c campaign_speedup=5.996 sha256=20906b99b5e25abf
fuse_diamond,c,M,ok,169152470,167623989,170399168 168382525 170080009 167803056 170016940 168430012 170114408 167623989 169930255 168484410 169823026 168058088 170038475 168488378 169788242 168105350 170339458 168267585 169640823 168180132 169827025 168421500 169646294 168252577 169674935 168632374 169454268 168232610 169445213 168859727,gcc,gcc (SUSE Linux) 13.3.1 20250313 [revision 4ef1d8c84faeebffeb0cc01ee22e891b41e5c4e0],-O3 -march=native -fopenmp -fno-math-errno -fno-trapping-math -fno-signed-zeros  -ffp-contract=fast -fstrict-aliasing -fPIC -include /capstor/scratch/cscs/lhulsbergen/llr40-matrix/bench/hpcagent_bench/envs/vecmath.h -Wall -Wextra,1,5,30,e2bceb68db2b32dc2203a6c6d4bc169dff291a49,2026-09-08T10:55:21+0200,
fuse_diamond,cpp,M,ok,167349952,166881310,167359792 166947548 167395983 167001498 167185204 166892637 167965693 166881310 167344304 167035289 167673670 166931036 167213076 167093431 167586664 167245651 167332016 167264627 167426862 167131318 167718596 167462157 167079927 167455692 167355600 167523627 167598472 277157136 167740036 168383185,g++,g++ (SUSE Linux) 13.3.1 20250313 [revision 4ef1d8c84faeebffeb0cc01ee22e891b41e5c4e0],-O3 -march=native -fopenmp -fno-math-errno -fno-trapping-math -fno-signed-zeros  -ffp-contract=fast -fstrict-aliasing -fPIC -include /capstor/scratch/cscs/lhulsbergen/llr40-matrix/bench/hpcagent_bench/envs/vecmath.h -Wall -Wextra,1,5,30,e2bceb68db2b32dc2203a6c6d4bc169dff291a49,2026-09-08T10:59:04+0200,
fuse_diamond,fortran,M,ok,166803511,165312885,173691926 165570029 167584944 165718888 167304151 165820005 167503890 165742407 167592624 165497263 167736459 165312885 167235034 165519278 167236410 165920418 167239162 165552109 167262905 165731240 167315768 165924866 167453940 165867715 166759145 166847878 167132925 166036767 167067904 166423538,gfortran,GNU Fortran (SUSE Linux) 13.3.1 20250313 [revision 4ef1d8c84faeebffeb0cc01ee22e891b41e5c4e0],-O3 -march=native -fopenmp -fno-math-errno -fno-trapping-math -fno-signed-zeros  -ffp-contract=fast -fstrict-aliasing -fPIC -ftree-parallelize-loops=1 -Wall -Wextra,1,5,30,e2bceb68db2b32dc2203a6c6d4bc169dff291a49,2026-09-08T11:02:47+0200,
fuse_diamond,numba,M,ok,185893788,181583215,190269095 181583215 190275239 182545010 189723000 182123359 190070285 182375544 190138251 182359352 189336324 182361367 190238536 182429653 190056526 182537106 189477055 182251131 190129388 182404215 190000240 182171454 189898547 182071200 189242567 182145470 189269125 182535698 189737592 182161789,numba,numba 0.67.0,"@nb.njit(parallel=True, cache=True)",1,5,30,e2bceb68db2b32dc2203a6c6d4bc169dff291a49,2026-09-08T11:06:36+0200,
fuse_diamond,c_reference,M,ok,30878455,30665534,30837720 30767643 30949301 30862648 30881431 30875480 31031090 31503332 30899223 30665534 30945077 30671134 30978932 30709181 36076506 30802298 31094513 30682206 31021715 30704509 31120111 30741916 31166799 30723260 31020691 30845016 31044435 30781594 31085649 30721948,gcc,gcc (SUSE Linux) 13.3.1 20250313 [revision 4ef1d8c84faeebffeb0cc01ee22e891b41e5c4e0],-O3 -march=native -fopenmp -fno-math-errno -fno-trapping-math -fno-signed-zeros  -ffp-contract=fast -fstrict-aliasing -fPIC -include /capstor/scratch/cscs/lhulsbergen/llr40-matrix/bench/hpcagent_bench/envs/vecmath.h -Wall -Wextra,1,5,30,e2bceb68db2b32dc2203a6c6d4bc169dff291a49,2026-09-08T11:10:11+0200,source=fuse_diamond_reference.c sha256=ead7cb4b8d194d60
fuse_diamond,agent,M,ok,30100155,29839347,29876913 29868658 29839347 29980398 29952111 29902193 29891794 30044748 30047884 29994542 29934896 30066987 30071627 30166665 30130953 30164425 30094795 30268965 30203335 30168233 30105515 30121066 30064331 30135242 30222503 30199208 30196392 30213255 30112650 30269510,gfortran,GNU Fortran (SUSE Linux) 13.3.1 20250313 [revision 4ef1d8c84faeebffeb0cc01ee22e891b41e5c4e0],-O3 -march=native -fopenmp -fno-math-errno -fno-trapping-math -fno-signed-zeros  -ffp-contract=fast -fstrict-aliasing -fPIC -ftree-parallelize-loops=1 -Wall -Wextra,1,5,30,e2bceb68db2b32dc2203a6c6d4bc169dff291a49,2026-09-08T11:20:50+0200,arm=llr40v10-oss120b-fortran job=621019 seq=1 lang=fortran campaign_speedup=62.761 sha256=1f00f370099f0e48
fuse_move_ifs,c,M,ok,67796862,67512999,67801918 67912763 67757439 67816574 67671426 67793854 67869468 67746208 67694529 67812606 67633123 67885724 67556517 68015512 67843133 68073845 67512999 67849021 67572645 67997080 67545030 67730272 67620227 67931354 67565830 67947258 67629379 67734912 67799870 67865756,gcc,gcc (SUSE Linux) 13.3.1 20250313 [revision 4ef1d8c84faeebffeb0cc01ee22e891b41e5c4e0],-O3 -march=native -fopenmp -fno-math-errno -fno-trapping-math -fno-signed-zeros  -ffp-contract=fast -fstrict-aliasing -fPIC -include /capstor/scratch/cscs/lhulsbergen/llr40-matrix/bench/hpcagent_bench/envs/vecmath.h -Wall -Wextra,1,5,30,e2bceb68db2b32dc2203a6c6d4bc169dff291a49,2026-09-08T10:54:17+0200,
fuse_move_ifs,cpp,M,ok,67579701,67359500,68504393 67481320 67359500 67476808 67616133 67586725 67579909 67653252 67460073 67771423 67545862 67730529 67536007 67429962 67493032 67527175 67565542 67513288 67705730 67440553 67598629 67464617 67757632 67602405 67866908 67509799 67781280 67607108 67694626 67579493,g++,g++ (SUSE Linux) 13.3.1 20250313 [revision 4ef1d8c84faeebffeb0cc01ee22e891b41e5c4e0],-O3 -march=native -fopenmp -fno-math-errno -fno-trapping-math -fno-signed-zeros  -ffp-contract=fast -fstrict-aliasing -fPIC -include /capstor/scratch/cscs/lhulsbergen/llr40-matrix/bench/hpcagent_bench/envs/vecmath.h -Wall -Wextra,1,5,30,e2bceb68db2b32dc2203a6c6d4bc169dff291a49,2026-09-08T10:56:56+0200,
fuse_move_ifs,fortran,M,ok,65773053,65486854,65794109 65842811 65967928 65683263 65554948 65776637 65840251 65834620 65960120 65643554 66157426 65676320 65999926 65705664 65938969 65717151 65805852 65486854 66029846 65878938 65759742 65716319 65971895 65575620 65979192 65572132 65491302 65643009 65769469 65569507,gfortran,GNU Fortran (SUSE Linux) 13.3.1 20250313 [revision 4ef1d8c84faeebffeb0cc01ee22e891b41e5c4e0],-O3 -march=native -fopenmp -fno-math-errno -fno-trapping-math -fno-signed-zeros  -ffp-contract=fast -fstrict-aliasing -fPIC -ftree-parallelize-loops=1 -Wall -Wextra,1,5,30,e2bceb68db2b32dc2203a6c6d4bc169dff291a49,2026-09-08T10:59:34+0200,
fuse_move_ifs,numba,M,ok,65253148,64960037,65511253 65230557 65589491 65346650 64960037 65288635 65254332 65843723 65537204 65435479 65451031 65152000 65133056 65174942 65296635 65005252 65025508 65492597 65251741 65169406 65251965 65167135 65490165 65392856 65217822 65445335 65355833 65206526 65107553 65194526,numba,numba 0.67.0,"@nb.njit(parallel=True, cache=True)",1,5,30,e2bceb68db2b32dc2203a6c6d4bc169dff291a49,2026-09-08T11:02:18+0200,
fuse_move_ifs,c_reference,M,ok,67897772,67764032,67940443 67867038 67949595 67862174 67994170 67775360 68012121 67764032 67906556 67793984 68060791 67824543 67830143 67813887 67787776 67892061 67799679 67892061 67823999 68026809 67896316 68058840 67800351 68208019 67936252 68032504 67951323 67955259 67958683 67899229,gcc,gcc (SUSE Linux) 13.3.1 20250313 [revision 4ef1d8c84faeebffeb0cc01ee22e891b41e5c4e0],-O3 -march=native -fopenmp -fno-math-errno -fno-trapping-math -fno-signed-zeros  -ffp-contract=fast -fstrict-aliasing -fPIC -include /capstor/scratch/cscs/lhulsbergen/llr40-matrix/bench/hpcagent_bench/envs/vecmath.h -Wall -Wextra,1,5,30,e2bceb68db2b32dc2203a6c6d4bc169dff291a49,2026-09-08T11:04:57+0200,source=fuse_move_ifs_reference.c sha256=473478cf8c0223e4
fuse_move_ifs,agent,M,ok,51650634,51475519,51514845 51837012 51648890 51665210 51652378 51515134 51843668 51580572 51475519 51680057 51575452 51834836 51533341 51709784 51530142 51659770 51547389 51606779 51698168 51717175 51683513 51574844 51575548 51842100 51607803 51617050 51619291 51667321 51716952 51743543,gcc,gcc (SUSE Linux) 13.3.1 20250313 [revision 4ef1d8c84faeebffeb0cc01ee22e891b41e5c4e0],-O3 -march=native -fopenmp -fno-math-errno -fno-trapping-math -fno-signed-zeros  -ffp-contract=fast -fstrict-aliasing -fPIC -include /capstor/scratch/cscs/lhulsbergen/llr40-matrix/bench/hpcagent_bench/envs/vecmath.h -Wall -Wextra,1,5,30,e2bceb68db2b32dc2203a6c6d4bc169dff291a49,2026-09-08T11:07:35+0200,arm=llr40v10-kimi27sglang-c job=621017 seq=2 lang=c campaign_speedup=8.839 sha256=4be046ffc4b2dabd
fuse_stencil_through_transient,c,M,ok,119593858,117342303,120026274 117845485 119783371 117564151 120207741 118366683 119330491 117392381 119699407 117776592 120143135 117871469 120193885 117342303 119495862 117437467 119443191 117638293 120027651 117788623 119900295 117497049 119691854 117574295 120057506 224362621 120281083 120281210 120040195 120180669,gcc,gcc (SUSE Linux) 13.3.1 20250313 [revision 4ef1d8c84faeebffeb0cc01ee22e891b41e5c4e0],-O3 -march=native -fopenmp -fno-math-errno -fno-trapping-math -fno-signed-zeros  -ffp-contract=fast -fstrict-aliasing -fPIC -include /capstor/scratch/cscs/lhulsbergen/llr40-matrix/bench/hpcagent_bench/envs/vecmath.h -Wall -Wextra,1,5,30,e2bceb68db2b32dc2203a6c6d4bc169dff291a49,2026-09-08T10:56:07+0200,
fuse_stencil_through_transient,cpp,M,ok,118654329,112437545,122989127 112437545 122861516 114447142 123342331 112455592 123485559 112721535 123032710 112489766 123087717 112960567 123000166 112572709 123151938 112610850 122888683 112469960 123160865 112858618 123404154 112559332 123731022 112723039 123017606 112482343 123006919 112712703 123337915 112503847,g++,g++ (SUSE Linux) 13.3.1 20250313 [revision 4ef1d8c84faeebffeb0cc01ee22e891b41e5c4e0],-O3 -march=native -fopenmp -fno-math-errno -fno-trapping-math -fno-signed-zeros  -ffp-contract=fast -fstrict-aliasing -fPIC -include /capstor/scratch/cscs/lhulsbergen/llr40-matrix/bench/hpcagent_bench/envs/vecmath.h -Wall -Wextra,1,5,30,e2bceb68db2b32dc2203a6c6d4bc169dff291a49,2026-09-08T11:00:35+0200,
fuse_stencil_through_transient,fortran,M,ok,117643078,117146727,117552761 117491388 117678037 117253411 117420926 117805457 117630647 117183782 118093479 117278947 117918733 117262916 117390367 117339457 117684342 117281955 118132390 117342209 117964652 225868841 117146727 119358269 117725588 119474202 117655510 119065416 117483356 119422459 117625784 119395068,gfortran,GNU Fortran (SUSE Linux) 13.3.1 20250313 [revision 4ef1d8c84faeebffeb0cc01ee22e891b41e5c4e0],-O3 -march=native -fopenmp -fno-math-errno -fno-trapping-math -fno-signed-zeros  -ffp-contract=fast -fstrict-aliasing -fPIC -ftree-parallelize-loops=1 -Wall -Wextra,1,5,30,e2bceb68db2b32dc2203a6c6d4bc169dff291a49,2026-09-08T11:05:02+0200,
fuse_stencil_through_transient,numba,M,ok,187499852,186197929,187182919 186418593 186761557 186361859 186433536 186816372 186331076 186197929 187401760 187146888 187916974 187341218 187683991 187648536 187672535 187778899 188143591 187355458 187803346 187360513 187541083 187458622 301528353 188624151 188014796 187333922 187624600 187701142 206215527 196302453,numba,numba 0.67.0,"@nb.njit(parallel=True, cache=True)",1,5,30,e2bceb68db2b32dc2203a6c6d4bc169dff291a49,2026-09-08T11:09:40+0200,
fuse_stencil_through_transient,c_reference,M,ok,47679210,47424163,47424163 47756248 47452770 47914706 47689305 47669115 47592605 47847668 47626716 47755576 47570687 47894387 47537279 47971472 47470210 47984080 47645980 47697402 47646875 48120971 47560319 47997167 47529023 47938162 47594813 47859348 47640347 47742744 47479809 47781143,gcc,gcc (SUSE Linux) 13.3.1 20250313 [revision 4ef1d8c84faeebffeb0cc01ee22e891b41e5c4e0],-O3 -march=native -fopenmp -fno-math-errno -fno-trapping-math -fno-signed-zeros  -ffp-contract=fast -fstrict-aliasing -fPIC -include /capstor/scratch/cscs/lhulsbergen/llr40-matrix/bench/hpcagent_bench/envs/vecmath.h -Wall -Wextra,1,5,30,e2bceb68db2b32dc2203a6c6d4bc169dff291a49,2026-09-08T11:14:03+0200,source=fuse_stencil_through_transient_reference.c sha256=0acd59d853882c06
fuse_stencil_through_transient,agent,M,ok,50310379,47580856,52662124 47630614 52864997 47830767 52764936 47709492 52805735 47846542 52811239 47580856 52971073 47666389 52820519 47824687 52766312 47587351 53012672 47651190 52861028 47830639 52892452 47801072 53010559 47720146 53021952 47624598 52758889 47958635 52799783 47816879,gcc,gcc (SUSE Linux) 13.3.1 20250313 [revision 4ef1d8c84faeebffeb0cc01ee22e891b41e5c4e0],-O3 -march=native -fopenmp -fno-math-errno -fno-trapping-math -fno-signed-zeros  -ffp-contract=fast -fstrict-aliasing -fPIC -include /capstor/scratch/cscs/lhulsbergen/llr40-matrix/bench/hpcagent_bench/envs/vecmath.h -Wall -Wextra,1,5,30,e2bceb68db2b32dc2203a6c6d4bc169dff291a49,2026-09-08T11:18:28+0200,arm=llr40v10-kimi27sglang-c job=621017 seq=1 lang=c campaign_speedup=28.882 sha256=19dae12d481d0433
quasi_affine_reduce_odd,c,M,ok,63709477,63473740,63661351 63953374 63702725 63704485 63881504 63689893 63595656 63701381 63689253 64000733 63779555 63547050 63837154 63752611 63655846 63807842 64143577 63805826 63667847 63724996 63833345 63925855 63639814 63711749 63773827 63792866 63473740 63532073 63662022 63707206,gcc,gcc (SUSE Linux) 13.3.1 20250313 [revision 4ef1d8c84faeebffeb0cc01ee22e891b41e5c4e0],-O3 -march=native -fopenmp -fno-math-errno -fno-trapping-math -fno-signed-zeros  -ffp-contract=fast -fstrict-aliasing -fPIC -include /capstor/scratch/cscs/lhulsbergen/llr40-matrix/bench/hpcagent_bench/envs/vecmath.h -Wall -Wextra,1,5,30,e2bceb68db2b32dc2203a6c6d4bc169dff291a49,2026-09-08T10:53:21+0200,
quasi_affine_reduce_odd,cpp,M,ok,63748066,63558248,63768161 63770337 63850528 63686724 63723139 63918141 63806112 63913117 63871359 63827040 63952541 63876318 63681764 63822848 63717699 63661636 63720291 63701124 63755874 63812641 63728067 63874175 63861087 63636806 63703779 63558248 63718275 63740258 63644582 63580903,g++,g++ (SUSE Linux) 13.3.1 20250313 [revision 4ef1d8c84faeebffeb0cc01ee22e891b41e5c4e0],-O3 -march=native -fopenmp -fno-math-errno -fno-trapping-math -fno-signed-zeros  -ffp-contract=fast -fstrict-aliasing -fPIC -include /capstor/scratch/cscs/lhulsbergen/llr40-matrix/bench/hpcagent_bench/envs/vecmath.h -Wall -Wextra,1,5,30,e2bceb68db2b32dc2203a6c6d4bc169dff291a49,2026-09-08T10:55:04+0200,
quasi_affine_reduce_odd,fortran,M,ok,63653553,63458663,63726784 63785790 63786462 63506374 63832861 63854940 63589475 63466567 63662017 63650626 63774911 63525445 63666370 63606851 63633475 63645730 71902586 66249369 63691041 65261269 63656481 63808606 63458663 63625603 63748767 63562308 63512134 63615651 63481446 63615011,gfortran,GNU Fortran (SUSE Linux) 13.3.1 20250313 [revision 4ef1d8c84faeebffeb0cc01ee22e891b41e5c4e0],-O3 -march=native -fopenmp -fno-math-errno -fno-trapping-math -fno-signed-zeros  -ffp-contract=fast -fstrict-aliasing -fPIC -ftree-parallelize-loops=1 -Wall -Wextra,1,5,30,e2bceb68db2b32dc2203a6c6d4bc169dff291a49,2026-09-08T10:56:46+0200,
quasi_affine_reduce_odd,numba,M,ok,67569967,67338342,67921269 67619358 69540328 67544032 67489601 67729435 67706299 67576510 67671100 67467042 67750234 67579903 67477602 67665564 67712924 67537888 67792153 67504961 67563424 67681340 67523552 67632701 67524097 67456323 67484193 67492577 67580447 67513633 67338342 67557791,numba,numba 0.67.0,"@nb.njit(parallel=True, cache=True)",1,5,30,e2bceb68db2b32dc2203a6c6d4bc169dff291a49,2026-09-08T10:58:33+0200,
quasi_affine_reduce_odd,c_reference,M,ok,66359111,66061327,66544610 66481540 66588192 66301832 66158253 66336487 66403622 66482596 66500227 66547106 66187563 66266889 66410022 66611008 66362215 66316616 66375335 66292649 66333768 66286729 66674014 66349351 66061327 66593473 66427237 66239019 66137230 66356007 66264393 66564417,gcc,gcc (SUSE Linux) 13.3.1 20250313 [revision 4ef1d8c84faeebffeb0cc01ee22e891b41e5c4e0],-O3 -march=native -fopenmp -fno-math-errno -fno-trapping-math -fno-signed-zeros  -ffp-contract=fast -fstrict-aliasing -fPIC -include /capstor/scratch/cscs/lhulsbergen/llr40-matrix/bench/hpcagent_bench/envs/vecmath.h -Wall -Wextra,1,5,30,e2bceb68db2b32dc2203a6c6d4bc169dff291a49,2026-09-08T11:00:16+0200,source=quasi_affine_reduce_odd_reference.c sha256=743ca676c255011f
quasi_affine_reduce_odd,agent,M,ok,63862438,63495008,63699610 63971890 63853814 63956179 63861974 63617020 64234987 63990770 63795992 63910036 63495008 63632284 64045488 63806007 63862902 63946643 63780600 63900084 63918548 63807447 64013778 63702778 63882229 63792119 63912340 63759128 63865461 63633659 64034736 63713754,gfortran,GNU Fortran (SUSE Linux) 13.3.1 20250313 [revision 4ef1d8c84faeebffeb0cc01ee22e891b41e5c4e0],-O3 -march=native -fopenmp -fno-math-errno -fno-trapping-math -fno-signed-zeros  -ffp-contract=fast -fstrict-aliasing -fPIC -ftree-parallelize-loops=1 -Wall -Wextra,1,5,30,e2bceb68db2b32dc2203a6c6d4bc169dff291a49,2026-09-08T11:01:58+0200,arm=llr40v10-qwen38-fortran job=621728 seq=1 lang=fortran campaign_speedup=10.364 sha256=fb86640f50a897ed
scan_affine_decay,c,M,ok,118902013,118506026,118733027 118923356 119060856 119131926 119224211 118852767 118739714 119445996 118548841 119355439 118750306 119340720 118518410 118880670 118784641 119302864 118725091 119336847 118506026 119192052 118614534 118939100 118809185 118735938 118953852 118629446 119312944 119104375 118660901 119338223,gcc,gcc (SUSE Linux) 13.3.1 20250313 [revision 4ef1d8c84faeebffeb0cc01ee22e891b41e5c4e0],-O3 -march=native -fopenmp -fno-math-errno -fno-trapping-math -fno-signed-zeros  -ffp-contract=fast -fstrict-aliasing -fPIC -include /capstor/scratch/cscs/lhulsbergen/llr40-matrix/bench/hpcagent_bench/envs/vecmath.h -Wall -Wextra,1,5,30,e2bceb68db2b32dc2203a6c6d4bc169dff291a49,2026-09-08T10:54:22+0200,
scan_affine_decay,cpp,M,ok,118712688,118373770,118485016 118830509 118719248 118574134 118696721 118538679 118706449 118807021 118671026 119004487 118718928 119265151 118829069 118571382 118423994 119015815 118687345 118489208 118902219 118647155 118745323 118617954 118762334 118651457 118512101 119128146 118373770 118763070 119074323 118763325,g++,g++ (SUSE Linux) 13.3.1 20250313 [revision 4ef1d8c84faeebffeb0cc01ee22e891b41e5c4e0],-O3 -march=native -fopenmp -fno-math-errno -fno-trapping-math -fno-signed-zeros  -ffp-contract=fast -fstrict-aliasing -fPIC -include /capstor/scratch/cscs/lhulsbergen/llr40-matrix/bench/hpcagent_bench/envs/vecmath.h -Wall -Wextra,1,5,30,e2bceb68db2b32dc2203a6c6d4bc169dff291a49,2026-09-08T10:57:07+0200,
scan_affine_decay,fortran,M,ok,147913903,147618553,147694039 148047787 147618553 147753684 147963022 147848946 147638137 148108553 147713878 147789491 147737205 148028395 148131176 148143400 147705846 148302243 147708470 147900144 147974254 147897904 147756084 148625848 147655639 147915695 148026348 148011597 147912112 149181542 148011756 149021899,gfortran,GNU Fortran (SUSE Linux) 13.3.1 20250313 [revision 4ef1d8c84faeebffeb0cc01ee22e891b41e5c4e0],-O3 -march=native -fopenmp -fno-math-errno -fno-trapping-math -fno-signed-zeros  -ffp-contract=fast -fstrict-aliasing -fPIC -ftree-parallelize-loops=1 -Wall -Wextra,1,5,30,e2bceb68db2b32dc2203a6c6d4bc169dff291a49,2026-09-08T10:59:52+0200,
scan_affine_decay,numba,M,ok,147883343,147575355,147798546 147837234 148112200 147616248 147715669 148076137 147597050 147830066 148144360 147818994 148103273 147716821 148008843 148377791 147575355 147863248 148161223 147872304 147894383 148201862 147851793 147943790 149189541 159544332 159155930 147743637 147790291 147789779 148129832 148151751,numba,numba 0.67.0,"@nb.njit(parallel=True, cache=True)",1,5,30,e2bceb68db2b32dc2203a6c6d4bc169dff291a49,2026-09-08T11:02:41+0200,
scan_affine_decay,c_reference,M,unsupported,,,,gcc,gcc (SUSE Linux) 13.3.1 20250313 [revision 4ef1d8c84faeebffeb0cc01ee22e891b41e5c4e0],-O3 -march=native -fopenmp -fno-math-errno -fno-trapping-math -fno-signed-zeros  -ffp-contract=fast -fstrict-aliasing -fPIC -include /capstor/scratch/cscs/lhulsbergen/llr40-matrix/bench/hpcagent_bench/envs/vecmath.h -Wall -Wextra,1,5,0,e2bceb68db2b32dc2203a6c6d4bc169dff291a49,2026-09-08T11:02:41+0200,no hand-written _reference.c in the corpus
scan_affine_decay,agent,M,ok,235274765,234817052,235610754 235251054 235107187 235052597 235267854 235439304 235772764 235602690 235323659 234934456 235397544 235113746 235703326 235224782 235153169 234817052 235758045 235092307 235201711 235029237 235281677 235377353 235339403 235183247 235196943 235012310 235902075 235438731 235571430 235395405,gcc,gcc (SUSE Linux) 13.3.1 20250313 [revision 4ef1d8c84faeebffeb0cc01ee22e891b41e5c4e0],-O3 -march=native -fopenmp -fno-math-errno -fno-trapping-math -fno-signed-zeros  -ffp-contract=fast -fstrict-aliasing -fPIC -include /capstor/scratch/cscs/lhulsbergen/llr40-matrix/bench/hpcagent_bench/envs/vecmath.h -Wall -Wextra,1,5,30,e2bceb68db2b32dc2203a6c6d4bc169dff291a49,2026-09-08T11:05:30+0200,arm=llr40v10-qwen38-c job=621727 seq=2 lang=c campaign_speedup=8.244 sha256=7764c69a6bf0b572
scatter_accum_dup,c,M,ok,346073762,345656865,346126737 346063956 346321995 346305708 346490565 345955894 345858874 345794940 346368713 346855513 346086514 346184815 345801820 346146353 346076498 346071027 345912697 346400776 346046932 346021269 345656865 354899631 354862960 345893528 346454503 345828955 346046228 346338699 345761405 345854906,gcc,gcc (SUSE Linux) 13.3.1 20250313 [revision 4ef1d8c84faeebffeb0cc01ee22e891b41e5c4e0],-O3 -march=native -fopenmp -fno-math-errno -fno-trapping-math -fno-signed-zeros  -ffp-contract=fast -fstrict-aliasing -fPIC -include /capstor/scratch/cscs/lhulsbergen/llr40-matrix/bench/hpcagent_bench/envs/vecmath.h -Wall -Wextra,1,5,30,e2bceb68db2b32dc2203a6c6d4bc169dff291a49,2026-09-08T10:56:17+0200,
scatter_accum_dup,cpp,M,ok,345864367,345558415,345582371 345996566 346496933 345815899 345846362 345662336 345687264 345558415 346277400 345882372 346014176 345802567 345697067 345706794 345909059 345745513 346025088 345705994 345937314 345606541 363857597 362767553 452006288 345654443 345952802 345901411 346220570 346120285 345803143 345741897,g++,g++ (SUSE Linux) 13.3.1 20250313 [revision 4ef1d8c84faeebffeb0cc01ee22e891b41e5c4e0],-O3 -march=native -fopenmp -fno-math-errno -fno-trapping-math -fno-signed-zeros  -ffp-contract=fast -fstrict-aliasing -fPIC -include /capstor/scratch/cscs/lhulsbergen/llr40-matrix/bench/hpcagent_bench/envs/vecmath.h -Wall -Wextra,1,5,30,e2bceb68db2b32dc2203a6c6d4bc169dff291a49,2026-09-08T10:59:18+0200,
scatter_accum_dup,fortran,M,ok,364701815,364215879,364818325 364386498 364462336 364612379 364640347 365143850 365014637 474149856 364630874 364726903 364672761 364680824 364418625 364291462 364384386 364817908 364722807 383365463 373541048 365093803 364565916 364638618 365382753 364215879 364642809 364598588 364912721 364783925 364885043 466601240,gfortran,GNU Fortran (SUSE Linux) 13.3.1 20250313 [revision 4ef1d8c84faeebffeb0cc01ee22e891b41e5c4e0],-O3 -march=native -fopenmp -fno-math-errno -fno-trapping-math -fno-signed-zeros  -ffp-contract=fast -fstrict-aliasing -fPIC -ftree-parallelize-loops=1 -Wall -Wextra,1,5,30,e2bceb68db2b32dc2203a6c6d4bc169dff291a49,2026-09-08T11:02:19+0200,
scatter_accum_dup,numba,M,ok,401660759,401396384,401842802 401636856 401967246 623658822 401845905 401845842 401502588 401598266 401636537 401664791 401438527 401564667 401549019 401907023 401665175 401458270 401737525 401396384 401797043 401410816 402197190 401552251 402196550 611509817 403817680 401875728 401548187 401639353 401656727 401407200,numba,numba 0.67.0,"@nb.njit(parallel=True, cache=True)",1,5,30,e2bceb68db2b32dc2203a6c6d4bc169dff291a49,2026-09-08T11:05:27+0200,
scatter_accum_dup,c_reference,M,unsupported,,,,gcc,gcc (SUSE Linux) 13.3.1 20250313 [revision 4ef1d8c84faeebffeb0cc01ee22e891b41e5c4e0],-O3 -march=native -fopenmp -fno-math-errno -fno-trapping-math -fno-signed-zeros  -ffp-contract=fast -fstrict-aliasing -fPIC -include /capstor/scratch/cscs/lhulsbergen/llr40-matrix/bench/hpcagent_bench/envs/vecmath.h -Wall -Wextra,1,5,0,e2bceb68db2b32dc2203a6c6d4bc169dff291a49,2026-09-08T11:05:27+0200,no hand-written _reference.c in the corpus
scatter_accum_dup,agent,M,ok,938017521,936422646,938344630 938246553 937960579 938209979 940585068 937681932 941235767 1054445736 967193345 938074463 936873382 939601517 936422646 936736779 937801928 937644365 936980163 1047055804 938926051 937513298 937508753 938414644 937599566 936972772 936810921 938389749 941562796 1062254983 937781801 937136541,gcc,gcc (SUSE Linux) 13.3.1 20250313 [revision 4ef1d8c84faeebffeb0cc01ee22e891b41e5c4e0],-O3 -march=native -fopenmp -fno-math-errno -fno-trapping-math -fno-signed-zeros  -ffp-contract=fast -fstrict-aliasing -fPIC -include /capstor/scratch/cscs/lhulsbergen/llr40-matrix/bench/hpcagent_bench/envs/vecmath.h -Wall -Wextra,1,5,30,e2bceb68db2b32dc2203a6c6d4bc169dff291a49,2026-09-08T11:11:37+0200,arm=llr40v10-qwen38-c job=621727 seq=5 lang=c campaign_speedup=17.737 sha256=420c4bdf8babe5c9
segment_reduce_ragged,c,M,ok,39218208,38972759,39059028 39169585 38990423 39065461 38972759 39031062 39117843 39309134 38995703 39193457 39141043 39269167 39139986 39115443 39059636 39269230 39153362 39294189 39242959 39300910 39280494 39045846 39384555 39317997 39334541 39342477 39364204 39403946 39364684 39657124,gcc,gcc (SUSE Linux) 13.3.1 20250313 [revision 4ef1d8c84faeebffeb0cc01ee22e891b41e5c4e0],-O3 -march=native -fopenmp -fno-math-errno -fno-trapping-math -fno-signed-zeros  -ffp-contract=fast -fstrict-aliasing -fPIC -include /capstor/scratch/cscs/lhulsbergen/llr40-matrix/bench/hpcagent_bench/envs/vecmath.h -Wall -Wextra,1,5,30,e2bceb68db2b32dc2203a6c6d4bc169dff291a49,2026-09-08T11:00:25+0200,
segment_reduce_ragged,cpp,M,ok,39046090,38850560,38984412 39089913 39127960 39096217 38904511 38962557 39028955 38850560 38970301 39035098 39062842 38963613 38916959 38980989 39233461 39333394 39144951 38985564 39124312 39107897 39011868 39010236 39136535 39096793 38998908 39155767 39057082 38974780 39204374 39069562,g++,g++ (SUSE Linux) 13.3.1 20250313 [revision 4ef1d8c84faeebffeb0cc01ee22e891b41e5c4e0],-O3 -march=native -fopenmp -fno-math-errno -fno-trapping-math -fno-signed-zeros  -ffp-contract=fast -fstrict-aliasing -fPIC -include /capstor/scratch/cscs/lhulsbergen/llr40-matrix/bench/hpcagent_bench/envs/vecmath.h -Wall -Wextra,1,5,30,e2bceb68db2b32dc2203a6c6d4bc169dff291a49,2026-09-08T11:01:39+0200,
segment_reduce_ragged,fortran,M,ok,39899927,39645471,39974646 39975797 40272972 39645471 39783707 39937846 39954262 39691518 39859992 39886712 39910807 39742908 39916279 39907543 39806810 39977237 39938966 39922839 40013075 39709758 39783899 39902647 39958133 39814618 39874296 39813690 40072434 39650655 39897207 39796795,gfortran,GNU Fortran (SUSE Linux) 13.3.1 20250313 [revision 4ef1d8c84faeebffeb0cc01ee22e891b41e5c4e0],-O3 -march=native -fopenmp -fno-math-errno -fno-trapping-math -fno-signed-zeros  -ffp-contract=fast -fstrict-aliasing -fPIC -ftree-parallelize-loops=1 -Wall -Wextra,1,5,30,e2bceb68db2b32dc2203a6c6d4bc169dff291a49,2026-09-08T11:02:52+0200,
segment_reduce_ragged,numba,M,ok,55430332,55202724,55340224 55202724 55361311 55554200 55580536 55429628 55415133 55599991 55554584 55386046 55333024 55567992 55434461 55436956 55603416 55495003 55386558 55221091 55431037 55449212 55569816 55376958 55423517 55417309 55393501 55482906 55917901 55403165 55647894 55358655,numba,numba 0.67.0,"@nb.njit(parallel=True, cache=True)",1,5,30,e2bceb68db2b32dc2203a6c6d4bc169dff291a49,2026-09-08T11:04:11+0200,
segment_reduce_ragged,c_reference,M,unsupported,,,,gcc,gcc (SUSE Linux) 13.3.1 20250313 [revision 4ef1d8c84faeebffeb0cc01ee22e891b41e5c4e0],-O3 -march=native -fopenmp -fno-math-errno -fno-trapping-math -fno-signed-zeros  -ffp-contract=fast -fstrict-aliasing -fPIC -include /capstor/scratch/cscs/lhulsbergen/llr40-matrix/bench/hpcagent_bench/envs/vecmath.h -Wall -Wextra,1,5,0,e2bceb68db2b32dc2203a6c6d4bc169dff291a49,2026-09-08T11:04:11+0200,no hand-written _reference.c in the corpus
segment_reduce_ragged,agent,M,ok,38208723,38106470,38257218 38215684 38201796 38160869 38157030 38120134 38411293 38218531 38198244 38169381 38324224 38387262 38276609 38106470 38318175 38329024 38203683 38210115 38207331 38196867 38227362 38206916 38254178 38296065 38151461 38278369 38181764 38155365 38218115 38200036,gcc,gcc (SUSE Linux) 13.3.1 20250313 [revision 4ef1d8c84faeebffeb0cc01ee22e891b41e5c4e0],-O3 -march=native -fopenmp -fno-math-errno -fno-trapping-math -fno-signed-zeros  -ffp-contract=fast -fstrict-aliasing -fPIC -include /capstor/scratch/cscs/lhulsbergen/llr40-matrix/bench/hpcagent_bench/envs/vecmath.h -Wall -Wextra,1,5,30,e2bceb68db2b32dc2203a6c6d4bc169dff291a49,2026-09-08T11:05:25+0200,arm=llr40v10-kimi27sglang-c job=621729 seq=3 lang=c campaign_speedup=13.969 sha256=387cc5b48888c086
tsvc_2_s115,c,M,incorrect,83657217,82789852,84060438 82789852 84050614 83229647 83991607 83274765 84395724 83206511 83872219 83135730 83919482 83224719 83958681 83398890 83717216 82942424 84057846 82994870 83746431 83174416 84015415 83031092 85412589 83373770 83942586 83148689 83868732 83597219 84136147 83108435,gcc,gcc (SUSE Linux) 13.3.1 20250313 [revision 4ef1d8c84faeebffeb0cc01ee22e891b41e5c4e0],-O3 -march=native -fopenmp -fno-math-errno -fno-trapping-math -fno-signed-zeros  -ffp-contract=fast -fstrict-aliasing -fPIC -include /capstor/scratch/cscs/lhulsbergen/llr40-matrix/bench/hpcagent_bench/envs/vecmath.h -Wall -Wextra,1,5,30,e2bceb68db2b32dc2203a6c6d4bc169dff291a49,2026-09-08T11:07:57+0200,output did not match the NumPy reference
tsvc_2_s115,cpp,M,incorrect,83830331,83581075,83581075 84248191 83857867 83831563 83626322 83829099 83774990 83745934 83681424 83825708 84146306 83864555 84183969 84233599 83802572 83809101 83775214 83953161 83753710 83671377 84061349 84016775 83650801 83978567 84058917 83780013 83705071 84092451 91222635 83930953,g++,g++ (SUSE Linux) 13.3.1 20250313 [revision 4ef1d8c84faeebffeb0cc01ee22e891b41e5c4e0],-O3 -march=native -fopenmp -fno-math-errno -fno-trapping-math -fno-signed-zeros  -ffp-contract=fast -fstrict-aliasing -fPIC -include /capstor/scratch/cscs/lhulsbergen/llr40-matrix/bench/hpcagent_bench/envs/vecmath.h -Wall -Wextra,1,5,30,e2bceb68db2b32dc2203a6c6d4bc169dff291a49,2026-09-08T11:13:57+0200,output did not match the NumPy reference
tsvc_2_s115,fortran,M,incorrect,84241828,83749459,84127559 84567418 84002796 84599801 84177030 84497373 84071658 84657048 84578458 84242564 84189190 84960462 84188997 84558491 83749459 84600762 84057129 84679958 84143847 84945646 83831920 84583706 84241092 84217029 84036779 84506909 83964332 84369280 84059690 84570234,gfortran,GNU Fortran (SUSE Linux) 13.3.1 20250313 [revision 4ef1d8c84faeebffeb0cc01ee22e891b41e5c4e0],-O3 -march=native -fopenmp -fno-math-errno -fno-trapping-math -fno-signed-zeros  -ffp-contract=fast -fstrict-aliasing -fPIC -ftree-parallelize-loops=1 -Wall -Wextra,1,5,30,e2bceb68db2b32dc2203a6c6d4bc169dff291a49,2026-09-08T11:19:55+0200,output did not match the NumPy reference
tsvc_2_s115,numba,M,ok,143644908,142112330,145286250 144803416 143593342 143696474 143225032 143367716 143325094 143780375 143474465 143940498 142343460 144965556 142424385 143240295 142112330 143828182 143426338 143091725 143972561 152909027 142983791 143809175 144745210 142844532 143546910 143861652 144097934 142888499 143969868 143714773,numba,numba 0.67.0,"@nb.njit(parallel=True, cache=True)",1,5,30,e2bceb68db2b32dc2203a6c6d4bc169dff291a49,2026-09-08T11:26:01+0200,
tsvc_2_s115,c_reference,M,incorrect,83524058,82835311,83502235 83189732 83605463 83199620 83509179 83205827 83578937 83228259 83651382 83423006 83539290 83309696 83656982 82835311 83679670 83449149 83995468 83388222 83418814 87402500 91504616 83490619 92910013 83555354 84196934 83214531 83660342 83538938 83700948 83168677,gcc,gcc (SUSE Linux) 13.3.1 20250313 [revision 4ef1d8c84faeebffeb0cc01ee22e891b41e5c4e0],-O3 -march=native -fopenmp -fno-math-errno -fno-trapping-math -fno-signed-zeros  -ffp-contract=fast -fstrict-aliasing -fPIC -include /capstor/scratch/cscs/lhulsbergen/llr40-matrix/bench/hpcagent_bench/envs/vecmath.h -Wall -Wextra,1,5,30,e2bceb68db2b32dc2203a6c6d4bc169dff291a49,2026-09-08T11:32:00+0200,source=tsvc_2_s115_reference.c sha256=123993dec309bef2; output did not match the NumPy reference
tsvc_2_s115,agent,M,incorrect,87905512,87473829,87681119 88185264 87858202 87940119 88762078 88186703 87710974 87502084 87980310 88287532 87570338 87719486 87837178 88097842 87638944 87770011 87870905 88065875 87473829 87970326 87945878 88093010 87481828 87949303 87652671 88055891 87819770 88216718 87771708 88100370,gcc,gcc (SUSE Linux) 13.3.1 20250313 [revision 4ef1d8c84faeebffeb0cc01ee22e891b41e5c4e0],-O3 -march=native -fopenmp -fno-math-errno -fno-trapping-math -fno-signed-zeros  -ffp-contract=fast -fstrict-aliasing -fPIC -include /capstor/scratch/cscs/lhulsbergen/llr40-matrix/bench/hpcagent_bench/envs/vecmath.h -Wall -Wextra,1,5,30,e2bceb68db2b32dc2203a6c6d4bc169dff291a49,2026-09-08T12:01:49+0200,arm=llr40v10-qwen38-c job=621383 seq=2 lang=c campaign_speedup=2.027 sha256=790a60721ae27536 | output did not match the NumPy reference
tsvc_2_s119,c,M,ok,70637778,70226960,70344715 70680192 70226960 70808284 70302637 70554148 70650369 70637730 71272716 70815291 70936951 70817596 70963638 70773821 70312717 70637826 70472904 70447496 70482407 70617411 70681472 70536229 70578212 70667521 70517830 70707423 70585828 71020884 70464616 70716959,gcc,gcc (SUSE Linux) 13.3.1 20250313 [revision 4ef1d8c84faeebffeb0cc01ee22e891b41e5c4e0],-O3 -march=native -fopenmp -fno-math-errno -fno-trapping-math -fno-signed-zeros  -ffp-contract=fast -fstrict-aliasing -fPIC -include /capstor/scratch/cscs/lhulsbergen/llr40-matrix/bench/hpcagent_bench/envs/vecmath.h -Wall -Wextra,1,5,30,e2bceb68db2b32dc2203a6c6d4bc169dff291a49,2026-09-08T11:06:13+0200,
tsvc_2_s119,cpp,M,ok,70871993,70641730,70673664 70806748 70750398 70958646 70690369 70775709 70641730 70664448 70869434 70898041 71413158 70811483 71074098 70861722 71043508 70877402 70956215 71091058 70949879 70839067 71266636 70874553 70888760 71077875 70712000 70860506 71043444 70775549 71125936 70842907,g++,g++ (SUSE Linux) 13.3.1 20250313 [revision 4ef1d8c84faeebffeb0cc01ee22e891b41e5c4e0],-O3 -march=native -fopenmp -fno-math-errno -fno-trapping-math -fno-signed-zeros  -ffp-contract=fast -fstrict-aliasing -fPIC -include /capstor/scratch/cscs/lhulsbergen/llr40-matrix/bench/hpcagent_bench/envs/vecmath.h -Wall -Wextra,1,5,30,e2bceb68db2b32dc2203a6c6d4bc169dff291a49,2026-09-08T11:09:25+0200,
tsvc_2_s119,fortran,M,ok,70710494,70263854,70539845 70626882 70659040 70351948 70797851 70421545 70803996 70391722 70936247 70263854 70745277 70539557 70682880 70604034 70788860 70730398 70776413 70735390 70758396 70522245 70827963 70576515 70825723 70444616 71066738 70580675 70813147 70818491 70743006 70690591,gfortran,GNU Fortran (SUSE Linux) 13.3.1 20250313 [revision 4ef1d8c84faeebffeb0cc01ee22e891b41e5c4e0],-O3 -march=native -fopenmp -fno-math-errno -fno-trapping-math -fno-signed-zeros  -ffp-contract=fast -fstrict-aliasing -fPIC -ftree-parallelize-loops=1 -Wall -Wextra,1,5,30,e2bceb68db2b32dc2203a6c6d4bc169dff291a49,2026-09-08T11:12:37+0200,
tsvc_2_s119,numba,M,ok,69009492,68669825,68973493 68676000 68743838 68690656 68996021 68829467 69059891 68669825 69162799 68922007 69240492 68963445 69437669 68839066 69146863 68820123 69022964 68923703 69207022 69320745 69086801 69054355 69188270 68893657 69229580 68771644 69432198 69077426 69383047 68864569,numba,numba 0.67.0,"@nb.njit(parallel=True, cache=True)",1,5,30,e2bceb68db2b32dc2203a6c6d4bc169dff291a49,2026-09-08T11:15:55+0200,
tsvc_2_s119,c_reference,M,ok,70770547,70433727,70492030 70563771 70880015 70624121 70570779 70770132 70479806 70770963 70433727 71495931 70651895 71051978 70689878 70906959 70623161 70883600 71068553 70818866 70658679 71104392 70612281 70927310 70526524 71113543 70677463 71132743 70840593 70967789 70609722 70933101,gcc,gcc (SUSE Linux) 13.3.1 20250313 [revision 4ef1d8c84faeebffeb0cc01ee22e891b41e5c4e0],-O3 -march=native -fopenmp -fno-math-errno -fno-trapping-math -fno-signed-zeros  -ffp-contract=fast -fstrict-aliasing -fPIC -include /capstor/scratch/cscs/lhulsbergen/llr40-matrix/bench/hpcagent_bench/envs/vecmath.h -Wall -Wextra,1,5,30,e2bceb68db2b32dc2203a6c6d4bc169dff291a49,2026-09-08T11:19:06+0200,source=tsvc_2_s119_reference.c sha256=49dbe536bda55b77
tsvc_2_s119,agent,M,ok,57079390,56672172,56983522 57228089 56990977 57052351 57172123 56672172 57267480 57047135 57260856 57272887 57162972 57097726 57296055 56881733 57263671 56809832 57085918 56981954 56968579 57088606 57072863 56932356 57020384 56881349 57782310 56916932 57027712 57382516 57388660 57462801,gfortran,GNU Fortran (SUSE Linux) 13.3.1 20250313 [revision 4ef1d8c84faeebffeb0cc01ee22e891b41e5c4e0],-O3 -march=native -fopenmp -fno-math-errno -fno-trapping-math -fno-signed-zeros  -ffp-contract=fast -fstrict-aliasing -fPIC -ftree-parallelize-loops=1 -Wall -Wextra,1,5,30,e2bceb68db2b32dc2203a6c6d4bc169dff291a49,2026-09-08T11:22:17+0200,arm=llr40v10-kimi27sglang-fortran job=621731 seq=1 lang=fortran campaign_speedup=3.434 sha256=43fd78e971948199
tsvc_2_s1232,c,M,ok,47436859,38410951,56136248 38916665 55599208 38605602 57947298 38727199 56008828 39044821 57952258 38876890 56181175 39274510 56671623 38734910 57503983 38616290 56246516 38461031 57794183 38490822 57478320 38692511 57740137 38410951 56372177 38515076 57445201 38755677 56047323 38470662,gcc,gcc (SUSE Linux) 13.3.1 20250313 [revision 4ef1d8c84faeebffeb0cc01ee22e891b41e5c4e0],-O3 -march=native -fopenmp -fno-math-errno -fno-trapping-math -fno-signed-zeros  -ffp-contract=fast -fstrict-aliasing -fPIC -include /capstor/scratch/cscs/lhulsbergen/llr40-matrix/bench/hpcagent_bench/envs/vecmath.h -Wall -Wextra,1,5,30,e2bceb68db2b32dc2203a6c6d4bc169dff291a49,2026-09-08T11:03:43+0200,
tsvc_2_s1232,cpp,M,ok,68220000,63692375,72483825 64522527 72081949 65597374 72383188 64560637 71698665 65680924 72538160 65705884 71066811 63737685 73100992 65007920 72569231 65345894 71493391 63965103 72391349 63929200 70806339 63692375 70734117 63857395 73234747 65064015 71999136 64012462 72782792 65184843,g++,g++ (SUSE Linux) 13.3.1 20250313 [revision 4ef1d8c84faeebffeb0cc01ee22e891b41e5c4e0],-O3 -march=native -fopenmp -fno-math-errno -fno-trapping-math -fno-signed-zeros  -ffp-contract=fast -fstrict-aliasing -fPIC -include /capstor/scratch/cscs/lhulsbergen/llr40-matrix/bench/hpcagent_bench/envs/vecmath.h -Wall -Wextra,1,5,30,e2bceb68db2b32dc2203a6c6d4bc169dff291a49,2026-09-08T11:04:28+0200,
tsvc_2_s1232,fortran,M,ok,63185028,62012231,64055147 62642836 62012231 62897773 62892589 63459932 63695669 62924428 64777717 62781648 64435871 62859950 63784019 63143845 63029705 63365599 63565145 62532408 64215078 63226211 62936171 64837299 64339106 62896653 63240483 63024553 63883632 62697075 63064584 63321568,gfortran,GNU Fortran (SUSE Linux) 13.3.1 20250313 [revision 4ef1d8c84faeebffeb0cc01ee22e891b41e5c4e0],-O3 -march=native -fopenmp -fno-math-errno -fno-trapping-math -fno-signed-zeros  -ffp-contract=fast -fstrict-aliasing -fPIC -ftree-parallelize-loops=1 -Wall -Wextra,1,5,30,e2bceb68db2b32dc2203a6c6d4bc169dff291a49,2026-09-08T11:05:11+0200,
tsvc_2_s1232,numba,M,ok,79986668,62166878,89160671 70705252 89227676 70788802 88818568 70789212 89236597 70676192 89148792 70838939 89485550 70623906 89082746 70507493 89509709 70464518 89545964 70815132 90414706 70263404 89501422 71154769 89255252 70329738 89186967 62166878 89604298 71128658 89492429 70417703,numba,numba 0.67.0,"@nb.njit(parallel=True, cache=True)",1,5,30,e2bceb68db2b32dc2203a6c6d4bc169dff291a49,2026-09-08T11:06:01+0200,
tsvc_2_s1232,c_reference,M,ok,61686732,42381613,65380671 61360695 64313310 61503634 63874987 61275033 65466588 61288664 64218369 61025537 65813073 61105246 64123140 61389493 65958988 61237178 64282783 61354550 64907148 61397781 42381613 61635918 65991692 61267929 63783054 61639470 64008264 61310328 63552276 61733995,gcc,gcc (SUSE Linux) 13.3.1 20250313 [revision 4ef1d8c84faeebffeb0cc01ee22e891b41e5c4e0],-O3 -march=native -fopenmp -fno-math-errno -fno-trapping-math -fno-signed-zeros  -ffp-contract=fast -fstrict-aliasing -fPIC -include /capstor/scratch/cscs/lhulsbergen/llr40-matrix/bench/hpcagent_bench/envs/vecmath.h -Wall -Wextra,1,5,30,e2bceb68db2b32dc2203a6c6d4bc169dff291a49,2026-09-08T11:06:44+0200,source=tsvc_2_s1232_reference.c sha256=455109e4e2c80bee
tsvc_2_s1232,agent,M,ok,13325154,12967869,13377457 12967869 13241493 13057466 13444814 13177366 13385521 13155896 13348114 13147607 13772773 13308787 13351058 13010363 13363473 13469678 13361905 13203319 13774437 13007260 13287571 13438895 13413168 13059259 13293684 13341522 13391920 13253716 13365745 13131192,gfortran,GNU Fortran (SUSE Linux) 13.3.1 20250313 [revision 4ef1d8c84faeebffeb0cc01ee22e891b41e5c4e0],-O3 -march=native -fopenmp -fno-math-errno -fno-trapping-math -fno-signed-zeros  -ffp-contract=fast -fstrict-aliasing -fPIC -ftree-parallelize-loops=1 -Wall -Wextra,1,5,30,e2bceb68db2b32dc2203a6c6d4bc169dff291a49,2026-09-08T11:07:48+0200,arm=llr40v10-qwen38-fortran job=621385 seq=1 lang=fortran campaign_speedup=169.757 sha256=6440021a759f92e9
tsvc_2_s1244,c,M,ok,52625401,52062377,53015151 52350049 52760821 52148199 53515457 52334146 52953264 52293603 54964663 52062377 53000079 52308963 52877266 52402591 53104268 52264100 53049901 52392512 53145035 52135207 53139595 52544252 53473089 52325377 52837812 52327554 52706551 52405600 52949712 52372128,gcc,gcc (SUSE Linux) 13.3.1 20250313 [revision 4ef1d8c84faeebffeb0cc01ee22e891b41e5c4e0],-O3 -march=native -fopenmp -fno-math-errno -fno-trapping-math -fno-signed-zeros  -ffp-contract=fast -fstrict-aliasing -fPIC -include /capstor/scratch/cscs/lhulsbergen/llr40-matrix/bench/hpcagent_bench/envs/vecmath.h -Wall -Wextra,1,5,30,e2bceb68db2b32dc2203a6c6d4bc169dff291a49,2026-09-08T11:06:50+0200,
tsvc_2_s1244,cpp,M,ok,52795004,52104591,53330189 52164942 53495017 52455462 53013174 52505764 53109972 52287179 53034166 52368071 53043093 52307658 54417038 52104591 53276111 52300266 53077812 52344936 65138275 52337289 53286190 52576834 53149298 52285098 53149490 52277195 53482473 52221452 53165265 52385160,g++,g++ (SUSE Linux) 13.3.1 20250313 [revision 4ef1d8c84faeebffeb0cc01ee22e891b41e5c4e0],-O3 -march=native -fopenmp -fno-math-errno -fno-trapping-math -fno-signed-zeros  -ffp-contract=fast -fstrict-aliasing -fPIC -include /capstor/scratch/cscs/lhulsbergen/llr40-matrix/bench/hpcagent_bench/envs/vecmath.h -Wall -Wextra,1,5,30,e2bceb68db2b32dc2203a6c6d4bc169dff291a49,2026-09-08T11:10:05+0200,
tsvc_2_s1244,fortran,M,ok,54535243,54280017,54503755 54417390 54429806 54434989 54469325 54480109 54537483 54462701 54611400 54533003 54280017 54684231 54489708 54950911 55943555 54688262 54686631 54486828 54571818 54543786 54513163 54434189 54643944 54827107 54648936 54708741 54323088 54686791 54571497 54451437,gfortran,GNU Fortran (SUSE Linux) 13.3.1 20250313 [revision 4ef1d8c84faeebffeb0cc01ee22e891b41e5c4e0],-O3 -march=native -fopenmp -fno-math-errno -fno-trapping-math -fno-signed-zeros  -ffp-contract=fast -fstrict-aliasing -fPIC -ftree-parallelize-loops=1 -Wall -Wextra,1,5,30,e2bceb68db2b32dc2203a6c6d4bc169dff291a49,2026-09-08T11:13:20+0200,
tsvc_2_s1244,numba,M,ok,53693568,53573731,53686432 53901882 53758653 53670240 53647072 53751934 53586243 53697248 53573731 53719999 53636704 53656320 53620226 53689888 53723455 53752094 53826109 53654753 53654337 53860474 53999319 53664225 53762333 53654465 53761982 53730686 53718334 53678879 53661985 53795741,numba,numba 0.67.0,"@nb.njit(parallel=True, cache=True)",1,5,30,e2bceb68db2b32dc2203a6c6d4bc169dff291a49,2026-09-08T11:16:41+0200,
tsvc_2_s1244,c_reference,M,ok,53006870,52247788,53290126 52433478 53301838 52330666 53183473 54470636 53264751 52368361 53131891 52349354 53016662 52558211 53131155 52340873 53070132 52796604 53051093 52486149 52997078 52247788 53180849 52533924 53142450 52457766 53125203 52404935 53221840 52356137 53323469 52618305,gcc,gcc (SUSE Linux) 13.3.1 20250313 [revision 4ef1d8c84faeebffeb0cc01ee22e891b41e5c4e0],-O3 -march=native -fopenmp -fno-math-errno -fno-trapping-math -fno-signed-zeros  -ffp-contract=fast -fstrict-aliasing -fPIC -include /capstor/scratch/cscs/lhulsbergen/llr40-matrix/bench/hpcagent_bench/envs/vecmath.h -Wall -Wextra,1,5,30,e2bceb68db2b32dc2203a6c6d4bc169dff291a49,2026-09-08T11:19:55+0200,source=tsvc_2_s1244_reference.c sha256=8d30e45e13623ebc
tsvc_2_s1244,agent,M,ok,58183118,54877115,62427016 54944921 61499265 55220786 61399748 55029239 61387684 54877115 61027311 55184690 61183018 54961145 61114668 54951833 61193130 55111829 61326694 54913850 61367173 55370253 61597823 55260912 61487234 55208082 61237705 55159379 60995983 55077782 61394500 55044342,gcc,gcc (SUSE Linux) 13.3.1 20250313 [revision 4ef1d8c84faeebffeb0cc01ee22e891b41e5c4e0],-O3 -march=native -fopenmp -fno-math-errno -fno-trapping-math -fno-signed-zeros  -ffp-contract=fast -fstrict-aliasing -fPIC -include /capstor/scratch/cscs/lhulsbergen/llr40-matrix/bench/hpcagent_bench/envs/vecmath.h -Wall -Wextra,1,5,30,e2bceb68db2b32dc2203a6c6d4bc169dff291a49,2026-09-08T11:23:09+0200,arm=llr40v10-qwen38-c job=622265 seq=1 lang=c campaign_speedup=5.592 sha256=4e6c66640f14417b
tsvc_2_s152,c,M,ok,65471932,64723170,65558506 65466604 65671783 64723170 65516620 65393615 65492268 65372143 65419502 65425262 65744165 65435726 65422094 65548299 65182484 65727621 65261523 65439853 65310769 65535723 65916736 64975867 65884993 65822595 65267154 65344144 65618601 65477261 65562122 65638760,gcc,gcc (SUSE Linux) 13.3.1 20250313 [revision 4ef1d8c84faeebffeb0cc01ee22e891b41e5c4e0],-O3 -march=native -fopenmp -fno-math-errno -fno-trapping-math -fno-signed-zeros  -ffp-contract=fast -fstrict-aliasing -fPIC -include /capstor/scratch/cscs/lhulsbergen/llr40-matrix/bench/hpcagent_bench/envs/vecmath.h -Wall -Wextra,1,5,30,e2bceb68db2b32dc2203a6c6d4bc169dff291a49,2026-09-08T11:05:51+0200,
tsvc_2_s152,cpp,M,ok,64160509,63859878,64169597 63859878 64163613 64034849 64013602 63954403 64157405 64151646 64031777 63987010 64543347 64089439 64230651 64064161 64096511 64153629 64067616 64131998 64154302 64273082 64263707 64167901 64176669 64458325 64276314 64404151 72020549 64237627 64228796 64183645,g++,g++ (SUSE Linux) 13.3.1 20250313 [revision 4ef1d8c84faeebffeb0cc01ee22e891b41e5c4e0],-O3 -march=native -fopenmp -fno-math-errno -fno-trapping-math -fno-signed-zeros  -ffp-contract=fast -fstrict-aliasing -fPIC -include /capstor/scratch/cscs/lhulsbergen/llr40-matrix/bench/hpcagent_bench/envs/vecmath.h -Wall -Wextra,1,5,30,e2bceb68db2b32dc2203a6c6d4bc169dff291a49,2026-09-08T11:07:36+0200,
tsvc_2_s152,fortran,M,ok,64843245,64369082,64709586 64811310 64841901 64879596 64604628 64369082 64593172 64844590 65002058 64684722 64997801 64903596 64751472 64654482 64889260 64782544 65125093 64921675 64909132 65081639 65038568 64763600 64692882 65204963 64840685 65201796 64765712 64667570 65077959 65041513,gfortran,GNU Fortran (SUSE Linux) 13.3.1 20250313 [revision 4ef1d8c84faeebffeb0cc01ee22e891b41e5c4e0],-O3 -march=native -fopenmp -fno-math-errno -fno-trapping-math -fno-signed-zeros  -ffp-contract=fast -fstrict-aliasing -fPIC -ftree-parallelize-loops=1 -Wall -Wextra,1,5,30,e2bceb68db2b32dc2203a6c6d4bc169dff291a49,2026-09-08T11:09:23+0200,
tsvc_2_s152,numba,M,ok,64599348,64319165,64471704 64519991 64491672 64416857 64501463 64630548 64594196 64637011 64434874 64412345 64583541 64800143 64319165 64522358 64866126 64804783 64573590 64474456 64489560 64818478 64584149 64777903 64726801 64634932 65024937 64801839 64824206 64904013 64604501 64957707,numba,numba 0.67.0,"@nb.njit(parallel=True, cache=True)",1,5,30,e2bceb68db2b32dc2203a6c6d4bc169dff291a49,2026-09-08T11:11:15+0200,
tsvc_2_s152,c_reference,M,ok,52497148,52093416,52451262 52509692 52559803 52449918 52248771 52386943 52093416 52455710 52798740 52534331 52382208 52742518 52469021 52687351 52330496 52416863 52308833 52618713 52741078 52648120 52452542 52293794 52836916 52505724 52722454 52379552 52627065 52791668 52488573 52781332,gcc,gcc (SUSE Linux) 13.3.1 20250313 [revision 4ef1d8c84faeebffeb0cc01ee22e891b41e5c4e0],-O3 -march=native -fopenmp -fno-math-errno -fno-trapping-math -fno-signed-zeros  -ffp-contract=fast -fstrict-aliasing -fPIC -include /capstor/scratch/cscs/lhulsbergen/llr40-matrix/bench/hpcagent_bench/envs/vecmath.h -Wall -Wextra,1,5,30,e2bceb68db2b32dc2203a6c6d4bc169dff291a49,2026-09-08T11:13:00+0200,source=tsvc_2_s152_reference.c sha256=3c358eebfba6b2a7
tsvc_2_s152,agent,M,ok,52914816,52507771,53169865 52714454 53026989 52679447 52954063 52631671 53026669 52749812 53223783 52649111 53152777 52776403 52917840 52677621 53061995 52704021 53631133 52838258 52948847 53251463 53064459 52783027 53376867 52507771 53418530 52727541 52951502 52803571 52911792 52769204,gcc,gcc (SUSE Linux) 13.3.1 20250313 [revision 4ef1d8c84faeebffeb0cc01ee22e891b41e5c4e0],-O3 -march=native -fopenmp -fno-math-errno -fno-trapping-math -fno-signed-zeros  -ffp-contract=fast -fstrict-aliasing -fPIC -include /capstor/scratch/cscs/lhulsbergen/llr40-matrix/bench/hpcagent_bench/envs/vecmath.h -Wall -Wextra,1,5,30,e2bceb68db2b32dc2203a6c6d4bc169dff291a49,2026-09-08T11:14:45+0200,arm=llr40v10-oss120b-c job=621015 seq=1 lang=c campaign_speedup=6.056 sha256=1e896fc393340952
tsvc_2_s2233,c,M,ok,426799135,424603285,427047687 426605461 426611125 428061318 427209826 427441178 427198370 425566070 426987145 426412667 431290368 427270176 428200291 425427930 427119044 425559510 427688658 426360701 425664627 424811277 429172995 426491513 428771952 425452633 426524823 425837070 431200835 424603285 426990505 425838765,gcc,gcc (SUSE Linux) 13.3.1 20250313 [revision 4ef1d8c84faeebffeb0cc01ee22e891b41e5c4e0],-O3 -march=native -fopenmp -fno-math-errno -fno-trapping-math -fno-signed-zeros  -ffp-contract=fast -fstrict-aliasing -fPIC -include /capstor/scratch/cscs/lhulsbergen/llr40-matrix/bench/hpcagent_bench/envs/vecmath.h -Wall -Wextra,1,5,30,e2bceb68db2b32dc2203a6c6d4bc169dff291a49,2026-09-08T11:18:27+0200,
tsvc_2_s2233,cpp,M,ok,425210628,420290128,421740418 425306930 425242452 421734787 426260051 425437869 424099768 425219796 420290128 426127256 425969981 424159862 424207956 424982236 426404463 425596808 422080343 426533867 484156588 424308337 425615751 425201460 427523308 426019322 422605447 424781890 424176609 420308668 426226079 424287932,g++,g++ (SUSE Linux) 13.3.1 20250313 [revision 4ef1d8c84faeebffeb0cc01ee22e891b41e5c4e0],-O3 -march=native -fopenmp -fno-math-errno -fno-trapping-math -fno-signed-zeros  -ffp-contract=fast -fstrict-aliasing -fPIC -include /capstor/scratch/cscs/lhulsbergen/llr40-matrix/bench/hpcagent_bench/envs/vecmath.h -Wall -Wextra,1,5,30,e2bceb68db2b32dc2203a6c6d4bc169dff291a49,2026-09-08T11:21:43+0200,
tsvc_2_s2233,fortran,M,ok,426413795,424003966,424912531 428265896 424865460 429655868 426576894 425931347 425806103 427703834 430143821 427253000 424632700 427243817 424575709 425091277 426250696 428216618 424723001 427799896 513118691 426776696 424977393 428162444 425874075 424003966 426162490 447005888 452421203 426160474 425553998 428644778,gfortran,GNU Fortran (SUSE Linux) 13.3.1 20250313 [revision 4ef1d8c84faeebffeb0cc01ee22e891b41e5c4e0],-O3 -march=native -fopenmp -fno-math-errno -fno-trapping-math -fno-signed-zeros  -ffp-contract=fast -fstrict-aliasing -fPIC -ftree-parallelize-loops=1 -Wall -Wextra,1,5,30,e2bceb68db2b32dc2203a6c6d4bc169dff291a49,2026-09-08T11:24:58+0200,
tsvc_2_s2233,numba,M,ok,456313676,454389306,456300542 456348477 457944874 456111812 457365340 457607572 458376797 456908715 455116452 737767355 457073990 457588981 454666544 454389306 455797196 456702639 454913992 455618449 456990535 457734767 454989158 455635889 456049444 457850474 455080516 455502005 456326811 757177903 455664721 456272349,numba,numba 0.67.0,"@nb.njit(parallel=True, cache=True)",1,5,30,e2bceb68db2b32dc2203a6c6d4bc169dff291a49,2026-09-08T11:28:19+0200,
tsvc_2_s2233,c_reference,M,ok,423591697,420731164,424985650 421431651 514231604 423036464 423882230 421996404 423745340 421881015 425363272 422131087 435459719 435718655 422329321 424349289 420731164 422866903 425263467 424789498 422415462 421230252 421295370 629166920 423015251 423438054 426580577 423786715 422859320 425365416 421732924 426759356,gcc,gcc (SUSE Linux) 13.3.1 20250313 [revision 4ef1d8c84faeebffeb0cc01ee22e891b41e5c4e0],-O3 -march=native -fopenmp -fno-math-errno -fno-trapping-math -fno-signed-zeros  -ffp-contract=fast -fstrict-aliasing -fPIC -include /capstor/scratch/cscs/lhulsbergen/llr40-matrix/bench/hpcagent_bench/envs/vecmath.h -Wall -Wextra,1,5,30,e2bceb68db2b32dc2203a6c6d4bc169dff291a49,2026-09-08T11:31:36+0200,source=tsvc_2_s2233_reference.c sha256=c8663d708d82e4c5
tsvc_2_s2233,agent,M,unsupported,,,,,,,1,5,0,e2bceb68db2b32dc2203a6c6d4bc169dff291a49,2026-09-08T11:31:36+0200,no agent submission in either campaign
tsvc_2_s2275,c,M,ok,733525986,539681455,739963705 938885460 704071546 937681049 727088267 949673538 697144769 936558983 704430943 937772321 703817042 539681455 703444509 937694212 696338426 939644391 697521300 937256006 698179613 935702588 703329533 1125112277 695561934 938309099 696477650 935982995 696883398 939299149 701913385 940096628,gcc,gcc (SUSE Linux) 13.3.1 20250313 [revision 4ef1d8c84faeebffeb0cc01ee22e891b41e5c4e0],-O3 -march=native -fopenmp -fno-math-errno -fno-trapping-math -fno-signed-zeros  -ffp-contract=fast -fstrict-aliasing -fPIC -include /capstor/scratch/cscs/lhulsbergen/llr40-matrix/bench/hpcagent_bench/envs/vecmath.h -Wall -Wextra,1,5,30,e2bceb68db2b32dc2203a6c6d4bc169dff291a49,2026-09-08T11:18:51+0200,
tsvc_2_s2275,cpp,M,ok,939784779,898521375,937045329 941702112 898521375 941376362 938416421 942812061 937634366 941829724 938274954 944187826 936012977 1069280060 939403784 942925114 938385639 939545091 938244939 940057395 988060733 940024468 1063495025 939201550 936581247 940959639 937376294 942417482 936091758 940529540 937049744 1136786216,g++,g++ (SUSE Linux) 13.3.1 20250313 [revision 4ef1d8c84faeebffeb0cc01ee22e891b41e5c4e0],-O3 -march=native -fopenmp -fno-math-errno -fno-trapping-math -fno-signed-zeros  -ffp-contract=fast -fstrict-aliasing -fPIC -include /capstor/scratch/cscs/lhulsbergen/llr40-matrix/bench/hpcagent_bench/envs/vecmath.h -Wall -Wextra,1,5,30,e2bceb68db2b32dc2203a6c6d4bc169dff291a49,2026-09-08T11:22:39+0200,
tsvc_2_s2275,fortran,M,ok,943890812,484004328,940552949 942848365 945336735 954531200 943675187 939966024 992734549 946233283 943877453 947942670 938348729 946084616 943904172 952860515 942127033 1171348251 943620874 940633639 945367859 941557834 940300114 941276275 944470800 947228985 945357139 484004328 978147859 941538155 944554796 941255828,gfortran,GNU Fortran (SUSE Linux) 13.3.1 20250313 [revision 4ef1d8c84faeebffeb0cc01ee22e891b41e5c4e0],-O3 -march=native -fopenmp -fno-math-errno -fno-trapping-math -fno-signed-zeros  -ffp-contract=fast -fstrict-aliasing -fPIC -ftree-parallelize-loops=1 -Wall -Wextra,1,5,30,e2bceb68db2b32dc2203a6c6d4bc169dff291a49,2026-09-08T11:26:30+0200,
tsvc_2_s2275,numba,M,ok,931291868,783216787,935286592 926953955 931920520 926488562 783216787 925977602 929375000 927240890 954988631 936090502 933137954 926362454 931265085 1220392939 931908681 928885479 931318651 930386680 933044325 930033795 930384440 932418361 1141038717 928978980 931762542 930656400 931612785 931259869 932911657 931634609,numba,numba 0.67.0,"@nb.njit(parallel=True, cache=True)",1,5,30,e2bceb68db2b32dc2203a6c6d4bc169dff291a49,2026-09-08T11:30:20+0200,
tsvc_2_s2275,c_reference,M,ok,936344006,934265767,934980800 935527087 935980800 937560335 935068230 936175916 935818487 1088418959 934765880 936888053 935966194 935445411 934265767 941855130 936364869 970418778 1130028440 935820087 935533408 937508898 943596163 937955572 934938962 936323143 935352357 937041936 937613406 937061552 943893882 936737114,gcc,gcc (SUSE Linux) 13.3.1 20250313 [revision 4ef1d8c84faeebffeb0cc01ee22e891b41e5c4e0],-O3 -march=native -fopenmp -fno-math-errno -fno-trapping-math -fno-signed-zeros  -ffp-contract=fast -fstrict-aliasing -fPIC -include /capstor/scratch/cscs/lhulsbergen/llr40-matrix/bench/hpcagent_bench/envs/vecmath.h -Wall -Wextra,1,5,30,e2bceb68db2b32dc2203a6c6d4bc169dff291a49,2026-09-08T11:34:13+0200,source=tsvc_2_s2275_reference.c sha256=37d66de66de797fc
tsvc_2_s2275,agent,M,ok,74845652,74525726,74808246 75389635 74791926 74653018 74908466 74943473 74994512 74701368 74828885 74699448 74777078 74985232 74569405 74878163 74878195 74818581 74525726 74622747 74862420 74995632 74628123 74875572 74622460 75019183 74941969 75278790 74729080 75025999 75086156 74739927,gcc,gcc (SUSE Linux) 13.3.1 20250313 [revision 4ef1d8c84faeebffeb0cc01ee22e891b41e5c4e0],-O3 -march=native -fopenmp -fno-math-errno -fno-trapping-math -fno-signed-zeros  -ffp-contract=fast -fstrict-aliasing -fPIC -include /capstor/scratch/cscs/lhulsbergen/llr40-matrix/bench/hpcagent_bench/envs/vecmath.h -Wall -Wextra,1,5,30,e2bceb68db2b32dc2203a6c6d4bc169dff291a49,2026-09-08T11:37:21+0200,arm=llr40v10-qwen38-c job=621016 seq=1 lang=c campaign_speedup=125.947 sha256=a58a2749beacaa62
tsvc_2_s231,c,M,ok,777031435,767349825,776986059 774582489 778741171 875324791 777215812 776181254 777861968 774509339 778007339 775079624 779685589 777520730 779554394 775818033 767349825 777068778 776751667 776756915 777637079 776107176 775891119 774996332 779530810 775597081 776994092 891021662 776772274 778207749 813167042 804024168,gcc,gcc (SUSE Linux) 13.3.1 20250313 [revision 4ef1d8c84faeebffeb0cc01ee22e891b41e5c4e0],-O3 -march=native -fopenmp -fno-math-errno -fno-trapping-math -fno-signed-zeros  -ffp-contract=fast -fstrict-aliasing -fPIC -include /capstor/scratch/cscs/lhulsbergen/llr40-matrix/bench/hpcagent_bench/envs/vecmath.h -Wall -Wextra,1,5,30,e2bceb68db2b32dc2203a6c6d4bc169dff291a49,2026-09-08T11:18:58+0200,
tsvc_2_s231,cpp,M,ok,777524946,734677250,776349864 777340424 780242636 777754140 775797722 773824857 777671742 834834195 777841049 778751516 778855928 776810874 777160558 776463813 775915958 778687293 777378151 778044050 734677250 777756188 774530019 777698269 771493669 778585697 778010867 777049267 822302885 776592448 775672350 863285218,g++,g++ (SUSE Linux) 13.3.1 20250313 [revision 4ef1d8c84faeebffeb0cc01ee22e891b41e5c4e0],-O3 -march=native -fopenmp -fno-math-errno -fno-trapping-math -fno-signed-zeros  -ffp-contract=fast -fstrict-aliasing -fPIC -include /capstor/scratch/cscs/lhulsbergen/llr40-matrix/bench/hpcagent_bench/envs/vecmath.h -Wall -Wextra,1,5,30,e2bceb68db2b32dc2203a6c6d4bc169dff291a49,2026-09-08T11:23:00+0200,
tsvc_2_s231,fortran,M,ok,745306665,651544961,775935654 723350782 777261018 722613622 833896000 722890733 775832868 722203713 776605611 722801198 775002719 722519446 776758757 724067556 776962751 722879307 651544961 722566261 774864962 723006375 777701703 721721233 779035261 722813005 775215607 722321853 777382929 766545774 811615941 723465721,gfortran,GNU Fortran (SUSE Linux) 13.3.1 20250313 [revision 4ef1d8c84faeebffeb0cc01ee22e891b41e5c4e0],-O3 -march=native -fopenmp -fno-math-errno -fno-trapping-math -fno-signed-zeros  -ffp-contract=fast -fstrict-aliasing -fPIC -ftree-parallelize-loops=1 -Wall -Wextra,1,5,30,e2bceb68db2b32dc2203a6c6d4bc169dff291a49,2026-09-08T11:26:58+0200,
tsvc_2_s231,numba,M,ok,625047048,569430453,629465578 624764289 628933179 624201299 569430453 625451467 620152053 625329807 620492587 625409868 620881341 625490409 619180213 625555592 620863071 626446379 618435949 853996532 620832543 632028888 618848768 633097910 620319792 632307439 618617671 633218897 620352783 631893851 618618311 633960186,numba,numba 0.67.0,"@nb.njit(parallel=True, cache=True)",1,5,30,e2bceb68db2b32dc2203a6c6d4bc169dff291a49,2026-09-08T11:30:52+0200,
tsvc_2_s231,c_reference,M,ok,724260105,658325122,776412395 723534929 773649252 722404661 799547554 698605875 775332622 723655181 775196786 724254361 775530408 724027520 774258033 723382229 774060919 724265849 864329854 723352374 775291695 724078463 777348301 722598926 775751649 723491505 777720033 723000130 776035255 723479890 658325122 724169084,gcc,gcc (SUSE Linux) 13.3.1 20250313 [revision 4ef1d8c84faeebffeb0cc01ee22e891b41e5c4e0],-O3 -march=native -fopenmp -fno-math-errno -fno-trapping-math -fno-signed-zeros  -ffp-contract=fast -fstrict-aliasing -fPIC -include /capstor/scratch/cscs/lhulsbergen/llr40-matrix/bench/hpcagent_bench/envs/vecmath.h -Wall -Wextra,1,5,30,e2bceb68db2b32dc2203a6c6d4bc169dff291a49,2026-09-08T11:34:49+0200,source=tsvc_2_s231_reference.c sha256=9f1ad23b84e1aa3a
tsvc_2_s231,agent,M,ok,69892106,69227823,69227823 69747999 69367883 69717567 69617731 69515174 69566020 69702592 70040885 69973111 69642978 69865595 69706752 70107379 69699520 69977367 69761407 70048181 70760414 69918617 69980919 70054069 70017238 69922040 69847003 69976247 69774878 70376394 69938072 70025590,gcc,gcc (SUSE Linux) 13.3.1 20250313 [revision 4ef1d8c84faeebffeb0cc01ee22e891b41e5c4e0],-O3 -march=native -fopenmp -fno-math-errno -fno-trapping-math -fno-signed-zeros  -ffp-contract=fast -fstrict-aliasing -fPIC -include /capstor/scratch/cscs/lhulsbergen/llr40-matrix/bench/hpcagent_bench/envs/vecmath.h -Wall -Wextra,1,5,30,e2bceb68db2b32dc2203a6c6d4bc169dff291a49,2026-09-08T11:38:23+0200,arm=llr40v10-qwen38-c job=621016 seq=2 lang=c campaign_speedup=96.274 sha256=04ed18204f6a6fb8
tsvc_2_s233,c,M,ok,721890421,700471451,721674285 723785665 719758928 731596589 719025002 718762004 720867209 734558309 721144831 723086522 700471451 730944132 720904935 723196727 720717358 735579649 724517544 721198365 721723979 732108059 721762378 721624750 770622247 750829060 722018465 723065948 718985164 734384491 720623537 722937605,gcc,gcc (SUSE Linux) 13.3.1 20250313 [revision 4ef1d8c84faeebffeb0cc01ee22e891b41e5c4e0],-O3 -march=native -fopenmp -fno-math-errno -fno-trapping-math -fno-signed-zeros  -ffp-contract=fast -fstrict-aliasing -fPIC -include /capstor/scratch/cscs/lhulsbergen/llr40-matrix/bench/hpcagent_bench/envs/vecmath.h -Wall -Wextra,1,5,30,e2bceb68db2b32dc2203a6c6d4bc169dff291a49,2026-09-08T11:18:32+0200,
tsvc_2_s233,cpp,M,ok,719334002,710731299,722932051 715567768 726135617 712860536 723056750 716233792 724605560 714905520 727706474 713999024 730530694 715269443 719965884 718702121 727951778 713716602 729271155 712150865 722550849 717434262 726399992 715659893 776695394 713493922 721623009 710731299 723435042 715288098 746669738 718316407,g++,g++ (SUSE Linux) 13.3.1 20250313 [revision 4ef1d8c84faeebffeb0cc01ee22e891b41e5c4e0],-O3 -march=native -fopenmp -fno-math-errno -fno-trapping-math -fno-signed-zeros  -ffp-contract=fast -fstrict-aliasing -fPIC -include /capstor/scratch/cscs/lhulsbergen/llr40-matrix/bench/hpcagent_bench/envs/vecmath.h -Wall -Wextra,1,5,30,e2bceb68db2b32dc2203a6c6d4bc169dff291a49,2026-09-08T11:21:58+0200,
tsvc_2_s233,fortran,M,ok,729529264,714114931,715314442 725603700 716118860 730083389 731691620 734204971 732069238 726445406 717453597 727433659 804522701 733553186 732521382 732007385 731455244 723007256 714114931 726577369 715787224 732042071 729184797 735332994 833525160 726465629 716549597 727935369 715473539 732956375 729873732 732622146,gfortran,GNU Fortran (SUSE Linux) 13.3.1 20250313 [revision 4ef1d8c84faeebffeb0cc01ee22e891b41e5c4e0],-O3 -march=native -fopenmp -fno-math-errno -fno-trapping-math -fno-signed-zeros  -ffp-contract=fast -fstrict-aliasing -fPIC -ftree-parallelize-loops=1 -Wall -Wextra,1,5,30,e2bceb68db2b32dc2203a6c6d4bc169dff291a49,2026-09-08T11:25:22+0200,
tsvc_2_s233,numba,M,ok,740465868,732755868,761681981 752838901 743489409 759194036 740490187 1053964299 739619945 737430455 738943905 739608874 742858007 732755868 742879446 735907501 738546607 739168633 737678062 1018791689 736194339 758182264 739729830 758016222 738533296 760347339 740441549 761135856 738651084 759197652 740344688 978707733,numba,numba 0.67.0,"@nb.njit(parallel=True, cache=True)",1,5,30,e2bceb68db2b32dc2203a6c6d4bc169dff291a49,2026-09-08T11:28:53+0200,
tsvc_2_s233,c_reference,M,ok,716659306,713806608,716806789 718860957 715151616 720310185 779441178 713808912 716908322 715676878 714735663 716287288 714928744 716204282 716511824 713806608 718224595 714788909 808317178 718373006 716249017 716284664 716880387 714110885 717861088 714325470 717903262 718983640 716097982 717294644 720181966 885346961,gcc,gcc (SUSE Linux) 13.3.1 20250313 [revision 4ef1d8c84faeebffeb0cc01ee22e891b41e5c4e0],-O3 -march=native -fopenmp -fno-math-errno -fno-trapping-math -fno-signed-zeros  -ffp-contract=fast -fstrict-aliasing -fPIC -include /capstor/scratch/cscs/lhulsbergen/llr40-matrix/bench/hpcagent_bench/envs/vecmath.h -Wall -Wextra,1,5,30,e2bceb68db2b32dc2203a6c6d4bc169dff291a49,2026-09-08T11:32:18+0200,source=tsvc_2_s233_reference.c sha256=3d027645c0272e89
tsvc_2_s233,agent,M,ok,66851646,66540458,73985154 66692900 67004633 67080471 67215313 67078678 66906589 66540458 67075126 66901820 66761538 68204974 66823839 66762690 66654853 66830431 66806400 66973242 66999833 66844350 66853886 66714595 66859998 66816095 66712867 66849407 66951451 66833247 67077047 66819167,gcc,gcc (SUSE Linux) 13.3.1 20250313 [revision 4ef1d8c84faeebffeb0cc01ee22e891b41e5c4e0],-O3 -march=native -fopenmp -fno-math-errno -fno-trapping-math -fno-signed-zeros  -ffp-contract=fast -fstrict-aliasing -fPIC -include /capstor/scratch/cscs/lhulsbergen/llr40-matrix/bench/hpcagent_bench/envs/vecmath.h -Wall -Wextra,1,5,30,e2bceb68db2b32dc2203a6c6d4bc169dff291a49,2026-09-08T11:38:01+0200,arm=llr40v10-qwen38-c job=621727 seq=1 lang=c campaign_speedup=75.072 sha256=5179b85fb41f95d2
tsvc_2_s235,c,M,ok,805797394,670073014,806796322 803867490 807764514 802005247 810449225 808043864 807187285 801687242 810925625 808777440 720694868 804455758 807334352 807412909 805814882 808666532 807098424 807159414 800283032 805779906 805359313 670073014 805252245 802405233 833389494 806725028 804832002 802636074 805517451 803358867,gcc,gcc (SUSE Linux) 13.3.1 20250313 [revision 4ef1d8c84faeebffeb0cc01ee22e891b41e5c4e0],-O3 -march=native -fopenmp -fno-math-errno -fno-trapping-math -fno-signed-zeros  -ffp-contract=fast -fstrict-aliasing -fPIC -include /capstor/scratch/cscs/lhulsbergen/llr40-matrix/bench/hpcagent_bench/envs/vecmath.h -Wall -Wextra,1,5,30,e2bceb68db2b32dc2203a6c6d4bc169dff291a49,2026-09-08T11:20:01+0200,
tsvc_2_s235,cpp,M,ok,821213790,726513019,727505434 906811789 726899982 975394811 727087368 974598486 727055944 971730708 735615791 974333694 726557433 963082321 727382238 974580791 726513019 973946123 729446266 975846668 728670227 975743472 730346236 1026489738 729097510 972601719 728488570 978553268 728949099 974493145 730567893 976966824,g++,g++ (SUSE Linux) 13.3.1 20250313 [revision 4ef1d8c84faeebffeb0cc01ee22e891b41e5c4e0],-O3 -march=native -fopenmp -fno-math-errno -fno-trapping-math -fno-signed-zeros  -ffp-contract=fast -fstrict-aliasing -fPIC -include /capstor/scratch/cscs/lhulsbergen/llr40-matrix/bench/hpcagent_bench/envs/vecmath.h -Wall -Wextra,1,5,30,e2bceb68db2b32dc2203a6c6d4bc169dff291a49,2026-09-08T11:24:48+0200,
tsvc_2_s235,fortran,M,ok,792999108,732190595,799661551 732190595 799890823 732482874 803181018 732431771 799913190 769928004 803100093 736111202 803950561 734134372 798722029 735369434 806334995 735114883 799777567 734840703 787276187 734537449 802021653 736661986 804753659 737494118 804082065 736125492 804429605 735531624 799793534 813626198,gfortran,GNU Fortran (SUSE Linux) 13.3.1 20250313 [revision 4ef1d8c84faeebffeb0cc01ee22e891b41e5c4e0],-O3 -march=native -fopenmp -fno-math-errno -fno-trapping-math -fno-signed-zeros  -ffp-contract=fast -fstrict-aliasing -fPIC -ftree-parallelize-loops=1 -Wall -Wextra,1,5,30,e2bceb68db2b32dc2203a6c6d4bc169dff291a49,2026-09-08T11:29:27+0200,
tsvc_2_s235,numba,M,ok,658103293,396884696,658386660 561869940 667328412 660884849 657027536 658001200 658295302 666254592 659411010 659481023 667649714 657662043 656997554 661255973 396884696 648721506 658205386 658504224 646114872 657518784 653117042 658662426 658696281 647483243 657247337 657408420 646975516 658993328 648887101 667516790,numba,numba 0.67.0,"@nb.njit(parallel=True, cache=True)",1,5,30,e2bceb68db2b32dc2203a6c6d4bc169dff291a49,2026-09-08T11:34:26+0200,
tsvc_2_s235,c_reference,M,ok,654437384,489549246,728645161 557650102 728030430 559535800 722882120 489549246 727457009 550062768 729431823 552839094 727862979 551839862 736066066 587647702 727373968 553082091 726707302 556060584 727685765 553628985 721227067 563078465 725440432 559929353 728324337 562492564 729773089 553792116 726106554 560899145,gcc,gcc (SUSE Linux) 13.3.1 20250313 [revision 4ef1d8c84faeebffeb0cc01ee22e891b41e5c4e0],-O3 -march=native -fopenmp -fno-math-errno -fno-trapping-math -fno-signed-zeros  -ffp-contract=fast -fstrict-aliasing -fPIC -include /capstor/scratch/cscs/lhulsbergen/llr40-matrix/bench/hpcagent_bench/envs/vecmath.h -Wall -Wextra,1,5,30,e2bceb68db2b32dc2203a6c6d4bc169dff291a49,2026-09-08T11:39:10+0200,source=tsvc_2_s235_reference.c sha256=2b951a54990630ee
tsvc_2_s235,agent,M,ok,59504310,57029976,60179281 61747421 58356812 59398538 57035640 58009431 57221905 58107573 57277840 59981142 58863067 61666240 60179888 61893240 60294957 61431944 60455336 61400713 60415848 59610083 58601829 58185362 57073014 58265743 57029976 58500135 58948793 60223279 60259086 61218063,gfortran,GNU Fortran (SUSE Linux) 13.3.1 20250313 [revision 4ef1d8c84faeebffeb0cc01ee22e891b41e5c4e0],-O3 -march=native -fopenmp -fno-math-errno -fno-trapping-math -fno-signed-zeros  -ffp-contract=fast -fstrict-aliasing -fPIC -ftree-parallelize-loops=1 -Wall -Wextra,1,5,30,e2bceb68db2b32dc2203a6c6d4bc169dff291a49,2026-09-08T11:43:33+0200,arm=llr40v10-kimi27sglang-fortran job=621022 seq=2 lang=fortran campaign_speedup=32.223 sha256=a769df14b4e33607
tsvc_2_s252,c,M,ok,84643227,81575658,87094689 81575658 87067938 81786531 87027555 82211350 87125600 81698662 87141760 81978334 87392696 81783715 87295355 81700453 87220605 81833794 87182175 82220086 87160832 81933983 87176702 81984797 87395800 81816258 87334106 82023708 87480981 81728742 87316059 82258900,gcc,gcc (SUSE Linux) 13.3.1 20250313 [revision 4ef1d8c84faeebffeb0cc01ee22e891b41e5c4e0],-O3 -march=native -fopenmp -fno-math-errno -fno-trapping-math -fno-signed-zeros  -ffp-contract=fast -fstrict-aliasing -fPIC -include /capstor/scratch/cscs/lhulsbergen/llr40-matrix/bench/hpcagent_bench/envs/vecmath.h -Wall -Wextra,1,5,30,e2bceb68db2b32dc2203a6c6d4bc169dff291a49,2026-09-08T11:17:37+0200,
tsvc_2_s252,cpp,M,ok,85622420,84631794,86085446 84894347 85687250 85118500 85557591 84849451 85782096 85071461 86015016 84839564 85914380 84631794 86105894 84798253 85707602 85749360 86424477 85023078 85846349 84777487 85835695 93571332 85801905 85102150 85740337 85129444 85521305 84865453 85792240 85046119,g++,g++ (SUSE Linux) 13.3.1 20250313 [revision 4ef1d8c84faeebffeb0cc01ee22e891b41e5c4e0],-O3 -march=native -fopenmp -fno-math-errno -fno-trapping-math -fno-signed-zeros  -ffp-contract=fast -fstrict-aliasing -fPIC -include /capstor/scratch/cscs/lhulsbergen/llr40-matrix/bench/hpcagent_bench/envs/vecmath.h -Wall -Wextra,1,5,30,e2bceb68db2b32dc2203a6c6d4bc169dff291a49,2026-09-08T11:19:58+0200,
tsvc_2_s252,fortran,M,ok,86482155,86129670,86396158 86362975 86634200 86384351 86432957 86129670 86621464 86617528 86545178 86448861 86406015 86665174 86415070 86552570 86868913 86378815 86584921 86382143 191373512 86349344 86210053 86591352 86532634 86408062 86752916 86179365 86610104 86465340 94794527 86498971,gfortran,GNU Fortran (SUSE Linux) 13.3.1 20250313 [revision 4ef1d8c84faeebffeb0cc01ee22e891b41e5c4e0],-O3 -march=native -fopenmp -fno-math-errno -fno-trapping-math -fno-signed-zeros  -ffp-contract=fast -fstrict-aliasing -fPIC -ftree-parallelize-loops=1 -Wall -Wextra,1,5,30,e2bceb68db2b32dc2203a6c6d4bc169dff291a49,2026-09-08T11:22:26+0200,
tsvc_2_s252,numba,M,ok,81491303,81140418,81836812 81485432 81372250 81381627 81303037 81713073 85158472 81516886 81346940 81612627 82087781 81497175 81347548 81498487 81140418 81525654 81453528 81726128 81522390 81497271 81398650 81481815 81543253 81411034 81443736 81363675 81402361 81583124 81426489 81704176,numba,numba 0.67.0,"@nb.njit(parallel=True, cache=True)",1,5,30,e2bceb68db2b32dc2203a6c6d4bc169dff291a49,2026-09-08T11:25:03+0200,
tsvc_2_s252,c_reference,M,ok,84913583,81178641,87567150 81178641 87791816 81613061 87462610 81491657 87566607 81501928 87314838 81774976 87470994 81563206 87620269 81549990 87431411 81933659 87960803 81389067 87832935 81500744 87425651 82512329 87928964 81587078 87750377 81445865 87673900 81530662 87377588 81779583,gcc,gcc (SUSE Linux) 13.3.1 20250313 [revision 4ef1d8c84faeebffeb0cc01ee22e891b41e5c4e0],-O3 -march=native -fopenmp -fno-math-errno -fno-trapping-math -fno-signed-zeros  -ffp-contract=fast -fstrict-aliasing -fPIC -include /capstor/scratch/cscs/lhulsbergen/llr40-matrix/bench/hpcagent_bench/envs/vecmath.h -Wall -Wextra,1,5,30,e2bceb68db2b32dc2203a6c6d4bc169dff291a49,2026-09-08T11:27:23+0200,source=tsvc_2_s252_reference.c sha256=99dd993ff020229d
tsvc_2_s252,agent,M,ok,87560323,87344058,87354263 87383319 88510868 88108803 88127298 88661426 88921739 88620692 87412888 87524693 87531701 87795277 87607346 87427800 87391801 87546324 87502710 87560116 87380153 87907113 87477366 87489685 87344058 87654256 87751598 87539413 87619858 194239681 87560531 87605682,gcc,gcc (SUSE Linux) 13.3.1 20250313 [revision 4ef1d8c84faeebffeb0cc01ee22e891b41e5c4e0],-O3 -march=native -fopenmp -fno-math-errno -fno-trapping-math -fno-signed-zeros  -ffp-contract=fast -fstrict-aliasing -fPIC -include /capstor/scratch/cscs/lhulsbergen/llr40-matrix/bench/hpcagent_bench/envs/vecmath.h -Wall -Wextra,1,5,30,e2bceb68db2b32dc2203a6c6d4bc169dff291a49,2026-09-08T11:29:45+0200,arm=llr40v10-kimi27sglang-c job=621018 seq=2 lang=c campaign_speedup=5.216 sha256=71abe07e7f72019f
tsvc_2_s255,c,M,ok,78868688,76491949,79359664 77388816 79555913 79117976 78703334 76851745 79585417 76774371 79068218 79577705 78454381 78974941 79627815 80343216 76984925 80314385 76491949 78028155 78762435 77715077 78276499 79281746 79849120 79937757 78757411 76763716 78217269 80101592 80073913 77558059,gcc,gcc (SUSE Linux) 13.3.1 20250313 [revision 4ef1d8c84faeebffeb0cc01ee22e891b41e5c4e0],-O3 -march=native -fopenmp -fno-math-errno -fno-trapping-math -fno-signed-zeros  -ffp-contract=fast -fstrict-aliasing -fPIC -include /capstor/scratch/cscs/lhulsbergen/llr40-matrix/bench/hpcagent_bench/envs/vecmath.h -Wall -Wextra,1,5,30,e2bceb68db2b32dc2203a6c6d4bc169dff291a49,2026-09-08T11:18:37+0200,
tsvc_2_s255,cpp,M,ok,78754903,77305847,78525552 79794374 78522991 80043966 79745127 80363668 77305847 79291223 79722056 77662891 80574380 79185082 79137244 77983873 80107068 78980545 78186235 78213370 78762087 78747719 79880099 78694346 79691018 77624140 77667627 78298134 78226393 78087102 77839942 79445969,g++,g++ (SUSE Linux) 13.3.1 20250313 [revision 4ef1d8c84faeebffeb0cc01ee22e891b41e5c4e0],-O3 -march=native -fopenmp -fno-math-errno -fno-trapping-math -fno-signed-zeros  -ffp-contract=fast -fstrict-aliasing -fPIC -include /capstor/scratch/cscs/lhulsbergen/llr40-matrix/bench/hpcagent_bench/envs/vecmath.h -Wall -Wextra,1,5,30,e2bceb68db2b32dc2203a6c6d4bc169dff291a49,2026-09-08T11:22:09+0200,
tsvc_2_s255,fortran,M,ok,78774773,76177754,78510414 77632010 78691241 77964351 78724775 78894849 79998909 77619306 80105434 78685864 79485519 79432464 78095195 76177754 79634698 78630921 78373427 79057980 78277173 79590603 79322324 78747654 80597962 78648682 78399538 78801893 79615402 79328435 78964479 79975262,gfortran,GNU Fortran (SUSE Linux) 13.3.1 20250313 [revision 4ef1d8c84faeebffeb0cc01ee22e891b41e5c4e0],-O3 -march=native -fopenmp -fno-math-errno -fno-trapping-math -fno-signed-zeros  -ffp-contract=fast -fstrict-aliasing -fPIC -ftree-parallelize-loops=1 -Wall -Wextra,1,5,30,e2bceb68db2b32dc2203a6c6d4bc169dff291a49,2026-09-08T11:25:35+0200,
tsvc_2_s255,numba,M,ok,81287679,81051255,81315598 81332110 81154355 81580998 81051255 81513416 81212914 81547079 81114421 81506888 81268528 81566886 81135636 81424619 81312943 81467465 81236016 81192626 81176435 81387084 81152531 81257520 81276528 81369676 81262064 81298831 81246577 81403947 81403180 81124244,numba,numba 0.67.0,"@nb.njit(parallel=True, cache=True)",1,5,30,e2bceb68db2b32dc2203a6c6d4bc169dff291a49,2026-09-08T11:29:07+0200,
tsvc_2_s255,c_reference,M,ok,79306544,76875296,80210484 79675013 79460747 78789089 78964156 77299890 77636168 79219347 79816160 78912862 77531371 80798369 79051353 79834784 79393742 78370640 77884607 87361772 87446600 80265586 79450924 80833823 77232180 79403086 79913501 80245650 78159446 76875296 78756419 79000379,gcc,gcc (SUSE Linux) 13.3.1 20250313 [revision 4ef1d8c84faeebffeb0cc01ee22e891b41e5c4e0],-O3 -march=native -fopenmp -fno-math-errno -fno-trapping-math -fno-signed-zeros  -ffp-contract=fast -fstrict-aliasing -fPIC -include /capstor/scratch/cscs/lhulsbergen/llr40-matrix/bench/hpcagent_bench/envs/vecmath.h -Wall -Wextra,1,5,30,e2bceb68db2b32dc2203a6c6d4bc169dff291a49,2026-09-08T11:32:29+0200,source=tsvc_2_s255_reference.c sha256=d0906f68c79e1e1d
tsvc_2_s255,agent,M,ok,66181021,65565937,65652622 66184477 66865415 66249466 65565937 66239995 65739659 66269562 65780490 66416085 65915877 66609711 66091551 66268506 65854023 66195484 66141310 66258266 66177565 66242171 65945988 66300473 65947749 66171422 75449424 66434260 65905381 66168349 65956004 66539633,gfortran,GNU Fortran (SUSE Linux) 13.3.1 20250313 [revision 4ef1d8c84faeebffeb0cc01ee22e891b41e5c4e0],-O3 -march=native -fopenmp -fno-math-errno -fno-trapping-math -fno-signed-zeros  -ffp-contract=fast -fstrict-aliasing -fPIC -ftree-parallelize-loops=1 -Wall -Wextra,1,5,30,e2bceb68db2b32dc2203a6c6d4bc169dff291a49,2026-09-08T11:35:57+0200,arm=llr40v10-qwen38-fortran job=621728 seq=1 lang=fortran campaign_speedup=247.766 sha256=38ad53a4faa12be5
tsvc_2_s2710,c,M,ok,217607501,214572822,219799039 216010514 219963450 215132620 219405034 215484641 220404300 215579454 220153075 215216617 220810880 215060942 220175411 215121957 220855032 215486906 219834902 214912107 220233355 215507610 219904532 215364254 219677531 215830832 219310790 214572822 219204489 215061831 219380836 215030344,gcc,gcc (SUSE Linux) 13.3.1 20250313 [revision 4ef1d8c84faeebffeb0cc01ee22e891b41e5c4e0],-O3 -march=native -fopenmp -fno-math-errno -fno-trapping-math -fno-signed-zeros  -ffp-contract=fast -fstrict-aliasing -fPIC -include /capstor/scratch/cscs/lhulsbergen/llr40-matrix/bench/hpcagent_bench/envs/vecmath.h -Wall -Wextra,1,5,30,e2bceb68db2b32dc2203a6c6d4bc169dff291a49,2026-09-08T11:18:42+0200,
tsvc_2_s2710,cpp,M,ok,216865545,216224396,217066803 216887288 217456871 216729949 216955606 216224396 217286220 216819866 217532869 217171376 216827962 216449093 217168239 216562306 217184559 216592225 217112594 216263595 216824474 216843802 217223726 216949463 216671807 216455589 217077170 216812443 216670622 217081138 216902040 216530307,g++,g++ (SUSE Linux) 13.3.1 20250313 [revision 4ef1d8c84faeebffeb0cc01ee22e891b41e5c4e0],-O3 -march=native -fopenmp -fno-math-errno -fno-trapping-math -fno-signed-zeros  -ffp-contract=fast -fstrict-aliasing -fPIC -include /capstor/scratch/cscs/lhulsbergen/llr40-matrix/bench/hpcagent_bench/envs/vecmath.h -Wall -Wextra,1,5,30,e2bceb68db2b32dc2203a6c6d4bc169dff291a49,2026-09-08T11:22:16+0200,
tsvc_2_s2710,fortran,M,ok,220045106,219213612,220273260 220075858 219213612 219838777 219410534 219805466 219906486 220266349 220195566 220573410 221385194 220293099 219503138 220910201 219570593 220194158 219701821 219612576 219615199 220080946 220424007 219981812 219796217 219604064 219304041 295217271 220028307 220386536 220061906 220233036,gfortran,GNU Fortran (SUSE Linux) 13.3.1 20250313 [revision 4ef1d8c84faeebffeb0cc01ee22e891b41e5c4e0],-O3 -march=native -fopenmp -fno-math-errno -fno-trapping-math -fno-signed-zeros  -ffp-contract=fast -fstrict-aliasing -fPIC -ftree-parallelize-loops=1 -Wall -Wextra,1,5,30,e2bceb68db2b32dc2203a6c6d4bc169dff291a49,2026-09-08T11:25:50+0200,
tsvc_2_s2710,numba,M,ok,99706348,92479095,106945569 92944969 106856932 92911017 106544878 93007047 106870212 92956264 106714056 92816396 106900868 92946953 107014016 92844844 106828741 93063333 106745480 92845419 106697705 92708272 106885379 92629458 106716489 92918345 106763591 92881258 106349364 92479095 106786054 92719887,numba,numba 0.67.0,"@nb.njit(parallel=True, cache=True)",1,5,30,e2bceb68db2b32dc2203a6c6d4bc169dff291a49,2026-09-08T11:29:21+0200,
tsvc_2_s2710,c_reference,M,ok,216950282,215509622,215812493 217153764 216224416 217215810 215859308 217592439 215773326 217766034 216855373 217490138 216079045 217075366 215718576 216661204 331491464 217236547 216203809 217045192 215699664 217409756 215631859 217741171 215814765 217333343 215812044 217243266 215509622 218509723 215939465 217317344,gcc,gcc (SUSE Linux) 13.3.1 20250313 [revision 4ef1d8c84faeebffeb0cc01ee22e891b41e5c4e0],-O3 -march=native -fopenmp -fno-math-errno -fno-trapping-math -fno-signed-zeros  -ffp-contract=fast -fstrict-aliasing -fPIC -include /capstor/scratch/cscs/lhulsbergen/llr40-matrix/bench/hpcagent_bench/envs/vecmath.h -Wall -Wextra,1,5,30,e2bceb68db2b32dc2203a6c6d4bc169dff291a49,2026-09-08T11:32:54+0200,source=tsvc_2_s2710_reference.c sha256=b9082229eb88c749
tsvc_2_s2710,agent,M,ok,83307228,82592003,83321452 83523206 83583140 83367787 82969111 83860060 83043829 83547782 83207121 83567813 82756253 83252206 83257134 83313548 83043669 83379435 83270766 83391083 82688640 83451272 82592003 83406090 82958871 83549862 82844251 83362347 83241999 83343212 82967606 83300909,gfortran,GNU Fortran (SUSE Linux) 13.3.1 20250313 [revision 4ef1d8c84faeebffeb0cc01ee22e891b41e5c4e0],-O3 -march=native -fopenmp -fno-math-errno -fno-trapping-math -fno-signed-zeros  -ffp-contract=fast -fstrict-aliasing -fPIC -ftree-parallelize-loops=1 -Wall -Wextra,1,5,30,e2bceb68db2b32dc2203a6c6d4bc169dff291a49,2026-09-08T11:36:22+0200,arm=llr40v10-kimi27sglang-fortran job=621022 seq=5 lang=fortran campaign_speedup=40.509 sha256=91c5abb4bd6419b5
tsvc_2_s275,c,M,ok,720062194,695539163,719624552 730968176 733445598 699022771 720471052 696007916 720140624 696070825 719983765 699214562 721146959 697786130 721882326 700047175 722328232 701746255 720873336 791228039 721683005 697693333 722240043 696616984 721982099 695539163 721241259 697005771 719002805 867425493 721720988 696959052,gcc,gcc (SUSE Linux) 13.3.1 20250313 [revision 4ef1d8c84faeebffeb0cc01ee22e891b41e5c4e0],-O3 -march=native -fopenmp -fno-math-errno -fno-trapping-math -fno-signed-zeros  -ffp-contract=fast -fstrict-aliasing -fPIC -include /capstor/scratch/cscs/lhulsbergen/llr40-matrix/bench/hpcagent_bench/envs/vecmath.h -Wall -Wextra,1,5,30,e2bceb68db2b32dc2203a6c6d4bc169dff291a49,2026-09-08T11:18:56+0200,
tsvc_2_s275,cpp,M,ok,783266205,714842303,783027030 835988034 789808150 716782527 792521884 717737247 789139308 714894461 783285292 716590021 947806905 716328910 789496415 716508488 787420484 714842303 784499492 716332397 813886012 717656674 783247118 715023033 789672314 715870397 787069935 718807164 792651735 715137301 788617533 919185513,g++,g++ (SUSE Linux) 13.3.1 20250313 [revision 4ef1d8c84faeebffeb0cc01ee22e891b41e5c4e0],-O3 -march=native -fopenmp -fno-math-errno -fno-trapping-math -fno-signed-zeros  -ffp-contract=fast -fstrict-aliasing -fPIC -include /capstor/scratch/cscs/lhulsbergen/llr40-matrix/bench/hpcagent_bench/envs/vecmath.h -Wall -Wextra,1,5,30,e2bceb68db2b32dc2203a6c6d4bc169dff291a49,2026-09-08T11:22:39+0200,
tsvc_2_s275,fortran,M,ok,759481398,679498599,696861482 803250866 696917512 865262995 699388693 812903188 717808598 802750851 698544818 803825536 696408825 802358096 693305119 679498599 695859658 804271888 697036451 802155062 696601138 803553256 695716943 802940348 856337210 803572871 695727150 803441612 696618225 802027322 696249565 801154199,gfortran,GNU Fortran (SUSE Linux) 13.3.1 20250313 [revision 4ef1d8c84faeebffeb0cc01ee22e891b41e5c4e0],-O3 -march=native -fopenmp -fno-math-errno -fno-trapping-math -fno-signed-zeros  -ffp-contract=fast -fstrict-aliasing -fPIC -ftree-parallelize-loops=1 -Wall -Wextra,1,5,30,e2bceb68db2b32dc2203a6c6d4bc169dff291a49,2026-09-08T11:26:22+0200,
tsvc_2_s275,numba,M,ok,694067715,584545543,585442410 711915381 588651743 711333768 585116468 900184166 586054038 696201980 588739516 694133121 584545543 695034467 586932120 696185052 585026582 694585042 585499144 694589490 586901081 694002309 586208463 695664462 587627521 705838685 586765790 695279163 768277390 696504914 586573412 695236572,numba,numba 0.67.0,"@nb.njit(parallel=True, cache=True)",1,5,30,e2bceb68db2b32dc2203a6c6d4bc169dff291a49,2026-09-08T11:30:03+0200,
tsvc_2_s275,c_reference,M,ok,812230774,717165652,719455913 883900048 719473896 882269575 719153875 882012719 719488231 882478048 718313231 882068941 744182488 882715831 719260880 881587933 717205108 881952048 717165652 1092628592 718419669 881693638 717503251 882063353 718420757 882219988 718829960 883100567 718083905 880279060 720597517 881486605,gcc,gcc (SUSE Linux) 13.3.1 20250313 [revision 4ef1d8c84faeebffeb0cc01ee22e891b41e5c4e0],-O3 -march=native -fopenmp -fno-math-errno -fno-trapping-math -fno-signed-zeros  -ffp-contract=fast -fstrict-aliasing -fPIC -include /capstor/scratch/cscs/lhulsbergen/llr40-matrix/bench/hpcagent_bench/envs/vecmath.h -Wall -Wextra,1,5,30,e2bceb68db2b32dc2203a6c6d4bc169dff291a49,2026-09-08T11:33:49+0200,source=tsvc_2_s275_reference.c sha256=f1196da07f7aa442
tsvc_2_s275,agent,M,ok,163304608,161897343,163687397 166970360 164556488 162785602 163856255 163107992 164523240 162299154 163742434 161897343 164325518 162158071 163332335 162424653 164077400 162608488 165041528 162456108 164426187 162937213 164907228 162167414 164398733 162369264 164388045 161993436 163276882 162410126 164473514 162204949,gfortran,GNU Fortran (SUSE Linux) 13.3.1 20250313 [revision 4ef1d8c84faeebffeb0cc01ee22e891b41e5c4e0],-O3 -march=native -fopenmp -fno-math-errno -fno-trapping-math -fno-signed-zeros  -ffp-contract=fast -fstrict-aliasing -fPIC -ftree-parallelize-loops=1 -Wall -Wextra,1,5,30,e2bceb68db2b32dc2203a6c6d4bc169dff291a49,2026-09-08T11:37:13+0200,arm=llr40v10-qwen38-fortran job=621385 seq=2 lang=fortran campaign_speedup=52.994 sha256=0f148b2b32589e8d
tsvc_2_s311,c,M,ok,136855997,136657239,136735406 136681936 136837227 136803884 137051781 137116483 136738158 136661488 136820748 137070981 136911721 137023397 136758157 136871274 136850219 137310237 136824043 136927625 136930120 136998022 136851595 136804620 136782029 137071908 136925864 137016523 136863792 136657239 136719124 136860400,gcc,gcc (SUSE Linux) 13.3.1 20250313 [revision 4ef1d8c84faeebffeb0cc01ee22e891b41e5c4e0],-O3 -march=native -fopenmp -fno-math-errno -fno-trapping-math -fno-signed-zeros  -ffp-contract=fast -fstrict-aliasing -fPIC -include /capstor/scratch/cscs/lhulsbergen/llr40-matrix/bench/hpcagent_bench/envs/vecmath.h -Wall -Wextra,1,5,30,e2bceb68db2b32dc2203a6c6d4bc169dff291a49,2026-09-08T11:19:14+0200,
tsvc_2_s311,cpp,M,ok,136922546,136740712,136743209 136829733 136969441 137193755 137160444 136831654 136941858 136803654 136899075 137032672 136986752 137138972 136846021 136828005 136855717 136892483 137002176 137226554 137099998 136791687 136938402 136881444 136988961 137080862 137162619 136740712 136804422 136906691 137019648 136823525,g++,g++ (SUSE Linux) 13.3.1 20250313 [revision 4ef1d8c84faeebffeb0cc01ee22e891b41e5c4e0],-O3 -march=native -fopenmp -fno-math-errno -fno-trapping-math -fno-signed-zeros  -ffp-contract=fast -fstrict-aliasing -fPIC -include /capstor/scratch/cscs/lhulsbergen/llr40-matrix/bench/hpcagent_bench/envs/vecmath.h -Wall -Wextra,1,5,30,e2bceb68db2b32dc2203a6c6d4bc169dff291a49,2026-09-08T11:23:21+0200,
tsvc_2_s311,fortran,M,ok,136926248,136654177,136879322 136896569 137023540 137013270 136912632 136827035 136748189 136806844 137146257 136994006 137137137 136820635 136759709 136804060 136766653 136958999 136915512 136970966 136654177 136890201 136797340 137070516 137125010 137000789 148849296 149200677 136843099 137035156 136936984 136981110,gfortran,GNU Fortran (SUSE Linux) 13.3.1 20250313 [revision 4ef1d8c84faeebffeb0cc01ee22e891b41e5c4e0],-O3 -march=native -fopenmp -fno-math-errno -fno-trapping-math -fno-signed-zeros  -ffp-contract=fast -fstrict-aliasing -fPIC -ftree-parallelize-loops=1 -Wall -Wextra,1,5,30,e2bceb68db2b32dc2203a6c6d4bc169dff291a49,2026-09-08T11:27:28+0200,
tsvc_2_s311,numba,M,ok,136906045,136652037,136652037 136833312 136966108 137015482 136899167 136708899 136703076 136736131 137087928 137057177 136947036 136940189 136707588 136992155 136763010 137022395 136937116 136910813 136938621 137017146 136897021 136664516 136733859 136973308 137041465 136901277 137010170 136739587 136754307 136756514,numba,numba 0.67.0,"@nb.njit(parallel=True, cache=True)",1,5,30,e2bceb68db2b32dc2203a6c6d4bc169dff291a49,2026-09-08T11:31:40+0200,
tsvc_2_s311,c_reference,M,ok,136894481,136721414,136745189 136997918 136861729 136932704 137093659 136823779 136755941 136777188 136909153 137140505 137112922 136833763 136724454 136828386 136863586 137110394 137176760 136997597 136746821 136721414 136935296 137063739 136988510 137109146 137805669 136879809 136733189 136825314 136847714 136994558,gcc,gcc (SUSE Linux) 13.3.1 20250313 [revision 4ef1d8c84faeebffeb0cc01ee22e891b41e5c4e0],-O3 -march=native -fopenmp -fno-math-errno -fno-trapping-math -fno-signed-zeros  -ffp-contract=fast -fstrict-aliasing -fPIC -include /capstor/scratch/cscs/lhulsbergen/llr40-matrix/bench/hpcagent_bench/envs/vecmath.h -Wall -Wextra,1,5,30,e2bceb68db2b32dc2203a6c6d4bc169dff291a49,2026-09-08T11:35:47+0200,source=tsvc_2_s311_reference.c sha256=0f8523ac721d9f18
tsvc_2_s311,agent,M,ok,76128839,75830160,75915182 76246852 76305474 76039754 76101321 76248356 76197637 76082697 76163079 76553275 76199462 76066730 75945101 76344514 76011083 76073322 76135751 76346817 76476030 75999563 75830160 76211653 76292867 75987916 75914862 76419839 76101257 75998636 76121928 76484541,gfortran,GNU Fortran (SUSE Linux) 13.3.1 20250313 [revision 4ef1d8c84faeebffeb0cc01ee22e891b41e5c4e0],-O3 -march=native -fopenmp -fno-math-errno -fno-trapping-math -fno-signed-zeros  -ffp-contract=fast -fstrict-aliasing -fPIC -ftree-parallelize-loops=1 -Wall -Wextra,1,5,30,e2bceb68db2b32dc2203a6c6d4bc169dff291a49,2026-09-08T11:39:51+0200,arm=llr40v10-qwen38-fortran job=622266 seq=1 lang=fortran campaign_speedup=20.388 sha256=a0e8000562ea9700
tsvc_2_s3110,c,M,ok,122057254,121443161,122053926 121827725 122404058 121794190 186623769 178436667 189211272 175099171 122185698 121977416 122116420 121953833 122348700 121776975 122192321 121443161 122709009 121778575 122060582 121971816 122105668 121883628 122118339 122079749 121443577 121817358 122484792 121769103 122047494 121791823,gcc,gcc (SUSE Linux) 13.3.1 20250313 [revision 4ef1d8c84faeebffeb0cc01ee22e891b41e5c4e0],-O3 -march=native -fopenmp -fno-math-errno -fno-trapping-math -fno-signed-zeros  -ffp-contract=fast -fstrict-aliasing -fPIC -include /capstor/scratch/cscs/lhulsbergen/llr40-matrix/bench/hpcagent_bench/envs/vecmath.h -Wall -Wextra,1,5,30,e2bceb68db2b32dc2203a6c6d4bc169dff291a49,2026-09-08T11:19:10+0200,
tsvc_2_s3110,cpp,M,ok,122232173,121751996,121942390 122376457 122132593 174905628 187941540 193961543 182016477 192877866 153445756 196104133 191419768 193885706 126779999 121827578 122091378 122266284 121949814 122267692 121862009 122320683 121757628 122183631 122136400 121936855 122157296 122272652 122089554 122198063 121751996 122038259,g++,g++ (SUSE Linux) 13.3.1 20250313 [revision 4ef1d8c84faeebffeb0cc01ee22e891b41e5c4e0],-O3 -march=native -fopenmp -fno-math-errno -fno-trapping-math -fno-signed-zeros  -ffp-contract=fast -fstrict-aliasing -fPIC -include /capstor/scratch/cscs/lhulsbergen/llr40-matrix/bench/hpcagent_bench/envs/vecmath.h -Wall -Wextra,1,5,30,e2bceb68db2b32dc2203a6c6d4bc169dff291a49,2026-09-08T11:22:34+0200,
tsvc_2_s3110,fortran,M,ok,121811748,120863634,153297720 152343702 191569065 160549717 191177718 163067815 189637349 187981401 191628998 190898814 189298671 127981587 121209607 121767254 120863634 121543549 121371650 121681657 121039212 121856243 122212264 121668088 121443903 121635865 121207111 122006766 121171336 121667225 121443904 121640442,gfortran,GNU Fortran (SUSE Linux) 13.3.1 20250313 [revision 4ef1d8c84faeebffeb0cc01ee22e891b41e5c4e0],-O3 -march=native -fopenmp -fno-math-errno -fno-trapping-math -fno-signed-zeros  -ffp-contract=fast -fstrict-aliasing -fPIC -ftree-parallelize-loops=1 -Wall -Wextra,1,5,30,e2bceb68db2b32dc2203a6c6d4bc169dff291a49,2026-09-08T11:25:54+0200,
tsvc_2_s3110,numba,M,ok,320319855,320071334,320088038 320104485 320206242 321017161 320283807 320071334 320211458 320690771 320696146 320319775 320524696 320571799 320846638 320510328 320583607 320486649 320642004 320457626 320503353 323465308 320685523 320319935 320289376 320203810 320267968 320293760 320156451 320170147 320135813 320251073,numba,numba 0.67.0,"@nb.njit(parallel=True, cache=True)",1,5,30,e2bceb68db2b32dc2203a6c6d4bc169dff291a49,2026-09-08T11:29:26+0200,
tsvc_2_s3110,c_reference,M,ok,176792478,121484503,121782103 122075917 121912243 122002703 121817493 122040750 121647482 121886226 121741399 148301943 187655845 190066298 177706653 188153525 189306482 189577640 187352526 186257553 193913536 188144438 193910593 193478094 188343984 177192514 193469569 176392442 121739023 121851852 121484503 121740463,gcc,gcc (SUSE Linux) 13.3.1 20250313 [revision 4ef1d8c84faeebffeb0cc01ee22e891b41e5c4e0],-O3 -march=native -fopenmp -fno-math-errno -fno-trapping-math -fno-signed-zeros  -ffp-contract=fast -fstrict-aliasing -fPIC -include /capstor/scratch/cscs/lhulsbergen/llr40-matrix/bench/hpcagent_bench/envs/vecmath.h -Wall -Wextra,1,5,30,e2bceb68db2b32dc2203a6c6d4bc169dff291a49,2026-09-08T11:32:55+0200,source=tsvc_2_s3110_reference.c sha256=f761d4122cc24220
tsvc_2_s3110,agent,M,ok,121879552,121530459,121556954 121895471 121855505 121848273 121790803 121905807 121683030 122314274 121580153 121899983 122039659 121840946 121723764 122305987 121530459 122120744 121697813 121835090 121901839 121869680 121654903 122211461 122825651 121816946 122090793 122099753 121889424 123825043 121723476 122090506,gcc,gcc (SUSE Linux) 13.3.1 20250313 [revision 4ef1d8c84faeebffeb0cc01ee22e891b41e5c4e0],-O3 -march=native -fopenmp -fno-math-errno -fno-trapping-math -fno-signed-zeros  -ffp-contract=fast -fstrict-aliasing -fPIC -include /capstor/scratch/cscs/lhulsbergen/llr40-matrix/bench/hpcagent_bench/envs/vecmath.h -Wall -Wextra,1,5,30,e2bceb68db2b32dc2203a6c6d4bc169dff291a49,2026-09-08T11:42:27+0200,arm=llr40v10-kimi27sglang-c job=621730 seq=2 lang=c campaign_speedup=14.828 sha256=200d711633cc4004
tsvc_2_s3111,c,M,ok,124202113,123912519,123912519 124275996 124010083 124255773 124021315 124312123 124039938 124389209 124015139 124310299 124194270 124448094 123996107 124209956 123999914 124333153 124024746 124268259 123975403 124286275 124015211 124240996 124053257 124187366 124135175 124382048 123995819 124234276 135244009 135951669,gcc,gcc (SUSE Linux) 13.3.1 20250313 [revision 4ef1d8c84faeebffeb0cc01ee22e891b41e5c4e0],-O3 -march=native -fopenmp -fno-math-errno -fno-trapping-math -fno-signed-zeros  -ffp-contract=fast -fstrict-aliasing -fPIC -include /capstor/scratch/cscs/lhulsbergen/llr40-matrix/bench/hpcagent_bench/envs/vecmath.h -Wall -Wextra,1,5,30,e2bceb68db2b32dc2203a6c6d4bc169dff291a49,2026-09-08T11:18:29+0200,
tsvc_2_s3111,cpp,M,ok,124092558,123889683,124153323 124029167 124068271 124159084 124141036 124129260 124010960 125655905 124066190 124072238 124042638 124109453 124049871 124167372 124108653 124098734 123959633 124100781 124054894 124243593 123902034 124086382 123952529 124192171 123889683 124298855 124027407 124212906 123936881 124250568,g++,g++ (SUSE Linux) 13.3.1 20250313 [revision 4ef1d8c84faeebffeb0cc01ee22e891b41e5c4e0],-O3 -march=native -fopenmp -fno-math-errno -fno-trapping-math -fno-signed-zeros  -ffp-contract=fast -fstrict-aliasing -fPIC -include /capstor/scratch/cscs/lhulsbergen/llr40-matrix/bench/hpcagent_bench/envs/vecmath.h -Wall -Wextra,1,5,30,e2bceb68db2b32dc2203a6c6d4bc169dff291a49,2026-09-08T11:21:10+0200,
tsvc_2_s3111,fortran,M,ok,722405455,721638198,722492893 721791249 721967788 722503965 721908398 721923150 722312226 723154122 722099049 722729654 769360584 722390912 722730710 721755410 723402723 723027757 723055085 722544699 722964559 722419999 723084044 722345825 721906094 722748886 723396036 722216293 722065609 722244964 722359041 721638198,gfortran,GNU Fortran (SUSE Linux) 13.3.1 20250313 [revision 4ef1d8c84faeebffeb0cc01ee22e891b41e5c4e0],-O3 -march=native -fopenmp -fno-math-errno -fno-trapping-math -fno-signed-zeros  -ffp-contract=fast -fstrict-aliasing -fPIC -ftree-parallelize-loops=1 -Wall -Wextra,1,5,30,e2bceb68db2b32dc2203a6c6d4bc169dff291a49,2026-09-08T11:24:16+0200,
tsvc_2_s3111,numba,M,ok,309819141,309534035,309608241 309606609 309633488 309867241 310236287 333681377 321038155 309840970 309634576 309534035 309814378 309806891 310002117 309914888 309873353 309780780 309744429 309623493 309608550 309643909 309949468 310018682 310254675 309917724 309741826 309672227 309572711 309823904 309971739 310015097,numba,numba 0.67.0,"@nb.njit(parallel=True, cache=True)",1,5,30,e2bceb68db2b32dc2203a6c6d4bc169dff291a49,2026-09-08T11:27:09+0200,
tsvc_2_s3111,c_reference,M,ok,124176958,123959765,124324106 124213261 125814656 124271884 124104689 124171247 124015507 124182670 124078738 124212429 124110928 124168911 124119728 124304779 124071730 124320298 124096080 124215214 123962165 124239277 124082353 124282059 124053938 124330026 123959765 124197134 124098161 124254413 124004019 124333482,gcc,gcc (SUSE Linux) 13.3.1 20250313 [revision 4ef1d8c84faeebffeb0cc01ee22e891b41e5c4e0],-O3 -march=native -fopenmp -fno-math-errno -fno-trapping-math -fno-signed-zeros  -ffp-contract=fast -fstrict-aliasing -fPIC -include /capstor/scratch/cscs/lhulsbergen/llr40-matrix/bench/hpcagent_bench/envs/vecmath.h -Wall -Wextra,1,5,30,e2bceb68db2b32dc2203a6c6d4bc169dff291a49,2026-09-08T11:29:50+0200,source=tsvc_2_s3111_reference.c sha256=85c653ceb8551f40
tsvc_2_s3111,agent,M,ok,124188334,124037875,124095985 124358666 124147824 124298379 124056882 124426120 124129104 124151408 124165071 124304171 124111441 124078258 124116752 124293100 124244397 124175727 124078354 124298539 124124208 124679873 124183758 137804171 135557899 135648008 124292844 125074005 124230829 124037875 124192911 124109265,gcc,gcc (SUSE Linux) 13.3.1 20250313 [revision 4ef1d8c84faeebffeb0cc01ee22e891b41e5c4e0],-O3 -march=native -fopenmp -fno-math-errno -fno-trapping-math -fno-signed-zeros  -ffp-contract=fast -fstrict-aliasing -fPIC -include /capstor/scratch/cscs/lhulsbergen/llr40-matrix/bench/hpcagent_bench/envs/vecmath.h -Wall -Wextra,1,5,30,e2bceb68db2b32dc2203a6c6d4bc169dff291a49,2026-09-08T11:35:00+0200,arm=llr40v10-qwen38-c job=622265 seq=1 lang=c campaign_speedup=28.882 sha256=d001c96b2307f575
tsvc_2_s3112,c,M,ok,81782567,81608418,81793256 81682634 81701002 81740873 81819558 81644844 81917379 81655884 81810566 81735465 81828774 81664971 81770088 81776008 81789127 81699274 81837062 81669663 81976438 81608418 81856794 81671679 175796344 81880985 81852922 81871481 81645472 81808507 81650720 81810587,gcc,gcc (SUSE Linux) 13.3.1 20250313 [revision 4ef1d8c84faeebffeb0cc01ee22e891b41e5c4e0],-O3 -march=native -fopenmp -fno-math-errno -fno-trapping-math -fno-signed-zeros  -ffp-contract=fast -fstrict-aliasing -fPIC -include /capstor/scratch/cscs/lhulsbergen/llr40-matrix/bench/hpcagent_bench/envs/vecmath.h -Wall -Wextra,1,5,30,e2bceb68db2b32dc2203a6c6d4bc169dff291a49,2026-09-08T11:17:39+0200,
tsvc_2_s3112,cpp,M,ok,81744528,81569542,81918331 81569542 81763808 91425458 81870556 81581061 82019768 81757057 81648644 81863005 81822878 81861277 81687139 81730562 81701634 81970041 81681442 81854781 81679298 81905755 81679299 81739296 81661795 81873725 81687074 81735233 81642980 81660323 81749760 81811262,g++,g++ (SUSE Linux) 13.3.1 20250313 [revision 4ef1d8c84faeebffeb0cc01ee22e891b41e5c4e0],-O3 -march=native -fopenmp -fno-math-errno -fno-trapping-math -fno-signed-zeros  -ffp-contract=fast -fstrict-aliasing -fPIC -include /capstor/scratch/cscs/lhulsbergen/llr40-matrix/bench/hpcagent_bench/envs/vecmath.h -Wall -Wextra,1,5,30,e2bceb68db2b32dc2203a6c6d4bc169dff291a49,2026-09-08T11:19:36+0200,
tsvc_2_s3112,fortran,M,ok,81704754,81581161,81708769 81718369 81659331 81679266 81711841 81626820 81652419 81705346 81746272 81638819 81598053 81722656 81691266 81704162 82337742 81677922 81999928 81686690 82091221 81649859 81896347 81724004 81624456 81604937 81753060 81631208 81581161 81759844 81796259 81721029,gfortran,GNU Fortran (SUSE Linux) 13.3.1 20250313 [revision 4ef1d8c84faeebffeb0cc01ee22e891b41e5c4e0],-O3 -march=native -fopenmp -fno-math-errno -fno-trapping-math -fno-signed-zeros  -ffp-contract=fast -fstrict-aliasing -fPIC -ftree-parallelize-loops=1 -Wall -Wextra,1,5,30,e2bceb68db2b32dc2203a6c6d4bc169dff291a49,2026-09-08T11:21:32+0200,
tsvc_2_s3112,numba,M,ok,81705824,81465417,81889691 81624291 81890107 87583656 81853820 81841340 81874715 81622947 81806110 81663618 81671490 81701313 81789118 81636419 81715968 81507079 81766751 81668322 81710336 81550565 81765534 81577029 81786686 81465417 81834397 81534342 81646146 81682657 82459625 81629187,numba,numba 0.67.0,"@nb.njit(parallel=True, cache=True)",1,5,30,e2bceb68db2b32dc2203a6c6d4bc169dff291a49,2026-09-08T11:23:35+0200,
tsvc_2_s3112,c_reference,M,ok,81691989,81489723,81698165 81825073 81663381 81767890 81633431 81730772 81616887 81672789 81607736 81809586 81713812 81734931 81569113 81677173 81681333 81713044 81516411 81672789 81685814 95509341 81884239 91235237 81849712 81489723 81911630 81671061 81795250 81526331 81725492 81587513,gcc,gcc (SUSE Linux) 13.3.1 20250313 [revision 4ef1d8c84faeebffeb0cc01ee22e891b41e5c4e0],-O3 -march=native -fopenmp -fno-math-errno -fno-trapping-math -fno-signed-zeros  -ffp-contract=fast -fstrict-aliasing -fPIC -include /capstor/scratch/cscs/lhulsbergen/llr40-matrix/bench/hpcagent_bench/envs/vecmath.h -Wall -Wextra,1,5,30,e2bceb68db2b32dc2203a6c6d4bc169dff291a49,2026-09-08T11:25:31+0200,source=tsvc_2_s3112_reference.c sha256=32971573861117eb
tsvc_2_s3112,agent,M,ok,81725046,81578411,81663368 82000637 81888033 81678279 81712326 81671528 81651592 81737766 81652072 81764517 81627177 81893216 81758405 81758437 81712167 81806276 81615529 81763493 81793379 81812995 81627561 81709350 81705606 81750886 81631305 81690759 81764997 81754725 81578411 81751717,gfortran,GNU Fortran (SUSE Linux) 13.3.1 20250313 [revision 4ef1d8c84faeebffeb0cc01ee22e891b41e5c4e0],-O3 -march=native -fopenmp -fno-math-errno -fno-trapping-math -fno-signed-zeros  -ffp-contract=fast -fstrict-aliasing -fPIC -ftree-parallelize-loops=1 -Wall -Wextra,1,5,30,e2bceb68db2b32dc2203a6c6d4bc169dff291a49,2026-09-08T11:27:27+0200,arm=llr40v10-oss120b-fortran job=621019 seq=1 lang=fortran campaign_speedup=1.000 sha256=a24bd69bafc495b7
tsvc_2_s316,c,M,ok,274900999,274475685,274651583 274970708 275062481 275163085 274475685 274828857 274905879 275364136 274896119 274661630 274663166 274801049 274937430 275040689 274560545 274654142 285907570 284320071 275256267 274907158 274657501 274770011 274992467 274844216 275132751 274713308 274782554 275078225 275076177 274892631,gcc,gcc (SUSE Linux) 13.3.1 20250313 [revision 4ef1d8c84faeebffeb0cc01ee22e891b41e5c4e0],-O3 -march=native -fopenmp -fno-math-errno -fno-trapping-math -fno-signed-zeros  -ffp-contract=fast -fstrict-aliasing -fPIC -include /capstor/scratch/cscs/lhulsbergen/llr40-matrix/bench/hpcagent_bench/envs/vecmath.h -Wall -Wextra,1,5,30,e2bceb68db2b32dc2203a6c6d4bc169dff291a49,2026-09-08T11:17:35+0200,
tsvc_2_s316,cpp,M,ok,79353731,78830628,79165273 79633834 79228727 79684808 79134714 79629386 79234871 79570540 79268054 79299093 79282869 79460687 79266710 79498030 78830628 79557836 79336980 79768870 79146489 79370483 79411313 79503662 79189720 79472847 79250518 79470127 79104955 79555148 78940128 79633674,g++,g++ (SUSE Linux) 13.3.1 20250313 [revision 4ef1d8c84faeebffeb0cc01ee22e891b41e5c4e0],-O3 -march=native -fopenmp -fno-math-errno -fno-trapping-math -fno-signed-zeros  -ffp-contract=fast -fstrict-aliasing -fPIC -include /capstor/scratch/cscs/lhulsbergen/llr40-matrix/bench/hpcagent_bench/envs/vecmath.h -Wall -Wextra,1,5,30,e2bceb68db2b32dc2203a6c6d4bc169dff291a49,2026-09-08T11:19:17+0200,
tsvc_2_s316,fortran,M,ok,79473854,79255254,79527213 79670792 79563627 79473134 79687815 79650088 79424015 79711655 79454607 79867009 79400912 79607786 79363346 79404785 79369330 79617545 79511597 79479982 79332659 85350671 79320083 79447855 79339187 79657672 79255254 79749125 79469070 79389553 79474574 79408017,gfortran,GNU Fortran (SUSE Linux) 13.3.1 20250313 [revision 4ef1d8c84faeebffeb0cc01ee22e891b41e5c4e0],-O3 -march=native -fopenmp -fno-math-errno -fno-trapping-math -fno-signed-zeros  -ffp-contract=fast -fstrict-aliasing -fPIC -ftree-parallelize-loops=1 -Wall -Wextra,1,5,30,e2bceb68db2b32dc2203a6c6d4bc169dff291a49,2026-09-08T11:21:00+0200,
tsvc_2_s316,numba,M,ok,122840887,122636510,122979347 122928981 122935061 122720891 122794809 122831288 123059697 122636510 122891765 122841911 122968339 122880310 122897046 122746266 122983315 122879382 122976883 122685085 123083823 122839863 122848695 122723259 122749883 122791513 122829240 122757274 122781465 122833976 122855031 122740091,numba,numba 0.67.0,"@nb.njit(parallel=True, cache=True)",1,5,30,e2bceb68db2b32dc2203a6c6d4bc169dff291a49,2026-09-08T11:22:51+0200,
tsvc_2_s316,c_reference,M,ok,275028040,274482347,274482347 275038392 274974618 275034584 275190643 274603589 275103926 275159892 275028792 274727330 274687427 275027288 275062935 275173332 312909221 274700707 275076694 274938171 274970138 275047191 274789696 276764319 274894812 275043992 275112661 274716643 274919196 274938364 275215154 275006040,gcc,gcc (SUSE Linux) 13.3.1 20250313 [revision 4ef1d8c84faeebffeb0cc01ee22e891b41e5c4e0],-O3 -march=native -fopenmp -fno-math-errno -fno-trapping-math -fno-signed-zeros  -ffp-contract=fast -fstrict-aliasing -fPIC -include /capstor/scratch/cscs/lhulsbergen/llr40-matrix/bench/hpcagent_bench/envs/vecmath.h -Wall -Wextra,1,5,30,e2bceb68db2b32dc2203a6c6d4bc169dff291a49,2026-09-08T11:24:42+0200,source=tsvc_2_s316_reference.c sha256=319aa50c0a4fc32c
tsvc_2_s316,agent,M,ok,69030706,68796906,69021410 69031938 70811208 69261307 69031266 69015939 68952741 68851880 69318073 69016803 69030147 69004195 69060769 69323961 68991780 68989476 69139711 68962437 69305658 68796906 69211325 69033858 69094176 69136415 68935878 68962597 69079937 68930598 69155486 68863240,gfortran,GNU Fortran (SUSE Linux) 13.3.1 20250313 [revision 4ef1d8c84faeebffeb0cc01ee22e891b41e5c4e0],-O3 -march=native -fopenmp -fno-math-errno -fno-trapping-math -fno-signed-zeros  -ffp-contract=fast -fstrict-aliasing -fPIC -ftree-parallelize-loops=1 -Wall -Wextra,1,5,30,e2bceb68db2b32dc2203a6c6d4bc169dff291a49,2026-09-08T11:26:22+0200,arm=llr40v10-oss120b-fortran job=621019 seq=1 lang=fortran campaign_speedup=13.831 sha256=5db746384e6f0c8f
tsvc_2_s318,c,M,ok,80124048,79917742,80158432 80267581 80565044 80302076 79933350 80378041 80043844 80209566 80163968 80296763 80044547 80126176 80121921 80113249 79985061 79972133 80311963 80339834 80129728 80538165 79964550 80110440 80170278 80276131 79917742 80085225 79922254 79981868 80082602 80015435,gcc,gcc (SUSE Linux) 13.3.1 20250313 [revision 4ef1d8c84faeebffeb0cc01ee22e891b41e5c4e0],-O3 -march=native -fopenmp -fno-math-errno -fno-trapping-math -fno-signed-zeros  -ffp-contract=fast -fstrict-aliasing -fPIC -include /capstor/scratch/cscs/lhulsbergen/llr40-matrix/bench/hpcagent_bench/envs/vecmath.h -Wall -Wextra,1,5,30,e2bceb68db2b32dc2203a6c6d4bc169dff291a49,2026-09-08T11:19:48+0200,
tsvc_2_s318,cpp,M,ok,80030334,79869507,79887139 81032417 80023743 80303702 79999295 80089277 79979168 80158555 80088285 80046078 80172794 79988128 79877123 79941025 79962272 80151739 79892002 80036926 79917122 80010815 80238233 80216057 80058621 79995904 80050142 79965825 80007615 80183899 79869507 80041055,g++,g++ (SUSE Linux) 13.3.1 20250313 [revision 4ef1d8c84faeebffeb0cc01ee22e891b41e5c4e0],-O3 -march=native -fopenmp -fno-math-errno -fno-trapping-math -fno-signed-zeros  -ffp-contract=fast -fstrict-aliasing -fPIC -include /capstor/scratch/cscs/lhulsbergen/llr40-matrix/bench/hpcagent_bench/envs/vecmath.h -Wall -Wextra,1,5,30,e2bceb68db2b32dc2203a6c6d4bc169dff291a49,2026-09-08T11:22:57+0200,
tsvc_2_s318,fortran,M,ok,80044810,79729268,80008204 80393952 79950253 80097513 87885344 80030891 89350964 80031946 80078345 80078569 79943405 80061322 80215653 80195365 79834224 80463645 79999307 80101960 79988076 80012363 80115176 80029514 80041226 80095272 79729268 80048394 79880495 80007563 79930573 80163719,gfortran,GNU Fortran (SUSE Linux) 13.3.1 20250313 [revision 4ef1d8c84faeebffeb0cc01ee22e891b41e5c4e0],-O3 -march=native -fopenmp -fno-math-errno -fno-trapping-math -fno-signed-zeros  -ffp-contract=fast -fstrict-aliasing -fPIC -ftree-parallelize-loops=1 -Wall -Wextra,1,5,30,e2bceb68db2b32dc2203a6c6d4bc169dff291a49,2026-09-08T11:26:03+0200,
tsvc_2_s318,numba,M,ok,286128388,285786110,286209586 286032343 285984377 285840797 286098837 286122453 287278418 286030999 285841853 285848828 285786110 286158099 286273072 286179699 286154068 285957464 286134324 286111957 286527656 286179827 286073494 286389324 285945978 286880765 286248465 286287760 286864287 285842844 286245168 286067223,numba,numba 0.67.0,"@nb.njit(parallel=True, cache=True)",1,5,30,e2bceb68db2b32dc2203a6c6d4bc169dff291a49,2026-09-08T11:29:22+0200,
tsvc_2_s318,c_reference,M,ok,80278090,79859383,80101998 79993906 80020146 80289642 80336744 80301513 80476804 80273546 80389350 80236139 80341319 80411142 80520674 80150381 80273290 80521250 80273546 80483811 80282634 80293289 80485060 80386663 82871037 79859383 80251562 80004242 79963091 80145646 79911988 80025169,gcc,gcc (SUSE Linux) 13.3.1 20250313 [revision 4ef1d8c84faeebffeb0cc01ee22e891b41e5c4e0],-O3 -march=native -fopenmp -fno-math-errno -fno-trapping-math -fno-signed-zeros  -ffp-contract=fast -fstrict-aliasing -fPIC -include /capstor/scratch/cscs/lhulsbergen/llr40-matrix/bench/hpcagent_bench/envs/vecmath.h -Wall -Wextra,1,5,30,e2bceb68db2b32dc2203a6c6d4bc169dff291a49,2026-09-08T11:32:30+0200,source=tsvc_2_s318_reference.c sha256=f6f47d5151c6663d
tsvc_2_s318,agent,M,ok,247476376,247176033,247399450 247469464 247759984 247676434 247377243 247458201 247863180 247888940 247869836 247250783 247762735 247465624 248432571 247327548 247529782 247653459 247307453 247200512 247611571 247533654 247319389 247277086 247607732 247602003 247176033 247253278 247616500 247483288 247307485 247240223,gfortran,GNU Fortran (SUSE Linux) 13.3.1 20250313 [revision 4ef1d8c84faeebffeb0cc01ee22e891b41e5c4e0],-O3 -march=native -fopenmp -fno-math-errno -fno-trapping-math -fno-signed-zeros  -ffp-contract=fast -fstrict-aliasing -fPIC -ftree-parallelize-loops=1 -Wall -Wextra,1,5,30,e2bceb68db2b32dc2203a6c6d4bc169dff291a49,2026-09-08T11:38:41+0200,arm=llr40v10-kimi27sglang-fortran job=621022 seq=4 lang=fortran campaign_speedup=16.218 sha256=c7b51f9e96e435a4
tsvc_2_s319,c,M,ok,76227702,74839973,75166905 76320147 75299190 76327027 75220984 76209815 75238519 76278260 75117884 76257141 75150074 76282164 75074109 76395473 75075133 76535052 75122972 76447758 75310132 76245590 75114843 76505484 74929794 76403024 75184537 76268757 78849950 76823042 74839973 76466958,gcc,gcc (SUSE Linux) 13.3.1 20250313 [revision 4ef1d8c84faeebffeb0cc01ee22e891b41e5c4e0],-O3 -march=native -fopenmp -fno-math-errno -fno-trapping-math -fno-signed-zeros  -ffp-contract=fast -fstrict-aliasing -fPIC -include /capstor/scratch/cscs/lhulsbergen/llr40-matrix/bench/hpcagent_bench/envs/vecmath.h -Wall -Wextra,1,5,30,e2bceb68db2b32dc2203a6c6d4bc169dff291a49,2026-09-08T11:23:10+0200,
tsvc_2_s319,cpp,M,ok,75732642,75100823,75280048 76038359 75105527 75952155 75189652 75951067 75172437 75977913 75338831 84260674 75609926 75867997 75372142 76059254 75293137 75881469 75292721 75855358 75175637 76286415 75100823 76008857 75269234 76163315 75166197 76148500 75308208 76049719 75247634 75974234,g++,g++ (SUSE Linux) 13.3.1 20250313 [revision 4ef1d8c84faeebffeb0cc01ee22e891b41e5c4e0],-O3 -march=native -fopenmp -fno-math-errno -fno-trapping-math -fno-signed-zeros  -ffp-contract=fast -fstrict-aliasing -fPIC -include /capstor/scratch/cscs/lhulsbergen/llr40-matrix/bench/hpcagent_bench/envs/vecmath.h -Wall -Wextra,1,5,30,e2bceb68db2b32dc2203a6c6d4bc169dff291a49,2026-09-08T11:26:15+0200,
tsvc_2_s319,fortran,M,ok,75087130,74760868,84108905 74950559 75060955 74905664 75018812 74834786 75289106 74858401 75270836 74881537 75282131 74896384 75172247 74966238 75143671 74760868 75227541 75089210 75241909 75020700 75104185 75066298 75123065 75084729 75085050 75725572 75234260 75112824 75110202 74850626,gfortran,GNU Fortran (SUSE Linux) 13.3.1 20250313 [revision 4ef1d8c84faeebffeb0cc01ee22e891b41e5c4e0],-O3 -march=native -fopenmp -fno-math-errno -fno-trapping-math -fno-signed-zeros  -ffp-contract=fast -fstrict-aliasing -fPIC -ftree-parallelize-loops=1 -Wall -Wextra,1,5,30,e2bceb68db2b32dc2203a6c6d4bc169dff291a49,2026-09-08T11:29:18+0200,
tsvc_2_s319,numba,M,ok,77597957,77258417,77564486 77270193 77439339 77701282 77631236 77910939 77597477 77304815 77717505 78254703 77401355 77424555 77443338 77444235 77928666 77453514 77790047 77258417 77711329 77499752 77976792 77472329 77951737 77429418 77936698 77356238 77731393 77993816 77598437 77672419,numba,numba 0.67.0,"@nb.njit(parallel=True, cache=True)",1,5,30,e2bceb68db2b32dc2203a6c6d4bc169dff291a49,2026-09-08T11:32:28+0200,
tsvc_2_s319,c_reference,M,ok,75803605,75062814,75256216 76148025 75062814 75962144 76198072 76120442 76541485 76039934 75353365 76168377 75208345 75911810 75667146 75859619 75418674 75805317 75432722 75993759 75389300 75936609 75404690 75788006 75223193 75872739 75257880 76163353 75226617 75801894 75187994 76261526,gcc,gcc (SUSE Linux) 13.3.1 20250313 [revision 4ef1d8c84faeebffeb0cc01ee22e891b41e5c4e0],-O3 -march=native -fopenmp -fno-math-errno -fno-trapping-math -fno-signed-zeros  -ffp-contract=fast -fstrict-aliasing -fPIC -include /capstor/scratch/cscs/lhulsbergen/llr40-matrix/bench/hpcagent_bench/envs/vecmath.h -Wall -Wextra,1,5,30,e2bceb68db2b32dc2203a6c6d4bc169dff291a49,2026-09-08T11:35:32+0200,source=tsvc_2_s319_reference.c sha256=8455b2506e830a7f
tsvc_2_s319,agent,M,ok,75163372,74787913,74925444 74933924 74945444 75012354 75275064 74787913 75223515 74862503 75268409 75046496 75380694 143067181 74935364 75187772 75000866 76833860 74982274 84468578 75128094 75284472 75302808 75083775 75305048 75225082 75481618 75052256 75168540 75158204 75173276 75052096,gcc,gcc (SUSE Linux) 13.3.1 20250313 [revision 4ef1d8c84faeebffeb0cc01ee22e891b41e5c4e0],-O3 -march=native -fopenmp -fno-math-errno -fno-trapping-math -fno-signed-zeros  -ffp-contract=fast -fstrict-aliasing -fPIC -include /capstor/scratch/cscs/lhulsbergen/llr40-matrix/bench/hpcagent_bench/envs/vecmath.h -Wall -Wextra,1,5,30,e2bceb68db2b32dc2203a6c6d4bc169dff291a49,2026-09-08T11:44:13+0200,arm=llr40v10-kimi27sglang-c job=621730 seq=1 lang=c campaign_speedup=92.518 sha256=a9eb81276e9442c3
tsvc_2_s323,c,M,ok,80806544,80459276,80618247 80459276 81049306 81136727 81112952 80863135 80850784 80873535 82591211 80607335 80680901 81029402 80805152 80676741 80524266 80769762 80683620 81011643 80807937 80632679 81086936 80676325 80870207 80514410 81245908 80581576 81145335 80691813 80981851 80624263,gcc,gcc (SUSE Linux) 13.3.1 20250313 [revision 4ef1d8c84faeebffeb0cc01ee22e891b41e5c4e0],-O3 -march=native -fopenmp -fno-math-errno -fno-trapping-math -fno-signed-zeros  -ffp-contract=fast -fstrict-aliasing -fPIC -include /capstor/scratch/cscs/lhulsbergen/llr40-matrix/bench/hpcagent_bench/envs/vecmath.h -Wall -Wextra,1,5,30,e2bceb68db2b32dc2203a6c6d4bc169dff291a49,2026-09-08T11:25:21+0200,
tsvc_2_s323,cpp,M,ok,85840774,85557967,85845734 85803559 85609197 85764457 86041887 85770313 85707882 85663915 85905348 85730698 87360792 86080351 85801767 85580526 85806119 85974466 85557967 85914660 85738121 85654668 85785768 85835814 87501556 85953347 86057888 85936323 85908228 85960483 85968835 86199515,g++,g++ (SUSE Linux) 13.3.1 20250313 [revision 4ef1d8c84faeebffeb0cc01ee22e891b41e5c4e0],-O3 -march=native -fopenmp -fno-math-errno -fno-trapping-math -fno-signed-zeros  -ffp-contract=fast -fstrict-aliasing -fPIC -include /capstor/scratch/cscs/lhulsbergen/llr40-matrix/bench/hpcagent_bench/envs/vecmath.h -Wall -Wextra,1,5,30,e2bceb68db2b32dc2203a6c6d4bc169dff291a49,2026-09-08T11:28:29+0200,
tsvc_2_s323,fortran,M,ok,78724144,78094259,78988376 78528518 79102965 78451112 78737215 78213936 78886395 78390250 78840540 78976696 78729984 78481255 78718304 78094259 78645379 78675490 78979768 78564581 79216721 78294381 79334702 78309037 79130324 78736736 79553734 78527110 78876476 78502535 79118901 78409866,gfortran,GNU Fortran (SUSE Linux) 13.3.1 20250313 [revision 4ef1d8c84faeebffeb0cc01ee22e891b41e5c4e0],-O3 -march=native -fopenmp -fno-math-errno -fno-trapping-math -fno-signed-zeros  -ffp-contract=fast -fstrict-aliasing -fPIC -ftree-parallelize-loops=1 -Wall -Wextra,1,5,30,e2bceb68db2b32dc2203a6c6d4bc169dff291a49,2026-09-08T11:31:36+0200,
tsvc_2_s323,numba,M,ok,83595067,79535271,80047191 84041470 79710210 83770278 79859549 83863299 79715170 84158938 79535271 84193240 79980889 84548270 191923493 83798117 79737760 83750438 79764897 83571916 80148277 83872674 79808447 85858790 80174516 83618218 79771584 83906113 80171155 83938753 79849597 84057117,numba,numba 0.67.0,"@nb.njit(parallel=True, cache=True)",1,5,30,e2bceb68db2b32dc2203a6c6d4bc169dff291a49,2026-09-08T11:34:48+0200,
tsvc_2_s323,c_reference,M,ok,80811922,80492171,80601927 80572136 80812194 80873536 80965533 80852160 80993339 80847296 80926237 80756676 81084697 80547497 80873503 80684005 80953949 80492171 81455502 80527049 80962844 80811650 80904766 80504330 80718500 80938173 80782498 80603175 80616039 80676005 80600551 80845439,gcc,gcc (SUSE Linux) 13.3.1 20250313 [revision 4ef1d8c84faeebffeb0cc01ee22e891b41e5c4e0],-O3 -march=native -fopenmp -fno-math-errno -fno-trapping-math -fno-signed-zeros  -ffp-contract=fast -fstrict-aliasing -fPIC -include /capstor/scratch/cscs/lhulsbergen/llr40-matrix/bench/hpcagent_bench/envs/vecmath.h -Wall -Wextra,1,5,30,e2bceb68db2b32dc2203a6c6d4bc169dff291a49,2026-09-08T11:37:56+0200,source=tsvc_2_s323_reference.c sha256=ff85c3b6d5ec33b9
tsvc_2_s323,agent,M,ok,80792337,80368685,81271570 80731938 80794625 80821824 80916733 80796992 80838559 80407692 80861694 80687364 80669828 80548903 80990203 80565095 81357647 80614085 81099608 80625253 80823839 80472619 80680196 80562311 81085143 80628421 81054840 80368685 81119606 80732802 80790049 81201076,gcc,gcc (SUSE Linux) 13.3.1 20250313 [revision 4ef1d8c84faeebffeb0cc01ee22e891b41e5c4e0],-O3 -march=native -fopenmp -fno-math-errno -fno-trapping-math -fno-signed-zeros  -ffp-contract=fast -fstrict-aliasing -fPIC -include /capstor/scratch/cscs/lhulsbergen/llr40-matrix/bench/hpcagent_bench/envs/vecmath.h -Wall -Wextra,1,5,30,e2bceb68db2b32dc2203a6c6d4bc169dff291a49,2026-09-08T11:41:03+0200,arm=llr40v10-qwen38-c job=621727 seq=1 lang=c campaign_speedup=16.057 sha256=1d8d4e93f9f41258
tsvc_2_s4112,c,M,ok,454501243,447763288,456862490 452755786 456846105 471380444 473933378 449522139 454957468 450313279 454508139 449130056 456007671 450256897 455553863 448880528 455187668 449746195 454494348 449192869 455471370 449691764 454012573 561723391 447763288 455878907 450806029 454936189 449204933 454792258 449745074 455354222,gcc,gcc (SUSE Linux) 13.3.1 20250313 [revision 4ef1d8c84faeebffeb0cc01ee22e891b41e5c4e0],-O3 -march=native -fopenmp -fno-math-errno -fno-trapping-math -fno-signed-zeros  -ffp-contract=fast -fstrict-aliasing -fPIC -include /capstor/scratch/cscs/lhulsbergen/llr40-matrix/bench/hpcagent_bench/envs/vecmath.h -Wall -Wextra,1,5,30,e2bceb68db2b32dc2203a6c6d4bc169dff291a49,2026-09-08T11:27:04+0200,
tsvc_2_s4112,cpp,M,ok,454483942,452546906,455461492 455393046 455190430 454737325 455320953 454144194 455002373 455516146 453118950 455092192 454339388 456949984 452546906 456006913 453412508 454486870 453080007 455574256 452615575 454481015 453583222 454315292 453539832 454788140 453543128 454506454 454390105 454235231 453122183 454800396,g++,g++ (SUSE Linux) 13.3.1 20250313 [revision 4ef1d8c84faeebffeb0cc01ee22e891b41e5c4e0],-O3 -march=native -fopenmp -fno-math-errno -fno-trapping-math -fno-signed-zeros  -ffp-contract=fast -fstrict-aliasing -fPIC -include /capstor/scratch/cscs/lhulsbergen/llr40-matrix/bench/hpcagent_bench/envs/vecmath.h -Wall -Wextra,1,5,30,e2bceb68db2b32dc2203a6c6d4bc169dff291a49,2026-09-08T11:30:15+0200,
tsvc_2_s4112,fortran,M,ok,474894033,471380204,475178088 474763191 475798194 475221574 474367076 475167080 475299939 474914385 475096458 474873682 474045839 477834762 472860345 495601725 480473646 475236678 473619070 474777238 471571110 475568602 472136562 474822644 471841341 475107786 472550883 474248520 471380204 475360642 472892056 475333090,gfortran,GNU Fortran (SUSE Linux) 13.3.1 20250313 [revision 4ef1d8c84faeebffeb0cc01ee22e891b41e5c4e0],-O3 -march=native -fopenmp -fno-math-errno -fno-trapping-math -fno-signed-zeros  -ffp-contract=fast -fstrict-aliasing -fPIC -ftree-parallelize-loops=1 -Wall -Wextra,1,5,30,e2bceb68db2b32dc2203a6c6d4bc169dff291a49,2026-09-08T11:33:29+0200,
tsvc_2_s4112,numba,M,ok,458160142,451498055,460094523 453075728 459163227 452216398 458845030 452800986 459069214 453110735 458345783 453691802 457974501 453414948 458434101 454098029 459784677 451871610 460602377 454103052 459998014 452946388 459396851 454101836 459251129 451925336 459799748 674877118 451498055 458923716 453465570 460101499,numba,numba 0.67.0,"@nb.njit(parallel=True, cache=True)",1,5,30,e2bceb68db2b32dc2203a6c6d4bc169dff291a49,2026-09-08T11:36:45+0200,
tsvc_2_s4112,c_reference,M,ok,453659578,451574403,456578197 453656474 454398049 454355554 454410752 453407683 454342050 454089387 454477182 452716923 454406720 453247241 453228105 453953456 452535873 473385064 459898079 452585856 452494499 452726939 451728190 453662682 451932567 453278343 451574403 453774838 453624028 454100235 451693215 453771287,gcc,gcc (SUSE Linux) 13.3.1 20250313 [revision 4ef1d8c84faeebffeb0cc01ee22e891b41e5c4e0],-O3 -march=native -fopenmp -fno-math-errno -fno-trapping-math -fno-signed-zeros  -ffp-contract=fast -fstrict-aliasing -fPIC -include /capstor/scratch/cscs/lhulsbergen/llr40-matrix/bench/hpcagent_bench/envs/vecmath.h -Wall -Wextra,1,5,30,e2bceb68db2b32dc2203a6c6d4bc169dff291a49,2026-09-08T11:39:57+0200,source=tsvc_2_s4112_reference.c sha256=728fe69187948308
tsvc_2_s4112,agent,M,ok,442889306,436259938,551756409 438093666 443418792 439597773 442894970 439197435 443015798 438746347 443850360 440746117 443849209 439333207 444283945 439357078 443484837 439894627 443770587 438763371 443594690 550397193 437074438 443841720 438283612 443791642 437941415 442883642 436259938 443203503 436847181 443542339,gcc,gcc (SUSE Linux) 13.3.1 20250313 [revision 4ef1d8c84faeebffeb0cc01ee22e891b41e5c4e0],-O3 -march=native -fopenmp -fno-math-errno -fno-trapping-math -fno-signed-zeros  -ffp-contract=fast -fstrict-aliasing -fPIC -include /capstor/scratch/cscs/lhulsbergen/llr40-matrix/bench/hpcagent_bench/envs/vecmath.h -Wall -Wextra,1,5,30,e2bceb68db2b32dc2203a6c6d4bc169dff291a49,2026-09-08T11:43:07+0200,arm=llr40v10-oss120b-c job=621382 seq=1 lang=c campaign_speedup=22.746 sha256=93fee5121e469a3c
tsvc_2_vag,c,M,ok,440890391,437451580,442623149 441933444 438246560 440810442 441957251 440816618 437451580 442556464 441684268 440403832 437673908 440807051 442216251 440916198 438291295 440561138 442267128 440864584 438183203 440761451 442081919 440582033 438289919 458658158 442435731 441339673 438272672 441831911 442011234 440942885,gcc,gcc (SUSE Linux) 13.3.1 20250313 [revision 4ef1d8c84faeebffeb0cc01ee22e891b41e5c4e0],-O3 -march=native -fopenmp -fno-math-errno -fno-trapping-math -fno-signed-zeros  -ffp-contract=fast -fstrict-aliasing -fPIC -include /capstor/scratch/cscs/lhulsbergen/llr40-matrix/bench/hpcagent_bench/envs/vecmath.h -Wall -Wextra,1,5,30,e2bceb68db2b32dc2203a6c6d4bc169dff291a49,2026-09-08T11:26:54+0200,
tsvc_2_vag,cpp,M,ok,440436664,439564841,441790589 440379725 440374637 440058840 441337516 440259473 439686469 441072885 440958585 441657602 439821344 440775679 440276433 439564841 440538088 439676613 440700355 440193587 440346391 440552193 440493603 440011667 441150349 440001204 440746106 439970612 440140143 457947412 449207164 441871444,g++,g++ (SUSE Linux) 13.3.1 20250313 [revision 4ef1d8c84faeebffeb0cc01ee22e891b41e5c4e0],-O3 -march=native -fopenmp -fno-math-errno -fno-trapping-math -fno-signed-zeros  -ffp-contract=fast -fstrict-aliasing -fPIC -include /capstor/scratch/cscs/lhulsbergen/llr40-matrix/bench/hpcagent_bench/envs/vecmath.h -Wall -Wextra,1,5,30,e2bceb68db2b32dc2203a6c6d4bc169dff291a49,2026-09-08T11:29:21+0200,
tsvc_2_vag,fortran,M,ok,458496877,457736326,459321042 458496781 459014524 458380177 459117816 458326387 458420175 460490954 458295476 458872577 458399729 458414128 458427503 458380657 459403438 459640742 458640360 460415309 458251446 458496973 458205975 458757669 458479854 458664935 566719809 458065499 458090939 457736326 458539788 459680421,gfortran,GNU Fortran (SUSE Linux) 13.3.1 20250313 [revision 4ef1d8c84faeebffeb0cc01ee22e891b41e5c4e0],-O3 -march=native -fopenmp -fno-math-errno -fno-trapping-math -fno-signed-zeros  -ffp-contract=fast -fstrict-aliasing -fPIC -ftree-parallelize-loops=1 -Wall -Wextra,1,5,30,e2bceb68db2b32dc2203a6c6d4bc169dff291a49,2026-09-08T11:31:49+0200,
tsvc_2_vag,numba,M,ok,436424346,435483993,436224321 437269917 436132868 437300860 436909769 436145891 437201632 435670131 436383803 435703315 436578772 436464889 436661202 435621461 435483993 647025769 435663028 438371064 437046821 436129412 437283645 437113218 436044614 436913258 436092901 437150626 435570103 435812879 437088388 436105380,numba,numba 0.67.0,"@nb.njit(parallel=True, cache=True)",1,5,30,e2bceb68db2b32dc2203a6c6d4bc169dff291a49,2026-09-08T11:34:18+0200,
tsvc_2_vag,c_reference,M,ok,441455201,439094817,441538606 441041247 441377332 442606218 441460721 441727272 441587213 441867171 441333813 548382514 439095521 441449682 440992001 441789221 441698697 441642154 440595054 441282647 441243032 441125916 441350004 442267926 440975169 441731656 440433012 442521709 441780902 440750697 549143704 439094817,gcc,gcc (SUSE Linux) 13.3.1 20250313 [revision 4ef1d8c84faeebffeb0cc01ee22e891b41e5c4e0],-O3 -march=native -fopenmp -fno-math-errno -fno-trapping-math -fno-signed-zeros  -ffp-contract=fast -fstrict-aliasing -fPIC -include /capstor/scratch/cscs/lhulsbergen/llr40-matrix/bench/hpcagent_bench/envs/vecmath.h -Wall -Wextra,1,5,30,e2bceb68db2b32dc2203a6c6d4bc169dff291a49,2026-09-08T11:36:45+0200,source=tsvc_2_vag_reference.c sha256=3ed7a9f6c00c016a
tsvc_2_vag,agent,M,ok,481194643,480589960,481260433 481702818 589752438 481580455 481051000 481730402 481462634 482578725 480936956 481521256 481259889 481004602 480876606 481152373 480589960 480901053 480803232 481103159 480997594 480724259 480974395 481349262 480797537 480850591 481500937 481193268 481624133 481424075 484310634 481196019,gfortran,GNU Fortran (SUSE Linux) 13.3.1 20250313 [revision 4ef1d8c84faeebffeb0cc01ee22e891b41e5c4e0],-O3 -march=native -fopenmp -fno-math-errno -fno-trapping-math -fno-signed-zeros  -ffp-contract=fast -fstrict-aliasing -fPIC -ftree-parallelize-loops=1 -Wall -Wextra,1,5,30,e2bceb68db2b32dc2203a6c6d4bc169dff291a49,2026-09-08T11:41:16+0200,arm=llr40v10-kimi27sglang-fortran job=621022 seq=2 lang=fortran campaign_speedup=23.436 sha256=d7a97d2985f6e004
tsvc_2_vpvts,c,M,ok,87230026,86804071,90072672 87359862 87103454 86804071 87042912 86894469 87091902 87185820 87645581 87216859 87313624 87135229 87307832 87288248 86859142 87645581 87578671 87007073 86932003 87294008 87094142 87164797 88040097 87692331 87148797 87243194 88356438 87865190 87490962 87072511,gcc,gcc (SUSE Linux) 13.3.1 20250313 [revision 4ef1d8c84faeebffeb0cc01ee22e891b41e5c4e0],-O3 -march=native -fopenmp -fno-math-errno -fno-trapping-math -fno-signed-zeros  -ffp-contract=fast -fstrict-aliasing -fPIC -include /capstor/scratch/cscs/lhulsbergen/llr40-matrix/bench/hpcagent_bench/envs/vecmath.h -Wall -Wextra,1,5,30,e2bceb68db2b32dc2203a6c6d4bc169dff291a49,2026-09-08T11:30:59+0200,
tsvc_2_vpvts,cpp,M,ok,88736752,88205040,88897082 88509575 88633634 88320973 88736608 88501286 88783710 88563332 89011319 88651010 88899802 88567972 88740415 88784094 88514535 88736896 88642562 88690912 88860059 101560388 101559332 101507558 88887738 88392363 89016022 88336844 88767998 88205040 88276718 88816637,g++,g++ (SUSE Linux) 13.3.1 20250313 [revision 4ef1d8c84faeebffeb0cc01ee22e891b41e5c4e0],-O3 -march=native -fopenmp -fno-math-errno -fno-trapping-math -fno-signed-zeros  -ffp-contract=fast -fstrict-aliasing -fPIC -include /capstor/scratch/cscs/lhulsbergen/llr40-matrix/bench/hpcagent_bench/envs/vecmath.h -Wall -Wextra,1,5,30,e2bceb68db2b32dc2203a6c6d4bc169dff291a49,2026-09-08T11:34:03+0200,
tsvc_2_vpvts,fortran,M,ok,88876888,88504485,88708670 88934423 88504485 88909207 88815866 88664287 88775387 88828474 88816730 88700126 88937463 88797435 88997300 88860281 89108145 89018068 88729182 88992564 88676799 89046099 88883032 89071410 88999605 89205102 88883256 89383720 88968182 88862937 88870745 88856857,gfortran,GNU Fortran (SUSE Linux) 13.3.1 20250313 [revision 4ef1d8c84faeebffeb0cc01ee22e891b41e5c4e0],-O3 -march=native -fopenmp -fno-math-errno -fno-trapping-math -fno-signed-zeros  -ffp-contract=fast -fstrict-aliasing -fPIC -ftree-parallelize-loops=1 -Wall -Wextra,1,5,30,e2bceb68db2b32dc2203a6c6d4bc169dff291a49,2026-09-08T11:37:05+0200,
tsvc_2_vpvts,numba,M,ok,86436909,86054986,86335041 88193348 86240580 86620151 86217286 86635543 86418238 86054986 86857072 86386080 86762579 86176998 86774195 86173030 86734356 86169831 86709908 86164167 86393439 86259683 86813617 86416990 86455581 86573209 86366144 86668662 86316034 86748691 86487388 86595545,numba,numba 0.67.0,"@nb.njit(parallel=True, cache=True)",1,5,30,e2bceb68db2b32dc2203a6c6d4bc169dff291a49,2026-09-08T11:40:10+0200,
tsvc_2_vpvts,c_reference,M,ok,87127811,86721937,87004070 86958569 87246271 86800142 87405691 87145859 87300222 87060838 87303518 87136707 87278654 86890027 87278207 87781806 86906539 87319838 86953544 87438969 87118916 87450105 86721937 87038502 86838572 87572341 86723536 87315805 86908426 87001639 87014599 87145187,gcc,gcc (SUSE Linux) 13.3.1 20250313 [revision 4ef1d8c84faeebffeb0cc01ee22e891b41e5c4e0],-O3 -march=native -fopenmp -fno-math-errno -fno-trapping-math -fno-signed-zeros  -ffp-contract=fast -fstrict-aliasing -fPIC -include /capstor/scratch/cscs/lhulsbergen/llr40-matrix/bench/hpcagent_bench/envs/vecmath.h -Wall -Wextra,1,5,30,e2bceb68db2b32dc2203a6c6d4bc169dff291a49,2026-09-08T11:43:20+0200,source=tsvc_2_vpvts_reference.c sha256=0f208afd7a9a6bc0
tsvc_2_vpvts,agent,M,ok,87087490,86690927,87221213 86690927 87242045 87086146 87329146 86792716 87601201 86734478 87039012 86727758 87325819 86878537 87193759 86748045 87269597 86837739 86903304 87103522 87165216 87387065 86818282 87088834 87014437 87254940 194373656 87036227 87332986 86904041 87447735 87011045,gfortran,GNU Fortran (SUSE Linux) 13.3.1 20250313 [revision 4ef1d8c84faeebffeb0cc01ee22e891b41e5c4e0],-O3 -march=native -fopenmp -fno-math-errno -fno-trapping-math -fno-signed-zeros  -ffp-contract=fast -fstrict-aliasing -fPIC -ftree-parallelize-loops=1 -Wall -Wextra,1,5,30,e2bceb68db2b32dc2203a6c6d4bc169dff291a49,2026-09-08T11:46:22+0200,arm=llr40v10-qwen38-fortran job=621020 seq=1 lang=fortran campaign_speedup=6.056 sha256=99a20955df4554d2
tsvc_2_vtvtv,c,M,ok,97485182,97077418,97402848 97654232 97292900 97842483 97281508 97231014 97773236 97274725 97587002 97300611 97646136 97458878 97551004 97396832 97328418 97296868 97803572 97307011 97666584 97077418 97461823 97718038 97617370 97511517 97367074 97529276 97682359 97508541 97444095 98216103,gcc,gcc (SUSE Linux) 13.3.1 20250313 [revision 4ef1d8c84faeebffeb0cc01ee22e891b41e5c4e0],-O3 -march=native -fopenmp -fno-math-errno -fno-trapping-math -fno-signed-zeros  -ffp-contract=fast -fstrict-aliasing -fPIC -include /capstor/scratch/cscs/lhulsbergen/llr40-matrix/bench/hpcagent_bench/envs/vecmath.h -Wall -Wextra,1,5,30,e2bceb68db2b32dc2203a6c6d4bc169dff291a49,2026-09-08T11:31:49+0200,
tsvc_2_vtvtv,cpp,M,ok,97485405,97107081,97464509 97257252 97852401 97452286 97415487 97371393 97390560 97497436 97366144 97107081 97571675 97161255 97488925 97543004 97357793 97472990 97541723 97497212 97485021 97111337 97833138 97120009 97559227 97527259 97485789 100357186 97572122 97667384 97830706 97358689,g++,g++ (SUSE Linux) 13.3.1 20250313 [revision 4ef1d8c84faeebffeb0cc01ee22e891b41e5c4e0],-O3 -march=native -fopenmp -fno-math-errno -fno-trapping-math -fno-signed-zeros  -ffp-contract=fast -fstrict-aliasing -fPIC -include /capstor/scratch/cscs/lhulsbergen/llr40-matrix/bench/hpcagent_bench/envs/vecmath.h -Wall -Wextra,1,5,30,e2bceb68db2b32dc2203a6c6d4bc169dff291a49,2026-09-08T11:34:34+0200,
tsvc_2_vtvtv,fortran,M,ok,97466225,97063694,97221769 98893555 97571198 97349316 97423971 97480513 97534623 97577149 97127979 97549535 97296486 97441922 97630588 97063694 97742425 97295751 97451937 97319526 98086125 97780855 103187820 97309638 97646011 97317286 97973393 97742136 97159339 97440866 97401187 97508543,gfortran,GNU Fortran (SUSE Linux) 13.3.1 20250313 [revision 4ef1d8c84faeebffeb0cc01ee22e891b41e5c4e0],-O3 -march=native -fopenmp -fno-math-errno -fno-trapping-math -fno-signed-zeros  -ffp-contract=fast -fstrict-aliasing -fPIC -ftree-parallelize-loops=1 -Wall -Wextra,1,5,30,e2bceb68db2b32dc2203a6c6d4bc169dff291a49,2026-09-08T11:37:20+0200,
tsvc_2_vtvtv,numba,M,ok,97928498,97386243,97894003 98663995 98146891 97822613 98171531 97800694 97948849 97869747 106983476 97785782 97755927 97654842 98236681 97725848 97951313 97937585 97700537 98406019 97386243 98201033 97553790 98173355 97931986 97947633 98027727 97694874 97897267 97933298 97640731 97925010,numba,numba 0.67.0,"@nb.njit(parallel=True, cache=True)",1,5,30,e2bceb68db2b32dc2203a6c6d4bc169dff291a49,2026-09-08T11:40:11+0200,
tsvc_2_vtvtv,c_reference,M,ok,97271076,96820275,97498396 97624921 97167432 96864305 97164935 97354081 97501181 96820275 97288388 97215526 97174279 97642680 97325667 97287684 97087082 96941166 97224293 97281443 97592666 96908112 97416448 97597818 97223237 97289060 97061803 97261445 97280708 97221126 97811187 97182599,gcc,gcc (SUSE Linux) 13.3.1 20250313 [revision 4ef1d8c84faeebffeb0cc01ee22e891b41e5c4e0],-O3 -march=native -fopenmp -fno-math-errno -fno-trapping-math -fno-signed-zeros  -ffp-contract=fast -fstrict-aliasing -fPIC -include /capstor/scratch/cscs/lhulsbergen/llr40-matrix/bench/hpcagent_bench/envs/vecmath.h -Wall -Wextra,1,5,30,e2bceb68db2b32dc2203a6c6d4bc169dff291a49,2026-09-08T11:42:55+0200,source=tsvc_2_vtvtv_reference.c sha256=b07b384ec1946d11
tsvc_2_vtvtv,agent,M,ok,97553023,97345766,97379140 97998513 97363206 97669916 97442626 97773368 97632412 97345766 110327021 97579166 97498113 97654780 97423651 97690587 97480930 97743481 97557984 97641532 97514625 97490753 97545439 97800567 97382692 97995410 97346885 98007025 97467874 97518752 98002193 97548063,gfortran,GNU Fortran (SUSE Linux) 13.3.1 20250313 [revision 4ef1d8c84faeebffeb0cc01ee22e891b41e5c4e0],-O3 -march=native -fopenmp -fno-math-errno -fno-trapping-math -fno-signed-zeros  -ffp-contract=fast -fstrict-aliasing -fPIC -ftree-parallelize-loops=1 -Wall -Wextra,1,5,30,e2bceb68db2b32dc2203a6c6d4bc169dff291a49,2026-09-08T11:45:40+0200,arm=llr40v10-kimi27sglang-fortran job=621022 seq=2 lang=fortran campaign_speedup=5.321 sha256=aa3e23d066d003dd
versioned_distance_update,c,M,ok,293595420,292820356,293394866 294023935 293153370 293906978 292820356 293655146 293057437 295697227 293232663 293573037 293051965 293646827 292979839 293675946 293807109 293617803 293489520 293682346 293160889 293900003 447633952 293565134 293075996 293842874 293378869 293715467 293018273 293795816 293115422 293695563,gcc,gcc (SUSE Linux) 13.3.1 20250313 [revision 4ef1d8c84faeebffeb0cc01ee22e891b41e5c4e0],-O3 -march=native -fopenmp -fno-math-errno -fno-trapping-math -fno-signed-zeros  -ffp-contract=fast -fstrict-aliasing -fPIC -include /capstor/scratch/cscs/lhulsbergen/llr40-matrix/bench/hpcagent_bench/envs/vecmath.h -Wall -Wextra,1,5,30,e2bceb68db2b32dc2203a6c6d4bc169dff291a49,2026-09-08T11:34:26+0200,
versioned_distance_update,cpp,M,ok,293233169,292654643,292699122 293679411 293041831 293717810 292762479 293757936 292868812 293578934 292834189 293557206 292793102 293738225 292842733 293735953 293004584 293754609 292928587 293590070 294719091 293442458 292904843 293321663 292654643 293275840 292789967 293190498 292789711 293430872 292943902 293699941,g++,g++ (SUSE Linux) 13.3.1 20250313 [revision 4ef1d8c84faeebffeb0cc01ee22e891b41e5c4e0],-O3 -march=native -fopenmp -fno-math-errno -fno-trapping-math -fno-signed-zeros  -ffp-contract=fast -fstrict-aliasing -fPIC -include /capstor/scratch/cscs/lhulsbergen/llr40-matrix/bench/hpcagent_bench/envs/vecmath.h -Wall -Wextra,1,5,30,e2bceb68db2b32dc2203a6c6d4bc169dff291a49,2026-09-08T11:37:37+0200,
versioned_distance_update,fortran,M,ok,327780238,324937671,328716144 326540661 328617620 325387386 328544085 325548948 329396827 325354170 328426073 347382181 328727664 325028069 328123715 324937671 328334685 325295388 328092388 325023365 327790446 325379962 327981352 325212575 327770030 325034340 327931273 324981030 328028806 325183168 327992871 325576499,gfortran,GNU Fortran (SUSE Linux) 13.3.1 20250313 [revision 4ef1d8c84faeebffeb0cc01ee22e891b41e5c4e0],-O3 -march=native -fopenmp -fno-math-errno -fno-trapping-math -fno-signed-zeros  -ffp-contract=fast -fstrict-aliasing -fPIC -ftree-parallelize-loops=1 -Wall -Wextra,1,5,30,e2bceb68db2b32dc2203a6c6d4bc169dff291a49,2026-09-08T11:40:49+0200,
versioned_distance_update,numba,M,ok,320112457,319884562,319884562 319961199 319922960 319980782 320022957 320013165 320023309 320227974 319969551 319992750 320069099 320221126 320039084 320219111 320022349 320316452 320039373 320294469 382193712 320083947 320177863 320149224 320277093 320140968 320556604 320269093 320498878 320185671 320475428 320047410,numba,numba 0.67.0,"@nb.njit(parallel=True, cache=True)",1,5,30,e2bceb68db2b32dc2203a6c6d4bc169dff291a49,2026-09-08T11:44:05+0200,
versioned_distance_update,c_reference,M,unsupported,,,,gcc,gcc (SUSE Linux) 13.3.1 20250313 [revision 4ef1d8c84faeebffeb0cc01ee22e891b41e5c4e0],-O3 -march=native -fopenmp -fno-math-errno -fno-trapping-math -fno-signed-zeros  -ffp-contract=fast -fstrict-aliasing -fPIC -include /capstor/scratch/cscs/lhulsbergen/llr40-matrix/bench/hpcagent_bench/envs/vecmath.h -Wall -Wextra,1,5,0,e2bceb68db2b32dc2203a6c6d4bc169dff291a49,2026-09-08T11:44:05+0200,no hand-written _reference.c in the corpus
versioned_distance_update,agent,M,ok,121441968,121011373,122083595 121356290 121441472 121795797 121248453 121559515 121351331 121533693 121601146 121011373 121756822 121442464 121198631 121622170 121359458 121207014 122316708 121602235 121630074 121579643 223877235 121296068 121355906 121248838 121365186 121296804 121383649 121679480 121329348 121556988,gfortran,GNU Fortran (SUSE Linux) 13.3.1 20250313 [revision 4ef1d8c84faeebffeb0cc01ee22e891b41e5c4e0],-O3 -march=native -fopenmp -fno-math-errno -fno-trapping-math -fno-signed-zeros  -ffp-contract=fast -fstrict-aliasing -fPIC -ftree-parallelize-loops=1 -Wall -Wextra,1,5,30,e2bceb68db2b32dc2203a6c6d4bc169dff291a49,2026-09-08T11:47:08+0200,arm=llr40v10-qwen38-fortran job=621385 seq=3 lang=fortran campaign_speedup=30.055 sha256=01661d852f138e7e
wf_diff_skew,c,M,ok,59730675,59558921,59584680 59847104 59700165 59659910 59582696 59810273 59620968 59752419 59652934 59752356 59602407 59990588 59595208 59822977 59740387 59941341 59605832 60060217 59714244 59917246 59558921 59980700 59591816 59768675 59580872 59880032 59720964 59800737 59607144 60073177,gcc,gcc (SUSE Linux) 13.3.1 20250313 [revision 4ef1d8c84faeebffeb0cc01ee22e891b41e5c4e0],-O3 -march=native -fopenmp -fno-math-errno -fno-trapping-math -fno-signed-zeros  -ffp-contract=fast -fstrict-aliasing -fPIC -include /capstor/scratch/cscs/lhulsbergen/llr40-matrix/bench/hpcagent_bench/envs/vecmath.h -Wall -Wextra,1,5,30,e2bceb68db2b32dc2203a6c6d4bc169dff291a49,2026-09-08T11:33:37+0200,
wf_diff_skew,cpp,M,ok,59798898,59332464,59756995 59821025 59706469 59896895 59710341 60013275 59792034 59835969 59560169 59870559 59683109 60106457 59854336 59898463 59613575 60016507 59652870 59812289 59710949 59842017 59332464 59763107 59524074 59828129 59561673 59868032 59542025 59888255 59591591 59805762,g++,g++ (SUSE Linux) 13.3.1 20250313 [revision 4ef1d8c84faeebffeb0cc01ee22e891b41e5c4e0],-O3 -march=native -fopenmp -fno-math-errno -fno-trapping-math -fno-signed-zeros  -ffp-contract=fast -fstrict-aliasing -fPIC -include /capstor/scratch/cscs/lhulsbergen/llr40-matrix/bench/hpcagent_bench/envs/vecmath.h -Wall -Wextra,1,5,30,e2bceb68db2b32dc2203a6c6d4bc169dff291a49,2026-09-08T11:33:54+0200,
wf_diff_skew,fortran,M,ok,59702119,59469743,59601483 59750502 59900513 59884482 59710119 59901314 59670088 59645450 59759814 59810724 59694120 59716839 60735785 59617674 59469743 59857219 59533388 59657929 59736615 59570892 59522413 59811973 59646314 59643882 59765382 59716679 59541484 59781445 59582443 59550892,gfortran,GNU Fortran (SUSE Linux) 13.3.1 20250313 [revision 4ef1d8c84faeebffeb0cc01ee22e891b41e5c4e0],-O3 -march=native -fopenmp -fno-math-errno -fno-trapping-math -fno-signed-zeros  -ffp-contract=fast -fstrict-aliasing -fPIC -ftree-parallelize-loops=1 -Wall -Wextra,1,5,30,e2bceb68db2b32dc2203a6c6d4bc169dff291a49,2026-09-08T11:34:10+0200,
wf_diff_skew,numba,M,ok,61139947,60938819,61216858 60938819 61154747 66016743 61164155 61028160 61172667 61090846 61083741 61146779 61176347 61133116 61252857 61324694 61121757 61215066 61167803 61075294 61267800 61818503 61099773 61066366 61156700 61024800 61024927 61071902 61056990 60947682 61181498 61060702,numba,numba 0.67.0,"@nb.njit(parallel=True, cache=True)",1,5,30,e2bceb68db2b32dc2203a6c6d4bc169dff291a49,2026-09-08T11:34:26+0200,
wf_diff_skew,c_reference,M,ok,59600011,59455983,59741351 59458990 59604331 59963520 59559660 59541357 59613931 59505677 60075900 59455983 59517965 59593643 59826276 59573420 59603851 59789764 59588779 59487630 59716775 59573323 59900097 59877922 59846595 59584428 59774565 59762246 59730727 59571308 59596171 59486990,gcc,gcc (SUSE Linux) 13.3.1 20250313 [revision 4ef1d8c84faeebffeb0cc01ee22e891b41e5c4e0],-O3 -march=native -fopenmp -fno-math-errno -fno-trapping-math -fno-signed-zeros  -ffp-contract=fast -fstrict-aliasing -fPIC -include /capstor/scratch/cscs/lhulsbergen/llr40-matrix/bench/hpcagent_bench/envs/vecmath.h -Wall -Wextra,1,5,30,e2bceb68db2b32dc2203a6c6d4bc169dff291a49,2026-09-08T11:34:43+0200,source=wf_diff_skew_reference.c sha256=32113cc55b653084
wf_diff_skew,agent,M,ok,61881029,61668844,61703114 62127102 61944995 61820519 61887973 62103166 61729162 61956611 61990242 61779496 61946947 61978531 61715691 61830599 61978051 63048513 61780616 62007297 61879845 61702154 61882213 61933636 61668844 61830183 61756009 61690571 61926916 61875141 61743530 61918084,gcc,gcc (SUSE Linux) 13.3.1 20250313 [revision 4ef1d8c84faeebffeb0cc01ee22e891b41e5c4e0],-O3 -march=native -fopenmp -fno-math-errno -fno-trapping-math -fno-signed-zeros  -ffp-contract=fast -fstrict-aliasing -fPIC -include /capstor/scratch/cscs/lhulsbergen/llr40-matrix/bench/hpcagent_bench/envs/vecmath.h -Wall -Wextra,1,5,30,e2bceb68db2b32dc2203a6c6d4bc169dff291a49,2026-09-08T11:34:58+0200,arm=llr40v10-oss120b-c job=621015 seq=1 lang=c campaign_speedup=3.469 sha256=620a8bb7753cad61
wf_triangular,c,M,ok,99173601,98310557,99569140 98930410 99250078 99010311 99132835 99408538 99107171 98992743 98310557 99183649 103499348 98822797 99159362 99163554 99673265 99650930 98797005 99708048 99210145 99433433 99586868 98677874 99141314 98966824 99363995 99485175 99272478 98852907 98850284 99194976,gcc,gcc (SUSE Linux) 13.3.1 20250313 [revision 4ef1d8c84faeebffeb0cc01ee22e891b41e5c4e0],-O3 -march=native -fopenmp -fno-math-errno -fno-trapping-math -fno-signed-zeros  -ffp-contract=fast -fstrict-aliasing -fPIC -include /capstor/scratch/cscs/lhulsbergen/llr40-matrix/bench/hpcagent_bench/envs/vecmath.h -Wall -Wextra,1,5,30,e2bceb68db2b32dc2203a6c6d4bc169dff291a49,2026-09-08T11:42:19+0200,
wf_triangular,cpp,M,ok,99175518,97902312,98889928 100247261 99444566 99483828 97902312 99186430 99305818 99412694 102229532 100368920 98812714 99067138 98874152 99548914 100296762 99127040 99108672 99563729 99154655 99687662 98777548 98712269 98685486 98755756 98779211 99113249 99347705 99212509 99213022 99164606,g++,g++ (SUSE Linux) 13.3.1 20250313 [revision 4ef1d8c84faeebffeb0cc01ee22e891b41e5c4e0],-O3 -march=native -fopenmp -fno-math-errno -fno-trapping-math -fno-signed-zeros  -ffp-contract=fast -fstrict-aliasing -fPIC -include /capstor/scratch/cscs/lhulsbergen/llr40-matrix/bench/hpcagent_bench/envs/vecmath.h -Wall -Wextra,1,5,30,e2bceb68db2b32dc2203a6c6d4bc169dff291a49,2026-09-08T11:48:19+0200,
wf_triangular,fortran,M,ok,99088479,98081247,99433907 99046464 99479379 99263577 99629133 98662445 98883237 99090815 99008577 99508497 98707308 98993602 99306359 99263385 99086143 99489969 99236186 98889509 99044320 98979266 99238074 98081247 99281977 99340087 98940995 99468786 99325079 98307544 98907044 99035104,gfortran,GNU Fortran (SUSE Linux) 13.3.1 20250313 [revision 4ef1d8c84faeebffeb0cc01ee22e891b41e5c4e0],-O3 -march=native -fopenmp -fno-math-errno -fno-trapping-math -fno-signed-zeros  -ffp-contract=fast -fstrict-aliasing -fPIC -ftree-parallelize-loops=1 -Wall -Wextra,1,5,30,e2bceb68db2b32dc2203a6c6d4bc169dff291a49,2026-09-08T11:54:15+0200,
wf_triangular,numba,M,ok,375555594,374343281,375569898 375346098 375652231 375606345 375716102 376045435 375958526 375476205 375461198 375913918 376804866 376177751 375424590 375065370 375319282 375002621 375806978 375337489 375589674 375579913 375908095 375472365 374343281 375541291 375526443 375270483 375920414 375383120 376110393 375261780,numba,numba 0.67.0,"@nb.njit(parallel=True, cache=True)",1,5,30,e2bceb68db2b32dc2203a6c6d4bc169dff291a49,2026-09-08T12:00:31+0200,
wf_triangular,c_reference,M,ok,99263401,98309784,99628366 99404949 99249786 98323544 98784968 99260665 99471794 98688812 99168669 99353238 99622958 99244410 99970466 98398773 99266137 99596718 99723338 98816935 99098910 99106879 99772937 99815304 99217146 99542608 99063775 99388469 99629133 98828808 99621774 98309784,gcc,gcc (SUSE Linux) 13.3.1 20250313 [revision 4ef1d8c84faeebffeb0cc01ee22e891b41e5c4e0],-O3 -march=native -fopenmp -fno-math-errno -fno-trapping-math -fno-signed-zeros  -ffp-contract=fast -fstrict-aliasing -fPIC -include /capstor/scratch/cscs/lhulsbergen/llr40-matrix/bench/hpcagent_bench/envs/vecmath.h -Wall -Wextra,1,5,30,e2bceb68db2b32dc2203a6c6d4bc169dff291a49,2026-09-08T12:07:02+0200,source=wf_triangular_reference.c sha256=fef1c39715e90ace
wf_triangular,agent,M,ok,153742316,150264605,154774890 153752779 151362488 156489683 160536303 152841353 157031745 153540434 161281111 157949667 157506354 153590193 158862758 153567218 151177151 152235964 152075266 153723852 157500370 156302041 150264605 152145695 152305978 151887784 154804745 153745708 151356825 153831849 155286746 153738924,gcc,gcc (SUSE Linux) 13.3.1 20250313 [revision 4ef1d8c84faeebffeb0cc01ee22e891b41e5c4e0],-O3 -march=native -fopenmp -fno-math-errno -fno-trapping-math -fno-signed-zeros  -ffp-contract=fast -fstrict-aliasing -fPIC -include /capstor/scratch/cscs/lhulsbergen/llr40-matrix/bench/hpcagent_bench/envs/vecmath.h -Wall -Wextra,1,5,30,e2bceb68db2b32dc2203a6c6d4bc169dff291a49,2026-09-08T12:13:02+0200,arm=llr40v10-kimi27sglang-c job=621730 seq=1 lang=c campaign_speedup=13.291 sha256=88d2c0e0c018f868
tsvc_2_s115,c,S,ok,12976,11583,14559 13440 12543 14560 13247 13920 13344 12928 12064 12800 13920 13183 13472 13375 13024 14463 14944 13151 12736 13055 12800 11967 11808 11743 11712 11583 11712 11935 12448 12511,gcc,gcc (SUSE Linux) 13.3.1 20250313 [revision 4ef1d8c84faeebffeb0cc01ee22e891b41e5c4e0],-O3 -march=native -fopenmp -fno-math-errno -fno-trapping-math -fno-signed-zeros  -ffp-contract=fast -fstrict-aliasing -fPIC -include /capstor/scratch/cscs/lhulsbergen/llr40-matrix/bench/hpcagent_bench/envs/vecmath.h -Wall -Wextra,1,5,30,e2bceb68db2b32dc2203a6c6d4bc169dff291a49,2026-09-08T09:32:50+0200,
tsvc_2_s115,cpp,S,ok,13663,11968,12735 11968 12767 13472 12575 12736 13344 14111 14208 13951 13920 13631 13728 15647 14720 14880 14175 13696 14751 14144 14143 14432 14208 13375 13408 13055 12448 12479 12416 13343,g++,g++ (SUSE Linux) 13.3.1 20250313 [revision 4ef1d8c84faeebffeb0cc01ee22e891b41e5c4e0],-O3 -march=native -fopenmp -fno-math-errno -fno-trapping-math -fno-signed-zeros  -ffp-contract=fast -fstrict-aliasing -fPIC -include /capstor/scratch/cscs/lhulsbergen/llr40-matrix/bench/hpcagent_bench/envs/vecmath.h -Wall -Wextra,1,5,30,e2bceb68db2b32dc2203a6c6d4bc169dff291a49,2026-09-08T09:32:54+0200,
tsvc_2_s115,fortran,S,ok,12527,11487,13664 12927 12096 12960 13312 12896 12640 13600 13631 13440 13151 12416 12607 12640 12799 12768 12447 12480 12575 12128 11775 12288 12063 11904 11487 11552 11487 11680 11615 12224,gfortran,GNU Fortran (SUSE Linux) 13.3.1 20250313 [revision 4ef1d8c84faeebffeb0cc01ee22e891b41e5c4e0],-O3 -march=native -fopenmp -fno-math-errno -fno-trapping-math -fno-signed-zeros  -ffp-contract=fast -fstrict-aliasing -fPIC -ftree-parallelize-loops=1 -Wall -Wextra,1,5,30,e2bceb68db2b32dc2203a6c6d4bc169dff291a49,2026-09-08T09:32:58+0200,
tsvc_2_s115,numba,S,ok,19519,17760,20735 20159 20863 20384 20608 21024 20767 21055 20607 20447 20383 20576 19584 19487 19551 19199 19167 18688 20256 18687 18303 19391 19168 18688 18815 18815 18591 18656 17760 18719,numba,numba 0.67.0,"@nb.njit(parallel=True, cache=True)",1,5,30,e2bceb68db2b32dc2203a6c6d4bc169dff291a49,2026-09-08T09:33:08+0200,
tsvc_2_s115,c_reference,S,ok,12751,12096,12863 13248 13183 13600 13055 13216 13311 13728 13023 12544 12096 12672 12544 12192 12608 12800 12160 12640 12320 12255 12672 12703 13568 13279 13696 12607 12448 12543 13088 13023,gcc,gcc (SUSE Linux) 13.3.1 20250313 [revision 4ef1d8c84faeebffeb0cc01ee22e891b41e5c4e0],-O3 -march=native -fopenmp -fno-math-errno -fno-trapping-math -fno-signed-zeros  -ffp-contract=fast -fstrict-aliasing -fPIC -include /capstor/scratch/cscs/lhulsbergen/llr40-matrix/bench/hpcagent_bench/envs/vecmath.h -Wall -Wextra,1,5,30,e2bceb68db2b32dc2203a6c6d4bc169dff291a49,2026-09-08T09:33:11+0200,source=tsvc_2_s115_reference.c sha256=123993dec309bef2
tsvc_2_s115,agent,S,ok,25263,23967,31391 25247 24863 26655 25087 24863 25439 25536 25920 25311 24543 24863 24799 25695 25375 24959 24799 23967 129436 38431 26912 25216 25215 25279 24607 24575 25631 27231 25151 25759,gcc,gcc (SUSE Linux) 13.3.1 20250313 [revision 4ef1d8c84faeebffeb0cc01ee22e891b41e5c4e0],-O3 -march=native -fopenmp -fno-math-errno -fno-trapping-math -fno-signed-zeros  -ffp-contract=fast -fstrict-aliasing -fPIC -include /capstor/scratch/cscs/lhulsbergen/llr40-matrix/bench/hpcagent_bench/envs/vecmath.h -Wall -Wextra,1,5,30,e2bceb68db2b32dc2203a6c6d4bc169dff291a49,2026-09-08T09:33:14+0200,arm=llr40v10-kimi27sglang-c job=621729 seq=2 lang=c campaign_speedup=3.018 sha256=881ca8bcf492d072
wf_triangular,c,S,ok,9152,8416,9344 9440 9407 10240 9536 9696 9088 10431 8896 8992 9440 9248 10239 9024 8672 9375 8416 10112 9120 10528 9375 9184 8512 8831 9120 8927 8704 8800 8607 9056,gcc,gcc (SUSE Linux) 13.3.1 20250313 [revision 4ef1d8c84faeebffeb0cc01ee22e891b41e5c4e0],-O3 -march=native -fopenmp -fno-math-errno -fno-trapping-math -fno-signed-zeros  -ffp-contract=fast -fstrict-aliasing -fPIC -include /capstor/scratch/cscs/lhulsbergen/llr40-matrix/bench/hpcagent_bench/envs/vecmath.h -Wall -Wextra,1,5,30,e2bceb68db2b32dc2203a6c6d4bc169dff291a49,2026-09-08T09:33:18+0200,
wf_triangular,cpp,S,ok,9248,7840,8511 8864 8928 8831 9248 9407 8800 7840 9279 9312 9344 9599 9088 10272 9184 8352 9663 9760 8864 8767 10720 9920 9248 8640 10239 8288 10112 8223 9696 9376,g++,g++ (SUSE Linux) 13.3.1 20250313 [revision 4ef1d8c84faeebffeb0cc01ee22e891b41e5c4e0],-O3 -march=native -fopenmp -fno-math-errno -fno-trapping-math -fno-signed-zeros  -ffp-contract=fast -fstrict-aliasing -fPIC -include /capstor/scratch/cscs/lhulsbergen/llr40-matrix/bench/hpcagent_bench/envs/vecmath.h -Wall -Wextra,1,5,30,e2bceb68db2b32dc2203a6c6d4bc169dff291a49,2026-09-08T09:33:22+0200,
wf_triangular,fortran,S,ok,8608,7936,8480 8959 9376 8480 10335 8800 8447 8000 7936 8671 8736 8192 8447 8032 9696 9055 8640 8576 8799 9760 8800 8480 10272 8191 9184 8544 8159 8256 9056 8287,gfortran,GNU Fortran (SUSE Linux) 13.3.1 20250313 [revision 4ef1d8c84faeebffeb0cc01ee22e891b41e5c4e0],-O3 -march=native -fopenmp -fno-math-errno -fno-trapping-math -fno-signed-zeros  -ffp-contract=fast -fstrict-aliasing -fPIC -ftree-parallelize-loops=1 -Wall -Wextra,1,5,30,e2bceb68db2b32dc2203a6c6d4bc169dff291a49,2026-09-08T09:33:24+0200,
wf_triangular,numba,S,ok,16880,15711,17120 18079 16927 17280 17375 16991 17216 17312 17855 16864 16640 17023 16896 17152 16959 17312 17056 16159 15904 16000 16639 16032 16192 16351 16000 15711 15903 16064 16063 16735,numba,numba 0.67.0,"@nb.njit(parallel=True, cache=True)",1,5,30,e2bceb68db2b32dc2203a6c6d4bc169dff291a49,2026-09-08T09:33:28+0200,
wf_triangular,c_reference,S,ok,8816,8096,8608 8671 8640 9216 8799 9376 9023 8288 8832 8895 8832 8128 8895 8576 8448 8255 8096 8800 9087 8448 10528 9472 8512 8959 8832 8320 8927 8384 8928 9023,gcc,gcc (SUSE Linux) 13.3.1 20250313 [revision 4ef1d8c84faeebffeb0cc01ee22e891b41e5c4e0],-O3 -march=native -fopenmp -fno-math-errno -fno-trapping-math -fno-signed-zeros  -ffp-contract=fast -fstrict-aliasing -fPIC -include /capstor/scratch/cscs/lhulsbergen/llr40-matrix/bench/hpcagent_bench/envs/vecmath.h -Wall -Wextra,1,5,30,e2bceb68db2b32dc2203a6c6d4bc169dff291a49,2026-09-08T09:33:31+0200,source=wf_triangular_reference.c sha256=fef1c39715e90ace
wf_triangular,agent,S,ok,43471,42398,62334 44639 44958 43039 45598 42751 44638 42911 43934 43007 44222 42975 43550 42975 43774 42463 44031 43423 44319 42623 43519 42814 43231 42398 44671 42846 45663 42942 44415 43006,gcc,gcc (SUSE Linux) 13.3.1 20250313 [revision 4ef1d8c84faeebffeb0cc01ee22e891b41e5c4e0],-O3 -march=native -fopenmp -fno-math-errno -fno-trapping-math -fno-signed-zeros  -ffp-contract=fast -fstrict-aliasing -fPIC -include /capstor/scratch/cscs/lhulsbergen/llr40-matrix/bench/hpcagent_bench/envs/vecmath.h -Wall -Wextra,1,5,30,e2bceb68db2b32dc2203a6c6d4bc169dff291a49,2026-09-08T09:33:34+0200,arm=llr40v10-kimi27sglang-c job=621730 seq=1 lang=c campaign_speedup=13.291 sha256=88d2c0e0c018f868
wf_diff_skew,c,S,ok,8704,8000,8416 8608 9503 9376 9088 9791 9216 8352 8831 8928 8768 8704 8640 8895 8832 8480 8607 8960 8864 8511 8416 8704 8320 8448 9471 8960 8000 8703 8576 8320,gcc,gcc (SUSE Linux) 13.3.1 20250313 [revision 4ef1d8c84faeebffeb0cc01ee22e891b41e5c4e0],-O3 -march=native -fopenmp -fno-math-errno -fno-trapping-math -fno-signed-zeros  -ffp-contract=fast -fstrict-aliasing -fPIC -include /capstor/scratch/cscs/lhulsbergen/llr40-matrix/bench/hpcagent_bench/envs/vecmath.h -Wall -Wextra,1,5,30,e2bceb68db2b32dc2203a6c6d4bc169dff291a49,2026-09-08T09:33:39+0200,
wf_diff_skew,cpp,S,ok,9472,8639,9504 9215 9696 9440 10367 9472 10847 9344 9568 9695 9088 9119 9536 9056 9695 9184 8896 10879 9472 10399 9824 9600 8639 10336 9279 9056 9248 9823 8800 9184,g++,g++ (SUSE Linux) 13.3.1 20250313 [revision 4ef1d8c84faeebffeb0cc01ee22e891b41e5c4e0],-O3 -march=native -fopenmp -fno-math-errno -fno-trapping-math -fno-signed-zeros  -ffp-contract=fast -fstrict-aliasing -fPIC -include /capstor/scratch/cscs/lhulsbergen/llr40-matrix/bench/hpcagent_bench/envs/vecmath.h -Wall -Wextra,1,5,30,e2bceb68db2b32dc2203a6c6d4bc169dff291a49,2026-09-08T09:33:43+0200,
wf_diff_skew,fortran,S,ok,9376,8736,9824 9471 9536 9663 9344 10176 9567 9376 10431 9376 9312 8831 9472 9216 9728 8736 10111 9312 9024 9855 8832 8864 9088 8896 9407 9120 8736 8831 9728 10207,gfortran,GNU Fortran (SUSE Linux) 13.3.1 20250313 [revision 4ef1d8c84faeebffeb0cc01ee22e891b41e5c4e0],-O3 -march=native -fopenmp -fno-math-errno -fno-trapping-math -fno-signed-zeros  -ffp-contract=fast -fstrict-aliasing -fPIC -ftree-parallelize-loops=1 -Wall -Wextra,1,5,30,e2bceb68db2b32dc2203a6c6d4bc169dff291a49,2026-09-08T09:33:46+0200,
wf_diff_skew,numba,S,ok,13311,12576,13567 13920 14240 13439 13696 13119 13568 13311 13632 13311 13568 12928 14047 13248 13151 14368 13247 13248 13791 13184 12959 12576 13024 12704 12928 13983 13088 13311 13728 12991,numba,numba 0.67.0,"@nb.njit(parallel=True, cache=True)",1,5,30,e2bceb68db2b32dc2203a6c6d4bc169dff291a49,2026-09-08T09:33:49+0200,
wf_diff_skew,c_reference,S,ok,8672,8320,8672 8448 9120 9215 8928 8512 8607 8608 8576 8383 8992 9312 8640 8384 8351 8992 8832 8799 9920 9888 8480 8640 8831 8320 13663 8672 8479 9152 8736 8415,gcc,gcc (SUSE Linux) 13.3.1 20250313 [revision 4ef1d8c84faeebffeb0cc01ee22e891b41e5c4e0],-O3 -march=native -fopenmp -fno-math-errno -fno-trapping-math -fno-signed-zeros  -ffp-contract=fast -fstrict-aliasing -fPIC -include /capstor/scratch/cscs/lhulsbergen/llr40-matrix/bench/hpcagent_bench/envs/vecmath.h -Wall -Wextra,1,5,30,e2bceb68db2b32dc2203a6c6d4bc169dff291a49,2026-09-08T09:33:52+0200,source=wf_diff_skew_reference.c sha256=32113cc55b653084
wf_diff_skew,agent,S,ok,20448,19583,20543 20511 20831 22016 20799 22079 21343 20480 21760 20671 20223 20416 19935 19871 20223 20000 21535 20351 20831 20096 20575 20031 20224 20672 19679 19647 20416 19583 19903 20799,gcc,gcc (SUSE Linux) 13.3.1 20250313 [revision 4ef1d8c84faeebffeb0cc01ee22e891b41e5c4e0],-O3 -march=native -fopenmp -fno-math-errno -fno-trapping-math -fno-signed-zeros  -ffp-contract=fast -fstrict-aliasing -fPIC -include /capstor/scratch/cscs/lhulsbergen/llr40-matrix/bench/hpcagent_bench/envs/vecmath.h -Wall -Wextra,1,5,30,e2bceb68db2b32dc2203a6c6d4bc169dff291a49,2026-09-08T09:33:56+0200,arm=llr40v10-oss120b-c job=621015 seq=1 lang=c campaign_speedup=3.469 sha256=620a8bb7753cad61
