kernel,pipeline,codegen,cxx,flagset,compiled,n_vectorized,vectorized_loops,n_missed,missed_loops,error,argv
argmax_with_index,canon,legacy,g++-13,bonsall,True,0,,4,canon_cpu.cpp:26 canon_cpu.cpp:27 canon_cpu.cpp:32 canon_cpu.cpp:33,,g++-13 -O3 -std=c++20 -fPIC -fno-math-errno -ffinite-math-only -fno-signaling-nans -fstrict-aliasing -faligned-new -fvect-cost-model=unlimited -fopenmp -I/capstor/scratch/cscs/lhulsbergen/venv_dace5cf/lib/python3.12/site-packages/dace/runtime/include -c /capstor/scratch/cscs/lhulsbergen/llr40_dace/emit/argmax_with_index/canon_legacy/src/cpu/canon_cpu.cpp -o /dev/null -fopt-info-vec-all=/capstor/scratch/cscs/lhulsbergen/llr40_dace/vec/reports/argmax_with_index.canon_legacy.g++-13.bonsall.all
argmax_with_index,canon,legacy,g++-13,unsafe,True,0,,4,canon_cpu.cpp:26 canon_cpu.cpp:27 canon_cpu.cpp:32 canon_cpu.cpp:33,,g++-13 -O3 -std=c++20 -fPIC -fno-math-errno -ffinite-math-only -fno-signaling-nans -fstrict-aliasing -faligned-new -fvect-cost-model=unlimited -fopenmp -funsafe-math-optimizations -I/capstor/scratch/cscs/lhulsbergen/venv_dace5cf/lib/python3.12/site-packages/dace/runtime/include -c /capstor/scratch/cscs/lhulsbergen/llr40_dace/emit/argmax_with_index/canon_legacy/src/cpu/canon_cpu.cpp -o /dev/null -fopt-info-vec-all=/capstor/scratch/cscs/lhulsbergen/llr40_dace/vec/reports/argmax_with_index.canon_legacy.g++-13.unsafe.all
argmax_with_index,canon,legacy,g++-13,harness,True,0,,4,canon_cpu.cpp:26 canon_cpu.cpp:27 canon_cpu.cpp:32 canon_cpu.cpp:33,,g++-13 -march=native -fopenmp -fno-math-errno -fno-trapping-math -fno-signed-zeros -ffp-contract=fast -fstrict-aliasing -include /capstor/scratch/cscs/lhulsbergen/HPCAgent-Bench-dace/hpcagent_bench/envs/vecmath.h -Wall -Wextra -O3 -fPIC -fopenmp -std=c++20 -I/capstor/scratch/cscs/lhulsbergen/venv_dace5cf/lib/python3.12/site-packages/dace/runtime/include -c /capstor/scratch/cscs/lhulsbergen/llr40_dace/emit/argmax_with_index/canon_legacy/src/cpu/canon_cpu.cpp -o /dev/null -fopt-info-vec-all=/capstor/scratch/cscs/lhulsbergen/llr40_dace/vec/reports/argmax_with_index.canon_legacy.g++-13.harness.all
argmax_with_index,canon,legacy,g++-14,bonsall,True,0,,4,canon_cpu.cpp:26 canon_cpu.cpp:27 canon_cpu.cpp:32 canon_cpu.cpp:33,,g++-14 -O3 -std=c++20 -fPIC -fno-math-errno -ffinite-math-only -fno-signaling-nans -fstrict-aliasing -faligned-new -fvect-cost-model=unlimited -fopenmp -I/capstor/scratch/cscs/lhulsbergen/venv_dace5cf/lib/python3.12/site-packages/dace/runtime/include -c /capstor/scratch/cscs/lhulsbergen/llr40_dace/emit/argmax_with_index/canon_legacy/src/cpu/canon_cpu.cpp -o /dev/null -fopt-info-vec-all=/capstor/scratch/cscs/lhulsbergen/llr40_dace/vec/reports/argmax_with_index.canon_legacy.g++-14.bonsall.all
argmax_with_index,canon,legacy,g++-14,unsafe,True,0,,4,canon_cpu.cpp:26 canon_cpu.cpp:27 canon_cpu.cpp:32 canon_cpu.cpp:33,,g++-14 -O3 -std=c++20 -fPIC -fno-math-errno -ffinite-math-only -fno-signaling-nans -fstrict-aliasing -faligned-new -fvect-cost-model=unlimited -fopenmp -funsafe-math-optimizations -I/capstor/scratch/cscs/lhulsbergen/venv_dace5cf/lib/python3.12/site-packages/dace/runtime/include -c /capstor/scratch/cscs/lhulsbergen/llr40_dace/emit/argmax_with_index/canon_legacy/src/cpu/canon_cpu.cpp -o /dev/null -fopt-info-vec-all=/capstor/scratch/cscs/lhulsbergen/llr40_dace/vec/reports/argmax_with_index.canon_legacy.g++-14.unsafe.all
argmax_with_index,canon,legacy,g++-14,harness,True,0,,4,canon_cpu.cpp:26 canon_cpu.cpp:27 canon_cpu.cpp:32 canon_cpu.cpp:33,,g++-14 -march=native -fopenmp -fno-math-errno -fno-trapping-math -fno-signed-zeros -ffp-contract=fast -fstrict-aliasing -include /capstor/scratch/cscs/lhulsbergen/HPCAgent-Bench-dace/hpcagent_bench/envs/vecmath.h -Wall -Wextra -O3 -fPIC -fopenmp -std=c++20 -I/capstor/scratch/cscs/lhulsbergen/venv_dace5cf/lib/python3.12/site-packages/dace/runtime/include -c /capstor/scratch/cscs/lhulsbergen/llr40_dace/emit/argmax_with_index/canon_legacy/src/cpu/canon_cpu.cpp -o /dev/null -fopt-info-vec-all=/capstor/scratch/cscs/lhulsbergen/llr40_dace/vec/reports/argmax_with_index.canon_legacy.g++-14.harness.all
argmax_with_index,canon,new,g++-13,bonsall,True,0,,4,canon_cpu.cpp:26 canon_cpu.cpp:27 canon_cpu.cpp:32 canon_cpu.cpp:33,,g++-13 -O3 -std=c++20 -fPIC -fno-math-errno -ffinite-math-only -fno-signaling-nans -fstrict-aliasing -faligned-new -fvect-cost-model=unlimited -fopenmp -I/capstor/scratch/cscs/lhulsbergen/venv_dace5cf/lib/python3.12/site-packages/dace/runtime/include -c /capstor/scratch/cscs/lhulsbergen/llr40_dace/emit/argmax_with_index/canon_new/src/cpu/canon_cpu.cpp -o /dev/null -fopt-info-vec-all=/capstor/scratch/cscs/lhulsbergen/llr40_dace/vec/reports/argmax_with_index.canon_new.g++-13.bonsall.all
argmax_with_index,canon,new,g++-13,unsafe,True,0,,4,canon_cpu.cpp:26 canon_cpu.cpp:27 canon_cpu.cpp:32 canon_cpu.cpp:33,,g++-13 -O3 -std=c++20 -fPIC -fno-math-errno -ffinite-math-only -fno-signaling-nans -fstrict-aliasing -faligned-new -fvect-cost-model=unlimited -fopenmp -funsafe-math-optimizations -I/capstor/scratch/cscs/lhulsbergen/venv_dace5cf/lib/python3.12/site-packages/dace/runtime/include -c /capstor/scratch/cscs/lhulsbergen/llr40_dace/emit/argmax_with_index/canon_new/src/cpu/canon_cpu.cpp -o /dev/null -fopt-info-vec-all=/capstor/scratch/cscs/lhulsbergen/llr40_dace/vec/reports/argmax_with_index.canon_new.g++-13.unsafe.all
argmax_with_index,canon,new,g++-13,harness,True,0,,4,canon_cpu.cpp:26 canon_cpu.cpp:27 canon_cpu.cpp:32 canon_cpu.cpp:33,,g++-13 -march=native -fopenmp -fno-math-errno -fno-trapping-math -fno-signed-zeros -ffp-contract=fast -fstrict-aliasing -include /capstor/scratch/cscs/lhulsbergen/HPCAgent-Bench-dace/hpcagent_bench/envs/vecmath.h -Wall -Wextra -O3 -fPIC -fopenmp -std=c++20 -I/capstor/scratch/cscs/lhulsbergen/venv_dace5cf/lib/python3.12/site-packages/dace/runtime/include -c /capstor/scratch/cscs/lhulsbergen/llr40_dace/emit/argmax_with_index/canon_new/src/cpu/canon_cpu.cpp -o /dev/null -fopt-info-vec-all=/capstor/scratch/cscs/lhulsbergen/llr40_dace/vec/reports/argmax_with_index.canon_new.g++-13.harness.all
argmax_with_index,canon,new,g++-14,bonsall,True,0,,4,canon_cpu.cpp:26 canon_cpu.cpp:27 canon_cpu.cpp:32 canon_cpu.cpp:33,,g++-14 -O3 -std=c++20 -fPIC -fno-math-errno -ffinite-math-only -fno-signaling-nans -fstrict-aliasing -faligned-new -fvect-cost-model=unlimited -fopenmp -I/capstor/scratch/cscs/lhulsbergen/venv_dace5cf/lib/python3.12/site-packages/dace/runtime/include -c /capstor/scratch/cscs/lhulsbergen/llr40_dace/emit/argmax_with_index/canon_new/src/cpu/canon_cpu.cpp -o /dev/null -fopt-info-vec-all=/capstor/scratch/cscs/lhulsbergen/llr40_dace/vec/reports/argmax_with_index.canon_new.g++-14.bonsall.all
argmax_with_index,canon,new,g++-14,unsafe,True,0,,4,canon_cpu.cpp:26 canon_cpu.cpp:27 canon_cpu.cpp:32 canon_cpu.cpp:33,,g++-14 -O3 -std=c++20 -fPIC -fno-math-errno -ffinite-math-only -fno-signaling-nans -fstrict-aliasing -faligned-new -fvect-cost-model=unlimited -fopenmp -funsafe-math-optimizations -I/capstor/scratch/cscs/lhulsbergen/venv_dace5cf/lib/python3.12/site-packages/dace/runtime/include -c /capstor/scratch/cscs/lhulsbergen/llr40_dace/emit/argmax_with_index/canon_new/src/cpu/canon_cpu.cpp -o /dev/null -fopt-info-vec-all=/capstor/scratch/cscs/lhulsbergen/llr40_dace/vec/reports/argmax_with_index.canon_new.g++-14.unsafe.all
argmax_with_index,canon,new,g++-14,harness,True,0,,4,canon_cpu.cpp:26 canon_cpu.cpp:27 canon_cpu.cpp:32 canon_cpu.cpp:33,,g++-14 -march=native -fopenmp -fno-math-errno -fno-trapping-math -fno-signed-zeros -ffp-contract=fast -fstrict-aliasing -include /capstor/scratch/cscs/lhulsbergen/HPCAgent-Bench-dace/hpcagent_bench/envs/vecmath.h -Wall -Wextra -O3 -fPIC -fopenmp -std=c++20 -I/capstor/scratch/cscs/lhulsbergen/venv_dace5cf/lib/python3.12/site-packages/dace/runtime/include -c /capstor/scratch/cscs/lhulsbergen/llr40_dace/emit/argmax_with_index/canon_new/src/cpu/canon_cpu.cpp -o /dev/null -fopt-info-vec-all=/capstor/scratch/cscs/lhulsbergen/llr40_dace/vec/reports/argmax_with_index.canon_new.g++-14.harness.all
argmax_with_index,canon,old,g++-13,bonsall,True,0,,4,canon_cpu.cpp:26 canon_cpu.cpp:27 canon_cpu.cpp:32 canon_cpu.cpp:33,,g++-13 -O3 -std=c++20 -fPIC -fno-math-errno -ffinite-math-only -fno-signaling-nans -fstrict-aliasing -faligned-new -fvect-cost-model=unlimited -fopenmp -I/capstor/scratch/cscs/lhulsbergen/venv_dace5cf/lib/python3.12/site-packages/dace/runtime/include -c /capstor/scratch/cscs/lhulsbergen/llr40_dace/emit/argmax_with_index/canon_old/src/cpu/canon_cpu.cpp -o /dev/null -fopt-info-vec-all=/capstor/scratch/cscs/lhulsbergen/llr40_dace/vec/reports/argmax_with_index.canon_old.g++-13.bonsall.all
argmax_with_index,canon,old,g++-13,unsafe,True,0,,4,canon_cpu.cpp:26 canon_cpu.cpp:27 canon_cpu.cpp:32 canon_cpu.cpp:33,,g++-13 -O3 -std=c++20 -fPIC -fno-math-errno -ffinite-math-only -fno-signaling-nans -fstrict-aliasing -faligned-new -fvect-cost-model=unlimited -fopenmp -funsafe-math-optimizations -I/capstor/scratch/cscs/lhulsbergen/venv_dace5cf/lib/python3.12/site-packages/dace/runtime/include -c /capstor/scratch/cscs/lhulsbergen/llr40_dace/emit/argmax_with_index/canon_old/src/cpu/canon_cpu.cpp -o /dev/null -fopt-info-vec-all=/capstor/scratch/cscs/lhulsbergen/llr40_dace/vec/reports/argmax_with_index.canon_old.g++-13.unsafe.all
argmax_with_index,canon,old,g++-13,harness,True,0,,4,canon_cpu.cpp:26 canon_cpu.cpp:27 canon_cpu.cpp:32 canon_cpu.cpp:33,,g++-13 -march=native -fopenmp -fno-math-errno -fno-trapping-math -fno-signed-zeros -ffp-contract=fast -fstrict-aliasing -include /capstor/scratch/cscs/lhulsbergen/HPCAgent-Bench-dace/hpcagent_bench/envs/vecmath.h -Wall -Wextra -O3 -fPIC -fopenmp -std=c++20 -I/capstor/scratch/cscs/lhulsbergen/venv_dace5cf/lib/python3.12/site-packages/dace/runtime/include -c /capstor/scratch/cscs/lhulsbergen/llr40_dace/emit/argmax_with_index/canon_old/src/cpu/canon_cpu.cpp -o /dev/null -fopt-info-vec-all=/capstor/scratch/cscs/lhulsbergen/llr40_dace/vec/reports/argmax_with_index.canon_old.g++-13.harness.all
argmax_with_index,canon,old,g++-14,bonsall,True,0,,4,canon_cpu.cpp:26 canon_cpu.cpp:27 canon_cpu.cpp:32 canon_cpu.cpp:33,,g++-14 -O3 -std=c++20 -fPIC -fno-math-errno -ffinite-math-only -fno-signaling-nans -fstrict-aliasing -faligned-new -fvect-cost-model=unlimited -fopenmp -I/capstor/scratch/cscs/lhulsbergen/venv_dace5cf/lib/python3.12/site-packages/dace/runtime/include -c /capstor/scratch/cscs/lhulsbergen/llr40_dace/emit/argmax_with_index/canon_old/src/cpu/canon_cpu.cpp -o /dev/null -fopt-info-vec-all=/capstor/scratch/cscs/lhulsbergen/llr40_dace/vec/reports/argmax_with_index.canon_old.g++-14.bonsall.all
argmax_with_index,canon,old,g++-14,unsafe,True,0,,4,canon_cpu.cpp:26 canon_cpu.cpp:27 canon_cpu.cpp:32 canon_cpu.cpp:33,,g++-14 -O3 -std=c++20 -fPIC -fno-math-errno -ffinite-math-only -fno-signaling-nans -fstrict-aliasing -faligned-new -fvect-cost-model=unlimited -fopenmp -funsafe-math-optimizations -I/capstor/scratch/cscs/lhulsbergen/venv_dace5cf/lib/python3.12/site-packages/dace/runtime/include -c /capstor/scratch/cscs/lhulsbergen/llr40_dace/emit/argmax_with_index/canon_old/src/cpu/canon_cpu.cpp -o /dev/null -fopt-info-vec-all=/capstor/scratch/cscs/lhulsbergen/llr40_dace/vec/reports/argmax_with_index.canon_old.g++-14.unsafe.all
argmax_with_index,canon,old,g++-14,harness,True,0,,4,canon_cpu.cpp:26 canon_cpu.cpp:27 canon_cpu.cpp:32 canon_cpu.cpp:33,,g++-14 -march=native -fopenmp -fno-math-errno -fno-trapping-math -fno-signed-zeros -ffp-contract=fast -fstrict-aliasing -include /capstor/scratch/cscs/lhulsbergen/HPCAgent-Bench-dace/hpcagent_bench/envs/vecmath.h -Wall -Wextra -O3 -fPIC -fopenmp -std=c++20 -I/capstor/scratch/cscs/lhulsbergen/venv_dace5cf/lib/python3.12/site-packages/dace/runtime/include -c /capstor/scratch/cscs/lhulsbergen/llr40_dace/emit/argmax_with_index/canon_old/src/cpu/canon_cpu.cpp -o /dev/null -fopt-info-vec-all=/capstor/scratch/cscs/lhulsbergen/llr40_dace/vec/reports/argmax_with_index.canon_old.g++-14.harness.all
argmax_with_index,none,legacy,g++-13,bonsall,True,0,,2,canon_cpu.cpp:35 canon_cpu.cpp:41,,g++-13 -O3 -std=c++20 -fPIC -fno-math-errno -ffinite-math-only -fno-signaling-nans -fstrict-aliasing -faligned-new -fvect-cost-model=unlimited -fopenmp -I/capstor/scratch/cscs/lhulsbergen/venv_dace5cf/lib/python3.12/site-packages/dace/runtime/include -c /capstor/scratch/cscs/lhulsbergen/llr40_dace/emit/argmax_with_index/none_legacy/src/cpu/canon_cpu.cpp -o /dev/null -fopt-info-vec-all=/capstor/scratch/cscs/lhulsbergen/llr40_dace/vec/reports/argmax_with_index.none_legacy.g++-13.bonsall.all
argmax_with_index,none,legacy,g++-13,unsafe,True,0,,2,canon_cpu.cpp:35 canon_cpu.cpp:41,,g++-13 -O3 -std=c++20 -fPIC -fno-math-errno -ffinite-math-only -fno-signaling-nans -fstrict-aliasing -faligned-new -fvect-cost-model=unlimited -fopenmp -funsafe-math-optimizations -I/capstor/scratch/cscs/lhulsbergen/venv_dace5cf/lib/python3.12/site-packages/dace/runtime/include -c /capstor/scratch/cscs/lhulsbergen/llr40_dace/emit/argmax_with_index/none_legacy/src/cpu/canon_cpu.cpp -o /dev/null -fopt-info-vec-all=/capstor/scratch/cscs/lhulsbergen/llr40_dace/vec/reports/argmax_with_index.none_legacy.g++-13.unsafe.all
argmax_with_index,none,legacy,g++-13,harness,True,0,,2,canon_cpu.cpp:35 canon_cpu.cpp:41,,g++-13 -march=native -fopenmp -fno-math-errno -fno-trapping-math -fno-signed-zeros -ffp-contract=fast -fstrict-aliasing -include /capstor/scratch/cscs/lhulsbergen/HPCAgent-Bench-dace/hpcagent_bench/envs/vecmath.h -Wall -Wextra -O3 -fPIC -fopenmp -std=c++20 -I/capstor/scratch/cscs/lhulsbergen/venv_dace5cf/lib/python3.12/site-packages/dace/runtime/include -c /capstor/scratch/cscs/lhulsbergen/llr40_dace/emit/argmax_with_index/none_legacy/src/cpu/canon_cpu.cpp -o /dev/null -fopt-info-vec-all=/capstor/scratch/cscs/lhulsbergen/llr40_dace/vec/reports/argmax_with_index.none_legacy.g++-13.harness.all
argmax_with_index,none,legacy,g++-14,bonsall,True,0,,2,canon_cpu.cpp:35 canon_cpu.cpp:41,,g++-14 -O3 -std=c++20 -fPIC -fno-math-errno -ffinite-math-only -fno-signaling-nans -fstrict-aliasing -faligned-new -fvect-cost-model=unlimited -fopenmp -I/capstor/scratch/cscs/lhulsbergen/venv_dace5cf/lib/python3.12/site-packages/dace/runtime/include -c /capstor/scratch/cscs/lhulsbergen/llr40_dace/emit/argmax_with_index/none_legacy/src/cpu/canon_cpu.cpp -o /dev/null -fopt-info-vec-all=/capstor/scratch/cscs/lhulsbergen/llr40_dace/vec/reports/argmax_with_index.none_legacy.g++-14.bonsall.all
argmax_with_index,none,legacy,g++-14,unsafe,True,0,,2,canon_cpu.cpp:35 canon_cpu.cpp:41,,g++-14 -O3 -std=c++20 -fPIC -fno-math-errno -ffinite-math-only -fno-signaling-nans -fstrict-aliasing -faligned-new -fvect-cost-model=unlimited -fopenmp -funsafe-math-optimizations -I/capstor/scratch/cscs/lhulsbergen/venv_dace5cf/lib/python3.12/site-packages/dace/runtime/include -c /capstor/scratch/cscs/lhulsbergen/llr40_dace/emit/argmax_with_index/none_legacy/src/cpu/canon_cpu.cpp -o /dev/null -fopt-info-vec-all=/capstor/scratch/cscs/lhulsbergen/llr40_dace/vec/reports/argmax_with_index.none_legacy.g++-14.unsafe.all
argmax_with_index,none,legacy,g++-14,harness,True,0,,2,canon_cpu.cpp:35 canon_cpu.cpp:41,,g++-14 -march=native -fopenmp -fno-math-errno -fno-trapping-math -fno-signed-zeros -ffp-contract=fast -fstrict-aliasing -include /capstor/scratch/cscs/lhulsbergen/HPCAgent-Bench-dace/hpcagent_bench/envs/vecmath.h -Wall -Wextra -O3 -fPIC -fopenmp -std=c++20 -I/capstor/scratch/cscs/lhulsbergen/venv_dace5cf/lib/python3.12/site-packages/dace/runtime/include -c /capstor/scratch/cscs/lhulsbergen/llr40_dace/emit/argmax_with_index/none_legacy/src/cpu/canon_cpu.cpp -o /dev/null -fopt-info-vec-all=/capstor/scratch/cscs/lhulsbergen/llr40_dace/vec/reports/argmax_with_index.none_legacy.g++-14.harness.all
argmax_with_index,none,new,g++-13,bonsall,True,0,,2,canon_cpu.cpp:27 canon_cpu.cpp:33,,g++-13 -O3 -std=c++20 -fPIC -fno-math-errno -ffinite-math-only -fno-signaling-nans -fstrict-aliasing -faligned-new -fvect-cost-model=unlimited -fopenmp -I/capstor/scratch/cscs/lhulsbergen/venv_dace5cf/lib/python3.12/site-packages/dace/runtime/include -c /capstor/scratch/cscs/lhulsbergen/llr40_dace/emit/argmax_with_index/none_new/src/cpu/canon_cpu.cpp -o /dev/null -fopt-info-vec-all=/capstor/scratch/cscs/lhulsbergen/llr40_dace/vec/reports/argmax_with_index.none_new.g++-13.bonsall.all
argmax_with_index,none,new,g++-13,unsafe,True,0,,2,canon_cpu.cpp:27 canon_cpu.cpp:33,,g++-13 -O3 -std=c++20 -fPIC -fno-math-errno -ffinite-math-only -fno-signaling-nans -fstrict-aliasing -faligned-new -fvect-cost-model=unlimited -fopenmp -funsafe-math-optimizations -I/capstor/scratch/cscs/lhulsbergen/venv_dace5cf/lib/python3.12/site-packages/dace/runtime/include -c /capstor/scratch/cscs/lhulsbergen/llr40_dace/emit/argmax_with_index/none_new/src/cpu/canon_cpu.cpp -o /dev/null -fopt-info-vec-all=/capstor/scratch/cscs/lhulsbergen/llr40_dace/vec/reports/argmax_with_index.none_new.g++-13.unsafe.all
argmax_with_index,none,new,g++-13,harness,True,0,,2,canon_cpu.cpp:27 canon_cpu.cpp:33,,g++-13 -march=native -fopenmp -fno-math-errno -fno-trapping-math -fno-signed-zeros -ffp-contract=fast -fstrict-aliasing -include /capstor/scratch/cscs/lhulsbergen/HPCAgent-Bench-dace/hpcagent_bench/envs/vecmath.h -Wall -Wextra -O3 -fPIC -fopenmp -std=c++20 -I/capstor/scratch/cscs/lhulsbergen/venv_dace5cf/lib/python3.12/site-packages/dace/runtime/include -c /capstor/scratch/cscs/lhulsbergen/llr40_dace/emit/argmax_with_index/none_new/src/cpu/canon_cpu.cpp -o /dev/null -fopt-info-vec-all=/capstor/scratch/cscs/lhulsbergen/llr40_dace/vec/reports/argmax_with_index.none_new.g++-13.harness.all
argmax_with_index,none,new,g++-14,bonsall,True,0,,2,canon_cpu.cpp:27 canon_cpu.cpp:33,,g++-14 -O3 -std=c++20 -fPIC -fno-math-errno -ffinite-math-only -fno-signaling-nans -fstrict-aliasing -faligned-new -fvect-cost-model=unlimited -fopenmp -I/capstor/scratch/cscs/lhulsbergen/venv_dace5cf/lib/python3.12/site-packages/dace/runtime/include -c /capstor/scratch/cscs/lhulsbergen/llr40_dace/emit/argmax_with_index/none_new/src/cpu/canon_cpu.cpp -o /dev/null -fopt-info-vec-all=/capstor/scratch/cscs/lhulsbergen/llr40_dace/vec/reports/argmax_with_index.none_new.g++-14.bonsall.all
argmax_with_index,none,new,g++-14,unsafe,True,0,,2,canon_cpu.cpp:27 canon_cpu.cpp:33,,g++-14 -O3 -std=c++20 -fPIC -fno-math-errno -ffinite-math-only -fno-signaling-nans -fstrict-aliasing -faligned-new -fvect-cost-model=unlimited -fopenmp -funsafe-math-optimizations -I/capstor/scratch/cscs/lhulsbergen/venv_dace5cf/lib/python3.12/site-packages/dace/runtime/include -c /capstor/scratch/cscs/lhulsbergen/llr40_dace/emit/argmax_with_index/none_new/src/cpu/canon_cpu.cpp -o /dev/null -fopt-info-vec-all=/capstor/scratch/cscs/lhulsbergen/llr40_dace/vec/reports/argmax_with_index.none_new.g++-14.unsafe.all
argmax_with_index,none,new,g++-14,harness,True,0,,2,canon_cpu.cpp:27 canon_cpu.cpp:33,,g++-14 -march=native -fopenmp -fno-math-errno -fno-trapping-math -fno-signed-zeros -ffp-contract=fast -fstrict-aliasing -include /capstor/scratch/cscs/lhulsbergen/HPCAgent-Bench-dace/hpcagent_bench/envs/vecmath.h -Wall -Wextra -O3 -fPIC -fopenmp -std=c++20 -I/capstor/scratch/cscs/lhulsbergen/venv_dace5cf/lib/python3.12/site-packages/dace/runtime/include -c /capstor/scratch/cscs/lhulsbergen/llr40_dace/emit/argmax_with_index/none_new/src/cpu/canon_cpu.cpp -o /dev/null -fopt-info-vec-all=/capstor/scratch/cscs/lhulsbergen/llr40_dace/vec/reports/argmax_with_index.none_new.g++-14.harness.all
argmax_with_index,none,old,g++-13,bonsall,True,0,,2,canon_cpu.cpp:27 canon_cpu.cpp:9,,g++-13 -O3 -std=c++20 -fPIC -fno-math-errno -ffinite-math-only -fno-signaling-nans -fstrict-aliasing -faligned-new -fvect-cost-model=unlimited -fopenmp -I/capstor/scratch/cscs/lhulsbergen/venv_dace5cf/lib/python3.12/site-packages/dace/runtime/include -c /capstor/scratch/cscs/lhulsbergen/llr40_dace/emit/argmax_with_index/none_old/src/cpu/canon_cpu.cpp -o /dev/null -fopt-info-vec-all=/capstor/scratch/cscs/lhulsbergen/llr40_dace/vec/reports/argmax_with_index.none_old.g++-13.bonsall.all
argmax_with_index,none,old,g++-13,unsafe,True,0,,2,canon_cpu.cpp:27 canon_cpu.cpp:9,,g++-13 -O3 -std=c++20 -fPIC -fno-math-errno -ffinite-math-only -fno-signaling-nans -fstrict-aliasing -faligned-new -fvect-cost-model=unlimited -fopenmp -funsafe-math-optimizations -I/capstor/scratch/cscs/lhulsbergen/venv_dace5cf/lib/python3.12/site-packages/dace/runtime/include -c /capstor/scratch/cscs/lhulsbergen/llr40_dace/emit/argmax_with_index/none_old/src/cpu/canon_cpu.cpp -o /dev/null -fopt-info-vec-all=/capstor/scratch/cscs/lhulsbergen/llr40_dace/vec/reports/argmax_with_index.none_old.g++-13.unsafe.all
argmax_with_index,none,old,g++-13,harness,True,0,,2,canon_cpu.cpp:27 canon_cpu.cpp:9,,g++-13 -march=native -fopenmp -fno-math-errno -fno-trapping-math -fno-signed-zeros -ffp-contract=fast -fstrict-aliasing -include /capstor/scratch/cscs/lhulsbergen/HPCAgent-Bench-dace/hpcagent_bench/envs/vecmath.h -Wall -Wextra -O3 -fPIC -fopenmp -std=c++20 -I/capstor/scratch/cscs/lhulsbergen/venv_dace5cf/lib/python3.12/site-packages/dace/runtime/include -c /capstor/scratch/cscs/lhulsbergen/llr40_dace/emit/argmax_with_index/none_old/src/cpu/canon_cpu.cpp -o /dev/null -fopt-info-vec-all=/capstor/scratch/cscs/lhulsbergen/llr40_dace/vec/reports/argmax_with_index.none_old.g++-13.harness.all
argmax_with_index,none,old,g++-14,bonsall,True,0,,2,canon_cpu.cpp:27 canon_cpu.cpp:9,,g++-14 -O3 -std=c++20 -fPIC -fno-math-errno -ffinite-math-only -fno-signaling-nans -fstrict-aliasing -faligned-new -fvect-cost-model=unlimited -fopenmp -I/capstor/scratch/cscs/lhulsbergen/venv_dace5cf/lib/python3.12/site-packages/dace/runtime/include -c /capstor/scratch/cscs/lhulsbergen/llr40_dace/emit/argmax_with_index/none_old/src/cpu/canon_cpu.cpp -o /dev/null -fopt-info-vec-all=/capstor/scratch/cscs/lhulsbergen/llr40_dace/vec/reports/argmax_with_index.none_old.g++-14.bonsall.all
argmax_with_index,none,old,g++-14,unsafe,True,0,,2,canon_cpu.cpp:27 canon_cpu.cpp:9,,g++-14 -O3 -std=c++20 -fPIC -fno-math-errno -ffinite-math-only -fno-signaling-nans -fstrict-aliasing -faligned-new -fvect-cost-model=unlimited -fopenmp -funsafe-math-optimizations -I/capstor/scratch/cscs/lhulsbergen/venv_dace5cf/lib/python3.12/site-packages/dace/runtime/include -c /capstor/scratch/cscs/lhulsbergen/llr40_dace/emit/argmax_with_index/none_old/src/cpu/canon_cpu.cpp -o /dev/null -fopt-info-vec-all=/capstor/scratch/cscs/lhulsbergen/llr40_dace/vec/reports/argmax_with_index.none_old.g++-14.unsafe.all
argmax_with_index,none,old,g++-14,harness,True,0,,2,canon_cpu.cpp:27 canon_cpu.cpp:9,,g++-14 -march=native -fopenmp -fno-math-errno -fno-trapping-math -fno-signed-zeros -ffp-contract=fast -fstrict-aliasing -include /capstor/scratch/cscs/lhulsbergen/HPCAgent-Bench-dace/hpcagent_bench/envs/vecmath.h -Wall -Wextra -O3 -fPIC -fopenmp -std=c++20 -I/capstor/scratch/cscs/lhulsbergen/venv_dace5cf/lib/python3.12/site-packages/dace/runtime/include -c /capstor/scratch/cscs/lhulsbergen/llr40_dace/emit/argmax_with_index/none_old/src/cpu/canon_cpu.cpp -o /dev/null -fopt-info-vec-all=/capstor/scratch/cscs/lhulsbergen/llr40_dace/vec/reports/argmax_with_index.none_old.g++-14.harness.all
compact_threshold_pack,canon,legacy,g++-13,bonsall,True,5,reduction.h:971 scan.hpp:149 scan.hpp:150 scan.hpp:225 scan.hpp:227,6,canon_cpu.cpp:30 canon_cpu.cpp:41 canon_cpu.cpp:88 scan.hpp:284 scan.hpp:292 scan.hpp:427,,g++-13 -O3 -std=c++20 -fPIC -fno-math-errno -ffinite-math-only -fno-signaling-nans -fstrict-aliasing -faligned-new -fvect-cost-model=unlimited -fopenmp -I/capstor/scratch/cscs/lhulsbergen/venv_dace5cf/lib/python3.12/site-packages/dace/runtime/include -c /capstor/scratch/cscs/lhulsbergen/llr40_dace/emit/compact_threshold_pack/canon_legacy/src/cpu/canon_cpu.cpp -o /dev/null -fopt-info-vec-all=/capstor/scratch/cscs/lhulsbergen/llr40_dace/vec/reports/compact_threshold_pack.canon_legacy.g++-13.bonsall.all
compact_threshold_pack,canon,legacy,g++-13,unsafe,True,5,reduction.h:971 scan.hpp:149 scan.hpp:150 scan.hpp:225 scan.hpp:227,6,canon_cpu.cpp:30 canon_cpu.cpp:41 canon_cpu.cpp:88 scan.hpp:284 scan.hpp:292 scan.hpp:427,,g++-13 -O3 -std=c++20 -fPIC -fno-math-errno -ffinite-math-only -fno-signaling-nans -fstrict-aliasing -faligned-new -fvect-cost-model=unlimited -fopenmp -funsafe-math-optimizations -I/capstor/scratch/cscs/lhulsbergen/venv_dace5cf/lib/python3.12/site-packages/dace/runtime/include -c /capstor/scratch/cscs/lhulsbergen/llr40_dace/emit/compact_threshold_pack/canon_legacy/src/cpu/canon_cpu.cpp -o /dev/null -fopt-info-vec-all=/capstor/scratch/cscs/lhulsbergen/llr40_dace/vec/reports/compact_threshold_pack.canon_legacy.g++-13.unsafe.all
compact_threshold_pack,canon,legacy,g++-13,harness,True,5,reduction.h:971 scan.hpp:149 scan.hpp:150 scan.hpp:225 scan.hpp:227,10,canon_cpu.cpp:111 canon_cpu.cpp:144 canon_cpu.cpp:41 canon_cpu.cpp:86 canon_cpu.cpp:88 scan.hpp:277 scan.hpp:284 scan.hpp:292 scan.hpp:423 scan.hpp:427,,g++-13 -march=native -fopenmp -fno-math-errno -fno-trapping-math -fno-signed-zeros -ffp-contract=fast -fstrict-aliasing -include /capstor/scratch/cscs/lhulsbergen/HPCAgent-Bench-dace/hpcagent_bench/envs/vecmath.h -Wall -Wextra -O3 -fPIC -fopenmp -std=c++20 -I/capstor/scratch/cscs/lhulsbergen/venv_dace5cf/lib/python3.12/site-packages/dace/runtime/include -c /capstor/scratch/cscs/lhulsbergen/llr40_dace/emit/compact_threshold_pack/canon_legacy/src/cpu/canon_cpu.cpp -o /dev/null -fopt-info-vec-all=/capstor/scratch/cscs/lhulsbergen/llr40_dace/vec/reports/compact_threshold_pack.canon_legacy.g++-13.harness.all
compact_threshold_pack,canon,legacy,g++-14,bonsall,True,5,reduction.h:971 scan.hpp:149 scan.hpp:150 scan.hpp:225 scan.hpp:227,5,canon_cpu.cpp:41 canon_cpu.cpp:88 scan.hpp:284 scan.hpp:292 scan.hpp:427,,g++-14 -O3 -std=c++20 -fPIC -fno-math-errno -ffinite-math-only -fno-signaling-nans -fstrict-aliasing -faligned-new -fvect-cost-model=unlimited -fopenmp -I/capstor/scratch/cscs/lhulsbergen/venv_dace5cf/lib/python3.12/site-packages/dace/runtime/include -c /capstor/scratch/cscs/lhulsbergen/llr40_dace/emit/compact_threshold_pack/canon_legacy/src/cpu/canon_cpu.cpp -o /dev/null -fopt-info-vec-all=/capstor/scratch/cscs/lhulsbergen/llr40_dace/vec/reports/compact_threshold_pack.canon_legacy.g++-14.bonsall.all
compact_threshold_pack,canon,legacy,g++-14,unsafe,True,5,reduction.h:971 scan.hpp:149 scan.hpp:150 scan.hpp:225 scan.hpp:227,5,canon_cpu.cpp:41 canon_cpu.cpp:88 scan.hpp:284 scan.hpp:292 scan.hpp:427,,g++-14 -O3 -std=c++20 -fPIC -fno-math-errno -ffinite-math-only -fno-signaling-nans -fstrict-aliasing -faligned-new -fvect-cost-model=unlimited -fopenmp -funsafe-math-optimizations -I/capstor/scratch/cscs/lhulsbergen/venv_dace5cf/lib/python3.12/site-packages/dace/runtime/include -c /capstor/scratch/cscs/lhulsbergen/llr40_dace/emit/compact_threshold_pack/canon_legacy/src/cpu/canon_cpu.cpp -o /dev/null -fopt-info-vec-all=/capstor/scratch/cscs/lhulsbergen/llr40_dace/vec/reports/compact_threshold_pack.canon_legacy.g++-14.unsafe.all
compact_threshold_pack,canon,legacy,g++-14,harness,True,5,reduction.h:971 scan.hpp:149 scan.hpp:150 scan.hpp:225 scan.hpp:227,9,canon_cpu.cpp:111 canon_cpu.cpp:41 canon_cpu.cpp:86 canon_cpu.cpp:88 scan.hpp:277 scan.hpp:284 scan.hpp:292 scan.hpp:423 scan.hpp:427,,g++-14 -march=native -fopenmp -fno-math-errno -fno-trapping-math -fno-signed-zeros -ffp-contract=fast -fstrict-aliasing -include /capstor/scratch/cscs/lhulsbergen/HPCAgent-Bench-dace/hpcagent_bench/envs/vecmath.h -Wall -Wextra -O3 -fPIC -fopenmp -std=c++20 -I/capstor/scratch/cscs/lhulsbergen/venv_dace5cf/lib/python3.12/site-packages/dace/runtime/include -c /capstor/scratch/cscs/lhulsbergen/llr40_dace/emit/compact_threshold_pack/canon_legacy/src/cpu/canon_cpu.cpp -o /dev/null -fopt-info-vec-all=/capstor/scratch/cscs/lhulsbergen/llr40_dace/vec/reports/compact_threshold_pack.canon_legacy.g++-14.harness.all
compact_threshold_pack,canon,new,g++-13,bonsall,True,5,reduction.h:971 scan.hpp:149 scan.hpp:150 scan.hpp:225 scan.hpp:227,6,canon_cpu.cpp:23 canon_cpu.cpp:36 canon_cpu.cpp:67 scan.hpp:284 scan.hpp:292 scan.hpp:427,,g++-13 -O3 -std=c++20 -fPIC -fno-math-errno -ffinite-math-only -fno-signaling-nans -fstrict-aliasing -faligned-new -fvect-cost-model=unlimited -fopenmp -I/capstor/scratch/cscs/lhulsbergen/venv_dace5cf/lib/python3.12/site-packages/dace/runtime/include -c /capstor/scratch/cscs/lhulsbergen/llr40_dace/emit/compact_threshold_pack/canon_new/src/cpu/canon_cpu.cpp -o /dev/null -fopt-info-vec-all=/capstor/scratch/cscs/lhulsbergen/llr40_dace/vec/reports/compact_threshold_pack.canon_new.g++-13.bonsall.all
compact_threshold_pack,canon,new,g++-13,unsafe,True,5,reduction.h:971 scan.hpp:149 scan.hpp:150 scan.hpp:225 scan.hpp:227,6,canon_cpu.cpp:23 canon_cpu.cpp:36 canon_cpu.cpp:67 scan.hpp:284 scan.hpp:292 scan.hpp:427,,g++-13 -O3 -std=c++20 -fPIC -fno-math-errno -ffinite-math-only -fno-signaling-nans -fstrict-aliasing -faligned-new -fvect-cost-model=unlimited -fopenmp -funsafe-math-optimizations -I/capstor/scratch/cscs/lhulsbergen/venv_dace5cf/lib/python3.12/site-packages/dace/runtime/include -c /capstor/scratch/cscs/lhulsbergen/llr40_dace/emit/compact_threshold_pack/canon_new/src/cpu/canon_cpu.cpp -o /dev/null -fopt-info-vec-all=/capstor/scratch/cscs/lhulsbergen/llr40_dace/vec/reports/compact_threshold_pack.canon_new.g++-13.unsafe.all
compact_threshold_pack,canon,new,g++-13,harness,True,5,reduction.h:971 scan.hpp:149 scan.hpp:150 scan.hpp:225 scan.hpp:227,10,canon_cpu.cpp:36 canon_cpu.cpp:65 canon_cpu.cpp:67 canon_cpu.cpp:76 canon_cpu.cpp:99 scan.hpp:277 scan.hpp:284 scan.hpp:292 scan.hpp:423 scan.hpp:427,,g++-13 -march=native -fopenmp -fno-math-errno -fno-trapping-math -fno-signed-zeros -ffp-contract=fast -fstrict-aliasing -include /capstor/scratch/cscs/lhulsbergen/HPCAgent-Bench-dace/hpcagent_bench/envs/vecmath.h -Wall -Wextra -O3 -fPIC -fopenmp -std=c++20 -I/capstor/scratch/cscs/lhulsbergen/venv_dace5cf/lib/python3.12/site-packages/dace/runtime/include -c /capstor/scratch/cscs/lhulsbergen/llr40_dace/emit/compact_threshold_pack/canon_new/src/cpu/canon_cpu.cpp -o /dev/null -fopt-info-vec-all=/capstor/scratch/cscs/lhulsbergen/llr40_dace/vec/reports/compact_threshold_pack.canon_new.g++-13.harness.all
compact_threshold_pack,canon,new,g++-14,bonsall,True,5,reduction.h:971 scan.hpp:149 scan.hpp:150 scan.hpp:225 scan.hpp:227,5,canon_cpu.cpp:36 canon_cpu.cpp:67 scan.hpp:284 scan.hpp:292 scan.hpp:427,,g++-14 -O3 -std=c++20 -fPIC -fno-math-errno -ffinite-math-only -fno-signaling-nans -fstrict-aliasing -faligned-new -fvect-cost-model=unlimited -fopenmp -I/capstor/scratch/cscs/lhulsbergen/venv_dace5cf/lib/python3.12/site-packages/dace/runtime/include -c /capstor/scratch/cscs/lhulsbergen/llr40_dace/emit/compact_threshold_pack/canon_new/src/cpu/canon_cpu.cpp -o /dev/null -fopt-info-vec-all=/capstor/scratch/cscs/lhulsbergen/llr40_dace/vec/reports/compact_threshold_pack.canon_new.g++-14.bonsall.all
compact_threshold_pack,canon,new,g++-14,unsafe,True,5,reduction.h:971 scan.hpp:149 scan.hpp:150 scan.hpp:225 scan.hpp:227,5,canon_cpu.cpp:36 canon_cpu.cpp:67 scan.hpp:284 scan.hpp:292 scan.hpp:427,,g++-14 -O3 -std=c++20 -fPIC -fno-math-errno -ffinite-math-only -fno-signaling-nans -fstrict-aliasing -faligned-new -fvect-cost-model=unlimited -fopenmp -funsafe-math-optimizations -I/capstor/scratch/cscs/lhulsbergen/venv_dace5cf/lib/python3.12/site-packages/dace/runtime/include -c /capstor/scratch/cscs/lhulsbergen/llr40_dace/emit/compact_threshold_pack/canon_new/src/cpu/canon_cpu.cpp -o /dev/null -fopt-info-vec-all=/capstor/scratch/cscs/lhulsbergen/llr40_dace/vec/reports/compact_threshold_pack.canon_new.g++-14.unsafe.all
compact_threshold_pack,canon,new,g++-14,harness,True,5,reduction.h:971 scan.hpp:149 scan.hpp:150 scan.hpp:225 scan.hpp:227,9,canon_cpu.cpp:36 canon_cpu.cpp:65 canon_cpu.cpp:67 canon_cpu.cpp:76 scan.hpp:277 scan.hpp:284 scan.hpp:292 scan.hpp:423 scan.hpp:427,,g++-14 -march=native -fopenmp -fno-math-errno -fno-trapping-math -fno-signed-zeros -ffp-contract=fast -fstrict-aliasing -include /capstor/scratch/cscs/lhulsbergen/HPCAgent-Bench-dace/hpcagent_bench/envs/vecmath.h -Wall -Wextra -O3 -fPIC -fopenmp -std=c++20 -I/capstor/scratch/cscs/lhulsbergen/venv_dace5cf/lib/python3.12/site-packages/dace/runtime/include -c /capstor/scratch/cscs/lhulsbergen/llr40_dace/emit/compact_threshold_pack/canon_new/src/cpu/canon_cpu.cpp -o /dev/null -fopt-info-vec-all=/capstor/scratch/cscs/lhulsbergen/llr40_dace/vec/reports/compact_threshold_pack.canon_new.g++-14.harness.all
compact_threshold_pack,canon,old,g++-13,bonsall,True,5,reduction.h:971 scan.hpp:149 scan.hpp:150 scan.hpp:225 scan.hpp:227,6,canon_cpu.cpp:30 canon_cpu.cpp:41 canon_cpu.cpp:88 scan.hpp:284 scan.hpp:292 scan.hpp:427,,g++-13 -O3 -std=c++20 -fPIC -fno-math-errno -ffinite-math-only -fno-signaling-nans -fstrict-aliasing -faligned-new -fvect-cost-model=unlimited -fopenmp -I/capstor/scratch/cscs/lhulsbergen/venv_dace5cf/lib/python3.12/site-packages/dace/runtime/include -c /capstor/scratch/cscs/lhulsbergen/llr40_dace/emit/compact_threshold_pack/canon_old/src/cpu/canon_cpu.cpp -o /dev/null -fopt-info-vec-all=/capstor/scratch/cscs/lhulsbergen/llr40_dace/vec/reports/compact_threshold_pack.canon_old.g++-13.bonsall.all
compact_threshold_pack,canon,old,g++-13,unsafe,True,5,reduction.h:971 scan.hpp:149 scan.hpp:150 scan.hpp:225 scan.hpp:227,6,canon_cpu.cpp:30 canon_cpu.cpp:41 canon_cpu.cpp:88 scan.hpp:284 scan.hpp:292 scan.hpp:427,,g++-13 -O3 -std=c++20 -fPIC -fno-math-errno -ffinite-math-only -fno-signaling-nans -fstrict-aliasing -faligned-new -fvect-cost-model=unlimited -fopenmp -funsafe-math-optimizations -I/capstor/scratch/cscs/lhulsbergen/venv_dace5cf/lib/python3.12/site-packages/dace/runtime/include -c /capstor/scratch/cscs/lhulsbergen/llr40_dace/emit/compact_threshold_pack/canon_old/src/cpu/canon_cpu.cpp -o /dev/null -fopt-info-vec-all=/capstor/scratch/cscs/lhulsbergen/llr40_dace/vec/reports/compact_threshold_pack.canon_old.g++-13.unsafe.all
compact_threshold_pack,canon,old,g++-13,harness,True,5,reduction.h:971 scan.hpp:149 scan.hpp:150 scan.hpp:225 scan.hpp:227,10,canon_cpu.cpp:111 canon_cpu.cpp:144 canon_cpu.cpp:41 canon_cpu.cpp:86 canon_cpu.cpp:88 scan.hpp:277 scan.hpp:284 scan.hpp:292 scan.hpp:423 scan.hpp:427,,g++-13 -march=native -fopenmp -fno-math-errno -fno-trapping-math -fno-signed-zeros -ffp-contract=fast -fstrict-aliasing -include /capstor/scratch/cscs/lhulsbergen/HPCAgent-Bench-dace/hpcagent_bench/envs/vecmath.h -Wall -Wextra -O3 -fPIC -fopenmp -std=c++20 -I/capstor/scratch/cscs/lhulsbergen/venv_dace5cf/lib/python3.12/site-packages/dace/runtime/include -c /capstor/scratch/cscs/lhulsbergen/llr40_dace/emit/compact_threshold_pack/canon_old/src/cpu/canon_cpu.cpp -o /dev/null -fopt-info-vec-all=/capstor/scratch/cscs/lhulsbergen/llr40_dace/vec/reports/compact_threshold_pack.canon_old.g++-13.harness.all
compact_threshold_pack,canon,old,g++-14,bonsall,True,5,reduction.h:971 scan.hpp:149 scan.hpp:150 scan.hpp:225 scan.hpp:227,5,canon_cpu.cpp:41 canon_cpu.cpp:88 scan.hpp:284 scan.hpp:292 scan.hpp:427,,g++-14 -O3 -std=c++20 -fPIC -fno-math-errno -ffinite-math-only -fno-signaling-nans -fstrict-aliasing -faligned-new -fvect-cost-model=unlimited -fopenmp -I/capstor/scratch/cscs/lhulsbergen/venv_dace5cf/lib/python3.12/site-packages/dace/runtime/include -c /capstor/scratch/cscs/lhulsbergen/llr40_dace/emit/compact_threshold_pack/canon_old/src/cpu/canon_cpu.cpp -o /dev/null -fopt-info-vec-all=/capstor/scratch/cscs/lhulsbergen/llr40_dace/vec/reports/compact_threshold_pack.canon_old.g++-14.bonsall.all
compact_threshold_pack,canon,old,g++-14,unsafe,True,5,reduction.h:971 scan.hpp:149 scan.hpp:150 scan.hpp:225 scan.hpp:227,5,canon_cpu.cpp:41 canon_cpu.cpp:88 scan.hpp:284 scan.hpp:292 scan.hpp:427,,g++-14 -O3 -std=c++20 -fPIC -fno-math-errno -ffinite-math-only -fno-signaling-nans -fstrict-aliasing -faligned-new -fvect-cost-model=unlimited -fopenmp -funsafe-math-optimizations -I/capstor/scratch/cscs/lhulsbergen/venv_dace5cf/lib/python3.12/site-packages/dace/runtime/include -c /capstor/scratch/cscs/lhulsbergen/llr40_dace/emit/compact_threshold_pack/canon_old/src/cpu/canon_cpu.cpp -o /dev/null -fopt-info-vec-all=/capstor/scratch/cscs/lhulsbergen/llr40_dace/vec/reports/compact_threshold_pack.canon_old.g++-14.unsafe.all
compact_threshold_pack,canon,old,g++-14,harness,True,5,reduction.h:971 scan.hpp:149 scan.hpp:150 scan.hpp:225 scan.hpp:227,9,canon_cpu.cpp:111 canon_cpu.cpp:41 canon_cpu.cpp:86 canon_cpu.cpp:88 scan.hpp:277 scan.hpp:284 scan.hpp:292 scan.hpp:423 scan.hpp:427,,g++-14 -march=native -fopenmp -fno-math-errno -fno-trapping-math -fno-signed-zeros -ffp-contract=fast -fstrict-aliasing -include /capstor/scratch/cscs/lhulsbergen/HPCAgent-Bench-dace/hpcagent_bench/envs/vecmath.h -Wall -Wextra -O3 -fPIC -fopenmp -std=c++20 -I/capstor/scratch/cscs/lhulsbergen/venv_dace5cf/lib/python3.12/site-packages/dace/runtime/include -c /capstor/scratch/cscs/lhulsbergen/llr40_dace/emit/compact_threshold_pack/canon_old/src/cpu/canon_cpu.cpp -o /dev/null -fopt-info-vec-all=/capstor/scratch/cscs/lhulsbergen/llr40_dace/vec/reports/compact_threshold_pack.canon_old.g++-14.harness.all
compact_threshold_pack,none,legacy,g++-13,bonsall,True,0,,1,canon_cpu.cpp:21,,g++-13 -O3 -std=c++20 -fPIC -fno-math-errno -ffinite-math-only -fno-signaling-nans -fstrict-aliasing -faligned-new -fvect-cost-model=unlimited -fopenmp -I/capstor/scratch/cscs/lhulsbergen/venv_dace5cf/lib/python3.12/site-packages/dace/runtime/include -c /capstor/scratch/cscs/lhulsbergen/llr40_dace/emit/compact_threshold_pack/none_legacy/src/cpu/canon_cpu.cpp -o /dev/null -fopt-info-vec-all=/capstor/scratch/cscs/lhulsbergen/llr40_dace/vec/reports/compact_threshold_pack.none_legacy.g++-13.bonsall.all
compact_threshold_pack,none,legacy,g++-13,unsafe,True,0,,1,canon_cpu.cpp:21,,g++-13 -O3 -std=c++20 -fPIC -fno-math-errno -ffinite-math-only -fno-signaling-nans -fstrict-aliasing -faligned-new -fvect-cost-model=unlimited -fopenmp -funsafe-math-optimizations -I/capstor/scratch/cscs/lhulsbergen/venv_dace5cf/lib/python3.12/site-packages/dace/runtime/include -c /capstor/scratch/cscs/lhulsbergen/llr40_dace/emit/compact_threshold_pack/none_legacy/src/cpu/canon_cpu.cpp -o /dev/null -fopt-info-vec-all=/capstor/scratch/cscs/lhulsbergen/llr40_dace/vec/reports/compact_threshold_pack.none_legacy.g++-13.unsafe.all
compact_threshold_pack,none,legacy,g++-13,harness,True,0,,2,canon_cpu.cpp:21 canon_cpu.cpp:9,,g++-13 -march=native -fopenmp -fno-math-errno -fno-trapping-math -fno-signed-zeros -ffp-contract=fast -fstrict-aliasing -include /capstor/scratch/cscs/lhulsbergen/HPCAgent-Bench-dace/hpcagent_bench/envs/vecmath.h -Wall -Wextra -O3 -fPIC -fopenmp -std=c++20 -I/capstor/scratch/cscs/lhulsbergen/venv_dace5cf/lib/python3.12/site-packages/dace/runtime/include -c /capstor/scratch/cscs/lhulsbergen/llr40_dace/emit/compact_threshold_pack/none_legacy/src/cpu/canon_cpu.cpp -o /dev/null -fopt-info-vec-all=/capstor/scratch/cscs/lhulsbergen/llr40_dace/vec/reports/compact_threshold_pack.none_legacy.g++-13.harness.all
compact_threshold_pack,none,legacy,g++-14,bonsall,True,0,,1,canon_cpu.cpp:21,,g++-14 -O3 -std=c++20 -fPIC -fno-math-errno -ffinite-math-only -fno-signaling-nans -fstrict-aliasing -faligned-new -fvect-cost-model=unlimited -fopenmp -I/capstor/scratch/cscs/lhulsbergen/venv_dace5cf/lib/python3.12/site-packages/dace/runtime/include -c /capstor/scratch/cscs/lhulsbergen/llr40_dace/emit/compact_threshold_pack/none_legacy/src/cpu/canon_cpu.cpp -o /dev/null -fopt-info-vec-all=/capstor/scratch/cscs/lhulsbergen/llr40_dace/vec/reports/compact_threshold_pack.none_legacy.g++-14.bonsall.all
compact_threshold_pack,none,legacy,g++-14,unsafe,True,0,,1,canon_cpu.cpp:21,,g++-14 -O3 -std=c++20 -fPIC -fno-math-errno -ffinite-math-only -fno-signaling-nans -fstrict-aliasing -faligned-new -fvect-cost-model=unlimited -fopenmp -funsafe-math-optimizations -I/capstor/scratch/cscs/lhulsbergen/venv_dace5cf/lib/python3.12/site-packages/dace/runtime/include -c /capstor/scratch/cscs/lhulsbergen/llr40_dace/emit/compact_threshold_pack/none_legacy/src/cpu/canon_cpu.cpp -o /dev/null -fopt-info-vec-all=/capstor/scratch/cscs/lhulsbergen/llr40_dace/vec/reports/compact_threshold_pack.none_legacy.g++-14.unsafe.all
compact_threshold_pack,none,legacy,g++-14,harness,True,0,,2,canon_cpu.cpp:21 canon_cpu.cpp:9,,g++-14 -march=native -fopenmp -fno-math-errno -fno-trapping-math -fno-signed-zeros -ffp-contract=fast -fstrict-aliasing -include /capstor/scratch/cscs/lhulsbergen/HPCAgent-Bench-dace/hpcagent_bench/envs/vecmath.h -Wall -Wextra -O3 -fPIC -fopenmp -std=c++20 -I/capstor/scratch/cscs/lhulsbergen/venv_dace5cf/lib/python3.12/site-packages/dace/runtime/include -c /capstor/scratch/cscs/lhulsbergen/llr40_dace/emit/compact_threshold_pack/none_legacy/src/cpu/canon_cpu.cpp -o /dev/null -fopt-info-vec-all=/capstor/scratch/cscs/lhulsbergen/llr40_dace/vec/reports/compact_threshold_pack.none_legacy.g++-14.harness.all
compact_threshold_pack,none,new,g++-13,bonsall,True,0,,1,canon_cpu.cpp:24,,g++-13 -O3 -std=c++20 -fPIC -fno-math-errno -ffinite-math-only -fno-signaling-nans -fstrict-aliasing -faligned-new -fvect-cost-model=unlimited -fopenmp -I/capstor/scratch/cscs/lhulsbergen/venv_dace5cf/lib/python3.12/site-packages/dace/runtime/include -c /capstor/scratch/cscs/lhulsbergen/llr40_dace/emit/compact_threshold_pack/none_new/src/cpu/canon_cpu.cpp -o /dev/null -fopt-info-vec-all=/capstor/scratch/cscs/lhulsbergen/llr40_dace/vec/reports/compact_threshold_pack.none_new.g++-13.bonsall.all
compact_threshold_pack,none,new,g++-13,unsafe,True,0,,1,canon_cpu.cpp:24,,g++-13 -O3 -std=c++20 -fPIC -fno-math-errno -ffinite-math-only -fno-signaling-nans -fstrict-aliasing -faligned-new -fvect-cost-model=unlimited -fopenmp -funsafe-math-optimizations -I/capstor/scratch/cscs/lhulsbergen/venv_dace5cf/lib/python3.12/site-packages/dace/runtime/include -c /capstor/scratch/cscs/lhulsbergen/llr40_dace/emit/compact_threshold_pack/none_new/src/cpu/canon_cpu.cpp -o /dev/null -fopt-info-vec-all=/capstor/scratch/cscs/lhulsbergen/llr40_dace/vec/reports/compact_threshold_pack.none_new.g++-13.unsafe.all
compact_threshold_pack,none,new,g++-13,harness,True,0,,2,canon_cpu.cpp:13 canon_cpu.cpp:24,,g++-13 -march=native -fopenmp -fno-math-errno -fno-trapping-math -fno-signed-zeros -ffp-contract=fast -fstrict-aliasing -include /capstor/scratch/cscs/lhulsbergen/HPCAgent-Bench-dace/hpcagent_bench/envs/vecmath.h -Wall -Wextra -O3 -fPIC -fopenmp -std=c++20 -I/capstor/scratch/cscs/lhulsbergen/venv_dace5cf/lib/python3.12/site-packages/dace/runtime/include -c /capstor/scratch/cscs/lhulsbergen/llr40_dace/emit/compact_threshold_pack/none_new/src/cpu/canon_cpu.cpp -o /dev/null -fopt-info-vec-all=/capstor/scratch/cscs/lhulsbergen/llr40_dace/vec/reports/compact_threshold_pack.none_new.g++-13.harness.all
compact_threshold_pack,none,new,g++-14,bonsall,True,0,,1,canon_cpu.cpp:24,,g++-14 -O3 -std=c++20 -fPIC -fno-math-errno -ffinite-math-only -fno-signaling-nans -fstrict-aliasing -faligned-new -fvect-cost-model=unlimited -fopenmp -I/capstor/scratch/cscs/lhulsbergen/venv_dace5cf/lib/python3.12/site-packages/dace/runtime/include -c /capstor/scratch/cscs/lhulsbergen/llr40_dace/emit/compact_threshold_pack/none_new/src/cpu/canon_cpu.cpp -o /dev/null -fopt-info-vec-all=/capstor/scratch/cscs/lhulsbergen/llr40_dace/vec/reports/compact_threshold_pack.none_new.g++-14.bonsall.all
compact_threshold_pack,none,new,g++-14,unsafe,True,0,,1,canon_cpu.cpp:24,,g++-14 -O3 -std=c++20 -fPIC -fno-math-errno -ffinite-math-only -fno-signaling-nans -fstrict-aliasing -faligned-new -fvect-cost-model=unlimited -fopenmp -funsafe-math-optimizations -I/capstor/scratch/cscs/lhulsbergen/venv_dace5cf/lib/python3.12/site-packages/dace/runtime/include -c /capstor/scratch/cscs/lhulsbergen/llr40_dace/emit/compact_threshold_pack/none_new/src/cpu/canon_cpu.cpp -o /dev/null -fopt-info-vec-all=/capstor/scratch/cscs/lhulsbergen/llr40_dace/vec/reports/compact_threshold_pack.none_new.g++-14.unsafe.all
compact_threshold_pack,none,new,g++-14,harness,True,0,,2,canon_cpu.cpp:13 canon_cpu.cpp:24,,g++-14 -march=native -fopenmp -fno-math-errno -fno-trapping-math -fno-signed-zeros -ffp-contract=fast -fstrict-aliasing -include /capstor/scratch/cscs/lhulsbergen/HPCAgent-Bench-dace/hpcagent_bench/envs/vecmath.h -Wall -Wextra -O3 -fPIC -fopenmp -std=c++20 -I/capstor/scratch/cscs/lhulsbergen/venv_dace5cf/lib/python3.12/site-packages/dace/runtime/include -c /capstor/scratch/cscs/lhulsbergen/llr40_dace/emit/compact_threshold_pack/none_new/src/cpu/canon_cpu.cpp -o /dev/null -fopt-info-vec-all=/capstor/scratch/cscs/lhulsbergen/llr40_dace/vec/reports/compact_threshold_pack.none_new.g++-14.harness.all
compact_threshold_pack,none,old,g++-13,bonsall,True,0,,1,canon_cpu.cpp:21,,g++-13 -O3 -std=c++20 -fPIC -fno-math-errno -ffinite-math-only -fno-signaling-nans -fstrict-aliasing -faligned-new -fvect-cost-model=unlimited -fopenmp -I/capstor/scratch/cscs/lhulsbergen/venv_dace5cf/lib/python3.12/site-packages/dace/runtime/include -c /capstor/scratch/cscs/lhulsbergen/llr40_dace/emit/compact_threshold_pack/none_old/src/cpu/canon_cpu.cpp -o /dev/null -fopt-info-vec-all=/capstor/scratch/cscs/lhulsbergen/llr40_dace/vec/reports/compact_threshold_pack.none_old.g++-13.bonsall.all
compact_threshold_pack,none,old,g++-13,unsafe,True,0,,1,canon_cpu.cpp:21,,g++-13 -O3 -std=c++20 -fPIC -fno-math-errno -ffinite-math-only -fno-signaling-nans -fstrict-aliasing -faligned-new -fvect-cost-model=unlimited -fopenmp -funsafe-math-optimizations -I/capstor/scratch/cscs/lhulsbergen/venv_dace5cf/lib/python3.12/site-packages/dace/runtime/include -c /capstor/scratch/cscs/lhulsbergen/llr40_dace/emit/compact_threshold_pack/none_old/src/cpu/canon_cpu.cpp -o /dev/null -fopt-info-vec-all=/capstor/scratch/cscs/lhulsbergen/llr40_dace/vec/reports/compact_threshold_pack.none_old.g++-13.unsafe.all
compact_threshold_pack,none,old,g++-13,harness,True,0,,2,canon_cpu.cpp:21 canon_cpu.cpp:9,,g++-13 -march=native -fopenmp -fno-math-errno -fno-trapping-math -fno-signed-zeros -ffp-contract=fast -fstrict-aliasing -include /capstor/scratch/cscs/lhulsbergen/HPCAgent-Bench-dace/hpcagent_bench/envs/vecmath.h -Wall -Wextra -O3 -fPIC -fopenmp -std=c++20 -I/capstor/scratch/cscs/lhulsbergen/venv_dace5cf/lib/python3.12/site-packages/dace/runtime/include -c /capstor/scratch/cscs/lhulsbergen/llr40_dace/emit/compact_threshold_pack/none_old/src/cpu/canon_cpu.cpp -o /dev/null -fopt-info-vec-all=/capstor/scratch/cscs/lhulsbergen/llr40_dace/vec/reports/compact_threshold_pack.none_old.g++-13.harness.all
compact_threshold_pack,none,old,g++-14,bonsall,True,0,,1,canon_cpu.cpp:21,,g++-14 -O3 -std=c++20 -fPIC -fno-math-errno -ffinite-math-only -fno-signaling-nans -fstrict-aliasing -faligned-new -fvect-cost-model=unlimited -fopenmp -I/capstor/scratch/cscs/lhulsbergen/venv_dace5cf/lib/python3.12/site-packages/dace/runtime/include -c /capstor/scratch/cscs/lhulsbergen/llr40_dace/emit/compact_threshold_pack/none_old/src/cpu/canon_cpu.cpp -o /dev/null -fopt-info-vec-all=/capstor/scratch/cscs/lhulsbergen/llr40_dace/vec/reports/compact_threshold_pack.none_old.g++-14.bonsall.all
compact_threshold_pack,none,old,g++-14,unsafe,True,0,,1,canon_cpu.cpp:21,,g++-14 -O3 -std=c++20 -fPIC -fno-math-errno -ffinite-math-only -fno-signaling-nans -fstrict-aliasing -faligned-new -fvect-cost-model=unlimited -fopenmp -funsafe-math-optimizations -I/capstor/scratch/cscs/lhulsbergen/venv_dace5cf/lib/python3.12/site-packages/dace/runtime/include -c /capstor/scratch/cscs/lhulsbergen/llr40_dace/emit/compact_threshold_pack/none_old/src/cpu/canon_cpu.cpp -o /dev/null -fopt-info-vec-all=/capstor/scratch/cscs/lhulsbergen/llr40_dace/vec/reports/compact_threshold_pack.none_old.g++-14.unsafe.all
compact_threshold_pack,none,old,g++-14,harness,True,0,,2,canon_cpu.cpp:21 canon_cpu.cpp:9,,g++-14 -march=native -fopenmp -fno-math-errno -fno-trapping-math -fno-signed-zeros -ffp-contract=fast -fstrict-aliasing -include /capstor/scratch/cscs/lhulsbergen/HPCAgent-Bench-dace/hpcagent_bench/envs/vecmath.h -Wall -Wextra -O3 -fPIC -fopenmp -std=c++20 -I/capstor/scratch/cscs/lhulsbergen/venv_dace5cf/lib/python3.12/site-packages/dace/runtime/include -c /capstor/scratch/cscs/lhulsbergen/llr40_dace/emit/compact_threshold_pack/none_old/src/cpu/canon_cpu.cpp -o /dev/null -fopt-info-vec-all=/capstor/scratch/cscs/lhulsbergen/llr40_dace/vec/reports/compact_threshold_pack.none_old.g++-14.harness.all
ext_break_capture,canon,legacy,g++-13,bonsall,True,0,,1,canon_cpu.cpp:55,,g++-13 -O3 -std=c++20 -fPIC -fno-math-errno -ffinite-math-only -fno-signaling-nans -fstrict-aliasing -faligned-new -fvect-cost-model=unlimited -fopenmp -I/capstor/scratch/cscs/lhulsbergen/venv_dace5cf/lib/python3.12/site-packages/dace/runtime/include -c /capstor/scratch/cscs/lhulsbergen/llr40_dace/emit/ext_break_capture/canon_legacy/src/cpu/canon_cpu.cpp -o /dev/null -fopt-info-vec-all=/capstor/scratch/cscs/lhulsbergen/llr40_dace/vec/reports/ext_break_capture.canon_legacy.g++-13.bonsall.all
ext_break_capture,canon,legacy,g++-13,unsafe,True,0,,1,canon_cpu.cpp:55,,g++-13 -O3 -std=c++20 -fPIC -fno-math-errno -ffinite-math-only -fno-signaling-nans -fstrict-aliasing -faligned-new -fvect-cost-model=unlimited -fopenmp -funsafe-math-optimizations -I/capstor/scratch/cscs/lhulsbergen/venv_dace5cf/lib/python3.12/site-packages/dace/runtime/include -c /capstor/scratch/cscs/lhulsbergen/llr40_dace/emit/ext_break_capture/canon_legacy/src/cpu/canon_cpu.cpp -o /dev/null -fopt-info-vec-all=/capstor/scratch/cscs/lhulsbergen/llr40_dace/vec/reports/ext_break_capture.canon_legacy.g++-13.unsafe.all
ext_break_capture,canon,legacy,g++-13,harness,True,0,,1,canon_cpu.cpp:55,,g++-13 -march=native -fopenmp -fno-math-errno -fno-trapping-math -fno-signed-zeros -ffp-contract=fast -fstrict-aliasing -include /capstor/scratch/cscs/lhulsbergen/HPCAgent-Bench-dace/hpcagent_bench/envs/vecmath.h -Wall -Wextra -O3 -fPIC -fopenmp -std=c++20 -I/capstor/scratch/cscs/lhulsbergen/venv_dace5cf/lib/python3.12/site-packages/dace/runtime/include -c /capstor/scratch/cscs/lhulsbergen/llr40_dace/emit/ext_break_capture/canon_legacy/src/cpu/canon_cpu.cpp -o /dev/null -fopt-info-vec-all=/capstor/scratch/cscs/lhulsbergen/llr40_dace/vec/reports/ext_break_capture.canon_legacy.g++-13.harness.all
ext_break_capture,canon,legacy,g++-14,bonsall,True,0,,1,canon_cpu.cpp:53,,g++-14 -O3 -std=c++20 -fPIC -fno-math-errno -ffinite-math-only -fno-signaling-nans -fstrict-aliasing -faligned-new -fvect-cost-model=unlimited -fopenmp -I/capstor/scratch/cscs/lhulsbergen/venv_dace5cf/lib/python3.12/site-packages/dace/runtime/include -c /capstor/scratch/cscs/lhulsbergen/llr40_dace/emit/ext_break_capture/canon_legacy/src/cpu/canon_cpu.cpp -o /dev/null -fopt-info-vec-all=/capstor/scratch/cscs/lhulsbergen/llr40_dace/vec/reports/ext_break_capture.canon_legacy.g++-14.bonsall.all
ext_break_capture,canon,legacy,g++-14,unsafe,True,0,,1,canon_cpu.cpp:53,,g++-14 -O3 -std=c++20 -fPIC -fno-math-errno -ffinite-math-only -fno-signaling-nans -fstrict-aliasing -faligned-new -fvect-cost-model=unlimited -fopenmp -funsafe-math-optimizations -I/capstor/scratch/cscs/lhulsbergen/venv_dace5cf/lib/python3.12/site-packages/dace/runtime/include -c /capstor/scratch/cscs/lhulsbergen/llr40_dace/emit/ext_break_capture/canon_legacy/src/cpu/canon_cpu.cpp -o /dev/null -fopt-info-vec-all=/capstor/scratch/cscs/lhulsbergen/llr40_dace/vec/reports/ext_break_capture.canon_legacy.g++-14.unsafe.all
ext_break_capture,canon,legacy,g++-14,harness,True,0,,1,canon_cpu.cpp:53,,g++-14 -march=native -fopenmp -fno-math-errno -fno-trapping-math -fno-signed-zeros -ffp-contract=fast -fstrict-aliasing -include /capstor/scratch/cscs/lhulsbergen/HPCAgent-Bench-dace/hpcagent_bench/envs/vecmath.h -Wall -Wextra -O3 -fPIC -fopenmp -std=c++20 -I/capstor/scratch/cscs/lhulsbergen/venv_dace5cf/lib/python3.12/site-packages/dace/runtime/include -c /capstor/scratch/cscs/lhulsbergen/llr40_dace/emit/ext_break_capture/canon_legacy/src/cpu/canon_cpu.cpp -o /dev/null -fopt-info-vec-all=/capstor/scratch/cscs/lhulsbergen/llr40_dace/vec/reports/ext_break_capture.canon_legacy.g++-14.harness.all
ext_break_capture,canon,new,g++-13,bonsall,True,0,,1,canon_cpu.cpp:34,,g++-13 -O3 -std=c++20 -fPIC -fno-math-errno -ffinite-math-only -fno-signaling-nans -fstrict-aliasing -faligned-new -fvect-cost-model=unlimited -fopenmp -I/capstor/scratch/cscs/lhulsbergen/venv_dace5cf/lib/python3.12/site-packages/dace/runtime/include -c /capstor/scratch/cscs/lhulsbergen/llr40_dace/emit/ext_break_capture/canon_new/src/cpu/canon_cpu.cpp -o /dev/null -fopt-info-vec-all=/capstor/scratch/cscs/lhulsbergen/llr40_dace/vec/reports/ext_break_capture.canon_new.g++-13.bonsall.all
ext_break_capture,canon,new,g++-13,unsafe,True,0,,1,canon_cpu.cpp:34,,g++-13 -O3 -std=c++20 -fPIC -fno-math-errno -ffinite-math-only -fno-signaling-nans -fstrict-aliasing -faligned-new -fvect-cost-model=unlimited -fopenmp -funsafe-math-optimizations -I/capstor/scratch/cscs/lhulsbergen/venv_dace5cf/lib/python3.12/site-packages/dace/runtime/include -c /capstor/scratch/cscs/lhulsbergen/llr40_dace/emit/ext_break_capture/canon_new/src/cpu/canon_cpu.cpp -o /dev/null -fopt-info-vec-all=/capstor/scratch/cscs/lhulsbergen/llr40_dace/vec/reports/ext_break_capture.canon_new.g++-13.unsafe.all
ext_break_capture,canon,new,g++-13,harness,True,0,,1,canon_cpu.cpp:34,,g++-13 -march=native -fopenmp -fno-math-errno -fno-trapping-math -fno-signed-zeros -ffp-contract=fast -fstrict-aliasing -include /capstor/scratch/cscs/lhulsbergen/HPCAgent-Bench-dace/hpcagent_bench/envs/vecmath.h -Wall -Wextra -O3 -fPIC -fopenmp -std=c++20 -I/capstor/scratch/cscs/lhulsbergen/venv_dace5cf/lib/python3.12/site-packages/dace/runtime/include -c /capstor/scratch/cscs/lhulsbergen/llr40_dace/emit/ext_break_capture/canon_new/src/cpu/canon_cpu.cpp -o /dev/null -fopt-info-vec-all=/capstor/scratch/cscs/lhulsbergen/llr40_dace/vec/reports/ext_break_capture.canon_new.g++-13.harness.all
ext_break_capture,canon,new,g++-14,bonsall,True,0,,1,canon_cpu.cpp:32,,g++-14 -O3 -std=c++20 -fPIC -fno-math-errno -ffinite-math-only -fno-signaling-nans -fstrict-aliasing -faligned-new -fvect-cost-model=unlimited -fopenmp -I/capstor/scratch/cscs/lhulsbergen/venv_dace5cf/lib/python3.12/site-packages/dace/runtime/include -c /capstor/scratch/cscs/lhulsbergen/llr40_dace/emit/ext_break_capture/canon_new/src/cpu/canon_cpu.cpp -o /dev/null -fopt-info-vec-all=/capstor/scratch/cscs/lhulsbergen/llr40_dace/vec/reports/ext_break_capture.canon_new.g++-14.bonsall.all
ext_break_capture,canon,new,g++-14,unsafe,True,0,,1,canon_cpu.cpp:32,,g++-14 -O3 -std=c++20 -fPIC -fno-math-errno -ffinite-math-only -fno-signaling-nans -fstrict-aliasing -faligned-new -fvect-cost-model=unlimited -fopenmp -funsafe-math-optimizations -I/capstor/scratch/cscs/lhulsbergen/venv_dace5cf/lib/python3.12/site-packages/dace/runtime/include -c /capstor/scratch/cscs/lhulsbergen/llr40_dace/emit/ext_break_capture/canon_new/src/cpu/canon_cpu.cpp -o /dev/null -fopt-info-vec-all=/capstor/scratch/cscs/lhulsbergen/llr40_dace/vec/reports/ext_break_capture.canon_new.g++-14.unsafe.all
ext_break_capture,canon,new,g++-14,harness,True,0,,1,canon_cpu.cpp:32,,g++-14 -march=native -fopenmp -fno-math-errno -fno-trapping-math -fno-signed-zeros -ffp-contract=fast -fstrict-aliasing -include /capstor/scratch/cscs/lhulsbergen/HPCAgent-Bench-dace/hpcagent_bench/envs/vecmath.h -Wall -Wextra -O3 -fPIC -fopenmp -std=c++20 -I/capstor/scratch/cscs/lhulsbergen/venv_dace5cf/lib/python3.12/site-packages/dace/runtime/include -c /capstor/scratch/cscs/lhulsbergen/llr40_dace/emit/ext_break_capture/canon_new/src/cpu/canon_cpu.cpp -o /dev/null -fopt-info-vec-all=/capstor/scratch/cscs/lhulsbergen/llr40_dace/vec/reports/ext_break_capture.canon_new.g++-14.harness.all
ext_break_capture,canon,old,g++-13,bonsall,True,0,,1,canon_cpu.cpp:55,,g++-13 -O3 -std=c++20 -fPIC -fno-math-errno -ffinite-math-only -fno-signaling-nans -fstrict-aliasing -faligned-new -fvect-cost-model=unlimited -fopenmp -I/capstor/scratch/cscs/lhulsbergen/venv_dace5cf/lib/python3.12/site-packages/dace/runtime/include -c /capstor/scratch/cscs/lhulsbergen/llr40_dace/emit/ext_break_capture/canon_old/src/cpu/canon_cpu.cpp -o /dev/null -fopt-info-vec-all=/capstor/scratch/cscs/lhulsbergen/llr40_dace/vec/reports/ext_break_capture.canon_old.g++-13.bonsall.all
ext_break_capture,canon,old,g++-13,unsafe,True,0,,1,canon_cpu.cpp:55,,g++-13 -O3 -std=c++20 -fPIC -fno-math-errno -ffinite-math-only -fno-signaling-nans -fstrict-aliasing -faligned-new -fvect-cost-model=unlimited -fopenmp -funsafe-math-optimizations -I/capstor/scratch/cscs/lhulsbergen/venv_dace5cf/lib/python3.12/site-packages/dace/runtime/include -c /capstor/scratch/cscs/lhulsbergen/llr40_dace/emit/ext_break_capture/canon_old/src/cpu/canon_cpu.cpp -o /dev/null -fopt-info-vec-all=/capstor/scratch/cscs/lhulsbergen/llr40_dace/vec/reports/ext_break_capture.canon_old.g++-13.unsafe.all
ext_break_capture,canon,old,g++-13,harness,True,0,,1,canon_cpu.cpp:55,,g++-13 -march=native -fopenmp -fno-math-errno -fno-trapping-math -fno-signed-zeros -ffp-contract=fast -fstrict-aliasing -include /capstor/scratch/cscs/lhulsbergen/HPCAgent-Bench-dace/hpcagent_bench/envs/vecmath.h -Wall -Wextra -O3 -fPIC -fopenmp -std=c++20 -I/capstor/scratch/cscs/lhulsbergen/venv_dace5cf/lib/python3.12/site-packages/dace/runtime/include -c /capstor/scratch/cscs/lhulsbergen/llr40_dace/emit/ext_break_capture/canon_old/src/cpu/canon_cpu.cpp -o /dev/null -fopt-info-vec-all=/capstor/scratch/cscs/lhulsbergen/llr40_dace/vec/reports/ext_break_capture.canon_old.g++-13.harness.all
ext_break_capture,canon,old,g++-14,bonsall,True,0,,1,canon_cpu.cpp:53,,g++-14 -O3 -std=c++20 -fPIC -fno-math-errno -ffinite-math-only -fno-signaling-nans -fstrict-aliasing -faligned-new -fvect-cost-model=unlimited -fopenmp -I/capstor/scratch/cscs/lhulsbergen/venv_dace5cf/lib/python3.12/site-packages/dace/runtime/include -c /capstor/scratch/cscs/lhulsbergen/llr40_dace/emit/ext_break_capture/canon_old/src/cpu/canon_cpu.cpp -o /dev/null -fopt-info-vec-all=/capstor/scratch/cscs/lhulsbergen/llr40_dace/vec/reports/ext_break_capture.canon_old.g++-14.bonsall.all
ext_break_capture,canon,old,g++-14,unsafe,True,0,,1,canon_cpu.cpp:53,,g++-14 -O3 -std=c++20 -fPIC -fno-math-errno -ffinite-math-only -fno-signaling-nans -fstrict-aliasing -faligned-new -fvect-cost-model=unlimited -fopenmp -funsafe-math-optimizations -I/capstor/scratch/cscs/lhulsbergen/venv_dace5cf/lib/python3.12/site-packages/dace/runtime/include -c /capstor/scratch/cscs/lhulsbergen/llr40_dace/emit/ext_break_capture/canon_old/src/cpu/canon_cpu.cpp -o /dev/null -fopt-info-vec-all=/capstor/scratch/cscs/lhulsbergen/llr40_dace/vec/reports/ext_break_capture.canon_old.g++-14.unsafe.all
ext_break_capture,canon,old,g++-14,harness,True,0,,1,canon_cpu.cpp:53,,g++-14 -march=native -fopenmp -fno-math-errno -fno-trapping-math -fno-signed-zeros -ffp-contract=fast -fstrict-aliasing -include /capstor/scratch/cscs/lhulsbergen/HPCAgent-Bench-dace/hpcagent_bench/envs/vecmath.h -Wall -Wextra -O3 -fPIC -fopenmp -std=c++20 -I/capstor/scratch/cscs/lhulsbergen/venv_dace5cf/lib/python3.12/site-packages/dace/runtime/include -c /capstor/scratch/cscs/lhulsbergen/llr40_dace/emit/ext_break_capture/canon_old/src/cpu/canon_cpu.cpp -o /dev/null -fopt-info-vec-all=/capstor/scratch/cscs/lhulsbergen/llr40_dace/vec/reports/ext_break_capture.canon_old.g++-14.harness.all
ext_break_capture,none,legacy,g++-13,bonsall,True,0,,1,canon_cpu.cpp:42,,g++-13 -O3 -std=c++20 -fPIC -fno-math-errno -ffinite-math-only -fno-signaling-nans -fstrict-aliasing -faligned-new -fvect-cost-model=unlimited -fopenmp -I/capstor/scratch/cscs/lhulsbergen/venv_dace5cf/lib/python3.12/site-packages/dace/runtime/include -c /capstor/scratch/cscs/lhulsbergen/llr40_dace/emit/ext_break_capture/none_legacy/src/cpu/canon_cpu.cpp -o /dev/null -fopt-info-vec-all=/capstor/scratch/cscs/lhulsbergen/llr40_dace/vec/reports/ext_break_capture.none_legacy.g++-13.bonsall.all
ext_break_capture,none,legacy,g++-13,unsafe,True,0,,1,canon_cpu.cpp:42,,g++-13 -O3 -std=c++20 -fPIC -fno-math-errno -ffinite-math-only -fno-signaling-nans -fstrict-aliasing -faligned-new -fvect-cost-model=unlimited -fopenmp -funsafe-math-optimizations -I/capstor/scratch/cscs/lhulsbergen/venv_dace5cf/lib/python3.12/site-packages/dace/runtime/include -c /capstor/scratch/cscs/lhulsbergen/llr40_dace/emit/ext_break_capture/none_legacy/src/cpu/canon_cpu.cpp -o /dev/null -fopt-info-vec-all=/capstor/scratch/cscs/lhulsbergen/llr40_dace/vec/reports/ext_break_capture.none_legacy.g++-13.unsafe.all
ext_break_capture,none,legacy,g++-13,harness,True,0,,1,canon_cpu.cpp:42,,g++-13 -march=native -fopenmp -fno-math-errno -fno-trapping-math -fno-signed-zeros -ffp-contract=fast -fstrict-aliasing -include /capstor/scratch/cscs/lhulsbergen/HPCAgent-Bench-dace/hpcagent_bench/envs/vecmath.h -Wall -Wextra -O3 -fPIC -fopenmp -std=c++20 -I/capstor/scratch/cscs/lhulsbergen/venv_dace5cf/lib/python3.12/site-packages/dace/runtime/include -c /capstor/scratch/cscs/lhulsbergen/llr40_dace/emit/ext_break_capture/none_legacy/src/cpu/canon_cpu.cpp -o /dev/null -fopt-info-vec-all=/capstor/scratch/cscs/lhulsbergen/llr40_dace/vec/reports/ext_break_capture.none_legacy.g++-13.harness.all
ext_break_capture,none,legacy,g++-14,bonsall,True,0,,1,canon_cpu.cpp:40,,g++-14 -O3 -std=c++20 -fPIC -fno-math-errno -ffinite-math-only -fno-signaling-nans -fstrict-aliasing -faligned-new -fvect-cost-model=unlimited -fopenmp -I/capstor/scratch/cscs/lhulsbergen/venv_dace5cf/lib/python3.12/site-packages/dace/runtime/include -c /capstor/scratch/cscs/lhulsbergen/llr40_dace/emit/ext_break_capture/none_legacy/src/cpu/canon_cpu.cpp -o /dev/null -fopt-info-vec-all=/capstor/scratch/cscs/lhulsbergen/llr40_dace/vec/reports/ext_break_capture.none_legacy.g++-14.bonsall.all
ext_break_capture,none,legacy,g++-14,unsafe,True,0,,1,canon_cpu.cpp:40,,g++-14 -O3 -std=c++20 -fPIC -fno-math-errno -ffinite-math-only -fno-signaling-nans -fstrict-aliasing -faligned-new -fvect-cost-model=unlimited -fopenmp -funsafe-math-optimizations -I/capstor/scratch/cscs/lhulsbergen/venv_dace5cf/lib/python3.12/site-packages/dace/runtime/include -c /capstor/scratch/cscs/lhulsbergen/llr40_dace/emit/ext_break_capture/none_legacy/src/cpu/canon_cpu.cpp -o /dev/null -fopt-info-vec-all=/capstor/scratch/cscs/lhulsbergen/llr40_dace/vec/reports/ext_break_capture.none_legacy.g++-14.unsafe.all
ext_break_capture,none,legacy,g++-14,harness,True,0,,1,canon_cpu.cpp:40,,g++-14 -march=native -fopenmp -fno-math-errno -fno-trapping-math -fno-signed-zeros -ffp-contract=fast -fstrict-aliasing -include /capstor/scratch/cscs/lhulsbergen/HPCAgent-Bench-dace/hpcagent_bench/envs/vecmath.h -Wall -Wextra -O3 -fPIC -fopenmp -std=c++20 -I/capstor/scratch/cscs/lhulsbergen/venv_dace5cf/lib/python3.12/site-packages/dace/runtime/include -c /capstor/scratch/cscs/lhulsbergen/llr40_dace/emit/ext_break_capture/none_legacy/src/cpu/canon_cpu.cpp -o /dev/null -fopt-info-vec-all=/capstor/scratch/cscs/lhulsbergen/llr40_dace/vec/reports/ext_break_capture.none_legacy.g++-14.harness.all
ext_break_capture,none,new,g++-13,bonsall,True,0,,1,canon_cpu.cpp:26,,g++-13 -O3 -std=c++20 -fPIC -fno-math-errno -ffinite-math-only -fno-signaling-nans -fstrict-aliasing -faligned-new -fvect-cost-model=unlimited -fopenmp -I/capstor/scratch/cscs/lhulsbergen/venv_dace5cf/lib/python3.12/site-packages/dace/runtime/include -c /capstor/scratch/cscs/lhulsbergen/llr40_dace/emit/ext_break_capture/none_new/src/cpu/canon_cpu.cpp -o /dev/null -fopt-info-vec-all=/capstor/scratch/cscs/lhulsbergen/llr40_dace/vec/reports/ext_break_capture.none_new.g++-13.bonsall.all
ext_break_capture,none,new,g++-13,unsafe,True,0,,1,canon_cpu.cpp:26,,g++-13 -O3 -std=c++20 -fPIC -fno-math-errno -ffinite-math-only -fno-signaling-nans -fstrict-aliasing -faligned-new -fvect-cost-model=unlimited -fopenmp -funsafe-math-optimizations -I/capstor/scratch/cscs/lhulsbergen/venv_dace5cf/lib/python3.12/site-packages/dace/runtime/include -c /capstor/scratch/cscs/lhulsbergen/llr40_dace/emit/ext_break_capture/none_new/src/cpu/canon_cpu.cpp -o /dev/null -fopt-info-vec-all=/capstor/scratch/cscs/lhulsbergen/llr40_dace/vec/reports/ext_break_capture.none_new.g++-13.unsafe.all
ext_break_capture,none,new,g++-13,harness,True,0,,1,canon_cpu.cpp:26,,g++-13 -march=native -fopenmp -fno-math-errno -fno-trapping-math -fno-signed-zeros -ffp-contract=fast -fstrict-aliasing -include /capstor/scratch/cscs/lhulsbergen/HPCAgent-Bench-dace/hpcagent_bench/envs/vecmath.h -Wall -Wextra -O3 -fPIC -fopenmp -std=c++20 -I/capstor/scratch/cscs/lhulsbergen/venv_dace5cf/lib/python3.12/site-packages/dace/runtime/include -c /capstor/scratch/cscs/lhulsbergen/llr40_dace/emit/ext_break_capture/none_new/src/cpu/canon_cpu.cpp -o /dev/null -fopt-info-vec-all=/capstor/scratch/cscs/lhulsbergen/llr40_dace/vec/reports/ext_break_capture.none_new.g++-13.harness.all
ext_break_capture,none,new,g++-14,bonsall,True,0,,1,canon_cpu.cpp:24,,g++-14 -O3 -std=c++20 -fPIC -fno-math-errno -ffinite-math-only -fno-signaling-nans -fstrict-aliasing -faligned-new -fvect-cost-model=unlimited -fopenmp -I/capstor/scratch/cscs/lhulsbergen/venv_dace5cf/lib/python3.12/site-packages/dace/runtime/include -c /capstor/scratch/cscs/lhulsbergen/llr40_dace/emit/ext_break_capture/none_new/src/cpu/canon_cpu.cpp -o /dev/null -fopt-info-vec-all=/capstor/scratch/cscs/lhulsbergen/llr40_dace/vec/reports/ext_break_capture.none_new.g++-14.bonsall.all
ext_break_capture,none,new,g++-14,unsafe,True,0,,1,canon_cpu.cpp:24,,g++-14 -O3 -std=c++20 -fPIC -fno-math-errno -ffinite-math-only -fno-signaling-nans -fstrict-aliasing -faligned-new -fvect-cost-model=unlimited -fopenmp -funsafe-math-optimizations -I/capstor/scratch/cscs/lhulsbergen/venv_dace5cf/lib/python3.12/site-packages/dace/runtime/include -c /capstor/scratch/cscs/lhulsbergen/llr40_dace/emit/ext_break_capture/none_new/src/cpu/canon_cpu.cpp -o /dev/null -fopt-info-vec-all=/capstor/scratch/cscs/lhulsbergen/llr40_dace/vec/reports/ext_break_capture.none_new.g++-14.unsafe.all
ext_break_capture,none,new,g++-14,harness,True,0,,1,canon_cpu.cpp:24,,g++-14 -march=native -fopenmp -fno-math-errno -fno-trapping-math -fno-signed-zeros -ffp-contract=fast -fstrict-aliasing -include /capstor/scratch/cscs/lhulsbergen/HPCAgent-Bench-dace/hpcagent_bench/envs/vecmath.h -Wall -Wextra -O3 -fPIC -fopenmp -std=c++20 -I/capstor/scratch/cscs/lhulsbergen/venv_dace5cf/lib/python3.12/site-packages/dace/runtime/include -c /capstor/scratch/cscs/lhulsbergen/llr40_dace/emit/ext_break_capture/none_new/src/cpu/canon_cpu.cpp -o /dev/null -fopt-info-vec-all=/capstor/scratch/cscs/lhulsbergen/llr40_dace/vec/reports/ext_break_capture.none_new.g++-14.harness.all
ext_break_capture,none,old,g++-13,bonsall,True,0,,1,canon_cpu.cpp:42,,g++-13 -O3 -std=c++20 -fPIC -fno-math-errno -ffinite-math-only -fno-signaling-nans -fstrict-aliasing -faligned-new -fvect-cost-model=unlimited -fopenmp -I/capstor/scratch/cscs/lhulsbergen/venv_dace5cf/lib/python3.12/site-packages/dace/runtime/include -c /capstor/scratch/cscs/lhulsbergen/llr40_dace/emit/ext_break_capture/none_old/src/cpu/canon_cpu.cpp -o /dev/null -fopt-info-vec-all=/capstor/scratch/cscs/lhulsbergen/llr40_dace/vec/reports/ext_break_capture.none_old.g++-13.bonsall.all
ext_break_capture,none,old,g++-13,unsafe,True,0,,1,canon_cpu.cpp:42,,g++-13 -O3 -std=c++20 -fPIC -fno-math-errno -ffinite-math-only -fno-signaling-nans -fstrict-aliasing -faligned-new -fvect-cost-model=unlimited -fopenmp -funsafe-math-optimizations -I/capstor/scratch/cscs/lhulsbergen/venv_dace5cf/lib/python3.12/site-packages/dace/runtime/include -c /capstor/scratch/cscs/lhulsbergen/llr40_dace/emit/ext_break_capture/none_old/src/cpu/canon_cpu.cpp -o /dev/null -fopt-info-vec-all=/capstor/scratch/cscs/lhulsbergen/llr40_dace/vec/reports/ext_break_capture.none_old.g++-13.unsafe.all
ext_break_capture,none,old,g++-13,harness,True,0,,1,canon_cpu.cpp:42,,g++-13 -march=native -fopenmp -fno-math-errno -fno-trapping-math -fno-signed-zeros -ffp-contract=fast -fstrict-aliasing -include /capstor/scratch/cscs/lhulsbergen/HPCAgent-Bench-dace/hpcagent_bench/envs/vecmath.h -Wall -Wextra -O3 -fPIC -fopenmp -std=c++20 -I/capstor/scratch/cscs/lhulsbergen/venv_dace5cf/lib/python3.12/site-packages/dace/runtime/include -c /capstor/scratch/cscs/lhulsbergen/llr40_dace/emit/ext_break_capture/none_old/src/cpu/canon_cpu.cpp -o /dev/null -fopt-info-vec-all=/capstor/scratch/cscs/lhulsbergen/llr40_dace/vec/reports/ext_break_capture.none_old.g++-13.harness.all
ext_break_capture,none,old,g++-14,bonsall,True,0,,1,canon_cpu.cpp:40,,g++-14 -O3 -std=c++20 -fPIC -fno-math-errno -ffinite-math-only -fno-signaling-nans -fstrict-aliasing -faligned-new -fvect-cost-model=unlimited -fopenmp -I/capstor/scratch/cscs/lhulsbergen/venv_dace5cf/lib/python3.12/site-packages/dace/runtime/include -c /capstor/scratch/cscs/lhulsbergen/llr40_dace/emit/ext_break_capture/none_old/src/cpu/canon_cpu.cpp -o /dev/null -fopt-info-vec-all=/capstor/scratch/cscs/lhulsbergen/llr40_dace/vec/reports/ext_break_capture.none_old.g++-14.bonsall.all
ext_break_capture,none,old,g++-14,unsafe,True,0,,1,canon_cpu.cpp:40,,g++-14 -O3 -std=c++20 -fPIC -fno-math-errno -ffinite-math-only -fno-signaling-nans -fstrict-aliasing -faligned-new -fvect-cost-model=unlimited -fopenmp -funsafe-math-optimizations -I/capstor/scratch/cscs/lhulsbergen/venv_dace5cf/lib/python3.12/site-packages/dace/runtime/include -c /capstor/scratch/cscs/lhulsbergen/llr40_dace/emit/ext_break_capture/none_old/src/cpu/canon_cpu.cpp -o /dev/null -fopt-info-vec-all=/capstor/scratch/cscs/lhulsbergen/llr40_dace/vec/reports/ext_break_capture.none_old.g++-14.unsafe.all
ext_break_capture,none,old,g++-14,harness,True,0,,1,canon_cpu.cpp:40,,g++-14 -march=native -fopenmp -fno-math-errno -fno-trapping-math -fno-signed-zeros -ffp-contract=fast -fstrict-aliasing -include /capstor/scratch/cscs/lhulsbergen/HPCAgent-Bench-dace/hpcagent_bench/envs/vecmath.h -Wall -Wextra -O3 -fPIC -fopenmp -std=c++20 -I/capstor/scratch/cscs/lhulsbergen/venv_dace5cf/lib/python3.12/site-packages/dace/runtime/include -c /capstor/scratch/cscs/lhulsbergen/llr40_dace/emit/ext_break_capture/none_old/src/cpu/canon_cpu.cpp -o /dev/null -fopt-info-vec-all=/capstor/scratch/cscs/lhulsbergen/llr40_dace/vec/reports/ext_break_capture.none_old.g++-14.harness.all
ext_war_unit,canon,legacy,g++-13,bonsall,True,2,canon_cpu.cpp:24 canon_cpu.cpp:43,2,canon_cpu.cpp:158 canon_cpu.cpp:161,,g++-13 -O3 -std=c++20 -fPIC -fno-math-errno -ffinite-math-only -fno-signaling-nans -fstrict-aliasing -faligned-new -fvect-cost-model=unlimited -fopenmp -I/capstor/scratch/cscs/lhulsbergen/venv_dace5cf/lib/python3.12/site-packages/dace/runtime/include -c /capstor/scratch/cscs/lhulsbergen/llr40_dace/emit/ext_war_unit/canon_legacy/src/cpu/canon_cpu.cpp -o /dev/null -fopt-info-vec-all=/capstor/scratch/cscs/lhulsbergen/llr40_dace/vec/reports/ext_war_unit.canon_legacy.g++-13.bonsall.all
ext_war_unit,canon,legacy,g++-13,unsafe,True,2,canon_cpu.cpp:24 canon_cpu.cpp:43,2,canon_cpu.cpp:158 canon_cpu.cpp:161,,g++-13 -O3 -std=c++20 -fPIC -fno-math-errno -ffinite-math-only -fno-signaling-nans -fstrict-aliasing -faligned-new -fvect-cost-model=unlimited -fopenmp -funsafe-math-optimizations -I/capstor/scratch/cscs/lhulsbergen/venv_dace5cf/lib/python3.12/site-packages/dace/runtime/include -c /capstor/scratch/cscs/lhulsbergen/llr40_dace/emit/ext_war_unit/canon_legacy/src/cpu/canon_cpu.cpp -o /dev/null -fopt-info-vec-all=/capstor/scratch/cscs/lhulsbergen/llr40_dace/vec/reports/ext_war_unit.canon_legacy.g++-13.unsafe.all
ext_war_unit,canon,legacy,g++-13,harness,True,1,canon_cpu.cpp:43,4,canon_cpu.cpp:146 canon_cpu.cpp:158 canon_cpu.cpp:161 canon_cpu.cpp:24,,g++-13 -march=native -fopenmp -fno-math-errno -fno-trapping-math -fno-signed-zeros -ffp-contract=fast -fstrict-aliasing -include /capstor/scratch/cscs/lhulsbergen/HPCAgent-Bench-dace/hpcagent_bench/envs/vecmath.h -Wall -Wextra -O3 -fPIC -fopenmp -std=c++20 -I/capstor/scratch/cscs/lhulsbergen/venv_dace5cf/lib/python3.12/site-packages/dace/runtime/include -c /capstor/scratch/cscs/lhulsbergen/llr40_dace/emit/ext_war_unit/canon_legacy/src/cpu/canon_cpu.cpp -o /dev/null -fopt-info-vec-all=/capstor/scratch/cscs/lhulsbergen/llr40_dace/vec/reports/ext_war_unit.canon_legacy.g++-13.harness.all
ext_war_unit,canon,legacy,g++-14,bonsall,True,2,canon_cpu.cpp:24 canon_cpu.cpp:43,2,canon_cpu.cpp:158 canon_cpu.cpp:161,,g++-14 -O3 -std=c++20 -fPIC -fno-math-errno -ffinite-math-only -fno-signaling-nans -fstrict-aliasing -faligned-new -fvect-cost-model=unlimited -fopenmp -I/capstor/scratch/cscs/lhulsbergen/venv_dace5cf/lib/python3.12/site-packages/dace/runtime/include -c /capstor/scratch/cscs/lhulsbergen/llr40_dace/emit/ext_war_unit/canon_legacy/src/cpu/canon_cpu.cpp -o /dev/null -fopt-info-vec-all=/capstor/scratch/cscs/lhulsbergen/llr40_dace/vec/reports/ext_war_unit.canon_legacy.g++-14.bonsall.all
ext_war_unit,canon,legacy,g++-14,unsafe,True,2,canon_cpu.cpp:24 canon_cpu.cpp:43,2,canon_cpu.cpp:158 canon_cpu.cpp:161,,g++-14 -O3 -std=c++20 -fPIC -fno-math-errno -ffinite-math-only -fno-signaling-nans -fstrict-aliasing -faligned-new -fvect-cost-model=unlimited -fopenmp -funsafe-math-optimizations -I/capstor/scratch/cscs/lhulsbergen/venv_dace5cf/lib/python3.12/site-packages/dace/runtime/include -c /capstor/scratch/cscs/lhulsbergen/llr40_dace/emit/ext_war_unit/canon_legacy/src/cpu/canon_cpu.cpp -o /dev/null -fopt-info-vec-all=/capstor/scratch/cscs/lhulsbergen/llr40_dace/vec/reports/ext_war_unit.canon_legacy.g++-14.unsafe.all
ext_war_unit,canon,legacy,g++-14,harness,True,1,canon_cpu.cpp:43,4,canon_cpu.cpp:146 canon_cpu.cpp:158 canon_cpu.cpp:161 canon_cpu.cpp:24,,g++-14 -march=native -fopenmp -fno-math-errno -fno-trapping-math -fno-signed-zeros -ffp-contract=fast -fstrict-aliasing -include /capstor/scratch/cscs/lhulsbergen/HPCAgent-Bench-dace/hpcagent_bench/envs/vecmath.h -Wall -Wextra -O3 -fPIC -fopenmp -std=c++20 -I/capstor/scratch/cscs/lhulsbergen/venv_dace5cf/lib/python3.12/site-packages/dace/runtime/include -c /capstor/scratch/cscs/lhulsbergen/llr40_dace/emit/ext_war_unit/canon_legacy/src/cpu/canon_cpu.cpp -o /dev/null -fopt-info-vec-all=/capstor/scratch/cscs/lhulsbergen/llr40_dace/vec/reports/ext_war_unit.canon_legacy.g++-14.harness.all
ext_war_unit,canon,new,g++-13,bonsall,True,2,canon_cpu.cpp:25 canon_cpu.cpp:36,2,canon_cpu.cpp:96 canon_cpu.cpp:98,,g++-13 -O3 -std=c++20 -fPIC -fno-math-errno -ffinite-math-only -fno-signaling-nans -fstrict-aliasing -faligned-new -fvect-cost-model=unlimited -fopenmp -I/capstor/scratch/cscs/lhulsbergen/venv_dace5cf/lib/python3.12/site-packages/dace/runtime/include -c /capstor/scratch/cscs/lhulsbergen/llr40_dace/emit/ext_war_unit/canon_new/src/cpu/canon_cpu.cpp -o /dev/null -fopt-info-vec-all=/capstor/scratch/cscs/lhulsbergen/llr40_dace/vec/reports/ext_war_unit.canon_new.g++-13.bonsall.all
ext_war_unit,canon,new,g++-13,unsafe,True,2,canon_cpu.cpp:25 canon_cpu.cpp:36,2,canon_cpu.cpp:96 canon_cpu.cpp:98,,g++-13 -O3 -std=c++20 -fPIC -fno-math-errno -ffinite-math-only -fno-signaling-nans -fstrict-aliasing -faligned-new -fvect-cost-model=unlimited -fopenmp -funsafe-math-optimizations -I/capstor/scratch/cscs/lhulsbergen/venv_dace5cf/lib/python3.12/site-packages/dace/runtime/include -c /capstor/scratch/cscs/lhulsbergen/llr40_dace/emit/ext_war_unit/canon_new/src/cpu/canon_cpu.cpp -o /dev/null -fopt-info-vec-all=/capstor/scratch/cscs/lhulsbergen/llr40_dace/vec/reports/ext_war_unit.canon_new.g++-13.unsafe.all
ext_war_unit,canon,new,g++-13,harness,True,1,canon_cpu.cpp:36,4,canon_cpu.cpp:25 canon_cpu.cpp:89 canon_cpu.cpp:96 canon_cpu.cpp:98,,g++-13 -march=native -fopenmp -fno-math-errno -fno-trapping-math -fno-signed-zeros -ffp-contract=fast -fstrict-aliasing -include /capstor/scratch/cscs/lhulsbergen/HPCAgent-Bench-dace/hpcagent_bench/envs/vecmath.h -Wall -Wextra -O3 -fPIC -fopenmp -std=c++20 -I/capstor/scratch/cscs/lhulsbergen/venv_dace5cf/lib/python3.12/site-packages/dace/runtime/include -c /capstor/scratch/cscs/lhulsbergen/llr40_dace/emit/ext_war_unit/canon_new/src/cpu/canon_cpu.cpp -o /dev/null -fopt-info-vec-all=/capstor/scratch/cscs/lhulsbergen/llr40_dace/vec/reports/ext_war_unit.canon_new.g++-13.harness.all
ext_war_unit,canon,new,g++-14,bonsall,True,2,canon_cpu.cpp:25 canon_cpu.cpp:36,2,canon_cpu.cpp:96 canon_cpu.cpp:98,,g++-14 -O3 -std=c++20 -fPIC -fno-math-errno -ffinite-math-only -fno-signaling-nans -fstrict-aliasing -faligned-new -fvect-cost-model=unlimited -fopenmp -I/capstor/scratch/cscs/lhulsbergen/venv_dace5cf/lib/python3.12/site-packages/dace/runtime/include -c /capstor/scratch/cscs/lhulsbergen/llr40_dace/emit/ext_war_unit/canon_new/src/cpu/canon_cpu.cpp -o /dev/null -fopt-info-vec-all=/capstor/scratch/cscs/lhulsbergen/llr40_dace/vec/reports/ext_war_unit.canon_new.g++-14.bonsall.all
ext_war_unit,canon,new,g++-14,unsafe,True,2,canon_cpu.cpp:25 canon_cpu.cpp:36,2,canon_cpu.cpp:96 canon_cpu.cpp:98,,g++-14 -O3 -std=c++20 -fPIC -fno-math-errno -ffinite-math-only -fno-signaling-nans -fstrict-aliasing -faligned-new -fvect-cost-model=unlimited -fopenmp -funsafe-math-optimizations -I/capstor/scratch/cscs/lhulsbergen/venv_dace5cf/lib/python3.12/site-packages/dace/runtime/include -c /capstor/scratch/cscs/lhulsbergen/llr40_dace/emit/ext_war_unit/canon_new/src/cpu/canon_cpu.cpp -o /dev/null -fopt-info-vec-all=/capstor/scratch/cscs/lhulsbergen/llr40_dace/vec/reports/ext_war_unit.canon_new.g++-14.unsafe.all
ext_war_unit,canon,new,g++-14,harness,True,1,canon_cpu.cpp:36,4,canon_cpu.cpp:25 canon_cpu.cpp:89 canon_cpu.cpp:96 canon_cpu.cpp:98,,g++-14 -march=native -fopenmp -fno-math-errno -fno-trapping-math -fno-signed-zeros -ffp-contract=fast -fstrict-aliasing -include /capstor/scratch/cscs/lhulsbergen/HPCAgent-Bench-dace/hpcagent_bench/envs/vecmath.h -Wall -Wextra -O3 -fPIC -fopenmp -std=c++20 -I/capstor/scratch/cscs/lhulsbergen/venv_dace5cf/lib/python3.12/site-packages/dace/runtime/include -c /capstor/scratch/cscs/lhulsbergen/llr40_dace/emit/ext_war_unit/canon_new/src/cpu/canon_cpu.cpp -o /dev/null -fopt-info-vec-all=/capstor/scratch/cscs/lhulsbergen/llr40_dace/vec/reports/ext_war_unit.canon_new.g++-14.harness.all
ext_war_unit,canon,old,g++-13,bonsall,True,2,canon_cpu.cpp:15 copy.h:345,2,canon_cpu.cpp:124 canon_cpu.cpp:127,,g++-13 -O3 -std=c++20 -fPIC -fno-math-errno -ffinite-math-only -fno-signaling-nans -fstrict-aliasing -faligned-new -fvect-cost-model=unlimited -fopenmp -I/capstor/scratch/cscs/lhulsbergen/venv_dace5cf/lib/python3.12/site-packages/dace/runtime/include -c /capstor/scratch/cscs/lhulsbergen/llr40_dace/emit/ext_war_unit/canon_old/src/cpu/canon_cpu.cpp -o /dev/null -fopt-info-vec-all=/capstor/scratch/cscs/lhulsbergen/llr40_dace/vec/reports/ext_war_unit.canon_old.g++-13.bonsall.all
ext_war_unit,canon,old,g++-13,unsafe,True,2,canon_cpu.cpp:15 copy.h:345,2,canon_cpu.cpp:124 canon_cpu.cpp:127,,g++-13 -O3 -std=c++20 -fPIC -fno-math-errno -ffinite-math-only -fno-signaling-nans -fstrict-aliasing -faligned-new -fvect-cost-model=unlimited -fopenmp -funsafe-math-optimizations -I/capstor/scratch/cscs/lhulsbergen/venv_dace5cf/lib/python3.12/site-packages/dace/runtime/include -c /capstor/scratch/cscs/lhulsbergen/llr40_dace/emit/ext_war_unit/canon_old/src/cpu/canon_cpu.cpp -o /dev/null -fopt-info-vec-all=/capstor/scratch/cscs/lhulsbergen/llr40_dace/vec/reports/ext_war_unit.canon_old.g++-13.unsafe.all
ext_war_unit,canon,old,g++-13,harness,True,1,canon_cpu.cpp:15,4,canon_cpu.cpp:112 canon_cpu.cpp:124 canon_cpu.cpp:127 copy.h:345,,g++-13 -march=native -fopenmp -fno-math-errno -fno-trapping-math -fno-signed-zeros -ffp-contract=fast -fstrict-aliasing -include /capstor/scratch/cscs/lhulsbergen/HPCAgent-Bench-dace/hpcagent_bench/envs/vecmath.h -Wall -Wextra -O3 -fPIC -fopenmp -std=c++20 -I/capstor/scratch/cscs/lhulsbergen/venv_dace5cf/lib/python3.12/site-packages/dace/runtime/include -c /capstor/scratch/cscs/lhulsbergen/llr40_dace/emit/ext_war_unit/canon_old/src/cpu/canon_cpu.cpp -o /dev/null -fopt-info-vec-all=/capstor/scratch/cscs/lhulsbergen/llr40_dace/vec/reports/ext_war_unit.canon_old.g++-13.harness.all
ext_war_unit,canon,old,g++-14,bonsall,True,2,canon_cpu.cpp:15 copy.h:345,2,canon_cpu.cpp:124 canon_cpu.cpp:127,,g++-14 -O3 -std=c++20 -fPIC -fno-math-errno -ffinite-math-only -fno-signaling-nans -fstrict-aliasing -faligned-new -fvect-cost-model=unlimited -fopenmp -I/capstor/scratch/cscs/lhulsbergen/venv_dace5cf/lib/python3.12/site-packages/dace/runtime/include -c /capstor/scratch/cscs/lhulsbergen/llr40_dace/emit/ext_war_unit/canon_old/src/cpu/canon_cpu.cpp -o /dev/null -fopt-info-vec-all=/capstor/scratch/cscs/lhulsbergen/llr40_dace/vec/reports/ext_war_unit.canon_old.g++-14.bonsall.all
ext_war_unit,canon,old,g++-14,unsafe,True,2,canon_cpu.cpp:15 copy.h:345,2,canon_cpu.cpp:124 canon_cpu.cpp:127,,g++-14 -O3 -std=c++20 -fPIC -fno-math-errno -ffinite-math-only -fno-signaling-nans -fstrict-aliasing -faligned-new -fvect-cost-model=unlimited -fopenmp -funsafe-math-optimizations -I/capstor/scratch/cscs/lhulsbergen/venv_dace5cf/lib/python3.12/site-packages/dace/runtime/include -c /capstor/scratch/cscs/lhulsbergen/llr40_dace/emit/ext_war_unit/canon_old/src/cpu/canon_cpu.cpp -o /dev/null -fopt-info-vec-all=/capstor/scratch/cscs/lhulsbergen/llr40_dace/vec/reports/ext_war_unit.canon_old.g++-14.unsafe.all
ext_war_unit,canon,old,g++-14,harness,True,1,canon_cpu.cpp:15,4,canon_cpu.cpp:112 canon_cpu.cpp:124 canon_cpu.cpp:127 copy.h:345,,g++-14 -march=native -fopenmp -fno-math-errno -fno-trapping-math -fno-signed-zeros -ffp-contract=fast -fstrict-aliasing -include /capstor/scratch/cscs/lhulsbergen/HPCAgent-Bench-dace/hpcagent_bench/envs/vecmath.h -Wall -Wextra -O3 -fPIC -fopenmp -std=c++20 -I/capstor/scratch/cscs/lhulsbergen/venv_dace5cf/lib/python3.12/site-packages/dace/runtime/include -c /capstor/scratch/cscs/lhulsbergen/llr40_dace/emit/ext_war_unit/canon_old/src/cpu/canon_cpu.cpp -o /dev/null -fopt-info-vec-all=/capstor/scratch/cscs/lhulsbergen/llr40_dace/vec/reports/ext_war_unit.canon_old.g++-14.harness.all
ext_war_unit,none,legacy,g++-13,bonsall,True,1,canon_cpu.cpp:17,0,,,g++-13 -O3 -std=c++20 -fPIC -fno-math-errno -ffinite-math-only -fno-signaling-nans -fstrict-aliasing -faligned-new -fvect-cost-model=unlimited -fopenmp -I/capstor/scratch/cscs/lhulsbergen/venv_dace5cf/lib/python3.12/site-packages/dace/runtime/include -c /capstor/scratch/cscs/lhulsbergen/llr40_dace/emit/ext_war_unit/none_legacy/src/cpu/canon_cpu.cpp -o /dev/null -fopt-info-vec-all=/capstor/scratch/cscs/lhulsbergen/llr40_dace/vec/reports/ext_war_unit.none_legacy.g++-13.bonsall.all
ext_war_unit,none,legacy,g++-13,unsafe,True,1,canon_cpu.cpp:17,0,,,g++-13 -O3 -std=c++20 -fPIC -fno-math-errno -ffinite-math-only -fno-signaling-nans -fstrict-aliasing -faligned-new -fvect-cost-model=unlimited -fopenmp -funsafe-math-optimizations -I/capstor/scratch/cscs/lhulsbergen/venv_dace5cf/lib/python3.12/site-packages/dace/runtime/include -c /capstor/scratch/cscs/lhulsbergen/llr40_dace/emit/ext_war_unit/none_legacy/src/cpu/canon_cpu.cpp -o /dev/null -fopt-info-vec-all=/capstor/scratch/cscs/lhulsbergen/llr40_dace/vec/reports/ext_war_unit.none_legacy.g++-13.unsafe.all
ext_war_unit,none,legacy,g++-13,harness,True,1,canon_cpu.cpp:17,0,,,g++-13 -march=native -fopenmp -fno-math-errno -fno-trapping-math -fno-signed-zeros -ffp-contract=fast -fstrict-aliasing -include /capstor/scratch/cscs/lhulsbergen/HPCAgent-Bench-dace/hpcagent_bench/envs/vecmath.h -Wall -Wextra -O3 -fPIC -fopenmp -std=c++20 -I/capstor/scratch/cscs/lhulsbergen/venv_dace5cf/lib/python3.12/site-packages/dace/runtime/include -c /capstor/scratch/cscs/lhulsbergen/llr40_dace/emit/ext_war_unit/none_legacy/src/cpu/canon_cpu.cpp -o /dev/null -fopt-info-vec-all=/capstor/scratch/cscs/lhulsbergen/llr40_dace/vec/reports/ext_war_unit.none_legacy.g++-13.harness.all
ext_war_unit,none,legacy,g++-14,bonsall,True,1,canon_cpu.cpp:17,0,,,g++-14 -O3 -std=c++20 -fPIC -fno-math-errno -ffinite-math-only -fno-signaling-nans -fstrict-aliasing -faligned-new -fvect-cost-model=unlimited -fopenmp -I/capstor/scratch/cscs/lhulsbergen/venv_dace5cf/lib/python3.12/site-packages/dace/runtime/include -c /capstor/scratch/cscs/lhulsbergen/llr40_dace/emit/ext_war_unit/none_legacy/src/cpu/canon_cpu.cpp -o /dev/null -fopt-info-vec-all=/capstor/scratch/cscs/lhulsbergen/llr40_dace/vec/reports/ext_war_unit.none_legacy.g++-14.bonsall.all
ext_war_unit,none,legacy,g++-14,unsafe,True,1,canon_cpu.cpp:17,0,,,g++-14 -O3 -std=c++20 -fPIC -fno-math-errno -ffinite-math-only -fno-signaling-nans -fstrict-aliasing -faligned-new -fvect-cost-model=unlimited -fopenmp -funsafe-math-optimizations -I/capstor/scratch/cscs/lhulsbergen/venv_dace5cf/lib/python3.12/site-packages/dace/runtime/include -c /capstor/scratch/cscs/lhulsbergen/llr40_dace/emit/ext_war_unit/none_legacy/src/cpu/canon_cpu.cpp -o /dev/null -fopt-info-vec-all=/capstor/scratch/cscs/lhulsbergen/llr40_dace/vec/reports/ext_war_unit.none_legacy.g++-14.unsafe.all
ext_war_unit,none,legacy,g++-14,harness,True,1,canon_cpu.cpp:17,0,,,g++-14 -march=native -fopenmp -fno-math-errno -fno-trapping-math -fno-signed-zeros -ffp-contract=fast -fstrict-aliasing -include /capstor/scratch/cscs/lhulsbergen/HPCAgent-Bench-dace/hpcagent_bench/envs/vecmath.h -Wall -Wextra -O3 -fPIC -fopenmp -std=c++20 -I/capstor/scratch/cscs/lhulsbergen/venv_dace5cf/lib/python3.12/site-packages/dace/runtime/include -c /capstor/scratch/cscs/lhulsbergen/llr40_dace/emit/ext_war_unit/none_legacy/src/cpu/canon_cpu.cpp -o /dev/null -fopt-info-vec-all=/capstor/scratch/cscs/lhulsbergen/llr40_dace/vec/reports/ext_war_unit.none_legacy.g++-14.harness.all
ext_war_unit,none,new,g++-13,bonsall,True,1,canon_cpu.cpp:18,0,,,g++-13 -O3 -std=c++20 -fPIC -fno-math-errno -ffinite-math-only -fno-signaling-nans -fstrict-aliasing -faligned-new -fvect-cost-model=unlimited -fopenmp -I/capstor/scratch/cscs/lhulsbergen/venv_dace5cf/lib/python3.12/site-packages/dace/runtime/include -c /capstor/scratch/cscs/lhulsbergen/llr40_dace/emit/ext_war_unit/none_new/src/cpu/canon_cpu.cpp -o /dev/null -fopt-info-vec-all=/capstor/scratch/cscs/lhulsbergen/llr40_dace/vec/reports/ext_war_unit.none_new.g++-13.bonsall.all
ext_war_unit,none,new,g++-13,unsafe,True,1,canon_cpu.cpp:18,0,,,g++-13 -O3 -std=c++20 -fPIC -fno-math-errno -ffinite-math-only -fno-signaling-nans -fstrict-aliasing -faligned-new -fvect-cost-model=unlimited -fopenmp -funsafe-math-optimizations -I/capstor/scratch/cscs/lhulsbergen/venv_dace5cf/lib/python3.12/site-packages/dace/runtime/include -c /capstor/scratch/cscs/lhulsbergen/llr40_dace/emit/ext_war_unit/none_new/src/cpu/canon_cpu.cpp -o /dev/null -fopt-info-vec-all=/capstor/scratch/cscs/lhulsbergen/llr40_dace/vec/reports/ext_war_unit.none_new.g++-13.unsafe.all
ext_war_unit,none,new,g++-13,harness,True,1,canon_cpu.cpp:18,0,,,g++-13 -march=native -fopenmp -fno-math-errno -fno-trapping-math -fno-signed-zeros -ffp-contract=fast -fstrict-aliasing -include /capstor/scratch/cscs/lhulsbergen/HPCAgent-Bench-dace/hpcagent_bench/envs/vecmath.h -Wall -Wextra -O3 -fPIC -fopenmp -std=c++20 -I/capstor/scratch/cscs/lhulsbergen/venv_dace5cf/lib/python3.12/site-packages/dace/runtime/include -c /capstor/scratch/cscs/lhulsbergen/llr40_dace/emit/ext_war_unit/none_new/src/cpu/canon_cpu.cpp -o /dev/null -fopt-info-vec-all=/capstor/scratch/cscs/lhulsbergen/llr40_dace/vec/reports/ext_war_unit.none_new.g++-13.harness.all
ext_war_unit,none,new,g++-14,bonsall,True,1,canon_cpu.cpp:18,0,,,g++-14 -O3 -std=c++20 -fPIC -fno-math-errno -ffinite-math-only -fno-signaling-nans -fstrict-aliasing -faligned-new -fvect-cost-model=unlimited -fopenmp -I/capstor/scratch/cscs/lhulsbergen/venv_dace5cf/lib/python3.12/site-packages/dace/runtime/include -c /capstor/scratch/cscs/lhulsbergen/llr40_dace/emit/ext_war_unit/none_new/src/cpu/canon_cpu.cpp -o /dev/null -fopt-info-vec-all=/capstor/scratch/cscs/lhulsbergen/llr40_dace/vec/reports/ext_war_unit.none_new.g++-14.bonsall.all
ext_war_unit,none,new,g++-14,unsafe,True,1,canon_cpu.cpp:18,0,,,g++-14 -O3 -std=c++20 -fPIC -fno-math-errno -ffinite-math-only -fno-signaling-nans -fstrict-aliasing -faligned-new -fvect-cost-model=unlimited -fopenmp -funsafe-math-optimizations -I/capstor/scratch/cscs/lhulsbergen/venv_dace5cf/lib/python3.12/site-packages/dace/runtime/include -c /capstor/scratch/cscs/lhulsbergen/llr40_dace/emit/ext_war_unit/none_new/src/cpu/canon_cpu.cpp -o /dev/null -fopt-info-vec-all=/capstor/scratch/cscs/lhulsbergen/llr40_dace/vec/reports/ext_war_unit.none_new.g++-14.unsafe.all
ext_war_unit,none,new,g++-14,harness,True,1,canon_cpu.cpp:18,0,,,g++-14 -march=native -fopenmp -fno-math-errno -fno-trapping-math -fno-signed-zeros -ffp-contract=fast -fstrict-aliasing -include /capstor/scratch/cscs/lhulsbergen/HPCAgent-Bench-dace/hpcagent_bench/envs/vecmath.h -Wall -Wextra -O3 -fPIC -fopenmp -std=c++20 -I/capstor/scratch/cscs/lhulsbergen/venv_dace5cf/lib/python3.12/site-packages/dace/runtime/include -c /capstor/scratch/cscs/lhulsbergen/llr40_dace/emit/ext_war_unit/none_new/src/cpu/canon_cpu.cpp -o /dev/null -fopt-info-vec-all=/capstor/scratch/cscs/lhulsbergen/llr40_dace/vec/reports/ext_war_unit.none_new.g++-14.harness.all
ext_war_unit,none,old,g++-13,bonsall,True,1,canon_cpu.cpp:17,0,,,g++-13 -O3 -std=c++20 -fPIC -fno-math-errno -ffinite-math-only -fno-signaling-nans -fstrict-aliasing -faligned-new -fvect-cost-model=unlimited -fopenmp -I/capstor/scratch/cscs/lhulsbergen/venv_dace5cf/lib/python3.12/site-packages/dace/runtime/include -c /capstor/scratch/cscs/lhulsbergen/llr40_dace/emit/ext_war_unit/none_old/src/cpu/canon_cpu.cpp -o /dev/null -fopt-info-vec-all=/capstor/scratch/cscs/lhulsbergen/llr40_dace/vec/reports/ext_war_unit.none_old.g++-13.bonsall.all
ext_war_unit,none,old,g++-13,unsafe,True,1,canon_cpu.cpp:17,0,,,g++-13 -O3 -std=c++20 -fPIC -fno-math-errno -ffinite-math-only -fno-signaling-nans -fstrict-aliasing -faligned-new -fvect-cost-model=unlimited -fopenmp -funsafe-math-optimizations -I/capstor/scratch/cscs/lhulsbergen/venv_dace5cf/lib/python3.12/site-packages/dace/runtime/include -c /capstor/scratch/cscs/lhulsbergen/llr40_dace/emit/ext_war_unit/none_old/src/cpu/canon_cpu.cpp -o /dev/null -fopt-info-vec-all=/capstor/scratch/cscs/lhulsbergen/llr40_dace/vec/reports/ext_war_unit.none_old.g++-13.unsafe.all
ext_war_unit,none,old,g++-13,harness,True,1,canon_cpu.cpp:17,0,,,g++-13 -march=native -fopenmp -fno-math-errno -fno-trapping-math -fno-signed-zeros -ffp-contract=fast -fstrict-aliasing -include /capstor/scratch/cscs/lhulsbergen/HPCAgent-Bench-dace/hpcagent_bench/envs/vecmath.h -Wall -Wextra -O3 -fPIC -fopenmp -std=c++20 -I/capstor/scratch/cscs/lhulsbergen/venv_dace5cf/lib/python3.12/site-packages/dace/runtime/include -c /capstor/scratch/cscs/lhulsbergen/llr40_dace/emit/ext_war_unit/none_old/src/cpu/canon_cpu.cpp -o /dev/null -fopt-info-vec-all=/capstor/scratch/cscs/lhulsbergen/llr40_dace/vec/reports/ext_war_unit.none_old.g++-13.harness.all
ext_war_unit,none,old,g++-14,bonsall,True,1,canon_cpu.cpp:17,0,,,g++-14 -O3 -std=c++20 -fPIC -fno-math-errno -ffinite-math-only -fno-signaling-nans -fstrict-aliasing -faligned-new -fvect-cost-model=unlimited -fopenmp -I/capstor/scratch/cscs/lhulsbergen/venv_dace5cf/lib/python3.12/site-packages/dace/runtime/include -c /capstor/scratch/cscs/lhulsbergen/llr40_dace/emit/ext_war_unit/none_old/src/cpu/canon_cpu.cpp -o /dev/null -fopt-info-vec-all=/capstor/scratch/cscs/lhulsbergen/llr40_dace/vec/reports/ext_war_unit.none_old.g++-14.bonsall.all
ext_war_unit,none,old,g++-14,unsafe,True,1,canon_cpu.cpp:17,0,,,g++-14 -O3 -std=c++20 -fPIC -fno-math-errno -ffinite-math-only -fno-signaling-nans -fstrict-aliasing -faligned-new -fvect-cost-model=unlimited -fopenmp -funsafe-math-optimizations -I/capstor/scratch/cscs/lhulsbergen/venv_dace5cf/lib/python3.12/site-packages/dace/runtime/include -c /capstor/scratch/cscs/lhulsbergen/llr40_dace/emit/ext_war_unit/none_old/src/cpu/canon_cpu.cpp -o /dev/null -fopt-info-vec-all=/capstor/scratch/cscs/lhulsbergen/llr40_dace/vec/reports/ext_war_unit.none_old.g++-14.unsafe.all
ext_war_unit,none,old,g++-14,harness,True,1,canon_cpu.cpp:17,0,,,g++-14 -march=native -fopenmp -fno-math-errno -fno-trapping-math -fno-signed-zeros -ffp-contract=fast -fstrict-aliasing -include /capstor/scratch/cscs/lhulsbergen/HPCAgent-Bench-dace/hpcagent_bench/envs/vecmath.h -Wall -Wextra -O3 -fPIC -fopenmp -std=c++20 -I/capstor/scratch/cscs/lhulsbergen/venv_dace5cf/lib/python3.12/site-packages/dace/runtime/include -c /capstor/scratch/cscs/lhulsbergen/llr40_dace/emit/ext_war_unit/none_old/src/cpu/canon_cpu.cpp -o /dev/null -fopt-info-vec-all=/capstor/scratch/cscs/lhulsbergen/llr40_dace/vec/reports/ext_war_unit.none_old.g++-14.harness.all
fuse_diamond,canon,legacy,g++-13,bonsall,True,1,canon_cpu.cpp:35,0,,,g++-13 -O3 -std=c++20 -fPIC -fno-math-errno -ffinite-math-only -fno-signaling-nans -fstrict-aliasing -faligned-new -fvect-cost-model=unlimited -fopenmp -I/capstor/scratch/cscs/lhulsbergen/venv_dace5cf/lib/python3.12/site-packages/dace/runtime/include -c /capstor/scratch/cscs/lhulsbergen/llr40_dace/emit/fuse_diamond/canon_legacy/src/cpu/canon_cpu.cpp -o /dev/null -fopt-info-vec-all=/capstor/scratch/cscs/lhulsbergen/llr40_dace/vec/reports/fuse_diamond.canon_legacy.g++-13.bonsall.all
fuse_diamond,canon,legacy,g++-13,unsafe,True,1,canon_cpu.cpp:35,0,,,g++-13 -O3 -std=c++20 -fPIC -fno-math-errno -ffinite-math-only -fno-signaling-nans -fstrict-aliasing -faligned-new -fvect-cost-model=unlimited -fopenmp -funsafe-math-optimizations -I/capstor/scratch/cscs/lhulsbergen/venv_dace5cf/lib/python3.12/site-packages/dace/runtime/include -c /capstor/scratch/cscs/lhulsbergen/llr40_dace/emit/fuse_diamond/canon_legacy/src/cpu/canon_cpu.cpp -o /dev/null -fopt-info-vec-all=/capstor/scratch/cscs/lhulsbergen/llr40_dace/vec/reports/fuse_diamond.canon_legacy.g++-13.unsafe.all
fuse_diamond,canon,legacy,g++-13,harness,True,1,canon_cpu.cpp:35,1,canon_cpu.cpp:29,,g++-13 -march=native -fopenmp -fno-math-errno -fno-trapping-math -fno-signed-zeros -ffp-contract=fast -fstrict-aliasing -include /capstor/scratch/cscs/lhulsbergen/HPCAgent-Bench-dace/hpcagent_bench/envs/vecmath.h -Wall -Wextra -O3 -fPIC -fopenmp -std=c++20 -I/capstor/scratch/cscs/lhulsbergen/venv_dace5cf/lib/python3.12/site-packages/dace/runtime/include -c /capstor/scratch/cscs/lhulsbergen/llr40_dace/emit/fuse_diamond/canon_legacy/src/cpu/canon_cpu.cpp -o /dev/null -fopt-info-vec-all=/capstor/scratch/cscs/lhulsbergen/llr40_dace/vec/reports/fuse_diamond.canon_legacy.g++-13.harness.all
fuse_diamond,canon,legacy,g++-14,bonsall,True,1,canon_cpu.cpp:35,0,,,g++-14 -O3 -std=c++20 -fPIC -fno-math-errno -ffinite-math-only -fno-signaling-nans -fstrict-aliasing -faligned-new -fvect-cost-model=unlimited -fopenmp -I/capstor/scratch/cscs/lhulsbergen/venv_dace5cf/lib/python3.12/site-packages/dace/runtime/include -c /capstor/scratch/cscs/lhulsbergen/llr40_dace/emit/fuse_diamond/canon_legacy/src/cpu/canon_cpu.cpp -o /dev/null -fopt-info-vec-all=/capstor/scratch/cscs/lhulsbergen/llr40_dace/vec/reports/fuse_diamond.canon_legacy.g++-14.bonsall.all
fuse_diamond,canon,legacy,g++-14,unsafe,True,1,canon_cpu.cpp:35,0,,,g++-14 -O3 -std=c++20 -fPIC -fno-math-errno -ffinite-math-only -fno-signaling-nans -fstrict-aliasing -faligned-new -fvect-cost-model=unlimited -fopenmp -funsafe-math-optimizations -I/capstor/scratch/cscs/lhulsbergen/venv_dace5cf/lib/python3.12/site-packages/dace/runtime/include -c /capstor/scratch/cscs/lhulsbergen/llr40_dace/emit/fuse_diamond/canon_legacy/src/cpu/canon_cpu.cpp -o /dev/null -fopt-info-vec-all=/capstor/scratch/cscs/lhulsbergen/llr40_dace/vec/reports/fuse_diamond.canon_legacy.g++-14.unsafe.all
fuse_diamond,canon,legacy,g++-14,harness,True,1,canon_cpu.cpp:35,1,canon_cpu.cpp:29,,g++-14 -march=native -fopenmp -fno-math-errno -fno-trapping-math -fno-signed-zeros -ffp-contract=fast -fstrict-aliasing -include /capstor/scratch/cscs/lhulsbergen/HPCAgent-Bench-dace/hpcagent_bench/envs/vecmath.h -Wall -Wextra -O3 -fPIC -fopenmp -std=c++20 -I/capstor/scratch/cscs/lhulsbergen/venv_dace5cf/lib/python3.12/site-packages/dace/runtime/include -c /capstor/scratch/cscs/lhulsbergen/llr40_dace/emit/fuse_diamond/canon_legacy/src/cpu/canon_cpu.cpp -o /dev/null -fopt-info-vec-all=/capstor/scratch/cscs/lhulsbergen/llr40_dace/vec/reports/fuse_diamond.canon_legacy.g++-14.harness.all
fuse_diamond,canon,new,g++-13,bonsall,True,1,canon_cpu.cpp:29,0,,,g++-13 -O3 -std=c++20 -fPIC -fno-math-errno -ffinite-math-only -fno-signaling-nans -fstrict-aliasing -faligned-new -fvect-cost-model=unlimited -fopenmp -I/capstor/scratch/cscs/lhulsbergen/venv_dace5cf/lib/python3.12/site-packages/dace/runtime/include -c /capstor/scratch/cscs/lhulsbergen/llr40_dace/emit/fuse_diamond/canon_new/src/cpu/canon_cpu.cpp -o /dev/null -fopt-info-vec-all=/capstor/scratch/cscs/lhulsbergen/llr40_dace/vec/reports/fuse_diamond.canon_new.g++-13.bonsall.all
fuse_diamond,canon,new,g++-13,unsafe,True,1,canon_cpu.cpp:29,0,,,g++-13 -O3 -std=c++20 -fPIC -fno-math-errno -ffinite-math-only -fno-signaling-nans -fstrict-aliasing -faligned-new -fvect-cost-model=unlimited -fopenmp -funsafe-math-optimizations -I/capstor/scratch/cscs/lhulsbergen/venv_dace5cf/lib/python3.12/site-packages/dace/runtime/include -c /capstor/scratch/cscs/lhulsbergen/llr40_dace/emit/fuse_diamond/canon_new/src/cpu/canon_cpu.cpp -o /dev/null -fopt-info-vec-all=/capstor/scratch/cscs/lhulsbergen/llr40_dace/vec/reports/fuse_diamond.canon_new.g++-13.unsafe.all
fuse_diamond,canon,new,g++-13,harness,True,1,canon_cpu.cpp:29,1,canon_cpu.cpp:24,,g++-13 -march=native -fopenmp -fno-math-errno -fno-trapping-math -fno-signed-zeros -ffp-contract=fast -fstrict-aliasing -include /capstor/scratch/cscs/lhulsbergen/HPCAgent-Bench-dace/hpcagent_bench/envs/vecmath.h -Wall -Wextra -O3 -fPIC -fopenmp -std=c++20 -I/capstor/scratch/cscs/lhulsbergen/venv_dace5cf/lib/python3.12/site-packages/dace/runtime/include -c /capstor/scratch/cscs/lhulsbergen/llr40_dace/emit/fuse_diamond/canon_new/src/cpu/canon_cpu.cpp -o /dev/null -fopt-info-vec-all=/capstor/scratch/cscs/lhulsbergen/llr40_dace/vec/reports/fuse_diamond.canon_new.g++-13.harness.all
fuse_diamond,canon,new,g++-14,bonsall,True,1,canon_cpu.cpp:29,0,,,g++-14 -O3 -std=c++20 -fPIC -fno-math-errno -ffinite-math-only -fno-signaling-nans -fstrict-aliasing -faligned-new -fvect-cost-model=unlimited -fopenmp -I/capstor/scratch/cscs/lhulsbergen/venv_dace5cf/lib/python3.12/site-packages/dace/runtime/include -c /capstor/scratch/cscs/lhulsbergen/llr40_dace/emit/fuse_diamond/canon_new/src/cpu/canon_cpu.cpp -o /dev/null -fopt-info-vec-all=/capstor/scratch/cscs/lhulsbergen/llr40_dace/vec/reports/fuse_diamond.canon_new.g++-14.bonsall.all
fuse_diamond,canon,new,g++-14,unsafe,True,1,canon_cpu.cpp:29,0,,,g++-14 -O3 -std=c++20 -fPIC -fno-math-errno -ffinite-math-only -fno-signaling-nans -fstrict-aliasing -faligned-new -fvect-cost-model=unlimited -fopenmp -funsafe-math-optimizations -I/capstor/scratch/cscs/lhulsbergen/venv_dace5cf/lib/python3.12/site-packages/dace/runtime/include -c /capstor/scratch/cscs/lhulsbergen/llr40_dace/emit/fuse_diamond/canon_new/src/cpu/canon_cpu.cpp -o /dev/null -fopt-info-vec-all=/capstor/scratch/cscs/lhulsbergen/llr40_dace/vec/reports/fuse_diamond.canon_new.g++-14.unsafe.all
fuse_diamond,canon,new,g++-14,harness,True,1,canon_cpu.cpp:29,1,canon_cpu.cpp:24,,g++-14 -march=native -fopenmp -fno-math-errno -fno-trapping-math -fno-signed-zeros -ffp-contract=fast -fstrict-aliasing -include /capstor/scratch/cscs/lhulsbergen/HPCAgent-Bench-dace/hpcagent_bench/envs/vecmath.h -Wall -Wextra -O3 -fPIC -fopenmp -std=c++20 -I/capstor/scratch/cscs/lhulsbergen/venv_dace5cf/lib/python3.12/site-packages/dace/runtime/include -c /capstor/scratch/cscs/lhulsbergen/llr40_dace/emit/fuse_diamond/canon_new/src/cpu/canon_cpu.cpp -o /dev/null -fopt-info-vec-all=/capstor/scratch/cscs/lhulsbergen/llr40_dace/vec/reports/fuse_diamond.canon_new.g++-14.harness.all
fuse_diamond,canon,old,g++-13,bonsall,True,1,canon_cpu.cpp:35,0,,,g++-13 -O3 -std=c++20 -fPIC -fno-math-errno -ffinite-math-only -fno-signaling-nans -fstrict-aliasing -faligned-new -fvect-cost-model=unlimited -fopenmp -I/capstor/scratch/cscs/lhulsbergen/venv_dace5cf/lib/python3.12/site-packages/dace/runtime/include -c /capstor/scratch/cscs/lhulsbergen/llr40_dace/emit/fuse_diamond/canon_old/src/cpu/canon_cpu.cpp -o /dev/null -fopt-info-vec-all=/capstor/scratch/cscs/lhulsbergen/llr40_dace/vec/reports/fuse_diamond.canon_old.g++-13.bonsall.all
fuse_diamond,canon,old,g++-13,unsafe,True,1,canon_cpu.cpp:35,0,,,g++-13 -O3 -std=c++20 -fPIC -fno-math-errno -ffinite-math-only -fno-signaling-nans -fstrict-aliasing -faligned-new -fvect-cost-model=unlimited -fopenmp -funsafe-math-optimizations -I/capstor/scratch/cscs/lhulsbergen/venv_dace5cf/lib/python3.12/site-packages/dace/runtime/include -c /capstor/scratch/cscs/lhulsbergen/llr40_dace/emit/fuse_diamond/canon_old/src/cpu/canon_cpu.cpp -o /dev/null -fopt-info-vec-all=/capstor/scratch/cscs/lhulsbergen/llr40_dace/vec/reports/fuse_diamond.canon_old.g++-13.unsafe.all
fuse_diamond,canon,old,g++-13,harness,True,1,canon_cpu.cpp:35,1,canon_cpu.cpp:29,,g++-13 -march=native -fopenmp -fno-math-errno -fno-trapping-math -fno-signed-zeros -ffp-contract=fast -fstrict-aliasing -include /capstor/scratch/cscs/lhulsbergen/HPCAgent-Bench-dace/hpcagent_bench/envs/vecmath.h -Wall -Wextra -O3 -fPIC -fopenmp -std=c++20 -I/capstor/scratch/cscs/lhulsbergen/venv_dace5cf/lib/python3.12/site-packages/dace/runtime/include -c /capstor/scratch/cscs/lhulsbergen/llr40_dace/emit/fuse_diamond/canon_old/src/cpu/canon_cpu.cpp -o /dev/null -fopt-info-vec-all=/capstor/scratch/cscs/lhulsbergen/llr40_dace/vec/reports/fuse_diamond.canon_old.g++-13.harness.all
fuse_diamond,canon,old,g++-14,bonsall,True,1,canon_cpu.cpp:35,0,,,g++-14 -O3 -std=c++20 -fPIC -fno-math-errno -ffinite-math-only -fno-signaling-nans -fstrict-aliasing -faligned-new -fvect-cost-model=unlimited -fopenmp -I/capstor/scratch/cscs/lhulsbergen/venv_dace5cf/lib/python3.12/site-packages/dace/runtime/include -c /capstor/scratch/cscs/lhulsbergen/llr40_dace/emit/fuse_diamond/canon_old/src/cpu/canon_cpu.cpp -o /dev/null -fopt-info-vec-all=/capstor/scratch/cscs/lhulsbergen/llr40_dace/vec/reports/fuse_diamond.canon_old.g++-14.bonsall.all
fuse_diamond,canon,old,g++-14,unsafe,True,1,canon_cpu.cpp:35,0,,,g++-14 -O3 -std=c++20 -fPIC -fno-math-errno -ffinite-math-only -fno-signaling-nans -fstrict-aliasing -faligned-new -fvect-cost-model=unlimited -fopenmp -funsafe-math-optimizations -I/capstor/scratch/cscs/lhulsbergen/venv_dace5cf/lib/python3.12/site-packages/dace/runtime/include -c /capstor/scratch/cscs/lhulsbergen/llr40_dace/emit/fuse_diamond/canon_old/src/cpu/canon_cpu.cpp -o /dev/null -fopt-info-vec-all=/capstor/scratch/cscs/lhulsbergen/llr40_dace/vec/reports/fuse_diamond.canon_old.g++-14.unsafe.all
fuse_diamond,canon,old,g++-14,harness,True,1,canon_cpu.cpp:35,1,canon_cpu.cpp:29,,g++-14 -march=native -fopenmp -fno-math-errno -fno-trapping-math -fno-signed-zeros -ffp-contract=fast -fstrict-aliasing -include /capstor/scratch/cscs/lhulsbergen/HPCAgent-Bench-dace/hpcagent_bench/envs/vecmath.h -Wall -Wextra -O3 -fPIC -fopenmp -std=c++20 -I/capstor/scratch/cscs/lhulsbergen/venv_dace5cf/lib/python3.12/site-packages/dace/runtime/include -c /capstor/scratch/cscs/lhulsbergen/llr40_dace/emit/fuse_diamond/canon_old/src/cpu/canon_cpu.cpp -o /dev/null -fopt-info-vec-all=/capstor/scratch/cscs/lhulsbergen/llr40_dace/vec/reports/fuse_diamond.canon_old.g++-14.harness.all
fuse_diamond,none,legacy,g++-13,bonsall,True,4,canon_cpu.cpp:126 canon_cpu.cpp:168 canon_cpu.cpp:30 canon_cpu.cpp:84,0,,,g++-13 -O3 -std=c++20 -fPIC -fno-math-errno -ffinite-math-only -fno-signaling-nans -fstrict-aliasing -faligned-new -fvect-cost-model=unlimited -fopenmp -I/capstor/scratch/cscs/lhulsbergen/venv_dace5cf/lib/python3.12/site-packages/dace/runtime/include -c /capstor/scratch/cscs/lhulsbergen/llr40_dace/emit/fuse_diamond/none_legacy/src/cpu/canon_cpu.cpp -o /dev/null -fopt-info-vec-all=/capstor/scratch/cscs/lhulsbergen/llr40_dace/vec/reports/fuse_diamond.none_legacy.g++-13.bonsall.all
fuse_diamond,none,legacy,g++-13,unsafe,True,4,canon_cpu.cpp:126 canon_cpu.cpp:168 canon_cpu.cpp:30 canon_cpu.cpp:84,0,,,g++-13 -O3 -std=c++20 -fPIC -fno-math-errno -ffinite-math-only -fno-signaling-nans -fstrict-aliasing -faligned-new -fvect-cost-model=unlimited -fopenmp -funsafe-math-optimizations -I/capstor/scratch/cscs/lhulsbergen/venv_dace5cf/lib/python3.12/site-packages/dace/runtime/include -c /capstor/scratch/cscs/lhulsbergen/llr40_dace/emit/fuse_diamond/none_legacy/src/cpu/canon_cpu.cpp -o /dev/null -fopt-info-vec-all=/capstor/scratch/cscs/lhulsbergen/llr40_dace/vec/reports/fuse_diamond.none_legacy.g++-13.unsafe.all
fuse_diamond,none,legacy,g++-13,harness,True,4,canon_cpu.cpp:126 canon_cpu.cpp:168 canon_cpu.cpp:30 canon_cpu.cpp:84,0,,,g++-13 -march=native -fopenmp -fno-math-errno -fno-trapping-math -fno-signed-zeros -ffp-contract=fast -fstrict-aliasing -include /capstor/scratch/cscs/lhulsbergen/HPCAgent-Bench-dace/hpcagent_bench/envs/vecmath.h -Wall -Wextra -O3 -fPIC -fopenmp -std=c++20 -I/capstor/scratch/cscs/lhulsbergen/venv_dace5cf/lib/python3.12/site-packages/dace/runtime/include -c /capstor/scratch/cscs/lhulsbergen/llr40_dace/emit/fuse_diamond/none_legacy/src/cpu/canon_cpu.cpp -o /dev/null -fopt-info-vec-all=/capstor/scratch/cscs/lhulsbergen/llr40_dace/vec/reports/fuse_diamond.none_legacy.g++-13.harness.all
fuse_diamond,none,legacy,g++-14,bonsall,True,4,canon_cpu.cpp:126 canon_cpu.cpp:168 canon_cpu.cpp:30 canon_cpu.cpp:84,0,,,g++-14 -O3 -std=c++20 -fPIC -fno-math-errno -ffinite-math-only -fno-signaling-nans -fstrict-aliasing -faligned-new -fvect-cost-model=unlimited -fopenmp -I/capstor/scratch/cscs/lhulsbergen/venv_dace5cf/lib/python3.12/site-packages/dace/runtime/include -c /capstor/scratch/cscs/lhulsbergen/llr40_dace/emit/fuse_diamond/none_legacy/src/cpu/canon_cpu.cpp -o /dev/null -fopt-info-vec-all=/capstor/scratch/cscs/lhulsbergen/llr40_dace/vec/reports/fuse_diamond.none_legacy.g++-14.bonsall.all
fuse_diamond,none,legacy,g++-14,unsafe,True,4,canon_cpu.cpp:126 canon_cpu.cpp:168 canon_cpu.cpp:30 canon_cpu.cpp:84,0,,,g++-14 -O3 -std=c++20 -fPIC -fno-math-errno -ffinite-math-only -fno-signaling-nans -fstrict-aliasing -faligned-new -fvect-cost-model=unlimited -fopenmp -funsafe-math-optimizations -I/capstor/scratch/cscs/lhulsbergen/venv_dace5cf/lib/python3.12/site-packages/dace/runtime/include -c /capstor/scratch/cscs/lhulsbergen/llr40_dace/emit/fuse_diamond/none_legacy/src/cpu/canon_cpu.cpp -o /dev/null -fopt-info-vec-all=/capstor/scratch/cscs/lhulsbergen/llr40_dace/vec/reports/fuse_diamond.none_legacy.g++-14.unsafe.all
fuse_diamond,none,legacy,g++-14,harness,True,4,canon_cpu.cpp:126 canon_cpu.cpp:168 canon_cpu.cpp:30 canon_cpu.cpp:84,0,,,g++-14 -march=native -fopenmp -fno-math-errno -fno-trapping-math -fno-signed-zeros -ffp-contract=fast -fstrict-aliasing -include /capstor/scratch/cscs/lhulsbergen/HPCAgent-Bench-dace/hpcagent_bench/envs/vecmath.h -Wall -Wextra -O3 -fPIC -fopenmp -std=c++20 -I/capstor/scratch/cscs/lhulsbergen/venv_dace5cf/lib/python3.12/site-packages/dace/runtime/include -c /capstor/scratch/cscs/lhulsbergen/llr40_dace/emit/fuse_diamond/none_legacy/src/cpu/canon_cpu.cpp -o /dev/null -fopt-info-vec-all=/capstor/scratch/cscs/lhulsbergen/llr40_dace/vec/reports/fuse_diamond.none_legacy.g++-14.harness.all
fuse_diamond,none,new,g++-13,bonsall,True,4,canon_cpu.cpp:32 canon_cpu.cpp:45 canon_cpu.cpp:57 canon_cpu.cpp:69,0,,,g++-13 -O3 -std=c++20 -fPIC -fno-math-errno -ffinite-math-only -fno-signaling-nans -fstrict-aliasing -faligned-new -fvect-cost-model=unlimited -fopenmp -I/capstor/scratch/cscs/lhulsbergen/venv_dace5cf/lib/python3.12/site-packages/dace/runtime/include -c /capstor/scratch/cscs/lhulsbergen/llr40_dace/emit/fuse_diamond/none_new/src/cpu/canon_cpu.cpp -o /dev/null -fopt-info-vec-all=/capstor/scratch/cscs/lhulsbergen/llr40_dace/vec/reports/fuse_diamond.none_new.g++-13.bonsall.all
fuse_diamond,none,new,g++-13,unsafe,True,4,canon_cpu.cpp:32 canon_cpu.cpp:45 canon_cpu.cpp:57 canon_cpu.cpp:69,0,,,g++-13 -O3 -std=c++20 -fPIC -fno-math-errno -ffinite-math-only -fno-signaling-nans -fstrict-aliasing -faligned-new -fvect-cost-model=unlimited -fopenmp -funsafe-math-optimizations -I/capstor/scratch/cscs/lhulsbergen/venv_dace5cf/lib/python3.12/site-packages/dace/runtime/include -c /capstor/scratch/cscs/lhulsbergen/llr40_dace/emit/fuse_diamond/none_new/src/cpu/canon_cpu.cpp -o /dev/null -fopt-info-vec-all=/capstor/scratch/cscs/lhulsbergen/llr40_dace/vec/reports/fuse_diamond.none_new.g++-13.unsafe.all
fuse_diamond,none,new,g++-13,harness,True,4,canon_cpu.cpp:32 canon_cpu.cpp:45 canon_cpu.cpp:57 canon_cpu.cpp:69,0,,,g++-13 -march=native -fopenmp -fno-math-errno -fno-trapping-math -fno-signed-zeros -ffp-contract=fast -fstrict-aliasing -include /capstor/scratch/cscs/lhulsbergen/HPCAgent-Bench-dace/hpcagent_bench/envs/vecmath.h -Wall -Wextra -O3 -fPIC -fopenmp -std=c++20 -I/capstor/scratch/cscs/lhulsbergen/venv_dace5cf/lib/python3.12/site-packages/dace/runtime/include -c /capstor/scratch/cscs/lhulsbergen/llr40_dace/emit/fuse_diamond/none_new/src/cpu/canon_cpu.cpp -o /dev/null -fopt-info-vec-all=/capstor/scratch/cscs/lhulsbergen/llr40_dace/vec/reports/fuse_diamond.none_new.g++-13.harness.all
fuse_diamond,none,new,g++-14,bonsall,True,4,canon_cpu.cpp:32 canon_cpu.cpp:45 canon_cpu.cpp:57 canon_cpu.cpp:69,0,,,g++-14 -O3 -std=c++20 -fPIC -fno-math-errno -ffinite-math-only -fno-signaling-nans -fstrict-aliasing -faligned-new -fvect-cost-model=unlimited -fopenmp -I/capstor/scratch/cscs/lhulsbergen/venv_dace5cf/lib/python3.12/site-packages/dace/runtime/include -c /capstor/scratch/cscs/lhulsbergen/llr40_dace/emit/fuse_diamond/none_new/src/cpu/canon_cpu.cpp -o /dev/null -fopt-info-vec-all=/capstor/scratch/cscs/lhulsbergen/llr40_dace/vec/reports/fuse_diamond.none_new.g++-14.bonsall.all
fuse_diamond,none,new,g++-14,unsafe,True,4,canon_cpu.cpp:32 canon_cpu.cpp:45 canon_cpu.cpp:57 canon_cpu.cpp:69,0,,,g++-14 -O3 -std=c++20 -fPIC -fno-math-errno -ffinite-math-only -fno-signaling-nans -fstrict-aliasing -faligned-new -fvect-cost-model=unlimited -fopenmp -funsafe-math-optimizations -I/capstor/scratch/cscs/lhulsbergen/venv_dace5cf/lib/python3.12/site-packages/dace/runtime/include -c /capstor/scratch/cscs/lhulsbergen/llr40_dace/emit/fuse_diamond/none_new/src/cpu/canon_cpu.cpp -o /dev/null -fopt-info-vec-all=/capstor/scratch/cscs/lhulsbergen/llr40_dace/vec/reports/fuse_diamond.none_new.g++-14.unsafe.all
fuse_diamond,none,new,g++-14,harness,True,4,canon_cpu.cpp:32 canon_cpu.cpp:45 canon_cpu.cpp:57 canon_cpu.cpp:69,0,,,g++-14 -march=native -fopenmp -fno-math-errno -fno-trapping-math -fno-signed-zeros -ffp-contract=fast -fstrict-aliasing -include /capstor/scratch/cscs/lhulsbergen/HPCAgent-Bench-dace/hpcagent_bench/envs/vecmath.h -Wall -Wextra -O3 -fPIC -fopenmp -std=c++20 -I/capstor/scratch/cscs/lhulsbergen/venv_dace5cf/lib/python3.12/site-packages/dace/runtime/include -c /capstor/scratch/cscs/lhulsbergen/llr40_dace/emit/fuse_diamond/none_new/src/cpu/canon_cpu.cpp -o /dev/null -fopt-info-vec-all=/capstor/scratch/cscs/lhulsbergen/llr40_dace/vec/reports/fuse_diamond.none_new.g++-14.harness.all
fuse_diamond,none,old,g++-13,bonsall,True,4,canon_cpu.cpp:102 canon_cpu.cpp:136 canon_cpu.cpp:30 canon_cpu.cpp:68,0,,,g++-13 -O3 -std=c++20 -fPIC -fno-math-errno -ffinite-math-only -fno-signaling-nans -fstrict-aliasing -faligned-new -fvect-cost-model=unlimited -fopenmp -I/capstor/scratch/cscs/lhulsbergen/venv_dace5cf/lib/python3.12/site-packages/dace/runtime/include -c /capstor/scratch/cscs/lhulsbergen/llr40_dace/emit/fuse_diamond/none_old/src/cpu/canon_cpu.cpp -o /dev/null -fopt-info-vec-all=/capstor/scratch/cscs/lhulsbergen/llr40_dace/vec/reports/fuse_diamond.none_old.g++-13.bonsall.all
fuse_diamond,none,old,g++-13,unsafe,True,4,canon_cpu.cpp:102 canon_cpu.cpp:136 canon_cpu.cpp:30 canon_cpu.cpp:68,0,,,g++-13 -O3 -std=c++20 -fPIC -fno-math-errno -ffinite-math-only -fno-signaling-nans -fstrict-aliasing -faligned-new -fvect-cost-model=unlimited -fopenmp -funsafe-math-optimizations -I/capstor/scratch/cscs/lhulsbergen/venv_dace5cf/lib/python3.12/site-packages/dace/runtime/include -c /capstor/scratch/cscs/lhulsbergen/llr40_dace/emit/fuse_diamond/none_old/src/cpu/canon_cpu.cpp -o /dev/null -fopt-info-vec-all=/capstor/scratch/cscs/lhulsbergen/llr40_dace/vec/reports/fuse_diamond.none_old.g++-13.unsafe.all
fuse_diamond,none,old,g++-13,harness,True,4,canon_cpu.cpp:102 canon_cpu.cpp:136 canon_cpu.cpp:30 canon_cpu.cpp:68,0,,,g++-13 -march=native -fopenmp -fno-math-errno -fno-trapping-math -fno-signed-zeros -ffp-contract=fast -fstrict-aliasing -include /capstor/scratch/cscs/lhulsbergen/HPCAgent-Bench-dace/hpcagent_bench/envs/vecmath.h -Wall -Wextra -O3 -fPIC -fopenmp -std=c++20 -I/capstor/scratch/cscs/lhulsbergen/venv_dace5cf/lib/python3.12/site-packages/dace/runtime/include -c /capstor/scratch/cscs/lhulsbergen/llr40_dace/emit/fuse_diamond/none_old/src/cpu/canon_cpu.cpp -o /dev/null -fopt-info-vec-all=/capstor/scratch/cscs/lhulsbergen/llr40_dace/vec/reports/fuse_diamond.none_old.g++-13.harness.all
fuse_diamond,none,old,g++-14,bonsall,True,4,canon_cpu.cpp:102 canon_cpu.cpp:136 canon_cpu.cpp:30 canon_cpu.cpp:68,0,,,g++-14 -O3 -std=c++20 -fPIC -fno-math-errno -ffinite-math-only -fno-signaling-nans -fstrict-aliasing -faligned-new -fvect-cost-model=unlimited -fopenmp -I/capstor/scratch/cscs/lhulsbergen/venv_dace5cf/lib/python3.12/site-packages/dace/runtime/include -c /capstor/scratch/cscs/lhulsbergen/llr40_dace/emit/fuse_diamond/none_old/src/cpu/canon_cpu.cpp -o /dev/null -fopt-info-vec-all=/capstor/scratch/cscs/lhulsbergen/llr40_dace/vec/reports/fuse_diamond.none_old.g++-14.bonsall.all
fuse_diamond,none,old,g++-14,unsafe,True,4,canon_cpu.cpp:102 canon_cpu.cpp:136 canon_cpu.cpp:30 canon_cpu.cpp:68,0,,,g++-14 -O3 -std=c++20 -fPIC -fno-math-errno -ffinite-math-only -fno-signaling-nans -fstrict-aliasing -faligned-new -fvect-cost-model=unlimited -fopenmp -funsafe-math-optimizations -I/capstor/scratch/cscs/lhulsbergen/venv_dace5cf/lib/python3.12/site-packages/dace/runtime/include -c /capstor/scratch/cscs/lhulsbergen/llr40_dace/emit/fuse_diamond/none_old/src/cpu/canon_cpu.cpp -o /dev/null -fopt-info-vec-all=/capstor/scratch/cscs/lhulsbergen/llr40_dace/vec/reports/fuse_diamond.none_old.g++-14.unsafe.all
fuse_diamond,none,old,g++-14,harness,True,4,canon_cpu.cpp:102 canon_cpu.cpp:136 canon_cpu.cpp:30 canon_cpu.cpp:68,0,,,g++-14 -march=native -fopenmp -fno-math-errno -fno-trapping-math -fno-signed-zeros -ffp-contract=fast -fstrict-aliasing -include /capstor/scratch/cscs/lhulsbergen/HPCAgent-Bench-dace/hpcagent_bench/envs/vecmath.h -Wall -Wextra -O3 -fPIC -fopenmp -std=c++20 -I/capstor/scratch/cscs/lhulsbergen/venv_dace5cf/lib/python3.12/site-packages/dace/runtime/include -c /capstor/scratch/cscs/lhulsbergen/llr40_dace/emit/fuse_diamond/none_old/src/cpu/canon_cpu.cpp -o /dev/null -fopt-info-vec-all=/capstor/scratch/cscs/lhulsbergen/llr40_dace/vec/reports/fuse_diamond.none_old.g++-14.harness.all
fuse_move_ifs,canon,legacy,g++-13,bonsall,True,1,canon_cpu.cpp:98,1,canon_cpu.cpp:13,,g++-13 -O3 -std=c++20 -fPIC -fno-math-errno -ffinite-math-only -fno-signaling-nans -fstrict-aliasing -faligned-new -fvect-cost-model=unlimited -fopenmp -I/capstor/scratch/cscs/lhulsbergen/venv_dace5cf/lib/python3.12/site-packages/dace/runtime/include -c /capstor/scratch/cscs/lhulsbergen/llr40_dace/emit/fuse_move_ifs/canon_legacy/src/cpu/canon_cpu.cpp -o /dev/null -fopt-info-vec-all=/capstor/scratch/cscs/lhulsbergen/llr40_dace/vec/reports/fuse_move_ifs.canon_legacy.g++-13.bonsall.all
fuse_move_ifs,canon,legacy,g++-13,unsafe,True,1,canon_cpu.cpp:98,1,canon_cpu.cpp:13,,g++-13 -O3 -std=c++20 -fPIC -fno-math-errno -ffinite-math-only -fno-signaling-nans -fstrict-aliasing -faligned-new -fvect-cost-model=unlimited -fopenmp -funsafe-math-optimizations -I/capstor/scratch/cscs/lhulsbergen/venv_dace5cf/lib/python3.12/site-packages/dace/runtime/include -c /capstor/scratch/cscs/lhulsbergen/llr40_dace/emit/fuse_move_ifs/canon_legacy/src/cpu/canon_cpu.cpp -o /dev/null -fopt-info-vec-all=/capstor/scratch/cscs/lhulsbergen/llr40_dace/vec/reports/fuse_move_ifs.canon_legacy.g++-13.unsafe.all
fuse_move_ifs,canon,legacy,g++-13,harness,True,1,canon_cpu.cpp:98,2,canon_cpu.cpp:13 canon_cpu.cpp:96,,g++-13 -march=native -fopenmp -fno-math-errno -fno-trapping-math -fno-signed-zeros -ffp-contract=fast -fstrict-aliasing -include /capstor/scratch/cscs/lhulsbergen/HPCAgent-Bench-dace/hpcagent_bench/envs/vecmath.h -Wall -Wextra -O3 -fPIC -fopenmp -std=c++20 -I/capstor/scratch/cscs/lhulsbergen/venv_dace5cf/lib/python3.12/site-packages/dace/runtime/include -c /capstor/scratch/cscs/lhulsbergen/llr40_dace/emit/fuse_move_ifs/canon_legacy/src/cpu/canon_cpu.cpp -o /dev/null -fopt-info-vec-all=/capstor/scratch/cscs/lhulsbergen/llr40_dace/vec/reports/fuse_move_ifs.canon_legacy.g++-13.harness.all
fuse_move_ifs,canon,legacy,g++-14,bonsall,True,1,canon_cpu.cpp:98,1,canon_cpu.cpp:13,,g++-14 -O3 -std=c++20 -fPIC -fno-math-errno -ffinite-math-only -fno-signaling-nans -fstrict-aliasing -faligned-new -fvect-cost-model=unlimited -fopenmp -I/capstor/scratch/cscs/lhulsbergen/venv_dace5cf/lib/python3.12/site-packages/dace/runtime/include -c /capstor/scratch/cscs/lhulsbergen/llr40_dace/emit/fuse_move_ifs/canon_legacy/src/cpu/canon_cpu.cpp -o /dev/null -fopt-info-vec-all=/capstor/scratch/cscs/lhulsbergen/llr40_dace/vec/reports/fuse_move_ifs.canon_legacy.g++-14.bonsall.all
fuse_move_ifs,canon,legacy,g++-14,unsafe,True,1,canon_cpu.cpp:98,1,canon_cpu.cpp:13,,g++-14 -O3 -std=c++20 -fPIC -fno-math-errno -ffinite-math-only -fno-signaling-nans -fstrict-aliasing -faligned-new -fvect-cost-model=unlimited -fopenmp -funsafe-math-optimizations -I/capstor/scratch/cscs/lhulsbergen/venv_dace5cf/lib/python3.12/site-packages/dace/runtime/include -c /capstor/scratch/cscs/lhulsbergen/llr40_dace/emit/fuse_move_ifs/canon_legacy/src/cpu/canon_cpu.cpp -o /dev/null -fopt-info-vec-all=/capstor/scratch/cscs/lhulsbergen/llr40_dace/vec/reports/fuse_move_ifs.canon_legacy.g++-14.unsafe.all
fuse_move_ifs,canon,legacy,g++-14,harness,True,1,canon_cpu.cpp:98,2,canon_cpu.cpp:13 canon_cpu.cpp:96,,g++-14 -march=native -fopenmp -fno-math-errno -fno-trapping-math -fno-signed-zeros -ffp-contract=fast -fstrict-aliasing -include /capstor/scratch/cscs/lhulsbergen/HPCAgent-Bench-dace/hpcagent_bench/envs/vecmath.h -Wall -Wextra -O3 -fPIC -fopenmp -std=c++20 -I/capstor/scratch/cscs/lhulsbergen/venv_dace5cf/lib/python3.12/site-packages/dace/runtime/include -c /capstor/scratch/cscs/lhulsbergen/llr40_dace/emit/fuse_move_ifs/canon_legacy/src/cpu/canon_cpu.cpp -o /dev/null -fopt-info-vec-all=/capstor/scratch/cscs/lhulsbergen/llr40_dace/vec/reports/fuse_move_ifs.canon_legacy.g++-14.harness.all
fuse_move_ifs,canon,new,g++-13,bonsall,True,1,canon_cpu.cpp:54,1,canon_cpu.cpp:16,,g++-13 -O3 -std=c++20 -fPIC -fno-math-errno -ffinite-math-only -fno-signaling-nans -fstrict-aliasing -faligned-new -fvect-cost-model=unlimited -fopenmp -I/capstor/scratch/cscs/lhulsbergen/venv_dace5cf/lib/python3.12/site-packages/dace/runtime/include -c /capstor/scratch/cscs/lhulsbergen/llr40_dace/emit/fuse_move_ifs/canon_new/src/cpu/canon_cpu.cpp -o /dev/null -fopt-info-vec-all=/capstor/scratch/cscs/lhulsbergen/llr40_dace/vec/reports/fuse_move_ifs.canon_new.g++-13.bonsall.all
fuse_move_ifs,canon,new,g++-13,unsafe,True,1,canon_cpu.cpp:54,1,canon_cpu.cpp:16,,g++-13 -O3 -std=c++20 -fPIC -fno-math-errno -ffinite-math-only -fno-signaling-nans -fstrict-aliasing -faligned-new -fvect-cost-model=unlimited -fopenmp -funsafe-math-optimizations -I/capstor/scratch/cscs/lhulsbergen/venv_dace5cf/lib/python3.12/site-packages/dace/runtime/include -c /capstor/scratch/cscs/lhulsbergen/llr40_dace/emit/fuse_move_ifs/canon_new/src/cpu/canon_cpu.cpp -o /dev/null -fopt-info-vec-all=/capstor/scratch/cscs/lhulsbergen/llr40_dace/vec/reports/fuse_move_ifs.canon_new.g++-13.unsafe.all
fuse_move_ifs,canon,new,g++-13,harness,True,1,canon_cpu.cpp:54,2,canon_cpu.cpp:16 canon_cpu.cpp:52,,g++-13 -march=native -fopenmp -fno-math-errno -fno-trapping-math -fno-signed-zeros -ffp-contract=fast -fstrict-aliasing -include /capstor/scratch/cscs/lhulsbergen/HPCAgent-Bench-dace/hpcagent_bench/envs/vecmath.h -Wall -Wextra -O3 -fPIC -fopenmp -std=c++20 -I/capstor/scratch/cscs/lhulsbergen/venv_dace5cf/lib/python3.12/site-packages/dace/runtime/include -c /capstor/scratch/cscs/lhulsbergen/llr40_dace/emit/fuse_move_ifs/canon_new/src/cpu/canon_cpu.cpp -o /dev/null -fopt-info-vec-all=/capstor/scratch/cscs/lhulsbergen/llr40_dace/vec/reports/fuse_move_ifs.canon_new.g++-13.harness.all
fuse_move_ifs,canon,new,g++-14,bonsall,True,1,canon_cpu.cpp:54,1,canon_cpu.cpp:16,,g++-14 -O3 -std=c++20 -fPIC -fno-math-errno -ffinite-math-only -fno-signaling-nans -fstrict-aliasing -faligned-new -fvect-cost-model=unlimited -fopenmp -I/capstor/scratch/cscs/lhulsbergen/venv_dace5cf/lib/python3.12/site-packages/dace/runtime/include -c /capstor/scratch/cscs/lhulsbergen/llr40_dace/emit/fuse_move_ifs/canon_new/src/cpu/canon_cpu.cpp -o /dev/null -fopt-info-vec-all=/capstor/scratch/cscs/lhulsbergen/llr40_dace/vec/reports/fuse_move_ifs.canon_new.g++-14.bonsall.all
fuse_move_ifs,canon,new,g++-14,unsafe,True,1,canon_cpu.cpp:54,1,canon_cpu.cpp:16,,g++-14 -O3 -std=c++20 -fPIC -fno-math-errno -ffinite-math-only -fno-signaling-nans -fstrict-aliasing -faligned-new -fvect-cost-model=unlimited -fopenmp -funsafe-math-optimizations -I/capstor/scratch/cscs/lhulsbergen/venv_dace5cf/lib/python3.12/site-packages/dace/runtime/include -c /capstor/scratch/cscs/lhulsbergen/llr40_dace/emit/fuse_move_ifs/canon_new/src/cpu/canon_cpu.cpp -o /dev/null -fopt-info-vec-all=/capstor/scratch/cscs/lhulsbergen/llr40_dace/vec/reports/fuse_move_ifs.canon_new.g++-14.unsafe.all
fuse_move_ifs,canon,new,g++-14,harness,True,1,canon_cpu.cpp:54,2,canon_cpu.cpp:16 canon_cpu.cpp:52,,g++-14 -march=native -fopenmp -fno-math-errno -fno-trapping-math -fno-signed-zeros -ffp-contract=fast -fstrict-aliasing -include /capstor/scratch/cscs/lhulsbergen/HPCAgent-Bench-dace/hpcagent_bench/envs/vecmath.h -Wall -Wextra -O3 -fPIC -fopenmp -std=c++20 -I/capstor/scratch/cscs/lhulsbergen/venv_dace5cf/lib/python3.12/site-packages/dace/runtime/include -c /capstor/scratch/cscs/lhulsbergen/llr40_dace/emit/fuse_move_ifs/canon_new/src/cpu/canon_cpu.cpp -o /dev/null -fopt-info-vec-all=/capstor/scratch/cscs/lhulsbergen/llr40_dace/vec/reports/fuse_move_ifs.canon_new.g++-14.harness.all
fuse_move_ifs,canon,old,g++-13,bonsall,True,1,canon_cpu.cpp:98,1,canon_cpu.cpp:13,,g++-13 -O3 -std=c++20 -fPIC -fno-math-errno -ffinite-math-only -fno-signaling-nans -fstrict-aliasing -faligned-new -fvect-cost-model=unlimited -fopenmp -I/capstor/scratch/cscs/lhulsbergen/venv_dace5cf/lib/python3.12/site-packages/dace/runtime/include -c /capstor/scratch/cscs/lhulsbergen/llr40_dace/emit/fuse_move_ifs/canon_old/src/cpu/canon_cpu.cpp -o /dev/null -fopt-info-vec-all=/capstor/scratch/cscs/lhulsbergen/llr40_dace/vec/reports/fuse_move_ifs.canon_old.g++-13.bonsall.all
fuse_move_ifs,canon,old,g++-13,unsafe,True,1,canon_cpu.cpp:98,1,canon_cpu.cpp:13,,g++-13 -O3 -std=c++20 -fPIC -fno-math-errno -ffinite-math-only -fno-signaling-nans -fstrict-aliasing -faligned-new -fvect-cost-model=unlimited -fopenmp -funsafe-math-optimizations -I/capstor/scratch/cscs/lhulsbergen/venv_dace5cf/lib/python3.12/site-packages/dace/runtime/include -c /capstor/scratch/cscs/lhulsbergen/llr40_dace/emit/fuse_move_ifs/canon_old/src/cpu/canon_cpu.cpp -o /dev/null -fopt-info-vec-all=/capstor/scratch/cscs/lhulsbergen/llr40_dace/vec/reports/fuse_move_ifs.canon_old.g++-13.unsafe.all
fuse_move_ifs,canon,old,g++-13,harness,True,1,canon_cpu.cpp:98,2,canon_cpu.cpp:13 canon_cpu.cpp:96,,g++-13 -march=native -fopenmp -fno-math-errno -fno-trapping-math -fno-signed-zeros -ffp-contract=fast -fstrict-aliasing -include /capstor/scratch/cscs/lhulsbergen/HPCAgent-Bench-dace/hpcagent_bench/envs/vecmath.h -Wall -Wextra -O3 -fPIC -fopenmp -std=c++20 -I/capstor/scratch/cscs/lhulsbergen/venv_dace5cf/lib/python3.12/site-packages/dace/runtime/include -c /capstor/scratch/cscs/lhulsbergen/llr40_dace/emit/fuse_move_ifs/canon_old/src/cpu/canon_cpu.cpp -o /dev/null -fopt-info-vec-all=/capstor/scratch/cscs/lhulsbergen/llr40_dace/vec/reports/fuse_move_ifs.canon_old.g++-13.harness.all
fuse_move_ifs,canon,old,g++-14,bonsall,True,1,canon_cpu.cpp:98,1,canon_cpu.cpp:13,,g++-14 -O3 -std=c++20 -fPIC -fno-math-errno -ffinite-math-only -fno-signaling-nans -fstrict-aliasing -faligned-new -fvect-cost-model=unlimited -fopenmp -I/capstor/scratch/cscs/lhulsbergen/venv_dace5cf/lib/python3.12/site-packages/dace/runtime/include -c /capstor/scratch/cscs/lhulsbergen/llr40_dace/emit/fuse_move_ifs/canon_old/src/cpu/canon_cpu.cpp -o /dev/null -fopt-info-vec-all=/capstor/scratch/cscs/lhulsbergen/llr40_dace/vec/reports/fuse_move_ifs.canon_old.g++-14.bonsall.all
fuse_move_ifs,canon,old,g++-14,unsafe,True,1,canon_cpu.cpp:98,1,canon_cpu.cpp:13,,g++-14 -O3 -std=c++20 -fPIC -fno-math-errno -ffinite-math-only -fno-signaling-nans -fstrict-aliasing -faligned-new -fvect-cost-model=unlimited -fopenmp -funsafe-math-optimizations -I/capstor/scratch/cscs/lhulsbergen/venv_dace5cf/lib/python3.12/site-packages/dace/runtime/include -c /capstor/scratch/cscs/lhulsbergen/llr40_dace/emit/fuse_move_ifs/canon_old/src/cpu/canon_cpu.cpp -o /dev/null -fopt-info-vec-all=/capstor/scratch/cscs/lhulsbergen/llr40_dace/vec/reports/fuse_move_ifs.canon_old.g++-14.unsafe.all
fuse_move_ifs,canon,old,g++-14,harness,True,1,canon_cpu.cpp:98,2,canon_cpu.cpp:13 canon_cpu.cpp:96,,g++-14 -march=native -fopenmp -fno-math-errno -fno-trapping-math -fno-signed-zeros -ffp-contract=fast -fstrict-aliasing -include /capstor/scratch/cscs/lhulsbergen/HPCAgent-Bench-dace/hpcagent_bench/envs/vecmath.h -Wall -Wextra -O3 -fPIC -fopenmp -std=c++20 -I/capstor/scratch/cscs/lhulsbergen/venv_dace5cf/lib/python3.12/site-packages/dace/runtime/include -c /capstor/scratch/cscs/lhulsbergen/llr40_dace/emit/fuse_move_ifs/canon_old/src/cpu/canon_cpu.cpp -o /dev/null -fopt-info-vec-all=/capstor/scratch/cscs/lhulsbergen/llr40_dace/vec/reports/fuse_move_ifs.canon_old.g++-14.harness.all
fuse_move_ifs,none,legacy,g++-13,bonsall,True,2,canon_cpu.cpp:26 canon_cpu.cpp:77,3,canon_cpu.cpp:20 canon_cpu.cpp:75 canon_cpu.cpp:81,,g++-13 -O3 -std=c++20 -fPIC -fno-math-errno -ffinite-math-only -fno-signaling-nans -fstrict-aliasing -faligned-new -fvect-cost-model=unlimited -fopenmp -I/capstor/scratch/cscs/lhulsbergen/venv_dace5cf/lib/python3.12/site-packages/dace/runtime/include -c /capstor/scratch/cscs/lhulsbergen/llr40_dace/emit/fuse_move_ifs/none_legacy/src/cpu/canon_cpu.cpp -o /dev/null -fopt-info-vec-all=/capstor/scratch/cscs/lhulsbergen/llr40_dace/vec/reports/fuse_move_ifs.none_legacy.g++-13.bonsall.all
fuse_move_ifs,none,legacy,g++-13,unsafe,True,2,canon_cpu.cpp:26 canon_cpu.cpp:77,3,canon_cpu.cpp:20 canon_cpu.cpp:75 canon_cpu.cpp:81,,g++-13 -O3 -std=c++20 -fPIC -fno-math-errno -ffinite-math-only -fno-signaling-nans -fstrict-aliasing -faligned-new -fvect-cost-model=unlimited -fopenmp -funsafe-math-optimizations -I/capstor/scratch/cscs/lhulsbergen/venv_dace5cf/lib/python3.12/site-packages/dace/runtime/include -c /capstor/scratch/cscs/lhulsbergen/llr40_dace/emit/fuse_move_ifs/none_legacy/src/cpu/canon_cpu.cpp -o /dev/null -fopt-info-vec-all=/capstor/scratch/cscs/lhulsbergen/llr40_dace/vec/reports/fuse_move_ifs.none_legacy.g++-13.unsafe.all
fuse_move_ifs,none,legacy,g++-13,harness,True,2,canon_cpu.cpp:26 canon_cpu.cpp:77,3,canon_cpu.cpp:20 canon_cpu.cpp:75 canon_cpu.cpp:81,,g++-13 -march=native -fopenmp -fno-math-errno -fno-trapping-math -fno-signed-zeros -ffp-contract=fast -fstrict-aliasing -include /capstor/scratch/cscs/lhulsbergen/HPCAgent-Bench-dace/hpcagent_bench/envs/vecmath.h -Wall -Wextra -O3 -fPIC -fopenmp -std=c++20 -I/capstor/scratch/cscs/lhulsbergen/venv_dace5cf/lib/python3.12/site-packages/dace/runtime/include -c /capstor/scratch/cscs/lhulsbergen/llr40_dace/emit/fuse_move_ifs/none_legacy/src/cpu/canon_cpu.cpp -o /dev/null -fopt-info-vec-all=/capstor/scratch/cscs/lhulsbergen/llr40_dace/vec/reports/fuse_move_ifs.none_legacy.g++-13.harness.all
fuse_move_ifs,none,legacy,g++-14,bonsall,True,2,canon_cpu.cpp:26 canon_cpu.cpp:77,3,canon_cpu.cpp:20 canon_cpu.cpp:75 canon_cpu.cpp:81,,g++-14 -O3 -std=c++20 -fPIC -fno-math-errno -ffinite-math-only -fno-signaling-nans -fstrict-aliasing -faligned-new -fvect-cost-model=unlimited -fopenmp -I/capstor/scratch/cscs/lhulsbergen/venv_dace5cf/lib/python3.12/site-packages/dace/runtime/include -c /capstor/scratch/cscs/lhulsbergen/llr40_dace/emit/fuse_move_ifs/none_legacy/src/cpu/canon_cpu.cpp -o /dev/null -fopt-info-vec-all=/capstor/scratch/cscs/lhulsbergen/llr40_dace/vec/reports/fuse_move_ifs.none_legacy.g++-14.bonsall.all
fuse_move_ifs,none,legacy,g++-14,unsafe,True,2,canon_cpu.cpp:26 canon_cpu.cpp:77,3,canon_cpu.cpp:20 canon_cpu.cpp:75 canon_cpu.cpp:81,,g++-14 -O3 -std=c++20 -fPIC -fno-math-errno -ffinite-math-only -fno-signaling-nans -fstrict-aliasing -faligned-new -fvect-cost-model=unlimited -fopenmp -funsafe-math-optimizations -I/capstor/scratch/cscs/lhulsbergen/venv_dace5cf/lib/python3.12/site-packages/dace/runtime/include -c /capstor/scratch/cscs/lhulsbergen/llr40_dace/emit/fuse_move_ifs/none_legacy/src/cpu/canon_cpu.cpp -o /dev/null -fopt-info-vec-all=/capstor/scratch/cscs/lhulsbergen/llr40_dace/vec/reports/fuse_move_ifs.none_legacy.g++-14.unsafe.all
fuse_move_ifs,none,legacy,g++-14,harness,True,2,canon_cpu.cpp:26 canon_cpu.cpp:77,3,canon_cpu.cpp:20 canon_cpu.cpp:75 canon_cpu.cpp:81,,g++-14 -march=native -fopenmp -fno-math-errno -fno-trapping-math -fno-signed-zeros -ffp-contract=fast -fstrict-aliasing -include /capstor/scratch/cscs/lhulsbergen/HPCAgent-Bench-dace/hpcagent_bench/envs/vecmath.h -Wall -Wextra -O3 -fPIC -fopenmp -std=c++20 -I/capstor/scratch/cscs/lhulsbergen/venv_dace5cf/lib/python3.12/site-packages/dace/runtime/include -c /capstor/scratch/cscs/lhulsbergen/llr40_dace/emit/fuse_move_ifs/none_legacy/src/cpu/canon_cpu.cpp -o /dev/null -fopt-info-vec-all=/capstor/scratch/cscs/lhulsbergen/llr40_dace/vec/reports/fuse_move_ifs.none_legacy.g++-14.harness.all
fuse_move_ifs,none,new,g++-13,bonsall,True,2,canon_cpu.cpp:29 canon_cpu.cpp:50,3,canon_cpu.cpp:23 canon_cpu.cpp:48 canon_cpu.cpp:53,,g++-13 -O3 -std=c++20 -fPIC -fno-math-errno -ffinite-math-only -fno-signaling-nans -fstrict-aliasing -faligned-new -fvect-cost-model=unlimited -fopenmp -I/capstor/scratch/cscs/lhulsbergen/venv_dace5cf/lib/python3.12/site-packages/dace/runtime/include -c /capstor/scratch/cscs/lhulsbergen/llr40_dace/emit/fuse_move_ifs/none_new/src/cpu/canon_cpu.cpp -o /dev/null -fopt-info-vec-all=/capstor/scratch/cscs/lhulsbergen/llr40_dace/vec/reports/fuse_move_ifs.none_new.g++-13.bonsall.all
fuse_move_ifs,none,new,g++-13,unsafe,True,2,canon_cpu.cpp:29 canon_cpu.cpp:50,3,canon_cpu.cpp:23 canon_cpu.cpp:48 canon_cpu.cpp:53,,g++-13 -O3 -std=c++20 -fPIC -fno-math-errno -ffinite-math-only -fno-signaling-nans -fstrict-aliasing -faligned-new -fvect-cost-model=unlimited -fopenmp -funsafe-math-optimizations -I/capstor/scratch/cscs/lhulsbergen/venv_dace5cf/lib/python3.12/site-packages/dace/runtime/include -c /capstor/scratch/cscs/lhulsbergen/llr40_dace/emit/fuse_move_ifs/none_new/src/cpu/canon_cpu.cpp -o /dev/null -fopt-info-vec-all=/capstor/scratch/cscs/lhulsbergen/llr40_dace/vec/reports/fuse_move_ifs.none_new.g++-13.unsafe.all
fuse_move_ifs,none,new,g++-13,harness,True,2,canon_cpu.cpp:29 canon_cpu.cpp:50,3,canon_cpu.cpp:23 canon_cpu.cpp:48 canon_cpu.cpp:53,,g++-13 -march=native -fopenmp -fno-math-errno -fno-trapping-math -fno-signed-zeros -ffp-contract=fast -fstrict-aliasing -include /capstor/scratch/cscs/lhulsbergen/HPCAgent-Bench-dace/hpcagent_bench/envs/vecmath.h -Wall -Wextra -O3 -fPIC -fopenmp -std=c++20 -I/capstor/scratch/cscs/lhulsbergen/venv_dace5cf/lib/python3.12/site-packages/dace/runtime/include -c /capstor/scratch/cscs/lhulsbergen/llr40_dace/emit/fuse_move_ifs/none_new/src/cpu/canon_cpu.cpp -o /dev/null -fopt-info-vec-all=/capstor/scratch/cscs/lhulsbergen/llr40_dace/vec/reports/fuse_move_ifs.none_new.g++-13.harness.all
fuse_move_ifs,none,new,g++-14,bonsall,True,2,canon_cpu.cpp:29 canon_cpu.cpp:50,3,canon_cpu.cpp:23 canon_cpu.cpp:48 canon_cpu.cpp:53,,g++-14 -O3 -std=c++20 -fPIC -fno-math-errno -ffinite-math-only -fno-signaling-nans -fstrict-aliasing -faligned-new -fvect-cost-model=unlimited -fopenmp -I/capstor/scratch/cscs/lhulsbergen/venv_dace5cf/lib/python3.12/site-packages/dace/runtime/include -c /capstor/scratch/cscs/lhulsbergen/llr40_dace/emit/fuse_move_ifs/none_new/src/cpu/canon_cpu.cpp -o /dev/null -fopt-info-vec-all=/capstor/scratch/cscs/lhulsbergen/llr40_dace/vec/reports/fuse_move_ifs.none_new.g++-14.bonsall.all
fuse_move_ifs,none,new,g++-14,unsafe,True,2,canon_cpu.cpp:29 canon_cpu.cpp:50,3,canon_cpu.cpp:23 canon_cpu.cpp:48 canon_cpu.cpp:53,,g++-14 -O3 -std=c++20 -fPIC -fno-math-errno -ffinite-math-only -fno-signaling-nans -fstrict-aliasing -faligned-new -fvect-cost-model=unlimited -fopenmp -funsafe-math-optimizations -I/capstor/scratch/cscs/lhulsbergen/venv_dace5cf/lib/python3.12/site-packages/dace/runtime/include -c /capstor/scratch/cscs/lhulsbergen/llr40_dace/emit/fuse_move_ifs/none_new/src/cpu/canon_cpu.cpp -o /dev/null -fopt-info-vec-all=/capstor/scratch/cscs/lhulsbergen/llr40_dace/vec/reports/fuse_move_ifs.none_new.g++-14.unsafe.all
fuse_move_ifs,none,new,g++-14,harness,True,2,canon_cpu.cpp:29 canon_cpu.cpp:50,3,canon_cpu.cpp:23 canon_cpu.cpp:48 canon_cpu.cpp:53,,g++-14 -march=native -fopenmp -fno-math-errno -fno-trapping-math -fno-signed-zeros -ffp-contract=fast -fstrict-aliasing -include /capstor/scratch/cscs/lhulsbergen/HPCAgent-Bench-dace/hpcagent_bench/envs/vecmath.h -Wall -Wextra -O3 -fPIC -fopenmp -std=c++20 -I/capstor/scratch/cscs/lhulsbergen/venv_dace5cf/lib/python3.12/site-packages/dace/runtime/include -c /capstor/scratch/cscs/lhulsbergen/llr40_dace/emit/fuse_move_ifs/none_new/src/cpu/canon_cpu.cpp -o /dev/null -fopt-info-vec-all=/capstor/scratch/cscs/lhulsbergen/llr40_dace/vec/reports/fuse_move_ifs.none_new.g++-14.harness.all
fuse_move_ifs,none,old,g++-13,bonsall,True,2,canon_cpu.cpp:26 canon_cpu.cpp:69,3,canon_cpu.cpp:20 canon_cpu.cpp:67 copy.h:26,,g++-13 -O3 -std=c++20 -fPIC -fno-math-errno -ffinite-math-only -fno-signaling-nans -fstrict-aliasing -faligned-new -fvect-cost-model=unlimited -fopenmp -I/capstor/scratch/cscs/lhulsbergen/venv_dace5cf/lib/python3.12/site-packages/dace/runtime/include -c /capstor/scratch/cscs/lhulsbergen/llr40_dace/emit/fuse_move_ifs/none_old/src/cpu/canon_cpu.cpp -o /dev/null -fopt-info-vec-all=/capstor/scratch/cscs/lhulsbergen/llr40_dace/vec/reports/fuse_move_ifs.none_old.g++-13.bonsall.all
fuse_move_ifs,none,old,g++-13,unsafe,True,2,canon_cpu.cpp:26 canon_cpu.cpp:69,3,canon_cpu.cpp:20 canon_cpu.cpp:67 copy.h:26,,g++-13 -O3 -std=c++20 -fPIC -fno-math-errno -ffinite-math-only -fno-signaling-nans -fstrict-aliasing -faligned-new -fvect-cost-model=unlimited -fopenmp -funsafe-math-optimizations -I/capstor/scratch/cscs/lhulsbergen/venv_dace5cf/lib/python3.12/site-packages/dace/runtime/include -c /capstor/scratch/cscs/lhulsbergen/llr40_dace/emit/fuse_move_ifs/none_old/src/cpu/canon_cpu.cpp -o /dev/null -fopt-info-vec-all=/capstor/scratch/cscs/lhulsbergen/llr40_dace/vec/reports/fuse_move_ifs.none_old.g++-13.unsafe.all
fuse_move_ifs,none,old,g++-13,harness,True,2,canon_cpu.cpp:26 canon_cpu.cpp:69,3,canon_cpu.cpp:20 canon_cpu.cpp:67 copy.h:26,,g++-13 -march=native -fopenmp -fno-math-errno -fno-trapping-math -fno-signed-zeros -ffp-contract=fast -fstrict-aliasing -include /capstor/scratch/cscs/lhulsbergen/HPCAgent-Bench-dace/hpcagent_bench/envs/vecmath.h -Wall -Wextra -O3 -fPIC -fopenmp -std=c++20 -I/capstor/scratch/cscs/lhulsbergen/venv_dace5cf/lib/python3.12/site-packages/dace/runtime/include -c /capstor/scratch/cscs/lhulsbergen/llr40_dace/emit/fuse_move_ifs/none_old/src/cpu/canon_cpu.cpp -o /dev/null -fopt-info-vec-all=/capstor/scratch/cscs/lhulsbergen/llr40_dace/vec/reports/fuse_move_ifs.none_old.g++-13.harness.all
fuse_move_ifs,none,old,g++-14,bonsall,True,2,canon_cpu.cpp:26 canon_cpu.cpp:69,3,canon_cpu.cpp:20 canon_cpu.cpp:67 copy.h:26,,g++-14 -O3 -std=c++20 -fPIC -fno-math-errno -ffinite-math-only -fno-signaling-nans -fstrict-aliasing -faligned-new -fvect-cost-model=unlimited -fopenmp -I/capstor/scratch/cscs/lhulsbergen/venv_dace5cf/lib/python3.12/site-packages/dace/runtime/include -c /capstor/scratch/cscs/lhulsbergen/llr40_dace/emit/fuse_move_ifs/none_old/src/cpu/canon_cpu.cpp -o /dev/null -fopt-info-vec-all=/capstor/scratch/cscs/lhulsbergen/llr40_dace/vec/reports/fuse_move_ifs.none_old.g++-14.bonsall.all
fuse_move_ifs,none,old,g++-14,unsafe,True,2,canon_cpu.cpp:26 canon_cpu.cpp:69,3,canon_cpu.cpp:20 canon_cpu.cpp:67 copy.h:26,,g++-14 -O3 -std=c++20 -fPIC -fno-math-errno -ffinite-math-only -fno-signaling-nans -fstrict-aliasing -faligned-new -fvect-cost-model=unlimited -fopenmp -funsafe-math-optimizations -I/capstor/scratch/cscs/lhulsbergen/venv_dace5cf/lib/python3.12/site-packages/dace/runtime/include -c /capstor/scratch/cscs/lhulsbergen/llr40_dace/emit/fuse_move_ifs/none_old/src/cpu/canon_cpu.cpp -o /dev/null -fopt-info-vec-all=/capstor/scratch/cscs/lhulsbergen/llr40_dace/vec/reports/fuse_move_ifs.none_old.g++-14.unsafe.all
fuse_move_ifs,none,old,g++-14,harness,True,2,canon_cpu.cpp:26 canon_cpu.cpp:69,3,canon_cpu.cpp:20 canon_cpu.cpp:67 copy.h:26,,g++-14 -march=native -fopenmp -fno-math-errno -fno-trapping-math -fno-signed-zeros -ffp-contract=fast -fstrict-aliasing -include /capstor/scratch/cscs/lhulsbergen/HPCAgent-Bench-dace/hpcagent_bench/envs/vecmath.h -Wall -Wextra -O3 -fPIC -fopenmp -std=c++20 -I/capstor/scratch/cscs/lhulsbergen/venv_dace5cf/lib/python3.12/site-packages/dace/runtime/include -c /capstor/scratch/cscs/lhulsbergen/llr40_dace/emit/fuse_move_ifs/none_old/src/cpu/canon_cpu.cpp -o /dev/null -fopt-info-vec-all=/capstor/scratch/cscs/lhulsbergen/llr40_dace/vec/reports/fuse_move_ifs.none_old.g++-14.harness.all
fuse_stencil_through_transient,canon,legacy,g++-13,bonsall,True,1,canon_cpu.cpp:36,0,,,g++-13 -O3 -std=c++20 -fPIC -fno-math-errno -ffinite-math-only -fno-signaling-nans -fstrict-aliasing -faligned-new -fvect-cost-model=unlimited -fopenmp -I/capstor/scratch/cscs/lhulsbergen/venv_dace5cf/lib/python3.12/site-packages/dace/runtime/include -c /capstor/scratch/cscs/lhulsbergen/llr40_dace/emit/fuse_stencil_through_transient/canon_legacy/src/cpu/canon_cpu.cpp -o /dev/null -fopt-info-vec-all=/capstor/scratch/cscs/lhulsbergen/llr40_dace/vec/reports/fuse_stencil_through_transient.canon_legacy.g++-13.bonsall.all
fuse_stencil_through_transient,canon,legacy,g++-13,unsafe,True,1,canon_cpu.cpp:36,0,,,g++-13 -O3 -std=c++20 -fPIC -fno-math-errno -ffinite-math-only -fno-signaling-nans -fstrict-aliasing -faligned-new -fvect-cost-model=unlimited -fopenmp -funsafe-math-optimizations -I/capstor/scratch/cscs/lhulsbergen/venv_dace5cf/lib/python3.12/site-packages/dace/runtime/include -c /capstor/scratch/cscs/lhulsbergen/llr40_dace/emit/fuse_stencil_through_transient/canon_legacy/src/cpu/canon_cpu.cpp -o /dev/null -fopt-info-vec-all=/capstor/scratch/cscs/lhulsbergen/llr40_dace/vec/reports/fuse_stencil_through_transient.canon_legacy.g++-13.unsafe.all
fuse_stencil_through_transient,canon,legacy,g++-13,harness,True,1,canon_cpu.cpp:36,1,canon_cpu.cpp:29,,g++-13 -march=native -fopenmp -fno-math-errno -fno-trapping-math -fno-signed-zeros -ffp-contract=fast -fstrict-aliasing -include /capstor/scratch/cscs/lhulsbergen/HPCAgent-Bench-dace/hpcagent_bench/envs/vecmath.h -Wall -Wextra -O3 -fPIC -fopenmp -std=c++20 -I/capstor/scratch/cscs/lhulsbergen/venv_dace5cf/lib/python3.12/site-packages/dace/runtime/include -c /capstor/scratch/cscs/lhulsbergen/llr40_dace/emit/fuse_stencil_through_transient/canon_legacy/src/cpu/canon_cpu.cpp -o /dev/null -fopt-info-vec-all=/capstor/scratch/cscs/lhulsbergen/llr40_dace/vec/reports/fuse_stencil_through_transient.canon_legacy.g++-13.harness.all
fuse_stencil_through_transient,canon,legacy,g++-14,bonsall,True,1,canon_cpu.cpp:36,0,,,g++-14 -O3 -std=c++20 -fPIC -fno-math-errno -ffinite-math-only -fno-signaling-nans -fstrict-aliasing -faligned-new -fvect-cost-model=unlimited -fopenmp -I/capstor/scratch/cscs/lhulsbergen/venv_dace5cf/lib/python3.12/site-packages/dace/runtime/include -c /capstor/scratch/cscs/lhulsbergen/llr40_dace/emit/fuse_stencil_through_transient/canon_legacy/src/cpu/canon_cpu.cpp -o /dev/null -fopt-info-vec-all=/capstor/scratch/cscs/lhulsbergen/llr40_dace/vec/reports/fuse_stencil_through_transient.canon_legacy.g++-14.bonsall.all
fuse_stencil_through_transient,canon,legacy,g++-14,unsafe,True,1,canon_cpu.cpp:36,0,,,g++-14 -O3 -std=c++20 -fPIC -fno-math-errno -ffinite-math-only -fno-signaling-nans -fstrict-aliasing -faligned-new -fvect-cost-model=unlimited -fopenmp -funsafe-math-optimizations -I/capstor/scratch/cscs/lhulsbergen/venv_dace5cf/lib/python3.12/site-packages/dace/runtime/include -c /capstor/scratch/cscs/lhulsbergen/llr40_dace/emit/fuse_stencil_through_transient/canon_legacy/src/cpu/canon_cpu.cpp -o /dev/null -fopt-info-vec-all=/capstor/scratch/cscs/lhulsbergen/llr40_dace/vec/reports/fuse_stencil_through_transient.canon_legacy.g++-14.unsafe.all
fuse_stencil_through_transient,canon,legacy,g++-14,harness,True,1,canon_cpu.cpp:36,1,canon_cpu.cpp:29,,g++-14 -march=native -fopenmp -fno-math-errno -fno-trapping-math -fno-signed-zeros -ffp-contract=fast -fstrict-aliasing -include /capstor/scratch/cscs/lhulsbergen/HPCAgent-Bench-dace/hpcagent_bench/envs/vecmath.h -Wall -Wextra -O3 -fPIC -fopenmp -std=c++20 -I/capstor/scratch/cscs/lhulsbergen/venv_dace5cf/lib/python3.12/site-packages/dace/runtime/include -c /capstor/scratch/cscs/lhulsbergen/llr40_dace/emit/fuse_stencil_through_transient/canon_legacy/src/cpu/canon_cpu.cpp -o /dev/null -fopt-info-vec-all=/capstor/scratch/cscs/lhulsbergen/llr40_dace/vec/reports/fuse_stencil_through_transient.canon_legacy.g++-14.harness.all
fuse_stencil_through_transient,canon,new,g++-13,bonsall,True,1,canon_cpu.cpp:30,0,,,g++-13 -O3 -std=c++20 -fPIC -fno-math-errno -ffinite-math-only -fno-signaling-nans -fstrict-aliasing -faligned-new -fvect-cost-model=unlimited -fopenmp -I/capstor/scratch/cscs/lhulsbergen/venv_dace5cf/lib/python3.12/site-packages/dace/runtime/include -c /capstor/scratch/cscs/lhulsbergen/llr40_dace/emit/fuse_stencil_through_transient/canon_new/src/cpu/canon_cpu.cpp -o /dev/null -fopt-info-vec-all=/capstor/scratch/cscs/lhulsbergen/llr40_dace/vec/reports/fuse_stencil_through_transient.canon_new.g++-13.bonsall.all
fuse_stencil_through_transient,canon,new,g++-13,unsafe,True,1,canon_cpu.cpp:30,0,,,g++-13 -O3 -std=c++20 -fPIC -fno-math-errno -ffinite-math-only -fno-signaling-nans -fstrict-aliasing -faligned-new -fvect-cost-model=unlimited -fopenmp -funsafe-math-optimizations -I/capstor/scratch/cscs/lhulsbergen/venv_dace5cf/lib/python3.12/site-packages/dace/runtime/include -c /capstor/scratch/cscs/lhulsbergen/llr40_dace/emit/fuse_stencil_through_transient/canon_new/src/cpu/canon_cpu.cpp -o /dev/null -fopt-info-vec-all=/capstor/scratch/cscs/lhulsbergen/llr40_dace/vec/reports/fuse_stencil_through_transient.canon_new.g++-13.unsafe.all
fuse_stencil_through_transient,canon,new,g++-13,harness,True,1,canon_cpu.cpp:30,1,canon_cpu.cpp:24,,g++-13 -march=native -fopenmp -fno-math-errno -fno-trapping-math -fno-signed-zeros -ffp-contract=fast -fstrict-aliasing -include /capstor/scratch/cscs/lhulsbergen/HPCAgent-Bench-dace/hpcagent_bench/envs/vecmath.h -Wall -Wextra -O3 -fPIC -fopenmp -std=c++20 -I/capstor/scratch/cscs/lhulsbergen/venv_dace5cf/lib/python3.12/site-packages/dace/runtime/include -c /capstor/scratch/cscs/lhulsbergen/llr40_dace/emit/fuse_stencil_through_transient/canon_new/src/cpu/canon_cpu.cpp -o /dev/null -fopt-info-vec-all=/capstor/scratch/cscs/lhulsbergen/llr40_dace/vec/reports/fuse_stencil_through_transient.canon_new.g++-13.harness.all
fuse_stencil_through_transient,canon,new,g++-14,bonsall,True,1,canon_cpu.cpp:30,0,,,g++-14 -O3 -std=c++20 -fPIC -fno-math-errno -ffinite-math-only -fno-signaling-nans -fstrict-aliasing -faligned-new -fvect-cost-model=unlimited -fopenmp -I/capstor/scratch/cscs/lhulsbergen/venv_dace5cf/lib/python3.12/site-packages/dace/runtime/include -c /capstor/scratch/cscs/lhulsbergen/llr40_dace/emit/fuse_stencil_through_transient/canon_new/src/cpu/canon_cpu.cpp -o /dev/null -fopt-info-vec-all=/capstor/scratch/cscs/lhulsbergen/llr40_dace/vec/reports/fuse_stencil_through_transient.canon_new.g++-14.bonsall.all
fuse_stencil_through_transient,canon,new,g++-14,unsafe,True,1,canon_cpu.cpp:30,0,,,g++-14 -O3 -std=c++20 -fPIC -fno-math-errno -ffinite-math-only -fno-signaling-nans -fstrict-aliasing -faligned-new -fvect-cost-model=unlimited -fopenmp -funsafe-math-optimizations -I/capstor/scratch/cscs/lhulsbergen/venv_dace5cf/lib/python3.12/site-packages/dace/runtime/include -c /capstor/scratch/cscs/lhulsbergen/llr40_dace/emit/fuse_stencil_through_transient/canon_new/src/cpu/canon_cpu.cpp -o /dev/null -fopt-info-vec-all=/capstor/scratch/cscs/lhulsbergen/llr40_dace/vec/reports/fuse_stencil_through_transient.canon_new.g++-14.unsafe.all
fuse_stencil_through_transient,canon,new,g++-14,harness,True,1,canon_cpu.cpp:30,1,canon_cpu.cpp:24,,g++-14 -march=native -fopenmp -fno-math-errno -fno-trapping-math -fno-signed-zeros -ffp-contract=fast -fstrict-aliasing -include /capstor/scratch/cscs/lhulsbergen/HPCAgent-Bench-dace/hpcagent_bench/envs/vecmath.h -Wall -Wextra -O3 -fPIC -fopenmp -std=c++20 -I/capstor/scratch/cscs/lhulsbergen/venv_dace5cf/lib/python3.12/site-packages/dace/runtime/include -c /capstor/scratch/cscs/lhulsbergen/llr40_dace/emit/fuse_stencil_through_transient/canon_new/src/cpu/canon_cpu.cpp -o /dev/null -fopt-info-vec-all=/capstor/scratch/cscs/lhulsbergen/llr40_dace/vec/reports/fuse_stencil_through_transient.canon_new.g++-14.harness.all
fuse_stencil_through_transient,canon,old,g++-13,bonsall,True,1,canon_cpu.cpp:36,0,,,g++-13 -O3 -std=c++20 -fPIC -fno-math-errno -ffinite-math-only -fno-signaling-nans -fstrict-aliasing -faligned-new -fvect-cost-model=unlimited -fopenmp -I/capstor/scratch/cscs/lhulsbergen/venv_dace5cf/lib/python3.12/site-packages/dace/runtime/include -c /capstor/scratch/cscs/lhulsbergen/llr40_dace/emit/fuse_stencil_through_transient/canon_old/src/cpu/canon_cpu.cpp -o /dev/null -fopt-info-vec-all=/capstor/scratch/cscs/lhulsbergen/llr40_dace/vec/reports/fuse_stencil_through_transient.canon_old.g++-13.bonsall.all
fuse_stencil_through_transient,canon,old,g++-13,unsafe,True,1,canon_cpu.cpp:36,0,,,g++-13 -O3 -std=c++20 -fPIC -fno-math-errno -ffinite-math-only -fno-signaling-nans -fstrict-aliasing -faligned-new -fvect-cost-model=unlimited -fopenmp -funsafe-math-optimizations -I/capstor/scratch/cscs/lhulsbergen/venv_dace5cf/lib/python3.12/site-packages/dace/runtime/include -c /capstor/scratch/cscs/lhulsbergen/llr40_dace/emit/fuse_stencil_through_transient/canon_old/src/cpu/canon_cpu.cpp -o /dev/null -fopt-info-vec-all=/capstor/scratch/cscs/lhulsbergen/llr40_dace/vec/reports/fuse_stencil_through_transient.canon_old.g++-13.unsafe.all
fuse_stencil_through_transient,canon,old,g++-13,harness,True,1,canon_cpu.cpp:36,1,canon_cpu.cpp:29,,g++-13 -march=native -fopenmp -fno-math-errno -fno-trapping-math -fno-signed-zeros -ffp-contract=fast -fstrict-aliasing -include /capstor/scratch/cscs/lhulsbergen/HPCAgent-Bench-dace/hpcagent_bench/envs/vecmath.h -Wall -Wextra -O3 -fPIC -fopenmp -std=c++20 -I/capstor/scratch/cscs/lhulsbergen/venv_dace5cf/lib/python3.12/site-packages/dace/runtime/include -c /capstor/scratch/cscs/lhulsbergen/llr40_dace/emit/fuse_stencil_through_transient/canon_old/src/cpu/canon_cpu.cpp -o /dev/null -fopt-info-vec-all=/capstor/scratch/cscs/lhulsbergen/llr40_dace/vec/reports/fuse_stencil_through_transient.canon_old.g++-13.harness.all
fuse_stencil_through_transient,canon,old,g++-14,bonsall,True,1,canon_cpu.cpp:36,0,,,g++-14 -O3 -std=c++20 -fPIC -fno-math-errno -ffinite-math-only -fno-signaling-nans -fstrict-aliasing -faligned-new -fvect-cost-model=unlimited -fopenmp -I/capstor/scratch/cscs/lhulsbergen/venv_dace5cf/lib/python3.12/site-packages/dace/runtime/include -c /capstor/scratch/cscs/lhulsbergen/llr40_dace/emit/fuse_stencil_through_transient/canon_old/src/cpu/canon_cpu.cpp -o /dev/null -fopt-info-vec-all=/capstor/scratch/cscs/lhulsbergen/llr40_dace/vec/reports/fuse_stencil_through_transient.canon_old.g++-14.bonsall.all
fuse_stencil_through_transient,canon,old,g++-14,unsafe,True,1,canon_cpu.cpp:36,0,,,g++-14 -O3 -std=c++20 -fPIC -fno-math-errno -ffinite-math-only -fno-signaling-nans -fstrict-aliasing -faligned-new -fvect-cost-model=unlimited -fopenmp -funsafe-math-optimizations -I/capstor/scratch/cscs/lhulsbergen/venv_dace5cf/lib/python3.12/site-packages/dace/runtime/include -c /capstor/scratch/cscs/lhulsbergen/llr40_dace/emit/fuse_stencil_through_transient/canon_old/src/cpu/canon_cpu.cpp -o /dev/null -fopt-info-vec-all=/capstor/scratch/cscs/lhulsbergen/llr40_dace/vec/reports/fuse_stencil_through_transient.canon_old.g++-14.unsafe.all
fuse_stencil_through_transient,canon,old,g++-14,harness,True,1,canon_cpu.cpp:36,1,canon_cpu.cpp:29,,g++-14 -march=native -fopenmp -fno-math-errno -fno-trapping-math -fno-signed-zeros -ffp-contract=fast -fstrict-aliasing -include /capstor/scratch/cscs/lhulsbergen/HPCAgent-Bench-dace/hpcagent_bench/envs/vecmath.h -Wall -Wextra -O3 -fPIC -fopenmp -std=c++20 -I/capstor/scratch/cscs/lhulsbergen/venv_dace5cf/lib/python3.12/site-packages/dace/runtime/include -c /capstor/scratch/cscs/lhulsbergen/llr40_dace/emit/fuse_stencil_through_transient/canon_old/src/cpu/canon_cpu.cpp -o /dev/null -fopt-info-vec-all=/capstor/scratch/cscs/lhulsbergen/llr40_dace/vec/reports/fuse_stencil_through_transient.canon_old.g++-14.harness.all
fuse_stencil_through_transient,none,legacy,g++-13,bonsall,True,2,canon_cpu.cpp:101 canon_cpu.cpp:24,0,,,g++-13 -O3 -std=c++20 -fPIC -fno-math-errno -ffinite-math-only -fno-signaling-nans -fstrict-aliasing -faligned-new -fvect-cost-model=unlimited -fopenmp -I/capstor/scratch/cscs/lhulsbergen/venv_dace5cf/lib/python3.12/site-packages/dace/runtime/include -c /capstor/scratch/cscs/lhulsbergen/llr40_dace/emit/fuse_stencil_through_transient/none_legacy/src/cpu/canon_cpu.cpp -o /dev/null -fopt-info-vec-all=/capstor/scratch/cscs/lhulsbergen/llr40_dace/vec/reports/fuse_stencil_through_transient.none_legacy.g++-13.bonsall.all
fuse_stencil_through_transient,none,legacy,g++-13,unsafe,True,2,canon_cpu.cpp:101 canon_cpu.cpp:24,0,,,g++-13 -O3 -std=c++20 -fPIC -fno-math-errno -ffinite-math-only -fno-signaling-nans -fstrict-aliasing -faligned-new -fvect-cost-model=unlimited -fopenmp -funsafe-math-optimizations -I/capstor/scratch/cscs/lhulsbergen/venv_dace5cf/lib/python3.12/site-packages/dace/runtime/include -c /capstor/scratch/cscs/lhulsbergen/llr40_dace/emit/fuse_stencil_through_transient/none_legacy/src/cpu/canon_cpu.cpp -o /dev/null -fopt-info-vec-all=/capstor/scratch/cscs/lhulsbergen/llr40_dace/vec/reports/fuse_stencil_through_transient.none_legacy.g++-13.unsafe.all
fuse_stencil_through_transient,none,legacy,g++-13,harness,True,2,canon_cpu.cpp:101 canon_cpu.cpp:24,0,,,g++-13 -march=native -fopenmp -fno-math-errno -fno-trapping-math -fno-signed-zeros -ffp-contract=fast -fstrict-aliasing -include /capstor/scratch/cscs/lhulsbergen/HPCAgent-Bench-dace/hpcagent_bench/envs/vecmath.h -Wall -Wextra -O3 -fPIC -fopenmp -std=c++20 -I/capstor/scratch/cscs/lhulsbergen/venv_dace5cf/lib/python3.12/site-packages/dace/runtime/include -c /capstor/scratch/cscs/lhulsbergen/llr40_dace/emit/fuse_stencil_through_transient/none_legacy/src/cpu/canon_cpu.cpp -o /dev/null -fopt-info-vec-all=/capstor/scratch/cscs/lhulsbergen/llr40_dace/vec/reports/fuse_stencil_through_transient.none_legacy.g++-13.harness.all
fuse_stencil_through_transient,none,legacy,g++-14,bonsall,True,2,canon_cpu.cpp:101 canon_cpu.cpp:24,0,,,g++-14 -O3 -std=c++20 -fPIC -fno-math-errno -ffinite-math-only -fno-signaling-nans -fstrict-aliasing -faligned-new -fvect-cost-model=unlimited -fopenmp -I/capstor/scratch/cscs/lhulsbergen/venv_dace5cf/lib/python3.12/site-packages/dace/runtime/include -c /capstor/scratch/cscs/lhulsbergen/llr40_dace/emit/fuse_stencil_through_transient/none_legacy/src/cpu/canon_cpu.cpp -o /dev/null -fopt-info-vec-all=/capstor/scratch/cscs/lhulsbergen/llr40_dace/vec/reports/fuse_stencil_through_transient.none_legacy.g++-14.bonsall.all
fuse_stencil_through_transient,none,legacy,g++-14,unsafe,True,2,canon_cpu.cpp:101 canon_cpu.cpp:24,0,,,g++-14 -O3 -std=c++20 -fPIC -fno-math-errno -ffinite-math-only -fno-signaling-nans -fstrict-aliasing -faligned-new -fvect-cost-model=unlimited -fopenmp -funsafe-math-optimizations -I/capstor/scratch/cscs/lhulsbergen/venv_dace5cf/lib/python3.12/site-packages/dace/runtime/include -c /capstor/scratch/cscs/lhulsbergen/llr40_dace/emit/fuse_stencil_through_transient/none_legacy/src/cpu/canon_cpu.cpp -o /dev/null -fopt-info-vec-all=/capstor/scratch/cscs/lhulsbergen/llr40_dace/vec/reports/fuse_stencil_through_transient.none_legacy.g++-14.unsafe.all
fuse_stencil_through_transient,none,legacy,g++-14,harness,True,2,canon_cpu.cpp:101 canon_cpu.cpp:24,0,,,g++-14 -march=native -fopenmp -fno-math-errno -fno-trapping-math -fno-signed-zeros -ffp-contract=fast -fstrict-aliasing -include /capstor/scratch/cscs/lhulsbergen/HPCAgent-Bench-dace/hpcagent_bench/envs/vecmath.h -Wall -Wextra -O3 -fPIC -fopenmp -std=c++20 -I/capstor/scratch/cscs/lhulsbergen/venv_dace5cf/lib/python3.12/site-packages/dace/runtime/include -c /capstor/scratch/cscs/lhulsbergen/llr40_dace/emit/fuse_stencil_through_transient/none_legacy/src/cpu/canon_cpu.cpp -o /dev/null -fopt-info-vec-all=/capstor/scratch/cscs/lhulsbergen/llr40_dace/vec/reports/fuse_stencil_through_transient.none_legacy.g++-14.harness.all
fuse_stencil_through_transient,none,new,g++-13,bonsall,True,2,canon_cpu.cpp:26 canon_cpu.cpp:41,0,,,g++-13 -O3 -std=c++20 -fPIC -fno-math-errno -ffinite-math-only -fno-signaling-nans -fstrict-aliasing -faligned-new -fvect-cost-model=unlimited -fopenmp -I/capstor/scratch/cscs/lhulsbergen/venv_dace5cf/lib/python3.12/site-packages/dace/runtime/include -c /capstor/scratch/cscs/lhulsbergen/llr40_dace/emit/fuse_stencil_through_transient/none_new/src/cpu/canon_cpu.cpp -o /dev/null -fopt-info-vec-all=/capstor/scratch/cscs/lhulsbergen/llr40_dace/vec/reports/fuse_stencil_through_transient.none_new.g++-13.bonsall.all
fuse_stencil_through_transient,none,new,g++-13,unsafe,True,2,canon_cpu.cpp:26 canon_cpu.cpp:41,0,,,g++-13 -O3 -std=c++20 -fPIC -fno-math-errno -ffinite-math-only -fno-signaling-nans -fstrict-aliasing -faligned-new -fvect-cost-model=unlimited -fopenmp -funsafe-math-optimizations -I/capstor/scratch/cscs/lhulsbergen/venv_dace5cf/lib/python3.12/site-packages/dace/runtime/include -c /capstor/scratch/cscs/lhulsbergen/llr40_dace/emit/fuse_stencil_through_transient/none_new/src/cpu/canon_cpu.cpp -o /dev/null -fopt-info-vec-all=/capstor/scratch/cscs/lhulsbergen/llr40_dace/vec/reports/fuse_stencil_through_transient.none_new.g++-13.unsafe.all
fuse_stencil_through_transient,none,new,g++-13,harness,True,2,canon_cpu.cpp:26 canon_cpu.cpp:41,0,,,g++-13 -march=native -fopenmp -fno-math-errno -fno-trapping-math -fno-signed-zeros -ffp-contract=fast -fstrict-aliasing -include /capstor/scratch/cscs/lhulsbergen/HPCAgent-Bench-dace/hpcagent_bench/envs/vecmath.h -Wall -Wextra -O3 -fPIC -fopenmp -std=c++20 -I/capstor/scratch/cscs/lhulsbergen/venv_dace5cf/lib/python3.12/site-packages/dace/runtime/include -c /capstor/scratch/cscs/lhulsbergen/llr40_dace/emit/fuse_stencil_through_transient/none_new/src/cpu/canon_cpu.cpp -o /dev/null -fopt-info-vec-all=/capstor/scratch/cscs/lhulsbergen/llr40_dace/vec/reports/fuse_stencil_through_transient.none_new.g++-13.harness.all
fuse_stencil_through_transient,none,new,g++-14,bonsall,True,2,canon_cpu.cpp:26 canon_cpu.cpp:41,0,,,g++-14 -O3 -std=c++20 -fPIC -fno-math-errno -ffinite-math-only -fno-signaling-nans -fstrict-aliasing -faligned-new -fvect-cost-model=unlimited -fopenmp -I/capstor/scratch/cscs/lhulsbergen/venv_dace5cf/lib/python3.12/site-packages/dace/runtime/include -c /capstor/scratch/cscs/lhulsbergen/llr40_dace/emit/fuse_stencil_through_transient/none_new/src/cpu/canon_cpu.cpp -o /dev/null -fopt-info-vec-all=/capstor/scratch/cscs/lhulsbergen/llr40_dace/vec/reports/fuse_stencil_through_transient.none_new.g++-14.bonsall.all
fuse_stencil_through_transient,none,new,g++-14,unsafe,True,2,canon_cpu.cpp:26 canon_cpu.cpp:41,0,,,g++-14 -O3 -std=c++20 -fPIC -fno-math-errno -ffinite-math-only -fno-signaling-nans -fstrict-aliasing -faligned-new -fvect-cost-model=unlimited -fopenmp -funsafe-math-optimizations -I/capstor/scratch/cscs/lhulsbergen/venv_dace5cf/lib/python3.12/site-packages/dace/runtime/include -c /capstor/scratch/cscs/lhulsbergen/llr40_dace/emit/fuse_stencil_through_transient/none_new/src/cpu/canon_cpu.cpp -o /dev/null -fopt-info-vec-all=/capstor/scratch/cscs/lhulsbergen/llr40_dace/vec/reports/fuse_stencil_through_transient.none_new.g++-14.unsafe.all
fuse_stencil_through_transient,none,new,g++-14,harness,True,2,canon_cpu.cpp:26 canon_cpu.cpp:41,0,,,g++-14 -march=native -fopenmp -fno-math-errno -fno-trapping-math -fno-signed-zeros -ffp-contract=fast -fstrict-aliasing -include /capstor/scratch/cscs/lhulsbergen/HPCAgent-Bench-dace/hpcagent_bench/envs/vecmath.h -Wall -Wextra -O3 -fPIC -fopenmp -std=c++20 -I/capstor/scratch/cscs/lhulsbergen/venv_dace5cf/lib/python3.12/site-packages/dace/runtime/include -c /capstor/scratch/cscs/lhulsbergen/llr40_dace/emit/fuse_stencil_through_transient/none_new/src/cpu/canon_cpu.cpp -o /dev/null -fopt-info-vec-all=/capstor/scratch/cscs/lhulsbergen/llr40_dace/vec/reports/fuse_stencil_through_transient.none_new.g++-14.harness.all
fuse_stencil_through_transient,none,old,g++-13,bonsall,True,2,canon_cpu.cpp:24 canon_cpu.cpp:77,0,,,g++-13 -O3 -std=c++20 -fPIC -fno-math-errno -ffinite-math-only -fno-signaling-nans -fstrict-aliasing -faligned-new -fvect-cost-model=unlimited -fopenmp -I/capstor/scratch/cscs/lhulsbergen/venv_dace5cf/lib/python3.12/site-packages/dace/runtime/include -c /capstor/scratch/cscs/lhulsbergen/llr40_dace/emit/fuse_stencil_through_transient/none_old/src/cpu/canon_cpu.cpp -o /dev/null -fopt-info-vec-all=/capstor/scratch/cscs/lhulsbergen/llr40_dace/vec/reports/fuse_stencil_through_transient.none_old.g++-13.bonsall.all
fuse_stencil_through_transient,none,old,g++-13,unsafe,True,2,canon_cpu.cpp:24 canon_cpu.cpp:77,0,,,g++-13 -O3 -std=c++20 -fPIC -fno-math-errno -ffinite-math-only -fno-signaling-nans -fstrict-aliasing -faligned-new -fvect-cost-model=unlimited -fopenmp -funsafe-math-optimizations -I/capstor/scratch/cscs/lhulsbergen/venv_dace5cf/lib/python3.12/site-packages/dace/runtime/include -c /capstor/scratch/cscs/lhulsbergen/llr40_dace/emit/fuse_stencil_through_transient/none_old/src/cpu/canon_cpu.cpp -o /dev/null -fopt-info-vec-all=/capstor/scratch/cscs/lhulsbergen/llr40_dace/vec/reports/fuse_stencil_through_transient.none_old.g++-13.unsafe.all
fuse_stencil_through_transient,none,old,g++-13,harness,True,2,canon_cpu.cpp:24 canon_cpu.cpp:77,0,,,g++-13 -march=native -fopenmp -fno-math-errno -fno-trapping-math -fno-signed-zeros -ffp-contract=fast -fstrict-aliasing -include /capstor/scratch/cscs/lhulsbergen/HPCAgent-Bench-dace/hpcagent_bench/envs/vecmath.h -Wall -Wextra -O3 -fPIC -fopenmp -std=c++20 -I/capstor/scratch/cscs/lhulsbergen/venv_dace5cf/lib/python3.12/site-packages/dace/runtime/include -c /capstor/scratch/cscs/lhulsbergen/llr40_dace/emit/fuse_stencil_through_transient/none_old/src/cpu/canon_cpu.cpp -o /dev/null -fopt-info-vec-all=/capstor/scratch/cscs/lhulsbergen/llr40_dace/vec/reports/fuse_stencil_through_transient.none_old.g++-13.harness.all
fuse_stencil_through_transient,none,old,g++-14,bonsall,True,2,canon_cpu.cpp:24 canon_cpu.cpp:77,0,,,g++-14 -O3 -std=c++20 -fPIC -fno-math-errno -ffinite-math-only -fno-signaling-nans -fstrict-aliasing -faligned-new -fvect-cost-model=unlimited -fopenmp -I/capstor/scratch/cscs/lhulsbergen/venv_dace5cf/lib/python3.12/site-packages/dace/runtime/include -c /capstor/scratch/cscs/lhulsbergen/llr40_dace/emit/fuse_stencil_through_transient/none_old/src/cpu/canon_cpu.cpp -o /dev/null -fopt-info-vec-all=/capstor/scratch/cscs/lhulsbergen/llr40_dace/vec/reports/fuse_stencil_through_transient.none_old.g++-14.bonsall.all
fuse_stencil_through_transient,none,old,g++-14,unsafe,True,2,canon_cpu.cpp:24 canon_cpu.cpp:77,0,,,g++-14 -O3 -std=c++20 -fPIC -fno-math-errno -ffinite-math-only -fno-signaling-nans -fstrict-aliasing -faligned-new -fvect-cost-model=unlimited -fopenmp -funsafe-math-optimizations -I/capstor/scratch/cscs/lhulsbergen/venv_dace5cf/lib/python3.12/site-packages/dace/runtime/include -c /capstor/scratch/cscs/lhulsbergen/llr40_dace/emit/fuse_stencil_through_transient/none_old/src/cpu/canon_cpu.cpp -o /dev/null -fopt-info-vec-all=/capstor/scratch/cscs/lhulsbergen/llr40_dace/vec/reports/fuse_stencil_through_transient.none_old.g++-14.unsafe.all
fuse_stencil_through_transient,none,old,g++-14,harness,True,2,canon_cpu.cpp:24 canon_cpu.cpp:77,0,,,g++-14 -march=native -fopenmp -fno-math-errno -fno-trapping-math -fno-signed-zeros -ffp-contract=fast -fstrict-aliasing -include /capstor/scratch/cscs/lhulsbergen/HPCAgent-Bench-dace/hpcagent_bench/envs/vecmath.h -Wall -Wextra -O3 -fPIC -fopenmp -std=c++20 -I/capstor/scratch/cscs/lhulsbergen/venv_dace5cf/lib/python3.12/site-packages/dace/runtime/include -c /capstor/scratch/cscs/lhulsbergen/llr40_dace/emit/fuse_stencil_through_transient/none_old/src/cpu/canon_cpu.cpp -o /dev/null -fopt-info-vec-all=/capstor/scratch/cscs/lhulsbergen/llr40_dace/vec/reports/fuse_stencil_through_transient.none_old.g++-14.harness.all
quasi_affine_reduce_odd,canon,legacy,g++-13,bonsall,True,1,reduction.h:974,1,reduction.h:973,,g++-13 -O3 -std=c++20 -fPIC -fno-math-errno -ffinite-math-only -fno-signaling-nans -fstrict-aliasing -faligned-new -fvect-cost-model=unlimited -fopenmp -I/capstor/scratch/cscs/lhulsbergen/venv_dace5cf/lib/python3.12/site-packages/dace/runtime/include -c /capstor/scratch/cscs/lhulsbergen/llr40_dace/emit/quasi_affine_reduce_odd/canon_legacy/src/cpu/canon_cpu.cpp -o /dev/null -fopt-info-vec-all=/capstor/scratch/cscs/lhulsbergen/llr40_dace/vec/reports/quasi_affine_reduce_odd.canon_legacy.g++-13.bonsall.all
quasi_affine_reduce_odd,canon,legacy,g++-13,unsafe,True,1,reduction.h:974,1,reduction.h:973,,g++-13 -O3 -std=c++20 -fPIC -fno-math-errno -ffinite-math-only -fno-signaling-nans -fstrict-aliasing -faligned-new -fvect-cost-model=unlimited -fopenmp -funsafe-math-optimizations -I/capstor/scratch/cscs/lhulsbergen/venv_dace5cf/lib/python3.12/site-packages/dace/runtime/include -c /capstor/scratch/cscs/lhulsbergen/llr40_dace/emit/quasi_affine_reduce_odd/canon_legacy/src/cpu/canon_cpu.cpp -o /dev/null -fopt-info-vec-all=/capstor/scratch/cscs/lhulsbergen/llr40_dace/vec/reports/quasi_affine_reduce_odd.canon_legacy.g++-13.unsafe.all
quasi_affine_reduce_odd,canon,legacy,g++-13,harness,True,1,reduction.h:974,1,reduction.h:973,,g++-13 -march=native -fopenmp -fno-math-errno -fno-trapping-math -fno-signed-zeros -ffp-contract=fast -fstrict-aliasing -include /capstor/scratch/cscs/lhulsbergen/HPCAgent-Bench-dace/hpcagent_bench/envs/vecmath.h -Wall -Wextra -O3 -fPIC -fopenmp -std=c++20 -I/capstor/scratch/cscs/lhulsbergen/venv_dace5cf/lib/python3.12/site-packages/dace/runtime/include -c /capstor/scratch/cscs/lhulsbergen/llr40_dace/emit/quasi_affine_reduce_odd/canon_legacy/src/cpu/canon_cpu.cpp -o /dev/null -fopt-info-vec-all=/capstor/scratch/cscs/lhulsbergen/llr40_dace/vec/reports/quasi_affine_reduce_odd.canon_legacy.g++-13.harness.all
quasi_affine_reduce_odd,canon,legacy,g++-14,bonsall,True,1,reduction.h:974,1,reduction.h:973,,g++-14 -O3 -std=c++20 -fPIC -fno-math-errno -ffinite-math-only -fno-signaling-nans -fstrict-aliasing -faligned-new -fvect-cost-model=unlimited -fopenmp -I/capstor/scratch/cscs/lhulsbergen/venv_dace5cf/lib/python3.12/site-packages/dace/runtime/include -c /capstor/scratch/cscs/lhulsbergen/llr40_dace/emit/quasi_affine_reduce_odd/canon_legacy/src/cpu/canon_cpu.cpp -o /dev/null -fopt-info-vec-all=/capstor/scratch/cscs/lhulsbergen/llr40_dace/vec/reports/quasi_affine_reduce_odd.canon_legacy.g++-14.bonsall.all
quasi_affine_reduce_odd,canon,legacy,g++-14,unsafe,True,1,reduction.h:974,1,reduction.h:973,,g++-14 -O3 -std=c++20 -fPIC -fno-math-errno -ffinite-math-only -fno-signaling-nans -fstrict-aliasing -faligned-new -fvect-cost-model=unlimited -fopenmp -funsafe-math-optimizations -I/capstor/scratch/cscs/lhulsbergen/venv_dace5cf/lib/python3.12/site-packages/dace/runtime/include -c /capstor/scratch/cscs/lhulsbergen/llr40_dace/emit/quasi_affine_reduce_odd/canon_legacy/src/cpu/canon_cpu.cpp -o /dev/null -fopt-info-vec-all=/capstor/scratch/cscs/lhulsbergen/llr40_dace/vec/reports/quasi_affine_reduce_odd.canon_legacy.g++-14.unsafe.all
quasi_affine_reduce_odd,canon,legacy,g++-14,harness,True,1,reduction.h:974,1,reduction.h:973,,g++-14 -march=native -fopenmp -fno-math-errno -fno-trapping-math -fno-signed-zeros -ffp-contract=fast -fstrict-aliasing -include /capstor/scratch/cscs/lhulsbergen/HPCAgent-Bench-dace/hpcagent_bench/envs/vecmath.h -Wall -Wextra -O3 -fPIC -fopenmp -std=c++20 -I/capstor/scratch/cscs/lhulsbergen/venv_dace5cf/lib/python3.12/site-packages/dace/runtime/include -c /capstor/scratch/cscs/lhulsbergen/llr40_dace/emit/quasi_affine_reduce_odd/canon_legacy/src/cpu/canon_cpu.cpp -o /dev/null -fopt-info-vec-all=/capstor/scratch/cscs/lhulsbergen/llr40_dace/vec/reports/quasi_affine_reduce_odd.canon_legacy.g++-14.harness.all
quasi_affine_reduce_odd,canon,new,g++-13,bonsall,True,1,reduction.h:974,1,reduction.h:973,,g++-13 -O3 -std=c++20 -fPIC -fno-math-errno -ffinite-math-only -fno-signaling-nans -fstrict-aliasing -faligned-new -fvect-cost-model=unlimited -fopenmp -I/capstor/scratch/cscs/lhulsbergen/venv_dace5cf/lib/python3.12/site-packages/dace/runtime/include -c /capstor/scratch/cscs/lhulsbergen/llr40_dace/emit/quasi_affine_reduce_odd/canon_new/src/cpu/canon_cpu.cpp -o /dev/null -fopt-info-vec-all=/capstor/scratch/cscs/lhulsbergen/llr40_dace/vec/reports/quasi_affine_reduce_odd.canon_new.g++-13.bonsall.all
quasi_affine_reduce_odd,canon,new,g++-13,unsafe,True,1,reduction.h:974,1,reduction.h:973,,g++-13 -O3 -std=c++20 -fPIC -fno-math-errno -ffinite-math-only -fno-signaling-nans -fstrict-aliasing -faligned-new -fvect-cost-model=unlimited -fopenmp -funsafe-math-optimizations -I/capstor/scratch/cscs/lhulsbergen/venv_dace5cf/lib/python3.12/site-packages/dace/runtime/include -c /capstor/scratch/cscs/lhulsbergen/llr40_dace/emit/quasi_affine_reduce_odd/canon_new/src/cpu/canon_cpu.cpp -o /dev/null -fopt-info-vec-all=/capstor/scratch/cscs/lhulsbergen/llr40_dace/vec/reports/quasi_affine_reduce_odd.canon_new.g++-13.unsafe.all
quasi_affine_reduce_odd,canon,new,g++-13,harness,True,1,reduction.h:974,1,reduction.h:973,,g++-13 -march=native -fopenmp -fno-math-errno -fno-trapping-math -fno-signed-zeros -ffp-contract=fast -fstrict-aliasing -include /capstor/scratch/cscs/lhulsbergen/HPCAgent-Bench-dace/hpcagent_bench/envs/vecmath.h -Wall -Wextra -O3 -fPIC -fopenmp -std=c++20 -I/capstor/scratch/cscs/lhulsbergen/venv_dace5cf/lib/python3.12/site-packages/dace/runtime/include -c /capstor/scratch/cscs/lhulsbergen/llr40_dace/emit/quasi_affine_reduce_odd/canon_new/src/cpu/canon_cpu.cpp -o /dev/null -fopt-info-vec-all=/capstor/scratch/cscs/lhulsbergen/llr40_dace/vec/reports/quasi_affine_reduce_odd.canon_new.g++-13.harness.all
quasi_affine_reduce_odd,canon,new,g++-14,bonsall,True,1,reduction.h:974,1,reduction.h:973,,g++-14 -O3 -std=c++20 -fPIC -fno-math-errno -ffinite-math-only -fno-signaling-nans -fstrict-aliasing -faligned-new -fvect-cost-model=unlimited -fopenmp -I/capstor/scratch/cscs/lhulsbergen/venv_dace5cf/lib/python3.12/site-packages/dace/runtime/include -c /capstor/scratch/cscs/lhulsbergen/llr40_dace/emit/quasi_affine_reduce_odd/canon_new/src/cpu/canon_cpu.cpp -o /dev/null -fopt-info-vec-all=/capstor/scratch/cscs/lhulsbergen/llr40_dace/vec/reports/quasi_affine_reduce_odd.canon_new.g++-14.bonsall.all
quasi_affine_reduce_odd,canon,new,g++-14,unsafe,True,1,reduction.h:974,1,reduction.h:973,,g++-14 -O3 -std=c++20 -fPIC -fno-math-errno -ffinite-math-only -fno-signaling-nans -fstrict-aliasing -faligned-new -fvect-cost-model=unlimited -fopenmp -funsafe-math-optimizations -I/capstor/scratch/cscs/lhulsbergen/venv_dace5cf/lib/python3.12/site-packages/dace/runtime/include -c /capstor/scratch/cscs/lhulsbergen/llr40_dace/emit/quasi_affine_reduce_odd/canon_new/src/cpu/canon_cpu.cpp -o /dev/null -fopt-info-vec-all=/capstor/scratch/cscs/lhulsbergen/llr40_dace/vec/reports/quasi_affine_reduce_odd.canon_new.g++-14.unsafe.all
quasi_affine_reduce_odd,canon,new,g++-14,harness,True,1,reduction.h:974,1,reduction.h:973,,g++-14 -march=native -fopenmp -fno-math-errno -fno-trapping-math -fno-signed-zeros -ffp-contract=fast -fstrict-aliasing -include /capstor/scratch/cscs/lhulsbergen/HPCAgent-Bench-dace/hpcagent_bench/envs/vecmath.h -Wall -Wextra -O3 -fPIC -fopenmp -std=c++20 -I/capstor/scratch/cscs/lhulsbergen/venv_dace5cf/lib/python3.12/site-packages/dace/runtime/include -c /capstor/scratch/cscs/lhulsbergen/llr40_dace/emit/quasi_affine_reduce_odd/canon_new/src/cpu/canon_cpu.cpp -o /dev/null -fopt-info-vec-all=/capstor/scratch/cscs/lhulsbergen/llr40_dace/vec/reports/quasi_affine_reduce_odd.canon_new.g++-14.harness.all
quasi_affine_reduce_odd,canon,old,g++-13,bonsall,True,1,reduction.h:974,1,reduction.h:973,,g++-13 -O3 -std=c++20 -fPIC -fno-math-errno -ffinite-math-only -fno-signaling-nans -fstrict-aliasing -faligned-new -fvect-cost-model=unlimited -fopenmp -I/capstor/scratch/cscs/lhulsbergen/venv_dace5cf/lib/python3.12/site-packages/dace/runtime/include -c /capstor/scratch/cscs/lhulsbergen/llr40_dace/emit/quasi_affine_reduce_odd/canon_old/src/cpu/canon_cpu.cpp -o /dev/null -fopt-info-vec-all=/capstor/scratch/cscs/lhulsbergen/llr40_dace/vec/reports/quasi_affine_reduce_odd.canon_old.g++-13.bonsall.all
quasi_affine_reduce_odd,canon,old,g++-13,unsafe,True,1,reduction.h:974,1,reduction.h:973,,g++-13 -O3 -std=c++20 -fPIC -fno-math-errno -ffinite-math-only -fno-signaling-nans -fstrict-aliasing -faligned-new -fvect-cost-model=unlimited -fopenmp -funsafe-math-optimizations -I/capstor/scratch/cscs/lhulsbergen/venv_dace5cf/lib/python3.12/site-packages/dace/runtime/include -c /capstor/scratch/cscs/lhulsbergen/llr40_dace/emit/quasi_affine_reduce_odd/canon_old/src/cpu/canon_cpu.cpp -o /dev/null -fopt-info-vec-all=/capstor/scratch/cscs/lhulsbergen/llr40_dace/vec/reports/quasi_affine_reduce_odd.canon_old.g++-13.unsafe.all
quasi_affine_reduce_odd,canon,old,g++-13,harness,True,1,reduction.h:974,1,reduction.h:973,,g++-13 -march=native -fopenmp -fno-math-errno -fno-trapping-math -fno-signed-zeros -ffp-contract=fast -fstrict-aliasing -include /capstor/scratch/cscs/lhulsbergen/HPCAgent-Bench-dace/hpcagent_bench/envs/vecmath.h -Wall -Wextra -O3 -fPIC -fopenmp -std=c++20 -I/capstor/scratch/cscs/lhulsbergen/venv_dace5cf/lib/python3.12/site-packages/dace/runtime/include -c /capstor/scratch/cscs/lhulsbergen/llr40_dace/emit/quasi_affine_reduce_odd/canon_old/src/cpu/canon_cpu.cpp -o /dev/null -fopt-info-vec-all=/capstor/scratch/cscs/lhulsbergen/llr40_dace/vec/reports/quasi_affine_reduce_odd.canon_old.g++-13.harness.all
quasi_affine_reduce_odd,canon,old,g++-14,bonsall,True,1,reduction.h:974,1,reduction.h:973,,g++-14 -O3 -std=c++20 -fPIC -fno-math-errno -ffinite-math-only -fno-signaling-nans -fstrict-aliasing -faligned-new -fvect-cost-model=unlimited -fopenmp -I/capstor/scratch/cscs/lhulsbergen/venv_dace5cf/lib/python3.12/site-packages/dace/runtime/include -c /capstor/scratch/cscs/lhulsbergen/llr40_dace/emit/quasi_affine_reduce_odd/canon_old/src/cpu/canon_cpu.cpp -o /dev/null -fopt-info-vec-all=/capstor/scratch/cscs/lhulsbergen/llr40_dace/vec/reports/quasi_affine_reduce_odd.canon_old.g++-14.bonsall.all
quasi_affine_reduce_odd,canon,old,g++-14,unsafe,True,1,reduction.h:974,1,reduction.h:973,,g++-14 -O3 -std=c++20 -fPIC -fno-math-errno -ffinite-math-only -fno-signaling-nans -fstrict-aliasing -faligned-new -fvect-cost-model=unlimited -fopenmp -funsafe-math-optimizations -I/capstor/scratch/cscs/lhulsbergen/venv_dace5cf/lib/python3.12/site-packages/dace/runtime/include -c /capstor/scratch/cscs/lhulsbergen/llr40_dace/emit/quasi_affine_reduce_odd/canon_old/src/cpu/canon_cpu.cpp -o /dev/null -fopt-info-vec-all=/capstor/scratch/cscs/lhulsbergen/llr40_dace/vec/reports/quasi_affine_reduce_odd.canon_old.g++-14.unsafe.all
quasi_affine_reduce_odd,canon,old,g++-14,harness,True,1,reduction.h:974,1,reduction.h:973,,g++-14 -march=native -fopenmp -fno-math-errno -fno-trapping-math -fno-signed-zeros -ffp-contract=fast -fstrict-aliasing -include /capstor/scratch/cscs/lhulsbergen/HPCAgent-Bench-dace/hpcagent_bench/envs/vecmath.h -Wall -Wextra -O3 -fPIC -fopenmp -std=c++20 -I/capstor/scratch/cscs/lhulsbergen/venv_dace5cf/lib/python3.12/site-packages/dace/runtime/include -c /capstor/scratch/cscs/lhulsbergen/llr40_dace/emit/quasi_affine_reduce_odd/canon_old/src/cpu/canon_cpu.cpp -o /dev/null -fopt-info-vec-all=/capstor/scratch/cscs/lhulsbergen/llr40_dace/vec/reports/quasi_affine_reduce_odd.canon_old.g++-14.harness.all
quasi_affine_reduce_odd,none,legacy,g++-13,bonsall,True,1,canon_cpu.cpp:31,1,canon_cpu.cpp:46,,g++-13 -O3 -std=c++20 -fPIC -fno-math-errno -ffinite-math-only -fno-signaling-nans -fstrict-aliasing -faligned-new -fvect-cost-model=unlimited -fopenmp -I/capstor/scratch/cscs/lhulsbergen/venv_dace5cf/lib/python3.12/site-packages/dace/runtime/include -c /capstor/scratch/cscs/lhulsbergen/llr40_dace/emit/quasi_affine_reduce_odd/none_legacy/src/cpu/canon_cpu.cpp -o /dev/null -fopt-info-vec-all=/capstor/scratch/cscs/lhulsbergen/llr40_dace/vec/reports/quasi_affine_reduce_odd.none_legacy.g++-13.bonsall.all
quasi_affine_reduce_odd,none,legacy,g++-13,unsafe,True,1,canon_cpu.cpp:31,1,canon_cpu.cpp:46,,g++-13 -O3 -std=c++20 -fPIC -fno-math-errno -ffinite-math-only -fno-signaling-nans -fstrict-aliasing -faligned-new -fvect-cost-model=unlimited -fopenmp -funsafe-math-optimizations -I/capstor/scratch/cscs/lhulsbergen/venv_dace5cf/lib/python3.12/site-packages/dace/runtime/include -c /capstor/scratch/cscs/lhulsbergen/llr40_dace/emit/quasi_affine_reduce_odd/none_legacy/src/cpu/canon_cpu.cpp -o /dev/null -fopt-info-vec-all=/capstor/scratch/cscs/lhulsbergen/llr40_dace/vec/reports/quasi_affine_reduce_odd.none_legacy.g++-13.unsafe.all
quasi_affine_reduce_odd,none,legacy,g++-13,harness,True,0,,1,canon_cpu.cpp:31,,g++-13 -march=native -fopenmp -fno-math-errno -fno-trapping-math -fno-signed-zeros -ffp-contract=fast -fstrict-aliasing -include /capstor/scratch/cscs/lhulsbergen/HPCAgent-Bench-dace/hpcagent_bench/envs/vecmath.h -Wall -Wextra -O3 -fPIC -fopenmp -std=c++20 -I/capstor/scratch/cscs/lhulsbergen/venv_dace5cf/lib/python3.12/site-packages/dace/runtime/include -c /capstor/scratch/cscs/lhulsbergen/llr40_dace/emit/quasi_affine_reduce_odd/none_legacy/src/cpu/canon_cpu.cpp -o /dev/null -fopt-info-vec-all=/capstor/scratch/cscs/lhulsbergen/llr40_dace/vec/reports/quasi_affine_reduce_odd.none_legacy.g++-13.harness.all
quasi_affine_reduce_odd,none,legacy,g++-14,bonsall,True,1,canon_cpu.cpp:31,1,canon_cpu.cpp:46,,g++-14 -O3 -std=c++20 -fPIC -fno-math-errno -ffinite-math-only -fno-signaling-nans -fstrict-aliasing -faligned-new -fvect-cost-model=unlimited -fopenmp -I/capstor/scratch/cscs/lhulsbergen/venv_dace5cf/lib/python3.12/site-packages/dace/runtime/include -c /capstor/scratch/cscs/lhulsbergen/llr40_dace/emit/quasi_affine_reduce_odd/none_legacy/src/cpu/canon_cpu.cpp -o /dev/null -fopt-info-vec-all=/capstor/scratch/cscs/lhulsbergen/llr40_dace/vec/reports/quasi_affine_reduce_odd.none_legacy.g++-14.bonsall.all
quasi_affine_reduce_odd,none,legacy,g++-14,unsafe,True,1,canon_cpu.cpp:31,1,canon_cpu.cpp:46,,g++-14 -O3 -std=c++20 -fPIC -fno-math-errno -ffinite-math-only -fno-signaling-nans -fstrict-aliasing -faligned-new -fvect-cost-model=unlimited -fopenmp -funsafe-math-optimizations -I/capstor/scratch/cscs/lhulsbergen/venv_dace5cf/lib/python3.12/site-packages/dace/runtime/include -c /capstor/scratch/cscs/lhulsbergen/llr40_dace/emit/quasi_affine_reduce_odd/none_legacy/src/cpu/canon_cpu.cpp -o /dev/null -fopt-info-vec-all=/capstor/scratch/cscs/lhulsbergen/llr40_dace/vec/reports/quasi_affine_reduce_odd.none_legacy.g++-14.unsafe.all
quasi_affine_reduce_odd,none,legacy,g++-14,harness,True,0,,1,canon_cpu.cpp:31,,g++-14 -march=native -fopenmp -fno-math-errno -fno-trapping-math -fno-signed-zeros -ffp-contract=fast -fstrict-aliasing -include /capstor/scratch/cscs/lhulsbergen/HPCAgent-Bench-dace/hpcagent_bench/envs/vecmath.h -Wall -Wextra -O3 -fPIC -fopenmp -std=c++20 -I/capstor/scratch/cscs/lhulsbergen/venv_dace5cf/lib/python3.12/site-packages/dace/runtime/include -c /capstor/scratch/cscs/lhulsbergen/llr40_dace/emit/quasi_affine_reduce_odd/none_legacy/src/cpu/canon_cpu.cpp -o /dev/null -fopt-info-vec-all=/capstor/scratch/cscs/lhulsbergen/llr40_dace/vec/reports/quasi_affine_reduce_odd.none_legacy.g++-14.harness.all
quasi_affine_reduce_odd,none,new,g++-13,bonsall,True,1,canon_cpu.cpp:23,1,canon_cpu.cpp:27,,g++-13 -O3 -std=c++20 -fPIC -fno-math-errno -ffinite-math-only -fno-signaling-nans -fstrict-aliasing -faligned-new -fvect-cost-model=unlimited -fopenmp -I/capstor/scratch/cscs/lhulsbergen/venv_dace5cf/lib/python3.12/site-packages/dace/runtime/include -c /capstor/scratch/cscs/lhulsbergen/llr40_dace/emit/quasi_affine_reduce_odd/none_new/src/cpu/canon_cpu.cpp -o /dev/null -fopt-info-vec-all=/capstor/scratch/cscs/lhulsbergen/llr40_dace/vec/reports/quasi_affine_reduce_odd.none_new.g++-13.bonsall.all
quasi_affine_reduce_odd,none,new,g++-13,unsafe,True,1,canon_cpu.cpp:23,1,canon_cpu.cpp:27,,g++-13 -O3 -std=c++20 -fPIC -fno-math-errno -ffinite-math-only -fno-signaling-nans -fstrict-aliasing -faligned-new -fvect-cost-model=unlimited -fopenmp -funsafe-math-optimizations -I/capstor/scratch/cscs/lhulsbergen/venv_dace5cf/lib/python3.12/site-packages/dace/runtime/include -c /capstor/scratch/cscs/lhulsbergen/llr40_dace/emit/quasi_affine_reduce_odd/none_new/src/cpu/canon_cpu.cpp -o /dev/null -fopt-info-vec-all=/capstor/scratch/cscs/lhulsbergen/llr40_dace/vec/reports/quasi_affine_reduce_odd.none_new.g++-13.unsafe.all
quasi_affine_reduce_odd,none,new,g++-13,harness,True,0,,1,canon_cpu.cpp:23,,g++-13 -march=native -fopenmp -fno-math-errno -fno-trapping-math -fno-signed-zeros -ffp-contract=fast -fstrict-aliasing -include /capstor/scratch/cscs/lhulsbergen/HPCAgent-Bench-dace/hpcagent_bench/envs/vecmath.h -Wall -Wextra -O3 -fPIC -fopenmp -std=c++20 -I/capstor/scratch/cscs/lhulsbergen/venv_dace5cf/lib/python3.12/site-packages/dace/runtime/include -c /capstor/scratch/cscs/lhulsbergen/llr40_dace/emit/quasi_affine_reduce_odd/none_new/src/cpu/canon_cpu.cpp -o /dev/null -fopt-info-vec-all=/capstor/scratch/cscs/lhulsbergen/llr40_dace/vec/reports/quasi_affine_reduce_odd.none_new.g++-13.harness.all
quasi_affine_reduce_odd,none,new,g++-14,bonsall,True,1,canon_cpu.cpp:23,1,canon_cpu.cpp:27,,g++-14 -O3 -std=c++20 -fPIC -fno-math-errno -ffinite-math-only -fno-signaling-nans -fstrict-aliasing -faligned-new -fvect-cost-model=unlimited -fopenmp -I/capstor/scratch/cscs/lhulsbergen/venv_dace5cf/lib/python3.12/site-packages/dace/runtime/include -c /capstor/scratch/cscs/lhulsbergen/llr40_dace/emit/quasi_affine_reduce_odd/none_new/src/cpu/canon_cpu.cpp -o /dev/null -fopt-info-vec-all=/capstor/scratch/cscs/lhulsbergen/llr40_dace/vec/reports/quasi_affine_reduce_odd.none_new.g++-14.bonsall.all
quasi_affine_reduce_odd,none,new,g++-14,unsafe,True,1,canon_cpu.cpp:23,1,canon_cpu.cpp:27,,g++-14 -O3 -std=c++20 -fPIC -fno-math-errno -ffinite-math-only -fno-signaling-nans -fstrict-aliasing -faligned-new -fvect-cost-model=unlimited -fopenmp -funsafe-math-optimizations -I/capstor/scratch/cscs/lhulsbergen/venv_dace5cf/lib/python3.12/site-packages/dace/runtime/include -c /capstor/scratch/cscs/lhulsbergen/llr40_dace/emit/quasi_affine_reduce_odd/none_new/src/cpu/canon_cpu.cpp -o /dev/null -fopt-info-vec-all=/capstor/scratch/cscs/lhulsbergen/llr40_dace/vec/reports/quasi_affine_reduce_odd.none_new.g++-14.unsafe.all
quasi_affine_reduce_odd,none,new,g++-14,harness,True,0,,1,canon_cpu.cpp:23,,g++-14 -march=native -fopenmp -fno-math-errno -fno-trapping-math -fno-signed-zeros -ffp-contract=fast -fstrict-aliasing -include /capstor/scratch/cscs/lhulsbergen/HPCAgent-Bench-dace/hpcagent_bench/envs/vecmath.h -Wall -Wextra -O3 -fPIC -fopenmp -std=c++20 -I/capstor/scratch/cscs/lhulsbergen/venv_dace5cf/lib/python3.12/site-packages/dace/runtime/include -c /capstor/scratch/cscs/lhulsbergen/llr40_dace/emit/quasi_affine_reduce_odd/none_new/src/cpu/canon_cpu.cpp -o /dev/null -fopt-info-vec-all=/capstor/scratch/cscs/lhulsbergen/llr40_dace/vec/reports/quasi_affine_reduce_odd.none_new.g++-14.harness.all
quasi_affine_reduce_odd,none,old,g++-13,bonsall,True,0,,2,canon_cpu.cpp:31 canon_cpu.cpp:61,,g++-13 -O3 -std=c++20 -fPIC -fno-math-errno -ffinite-math-only -fno-signaling-nans -fstrict-aliasing -faligned-new -fvect-cost-model=unlimited -fopenmp -I/capstor/scratch/cscs/lhulsbergen/venv_dace5cf/lib/python3.12/site-packages/dace/runtime/include -c /capstor/scratch/cscs/lhulsbergen/llr40_dace/emit/quasi_affine_reduce_odd/none_old/src/cpu/canon_cpu.cpp -o /dev/null -fopt-info-vec-all=/capstor/scratch/cscs/lhulsbergen/llr40_dace/vec/reports/quasi_affine_reduce_odd.none_old.g++-13.bonsall.all
quasi_affine_reduce_odd,none,old,g++-13,unsafe,True,0,,2,canon_cpu.cpp:31 canon_cpu.cpp:61,,g++-13 -O3 -std=c++20 -fPIC -fno-math-errno -ffinite-math-only -fno-signaling-nans -fstrict-aliasing -faligned-new -fvect-cost-model=unlimited -fopenmp -funsafe-math-optimizations -I/capstor/scratch/cscs/lhulsbergen/venv_dace5cf/lib/python3.12/site-packages/dace/runtime/include -c /capstor/scratch/cscs/lhulsbergen/llr40_dace/emit/quasi_affine_reduce_odd/none_old/src/cpu/canon_cpu.cpp -o /dev/null -fopt-info-vec-all=/capstor/scratch/cscs/lhulsbergen/llr40_dace/vec/reports/quasi_affine_reduce_odd.none_old.g++-13.unsafe.all
quasi_affine_reduce_odd,none,old,g++-13,harness,True,0,,2,canon_cpu.cpp:31 canon_cpu.cpp:61,,g++-13 -march=native -fopenmp -fno-math-errno -fno-trapping-math -fno-signed-zeros -ffp-contract=fast -fstrict-aliasing -include /capstor/scratch/cscs/lhulsbergen/HPCAgent-Bench-dace/hpcagent_bench/envs/vecmath.h -Wall -Wextra -O3 -fPIC -fopenmp -std=c++20 -I/capstor/scratch/cscs/lhulsbergen/venv_dace5cf/lib/python3.12/site-packages/dace/runtime/include -c /capstor/scratch/cscs/lhulsbergen/llr40_dace/emit/quasi_affine_reduce_odd/none_old/src/cpu/canon_cpu.cpp -o /dev/null -fopt-info-vec-all=/capstor/scratch/cscs/lhulsbergen/llr40_dace/vec/reports/quasi_affine_reduce_odd.none_old.g++-13.harness.all
quasi_affine_reduce_odd,none,old,g++-14,bonsall,True,0,,2,canon_cpu.cpp:31 canon_cpu.cpp:61,,g++-14 -O3 -std=c++20 -fPIC -fno-math-errno -ffinite-math-only -fno-signaling-nans -fstrict-aliasing -faligned-new -fvect-cost-model=unlimited -fopenmp -I/capstor/scratch/cscs/lhulsbergen/venv_dace5cf/lib/python3.12/site-packages/dace/runtime/include -c /capstor/scratch/cscs/lhulsbergen/llr40_dace/emit/quasi_affine_reduce_odd/none_old/src/cpu/canon_cpu.cpp -o /dev/null -fopt-info-vec-all=/capstor/scratch/cscs/lhulsbergen/llr40_dace/vec/reports/quasi_affine_reduce_odd.none_old.g++-14.bonsall.all
quasi_affine_reduce_odd,none,old,g++-14,unsafe,True,0,,2,canon_cpu.cpp:31 canon_cpu.cpp:61,,g++-14 -O3 -std=c++20 -fPIC -fno-math-errno -ffinite-math-only -fno-signaling-nans -fstrict-aliasing -faligned-new -fvect-cost-model=unlimited -fopenmp -funsafe-math-optimizations -I/capstor/scratch/cscs/lhulsbergen/venv_dace5cf/lib/python3.12/site-packages/dace/runtime/include -c /capstor/scratch/cscs/lhulsbergen/llr40_dace/emit/quasi_affine_reduce_odd/none_old/src/cpu/canon_cpu.cpp -o /dev/null -fopt-info-vec-all=/capstor/scratch/cscs/lhulsbergen/llr40_dace/vec/reports/quasi_affine_reduce_odd.none_old.g++-14.unsafe.all
quasi_affine_reduce_odd,none,old,g++-14,harness,True,0,,2,canon_cpu.cpp:31 canon_cpu.cpp:61,,g++-14 -march=native -fopenmp -fno-math-errno -fno-trapping-math -fno-signed-zeros -ffp-contract=fast -fstrict-aliasing -include /capstor/scratch/cscs/lhulsbergen/HPCAgent-Bench-dace/hpcagent_bench/envs/vecmath.h -Wall -Wextra -O3 -fPIC -fopenmp -std=c++20 -I/capstor/scratch/cscs/lhulsbergen/venv_dace5cf/lib/python3.12/site-packages/dace/runtime/include -c /capstor/scratch/cscs/lhulsbergen/llr40_dace/emit/quasi_affine_reduce_odd/none_old/src/cpu/canon_cpu.cpp -o /dev/null -fopt-info-vec-all=/capstor/scratch/cscs/lhulsbergen/llr40_dace/vec/reports/quasi_affine_reduce_odd.none_old.g++-14.harness.all
scan_affine_decay,canon,legacy,g++-13,bonsall,True,0,,7,scan.hpp:284 scan.hpp:292 scan.hpp:322 scan.hpp:330 scan.hpp:332 scan.hpp:344 scan.hpp:345,,g++-13 -O3 -std=c++20 -fPIC -fno-math-errno -ffinite-math-only -fno-signaling-nans -fstrict-aliasing -faligned-new -fvect-cost-model=unlimited -fopenmp -I/capstor/scratch/cscs/lhulsbergen/venv_dace5cf/lib/python3.12/site-packages/dace/runtime/include -c /capstor/scratch/cscs/lhulsbergen/llr40_dace/emit/scan_affine_decay/canon_legacy/src/cpu/canon_cpu.cpp -o /dev/null -fopt-info-vec-all=/capstor/scratch/cscs/lhulsbergen/llr40_dace/vec/reports/scan_affine_decay.canon_legacy.g++-13.bonsall.all
scan_affine_decay,canon,legacy,g++-13,unsafe,True,0,,7,scan.hpp:284 scan.hpp:292 scan.hpp:322 scan.hpp:330 scan.hpp:332 scan.hpp:344 scan.hpp:345,,g++-13 -O3 -std=c++20 -fPIC -fno-math-errno -ffinite-math-only -fno-signaling-nans -fstrict-aliasing -faligned-new -fvect-cost-model=unlimited -fopenmp -funsafe-math-optimizations -I/capstor/scratch/cscs/lhulsbergen/venv_dace5cf/lib/python3.12/site-packages/dace/runtime/include -c /capstor/scratch/cscs/lhulsbergen/llr40_dace/emit/scan_affine_decay/canon_legacy/src/cpu/canon_cpu.cpp -o /dev/null -fopt-info-vec-all=/capstor/scratch/cscs/lhulsbergen/llr40_dace/vec/reports/scan_affine_decay.canon_legacy.g++-13.unsafe.all
scan_affine_decay,canon,legacy,g++-13,harness,True,0,,9,scan.hpp:277 scan.hpp:284 scan.hpp:292 scan.hpp:322 scan.hpp:330 scan.hpp:332 scan.hpp:344 scan.hpp:345 scan.hpp:609,,g++-13 -march=native -fopenmp -fno-math-errno -fno-trapping-math -fno-signed-zeros -ffp-contract=fast -fstrict-aliasing -include /capstor/scratch/cscs/lhulsbergen/HPCAgent-Bench-dace/hpcagent_bench/envs/vecmath.h -Wall -Wextra -O3 -fPIC -fopenmp -std=c++20 -I/capstor/scratch/cscs/lhulsbergen/venv_dace5cf/lib/python3.12/site-packages/dace/runtime/include -c /capstor/scratch/cscs/lhulsbergen/llr40_dace/emit/scan_affine_decay/canon_legacy/src/cpu/canon_cpu.cpp -o /dev/null -fopt-info-vec-all=/capstor/scratch/cscs/lhulsbergen/llr40_dace/vec/reports/scan_affine_decay.canon_legacy.g++-13.harness.all
scan_affine_decay,canon,legacy,g++-14,bonsall,True,0,,7,scan.hpp:284 scan.hpp:292 scan.hpp:322 scan.hpp:330 scan.hpp:332 scan.hpp:344 scan.hpp:345,,g++-14 -O3 -std=c++20 -fPIC -fno-math-errno -ffinite-math-only -fno-signaling-nans -fstrict-aliasing -faligned-new -fvect-cost-model=unlimited -fopenmp -I/capstor/scratch/cscs/lhulsbergen/venv_dace5cf/lib/python3.12/site-packages/dace/runtime/include -c /capstor/scratch/cscs/lhulsbergen/llr40_dace/emit/scan_affine_decay/canon_legacy/src/cpu/canon_cpu.cpp -o /dev/null -fopt-info-vec-all=/capstor/scratch/cscs/lhulsbergen/llr40_dace/vec/reports/scan_affine_decay.canon_legacy.g++-14.bonsall.all
scan_affine_decay,canon,legacy,g++-14,unsafe,True,0,,7,scan.hpp:284 scan.hpp:292 scan.hpp:322 scan.hpp:330 scan.hpp:332 scan.hpp:344 scan.hpp:345,,g++-14 -O3 -std=c++20 -fPIC -fno-math-errno -ffinite-math-only -fno-signaling-nans -fstrict-aliasing -faligned-new -fvect-cost-model=unlimited -fopenmp -funsafe-math-optimizations -I/capstor/scratch/cscs/lhulsbergen/venv_dace5cf/lib/python3.12/site-packages/dace/runtime/include -c /capstor/scratch/cscs/lhulsbergen/llr40_dace/emit/scan_affine_decay/canon_legacy/src/cpu/canon_cpu.cpp -o /dev/null -fopt-info-vec-all=/capstor/scratch/cscs/lhulsbergen/llr40_dace/vec/reports/scan_affine_decay.canon_legacy.g++-14.unsafe.all
scan_affine_decay,canon,legacy,g++-14,harness,True,0,,9,scan.hpp:277 scan.hpp:284 scan.hpp:292 scan.hpp:322 scan.hpp:330 scan.hpp:332 scan.hpp:344 scan.hpp:345 scan.hpp:609,,g++-14 -march=native -fopenmp -fno-math-errno -fno-trapping-math -fno-signed-zeros -ffp-contract=fast -fstrict-aliasing -include /capstor/scratch/cscs/lhulsbergen/HPCAgent-Bench-dace/hpcagent_bench/envs/vecmath.h -Wall -Wextra -O3 -fPIC -fopenmp -std=c++20 -I/capstor/scratch/cscs/lhulsbergen/venv_dace5cf/lib/python3.12/site-packages/dace/runtime/include -c /capstor/scratch/cscs/lhulsbergen/llr40_dace/emit/scan_affine_decay/canon_legacy/src/cpu/canon_cpu.cpp -o /dev/null -fopt-info-vec-all=/capstor/scratch/cscs/lhulsbergen/llr40_dace/vec/reports/scan_affine_decay.canon_legacy.g++-14.harness.all
scan_affine_decay,canon,new,g++-13,bonsall,True,0,,7,scan.hpp:284 scan.hpp:292 scan.hpp:322 scan.hpp:330 scan.hpp:332 scan.hpp:344 scan.hpp:345,,g++-13 -O3 -std=c++20 -fPIC -fno-math-errno -ffinite-math-only -fno-signaling-nans -fstrict-aliasing -faligned-new -fvect-cost-model=unlimited -fopenmp -I/capstor/scratch/cscs/lhulsbergen/venv_dace5cf/lib/python3.12/site-packages/dace/runtime/include -c /capstor/scratch/cscs/lhulsbergen/llr40_dace/emit/scan_affine_decay/canon_new/src/cpu/canon_cpu.cpp -o /dev/null -fopt-info-vec-all=/capstor/scratch/cscs/lhulsbergen/llr40_dace/vec/reports/scan_affine_decay.canon_new.g++-13.bonsall.all
scan_affine_decay,canon,new,g++-13,unsafe,True,0,,7,scan.hpp:284 scan.hpp:292 scan.hpp:322 scan.hpp:330 scan.hpp:332 scan.hpp:344 scan.hpp:345,,g++-13 -O3 -std=c++20 -fPIC -fno-math-errno -ffinite-math-only -fno-signaling-nans -fstrict-aliasing -faligned-new -fvect-cost-model=unlimited -fopenmp -funsafe-math-optimizations -I/capstor/scratch/cscs/lhulsbergen/venv_dace5cf/lib/python3.12/site-packages/dace/runtime/include -c /capstor/scratch/cscs/lhulsbergen/llr40_dace/emit/scan_affine_decay/canon_new/src/cpu/canon_cpu.cpp -o /dev/null -fopt-info-vec-all=/capstor/scratch/cscs/lhulsbergen/llr40_dace/vec/reports/scan_affine_decay.canon_new.g++-13.unsafe.all
scan_affine_decay,canon,new,g++-13,harness,True,0,,9,scan.hpp:277 scan.hpp:284 scan.hpp:292 scan.hpp:322 scan.hpp:330 scan.hpp:332 scan.hpp:344 scan.hpp:345 scan.hpp:609,,g++-13 -march=native -fopenmp -fno-math-errno -fno-trapping-math -fno-signed-zeros -ffp-contract=fast -fstrict-aliasing -include /capstor/scratch/cscs/lhulsbergen/HPCAgent-Bench-dace/hpcagent_bench/envs/vecmath.h -Wall -Wextra -O3 -fPIC -fopenmp -std=c++20 -I/capstor/scratch/cscs/lhulsbergen/venv_dace5cf/lib/python3.12/site-packages/dace/runtime/include -c /capstor/scratch/cscs/lhulsbergen/llr40_dace/emit/scan_affine_decay/canon_new/src/cpu/canon_cpu.cpp -o /dev/null -fopt-info-vec-all=/capstor/scratch/cscs/lhulsbergen/llr40_dace/vec/reports/scan_affine_decay.canon_new.g++-13.harness.all
scan_affine_decay,canon,new,g++-14,bonsall,True,0,,7,scan.hpp:284 scan.hpp:292 scan.hpp:322 scan.hpp:330 scan.hpp:332 scan.hpp:344 scan.hpp:345,,g++-14 -O3 -std=c++20 -fPIC -fno-math-errno -ffinite-math-only -fno-signaling-nans -fstrict-aliasing -faligned-new -fvect-cost-model=unlimited -fopenmp -I/capstor/scratch/cscs/lhulsbergen/venv_dace5cf/lib/python3.12/site-packages/dace/runtime/include -c /capstor/scratch/cscs/lhulsbergen/llr40_dace/emit/scan_affine_decay/canon_new/src/cpu/canon_cpu.cpp -o /dev/null -fopt-info-vec-all=/capstor/scratch/cscs/lhulsbergen/llr40_dace/vec/reports/scan_affine_decay.canon_new.g++-14.bonsall.all
scan_affine_decay,canon,new,g++-14,unsafe,True,0,,7,scan.hpp:284 scan.hpp:292 scan.hpp:322 scan.hpp:330 scan.hpp:332 scan.hpp:344 scan.hpp:345,,g++-14 -O3 -std=c++20 -fPIC -fno-math-errno -ffinite-math-only -fno-signaling-nans -fstrict-aliasing -faligned-new -fvect-cost-model=unlimited -fopenmp -funsafe-math-optimizations -I/capstor/scratch/cscs/lhulsbergen/venv_dace5cf/lib/python3.12/site-packages/dace/runtime/include -c /capstor/scratch/cscs/lhulsbergen/llr40_dace/emit/scan_affine_decay/canon_new/src/cpu/canon_cpu.cpp -o /dev/null -fopt-info-vec-all=/capstor/scratch/cscs/lhulsbergen/llr40_dace/vec/reports/scan_affine_decay.canon_new.g++-14.unsafe.all
scan_affine_decay,canon,new,g++-14,harness,True,0,,9,scan.hpp:277 scan.hpp:284 scan.hpp:292 scan.hpp:322 scan.hpp:330 scan.hpp:332 scan.hpp:344 scan.hpp:345 scan.hpp:609,,g++-14 -march=native -fopenmp -fno-math-errno -fno-trapping-math -fno-signed-zeros -ffp-contract=fast -fstrict-aliasing -include /capstor/scratch/cscs/lhulsbergen/HPCAgent-Bench-dace/hpcagent_bench/envs/vecmath.h -Wall -Wextra -O3 -fPIC -fopenmp -std=c++20 -I/capstor/scratch/cscs/lhulsbergen/venv_dace5cf/lib/python3.12/site-packages/dace/runtime/include -c /capstor/scratch/cscs/lhulsbergen/llr40_dace/emit/scan_affine_decay/canon_new/src/cpu/canon_cpu.cpp -o /dev/null -fopt-info-vec-all=/capstor/scratch/cscs/lhulsbergen/llr40_dace/vec/reports/scan_affine_decay.canon_new.g++-14.harness.all
scan_affine_decay,canon,old,g++-13,bonsall,True,0,,7,scan.hpp:284 scan.hpp:292 scan.hpp:322 scan.hpp:330 scan.hpp:332 scan.hpp:344 scan.hpp:345,,g++-13 -O3 -std=c++20 -fPIC -fno-math-errno -ffinite-math-only -fno-signaling-nans -fstrict-aliasing -faligned-new -fvect-cost-model=unlimited -fopenmp -I/capstor/scratch/cscs/lhulsbergen/venv_dace5cf/lib/python3.12/site-packages/dace/runtime/include -c /capstor/scratch/cscs/lhulsbergen/llr40_dace/emit/scan_affine_decay/canon_old/src/cpu/canon_cpu.cpp -o /dev/null -fopt-info-vec-all=/capstor/scratch/cscs/lhulsbergen/llr40_dace/vec/reports/scan_affine_decay.canon_old.g++-13.bonsall.all
scan_affine_decay,canon,old,g++-13,unsafe,True,0,,7,scan.hpp:284 scan.hpp:292 scan.hpp:322 scan.hpp:330 scan.hpp:332 scan.hpp:344 scan.hpp:345,,g++-13 -O3 -std=c++20 -fPIC -fno-math-errno -ffinite-math-only -fno-signaling-nans -fstrict-aliasing -faligned-new -fvect-cost-model=unlimited -fopenmp -funsafe-math-optimizations -I/capstor/scratch/cscs/lhulsbergen/venv_dace5cf/lib/python3.12/site-packages/dace/runtime/include -c /capstor/scratch/cscs/lhulsbergen/llr40_dace/emit/scan_affine_decay/canon_old/src/cpu/canon_cpu.cpp -o /dev/null -fopt-info-vec-all=/capstor/scratch/cscs/lhulsbergen/llr40_dace/vec/reports/scan_affine_decay.canon_old.g++-13.unsafe.all
scan_affine_decay,canon,old,g++-13,harness,True,0,,9,scan.hpp:277 scan.hpp:284 scan.hpp:292 scan.hpp:322 scan.hpp:330 scan.hpp:332 scan.hpp:344 scan.hpp:345 scan.hpp:609,,g++-13 -march=native -fopenmp -fno-math-errno -fno-trapping-math -fno-signed-zeros -ffp-contract=fast -fstrict-aliasing -include /capstor/scratch/cscs/lhulsbergen/HPCAgent-Bench-dace/hpcagent_bench/envs/vecmath.h -Wall -Wextra -O3 -fPIC -fopenmp -std=c++20 -I/capstor/scratch/cscs/lhulsbergen/venv_dace5cf/lib/python3.12/site-packages/dace/runtime/include -c /capstor/scratch/cscs/lhulsbergen/llr40_dace/emit/scan_affine_decay/canon_old/src/cpu/canon_cpu.cpp -o /dev/null -fopt-info-vec-all=/capstor/scratch/cscs/lhulsbergen/llr40_dace/vec/reports/scan_affine_decay.canon_old.g++-13.harness.all
scan_affine_decay,canon,old,g++-14,bonsall,True,0,,7,scan.hpp:284 scan.hpp:292 scan.hpp:322 scan.hpp:330 scan.hpp:332 scan.hpp:344 scan.hpp:345,,g++-14 -O3 -std=c++20 -fPIC -fno-math-errno -ffinite-math-only -fno-signaling-nans -fstrict-aliasing -faligned-new -fvect-cost-model=unlimited -fopenmp -I/capstor/scratch/cscs/lhulsbergen/venv_dace5cf/lib/python3.12/site-packages/dace/runtime/include -c /capstor/scratch/cscs/lhulsbergen/llr40_dace/emit/scan_affine_decay/canon_old/src/cpu/canon_cpu.cpp -o /dev/null -fopt-info-vec-all=/capstor/scratch/cscs/lhulsbergen/llr40_dace/vec/reports/scan_affine_decay.canon_old.g++-14.bonsall.all
scan_affine_decay,canon,old,g++-14,unsafe,True,0,,7,scan.hpp:284 scan.hpp:292 scan.hpp:322 scan.hpp:330 scan.hpp:332 scan.hpp:344 scan.hpp:345,,g++-14 -O3 -std=c++20 -fPIC -fno-math-errno -ffinite-math-only -fno-signaling-nans -fstrict-aliasing -faligned-new -fvect-cost-model=unlimited -fopenmp -funsafe-math-optimizations -I/capstor/scratch/cscs/lhulsbergen/venv_dace5cf/lib/python3.12/site-packages/dace/runtime/include -c /capstor/scratch/cscs/lhulsbergen/llr40_dace/emit/scan_affine_decay/canon_old/src/cpu/canon_cpu.cpp -o /dev/null -fopt-info-vec-all=/capstor/scratch/cscs/lhulsbergen/llr40_dace/vec/reports/scan_affine_decay.canon_old.g++-14.unsafe.all
scan_affine_decay,canon,old,g++-14,harness,True,0,,9,scan.hpp:277 scan.hpp:284 scan.hpp:292 scan.hpp:322 scan.hpp:330 scan.hpp:332 scan.hpp:344 scan.hpp:345 scan.hpp:609,,g++-14 -march=native -fopenmp -fno-math-errno -fno-trapping-math -fno-signed-zeros -ffp-contract=fast -fstrict-aliasing -include /capstor/scratch/cscs/lhulsbergen/HPCAgent-Bench-dace/hpcagent_bench/envs/vecmath.h -Wall -Wextra -O3 -fPIC -fopenmp -std=c++20 -I/capstor/scratch/cscs/lhulsbergen/venv_dace5cf/lib/python3.12/site-packages/dace/runtime/include -c /capstor/scratch/cscs/lhulsbergen/llr40_dace/emit/scan_affine_decay/canon_old/src/cpu/canon_cpu.cpp -o /dev/null -fopt-info-vec-all=/capstor/scratch/cscs/lhulsbergen/llr40_dace/vec/reports/scan_affine_decay.canon_old.g++-14.harness.all
scan_affine_decay,none,legacy,g++-13,bonsall,True,0,,1,canon_cpu.cpp:19,,g++-13 -O3 -std=c++20 -fPIC -fno-math-errno -ffinite-math-only -fno-signaling-nans -fstrict-aliasing -faligned-new -fvect-cost-model=unlimited -fopenmp -I/capstor/scratch/cscs/lhulsbergen/venv_dace5cf/lib/python3.12/site-packages/dace/runtime/include -c /capstor/scratch/cscs/lhulsbergen/llr40_dace/emit/scan_affine_decay/none_legacy/src/cpu/canon_cpu.cpp -o /dev/null -fopt-info-vec-all=/capstor/scratch/cscs/lhulsbergen/llr40_dace/vec/reports/scan_affine_decay.none_legacy.g++-13.bonsall.all
scan_affine_decay,none,legacy,g++-13,unsafe,True,0,,1,canon_cpu.cpp:19,,g++-13 -O3 -std=c++20 -fPIC -fno-math-errno -ffinite-math-only -fno-signaling-nans -fstrict-aliasing -faligned-new -fvect-cost-model=unlimited -fopenmp -funsafe-math-optimizations -I/capstor/scratch/cscs/lhulsbergen/venv_dace5cf/lib/python3.12/site-packages/dace/runtime/include -c /capstor/scratch/cscs/lhulsbergen/llr40_dace/emit/scan_affine_decay/none_legacy/src/cpu/canon_cpu.cpp -o /dev/null -fopt-info-vec-all=/capstor/scratch/cscs/lhulsbergen/llr40_dace/vec/reports/scan_affine_decay.none_legacy.g++-13.unsafe.all
scan_affine_decay,none,legacy,g++-13,harness,True,0,,1,canon_cpu.cpp:19,,g++-13 -march=native -fopenmp -fno-math-errno -fno-trapping-math -fno-signed-zeros -ffp-contract=fast -fstrict-aliasing -include /capstor/scratch/cscs/lhulsbergen/HPCAgent-Bench-dace/hpcagent_bench/envs/vecmath.h -Wall -Wextra -O3 -fPIC -fopenmp -std=c++20 -I/capstor/scratch/cscs/lhulsbergen/venv_dace5cf/lib/python3.12/site-packages/dace/runtime/include -c /capstor/scratch/cscs/lhulsbergen/llr40_dace/emit/scan_affine_decay/none_legacy/src/cpu/canon_cpu.cpp -o /dev/null -fopt-info-vec-all=/capstor/scratch/cscs/lhulsbergen/llr40_dace/vec/reports/scan_affine_decay.none_legacy.g++-13.harness.all
scan_affine_decay,none,legacy,g++-14,bonsall,True,0,,1,canon_cpu.cpp:19,,g++-14 -O3 -std=c++20 -fPIC -fno-math-errno -ffinite-math-only -fno-signaling-nans -fstrict-aliasing -faligned-new -fvect-cost-model=unlimited -fopenmp -I/capstor/scratch/cscs/lhulsbergen/venv_dace5cf/lib/python3.12/site-packages/dace/runtime/include -c /capstor/scratch/cscs/lhulsbergen/llr40_dace/emit/scan_affine_decay/none_legacy/src/cpu/canon_cpu.cpp -o /dev/null -fopt-info-vec-all=/capstor/scratch/cscs/lhulsbergen/llr40_dace/vec/reports/scan_affine_decay.none_legacy.g++-14.bonsall.all
scan_affine_decay,none,legacy,g++-14,unsafe,True,0,,1,canon_cpu.cpp:19,,g++-14 -O3 -std=c++20 -fPIC -fno-math-errno -ffinite-math-only -fno-signaling-nans -fstrict-aliasing -faligned-new -fvect-cost-model=unlimited -fopenmp -funsafe-math-optimizations -I/capstor/scratch/cscs/lhulsbergen/venv_dace5cf/lib/python3.12/site-packages/dace/runtime/include -c /capstor/scratch/cscs/lhulsbergen/llr40_dace/emit/scan_affine_decay/none_legacy/src/cpu/canon_cpu.cpp -o /dev/null -fopt-info-vec-all=/capstor/scratch/cscs/lhulsbergen/llr40_dace/vec/reports/scan_affine_decay.none_legacy.g++-14.unsafe.all
scan_affine_decay,none,legacy,g++-14,harness,True,0,,1,canon_cpu.cpp:19,,g++-14 -march=native -fopenmp -fno-math-errno -fno-trapping-math -fno-signed-zeros -ffp-contract=fast -fstrict-aliasing -include /capstor/scratch/cscs/lhulsbergen/HPCAgent-Bench-dace/hpcagent_bench/envs/vecmath.h -Wall -Wextra -O3 -fPIC -fopenmp -std=c++20 -I/capstor/scratch/cscs/lhulsbergen/venv_dace5cf/lib/python3.12/site-packages/dace/runtime/include -c /capstor/scratch/cscs/lhulsbergen/llr40_dace/emit/scan_affine_decay/none_legacy/src/cpu/canon_cpu.cpp -o /dev/null -fopt-info-vec-all=/capstor/scratch/cscs/lhulsbergen/llr40_dace/vec/reports/scan_affine_decay.none_legacy.g++-14.harness.all
scan_affine_decay,none,new,g++-13,bonsall,True,0,,1,canon_cpu.cpp:21,,g++-13 -O3 -std=c++20 -fPIC -fno-math-errno -ffinite-math-only -fno-signaling-nans -fstrict-aliasing -faligned-new -fvect-cost-model=unlimited -fopenmp -I/capstor/scratch/cscs/lhulsbergen/venv_dace5cf/lib/python3.12/site-packages/dace/runtime/include -c /capstor/scratch/cscs/lhulsbergen/llr40_dace/emit/scan_affine_decay/none_new/src/cpu/canon_cpu.cpp -o /dev/null -fopt-info-vec-all=/capstor/scratch/cscs/lhulsbergen/llr40_dace/vec/reports/scan_affine_decay.none_new.g++-13.bonsall.all
scan_affine_decay,none,new,g++-13,unsafe,True,0,,1,canon_cpu.cpp:21,,g++-13 -O3 -std=c++20 -fPIC -fno-math-errno -ffinite-math-only -fno-signaling-nans -fstrict-aliasing -faligned-new -fvect-cost-model=unlimited -fopenmp -funsafe-math-optimizations -I/capstor/scratch/cscs/lhulsbergen/venv_dace5cf/lib/python3.12/site-packages/dace/runtime/include -c /capstor/scratch/cscs/lhulsbergen/llr40_dace/emit/scan_affine_decay/none_new/src/cpu/canon_cpu.cpp -o /dev/null -fopt-info-vec-all=/capstor/scratch/cscs/lhulsbergen/llr40_dace/vec/reports/scan_affine_decay.none_new.g++-13.unsafe.all
scan_affine_decay,none,new,g++-13,harness,True,0,,1,canon_cpu.cpp:21,,g++-13 -march=native -fopenmp -fno-math-errno -fno-trapping-math -fno-signed-zeros -ffp-contract=fast -fstrict-aliasing -include /capstor/scratch/cscs/lhulsbergen/HPCAgent-Bench-dace/hpcagent_bench/envs/vecmath.h -Wall -Wextra -O3 -fPIC -fopenmp -std=c++20 -I/capstor/scratch/cscs/lhulsbergen/venv_dace5cf/lib/python3.12/site-packages/dace/runtime/include -c /capstor/scratch/cscs/lhulsbergen/llr40_dace/emit/scan_affine_decay/none_new/src/cpu/canon_cpu.cpp -o /dev/null -fopt-info-vec-all=/capstor/scratch/cscs/lhulsbergen/llr40_dace/vec/reports/scan_affine_decay.none_new.g++-13.harness.all
scan_affine_decay,none,new,g++-14,bonsall,True,0,,1,canon_cpu.cpp:21,,g++-14 -O3 -std=c++20 -fPIC -fno-math-errno -ffinite-math-only -fno-signaling-nans -fstrict-aliasing -faligned-new -fvect-cost-model=unlimited -fopenmp -I/capstor/scratch/cscs/lhulsbergen/venv_dace5cf/lib/python3.12/site-packages/dace/runtime/include -c /capstor/scratch/cscs/lhulsbergen/llr40_dace/emit/scan_affine_decay/none_new/src/cpu/canon_cpu.cpp -o /dev/null -fopt-info-vec-all=/capstor/scratch/cscs/lhulsbergen/llr40_dace/vec/reports/scan_affine_decay.none_new.g++-14.bonsall.all
scan_affine_decay,none,new,g++-14,unsafe,True,0,,1,canon_cpu.cpp:21,,g++-14 -O3 -std=c++20 -fPIC -fno-math-errno -ffinite-math-only -fno-signaling-nans -fstrict-aliasing -faligned-new -fvect-cost-model=unlimited -fopenmp -funsafe-math-optimizations -I/capstor/scratch/cscs/lhulsbergen/venv_dace5cf/lib/python3.12/site-packages/dace/runtime/include -c /capstor/scratch/cscs/lhulsbergen/llr40_dace/emit/scan_affine_decay/none_new/src/cpu/canon_cpu.cpp -o /dev/null -fopt-info-vec-all=/capstor/scratch/cscs/lhulsbergen/llr40_dace/vec/reports/scan_affine_decay.none_new.g++-14.unsafe.all
scan_affine_decay,none,new,g++-14,harness,True,0,,1,canon_cpu.cpp:21,,g++-14 -march=native -fopenmp -fno-math-errno -fno-trapping-math -fno-signed-zeros -ffp-contract=fast -fstrict-aliasing -include /capstor/scratch/cscs/lhulsbergen/HPCAgent-Bench-dace/hpcagent_bench/envs/vecmath.h -Wall -Wextra -O3 -fPIC -fopenmp -std=c++20 -I/capstor/scratch/cscs/lhulsbergen/venv_dace5cf/lib/python3.12/site-packages/dace/runtime/include -c /capstor/scratch/cscs/lhulsbergen/llr40_dace/emit/scan_affine_decay/none_new/src/cpu/canon_cpu.cpp -o /dev/null -fopt-info-vec-all=/capstor/scratch/cscs/lhulsbergen/llr40_dace/vec/reports/scan_affine_decay.none_new.g++-14.harness.all
scan_affine_decay,none,old,g++-13,bonsall,True,0,,1,canon_cpu.cpp:19,,g++-13 -O3 -std=c++20 -fPIC -fno-math-errno -ffinite-math-only -fno-signaling-nans -fstrict-aliasing -faligned-new -fvect-cost-model=unlimited -fopenmp -I/capstor/scratch/cscs/lhulsbergen/venv_dace5cf/lib/python3.12/site-packages/dace/runtime/include -c /capstor/scratch/cscs/lhulsbergen/llr40_dace/emit/scan_affine_decay/none_old/src/cpu/canon_cpu.cpp -o /dev/null -fopt-info-vec-all=/capstor/scratch/cscs/lhulsbergen/llr40_dace/vec/reports/scan_affine_decay.none_old.g++-13.bonsall.all
scan_affine_decay,none,old,g++-13,unsafe,True,0,,1,canon_cpu.cpp:19,,g++-13 -O3 -std=c++20 -fPIC -fno-math-errno -ffinite-math-only -fno-signaling-nans -fstrict-aliasing -faligned-new -fvect-cost-model=unlimited -fopenmp -funsafe-math-optimizations -I/capstor/scratch/cscs/lhulsbergen/venv_dace5cf/lib/python3.12/site-packages/dace/runtime/include -c /capstor/scratch/cscs/lhulsbergen/llr40_dace/emit/scan_affine_decay/none_old/src/cpu/canon_cpu.cpp -o /dev/null -fopt-info-vec-all=/capstor/scratch/cscs/lhulsbergen/llr40_dace/vec/reports/scan_affine_decay.none_old.g++-13.unsafe.all
scan_affine_decay,none,old,g++-13,harness,True,0,,1,canon_cpu.cpp:19,,g++-13 -march=native -fopenmp -fno-math-errno -fno-trapping-math -fno-signed-zeros -ffp-contract=fast -fstrict-aliasing -include /capstor/scratch/cscs/lhulsbergen/HPCAgent-Bench-dace/hpcagent_bench/envs/vecmath.h -Wall -Wextra -O3 -fPIC -fopenmp -std=c++20 -I/capstor/scratch/cscs/lhulsbergen/venv_dace5cf/lib/python3.12/site-packages/dace/runtime/include -c /capstor/scratch/cscs/lhulsbergen/llr40_dace/emit/scan_affine_decay/none_old/src/cpu/canon_cpu.cpp -o /dev/null -fopt-info-vec-all=/capstor/scratch/cscs/lhulsbergen/llr40_dace/vec/reports/scan_affine_decay.none_old.g++-13.harness.all
scan_affine_decay,none,old,g++-14,bonsall,True,0,,1,canon_cpu.cpp:19,,g++-14 -O3 -std=c++20 -fPIC -fno-math-errno -ffinite-math-only -fno-signaling-nans -fstrict-aliasing -faligned-new -fvect-cost-model=unlimited -fopenmp -I/capstor/scratch/cscs/lhulsbergen/venv_dace5cf/lib/python3.12/site-packages/dace/runtime/include -c /capstor/scratch/cscs/lhulsbergen/llr40_dace/emit/scan_affine_decay/none_old/src/cpu/canon_cpu.cpp -o /dev/null -fopt-info-vec-all=/capstor/scratch/cscs/lhulsbergen/llr40_dace/vec/reports/scan_affine_decay.none_old.g++-14.bonsall.all
scan_affine_decay,none,old,g++-14,unsafe,True,0,,1,canon_cpu.cpp:19,,g++-14 -O3 -std=c++20 -fPIC -fno-math-errno -ffinite-math-only -fno-signaling-nans -fstrict-aliasing -faligned-new -fvect-cost-model=unlimited -fopenmp -funsafe-math-optimizations -I/capstor/scratch/cscs/lhulsbergen/venv_dace5cf/lib/python3.12/site-packages/dace/runtime/include -c /capstor/scratch/cscs/lhulsbergen/llr40_dace/emit/scan_affine_decay/none_old/src/cpu/canon_cpu.cpp -o /dev/null -fopt-info-vec-all=/capstor/scratch/cscs/lhulsbergen/llr40_dace/vec/reports/scan_affine_decay.none_old.g++-14.unsafe.all
scan_affine_decay,none,old,g++-14,harness,True,0,,1,canon_cpu.cpp:19,,g++-14 -march=native -fopenmp -fno-math-errno -fno-trapping-math -fno-signed-zeros -ffp-contract=fast -fstrict-aliasing -include /capstor/scratch/cscs/lhulsbergen/HPCAgent-Bench-dace/hpcagent_bench/envs/vecmath.h -Wall -Wextra -O3 -fPIC -fopenmp -std=c++20 -I/capstor/scratch/cscs/lhulsbergen/venv_dace5cf/lib/python3.12/site-packages/dace/runtime/include -c /capstor/scratch/cscs/lhulsbergen/llr40_dace/emit/scan_affine_decay/none_old/src/cpu/canon_cpu.cpp -o /dev/null -fopt-info-vec-all=/capstor/scratch/cscs/lhulsbergen/llr40_dace/vec/reports/scan_affine_decay.none_old.g++-14.harness.all
scatter_accum_dup,canon,legacy,g++-13,bonsall,True,0,,3,canon_cpu.cpp:13 canon_cpu.cpp:53 reduction.h:216,,g++-13 -O3 -std=c++20 -fPIC -fno-math-errno -ffinite-math-only -fno-signaling-nans -fstrict-aliasing -faligned-new -fvect-cost-model=unlimited -fopenmp -I/capstor/scratch/cscs/lhulsbergen/venv_dace5cf/lib/python3.12/site-packages/dace/runtime/include -c /capstor/scratch/cscs/lhulsbergen/llr40_dace/emit/scatter_accum_dup/canon_legacy/src/cpu/canon_cpu.cpp -o /dev/null -fopt-info-vec-all=/capstor/scratch/cscs/lhulsbergen/llr40_dace/vec/reports/scatter_accum_dup.canon_legacy.g++-13.bonsall.all
scatter_accum_dup,canon,legacy,g++-13,unsafe,True,0,,3,canon_cpu.cpp:13 canon_cpu.cpp:53 reduction.h:216,,g++-13 -O3 -std=c++20 -fPIC -fno-math-errno -ffinite-math-only -fno-signaling-nans -fstrict-aliasing -faligned-new -fvect-cost-model=unlimited -fopenmp -funsafe-math-optimizations -I/capstor/scratch/cscs/lhulsbergen/venv_dace5cf/lib/python3.12/site-packages/dace/runtime/include -c /capstor/scratch/cscs/lhulsbergen/llr40_dace/emit/scatter_accum_dup/canon_legacy/src/cpu/canon_cpu.cpp -o /dev/null -fopt-info-vec-all=/capstor/scratch/cscs/lhulsbergen/llr40_dace/vec/reports/scatter_accum_dup.canon_legacy.g++-13.unsafe.all
scatter_accum_dup,canon,legacy,g++-13,harness,True,0,,3,canon_cpu.cpp:13 canon_cpu.cpp:53 reduction.h:216,,g++-13 -march=native -fopenmp -fno-math-errno -fno-trapping-math -fno-signed-zeros -ffp-contract=fast -fstrict-aliasing -include /capstor/scratch/cscs/lhulsbergen/HPCAgent-Bench-dace/hpcagent_bench/envs/vecmath.h -Wall -Wextra -O3 -fPIC -fopenmp -std=c++20 -I/capstor/scratch/cscs/lhulsbergen/venv_dace5cf/lib/python3.12/site-packages/dace/runtime/include -c /capstor/scratch/cscs/lhulsbergen/llr40_dace/emit/scatter_accum_dup/canon_legacy/src/cpu/canon_cpu.cpp -o /dev/null -fopt-info-vec-all=/capstor/scratch/cscs/lhulsbergen/llr40_dace/vec/reports/scatter_accum_dup.canon_legacy.g++-13.harness.all
scatter_accum_dup,canon,legacy,g++-14,bonsall,True,0,,3,canon_cpu.cpp:13 canon_cpu.cpp:53 reduction.h:216,,g++-14 -O3 -std=c++20 -fPIC -fno-math-errno -ffinite-math-only -fno-signaling-nans -fstrict-aliasing -faligned-new -fvect-cost-model=unlimited -fopenmp -I/capstor/scratch/cscs/lhulsbergen/venv_dace5cf/lib/python3.12/site-packages/dace/runtime/include -c /capstor/scratch/cscs/lhulsbergen/llr40_dace/emit/scatter_accum_dup/canon_legacy/src/cpu/canon_cpu.cpp -o /dev/null -fopt-info-vec-all=/capstor/scratch/cscs/lhulsbergen/llr40_dace/vec/reports/scatter_accum_dup.canon_legacy.g++-14.bonsall.all
scatter_accum_dup,canon,legacy,g++-14,unsafe,True,0,,3,canon_cpu.cpp:13 canon_cpu.cpp:53 reduction.h:216,,g++-14 -O3 -std=c++20 -fPIC -fno-math-errno -ffinite-math-only -fno-signaling-nans -fstrict-aliasing -faligned-new -fvect-cost-model=unlimited -fopenmp -funsafe-math-optimizations -I/capstor/scratch/cscs/lhulsbergen/venv_dace5cf/lib/python3.12/site-packages/dace/runtime/include -c /capstor/scratch/cscs/lhulsbergen/llr40_dace/emit/scatter_accum_dup/canon_legacy/src/cpu/canon_cpu.cpp -o /dev/null -fopt-info-vec-all=/capstor/scratch/cscs/lhulsbergen/llr40_dace/vec/reports/scatter_accum_dup.canon_legacy.g++-14.unsafe.all
scatter_accum_dup,canon,legacy,g++-14,harness,True,0,,3,canon_cpu.cpp:13 canon_cpu.cpp:53 reduction.h:216,,g++-14 -march=native -fopenmp -fno-math-errno -fno-trapping-math -fno-signed-zeros -ffp-contract=fast -fstrict-aliasing -include /capstor/scratch/cscs/lhulsbergen/HPCAgent-Bench-dace/hpcagent_bench/envs/vecmath.h -Wall -Wextra -O3 -fPIC -fopenmp -std=c++20 -I/capstor/scratch/cscs/lhulsbergen/venv_dace5cf/lib/python3.12/site-packages/dace/runtime/include -c /capstor/scratch/cscs/lhulsbergen/llr40_dace/emit/scatter_accum_dup/canon_legacy/src/cpu/canon_cpu.cpp -o /dev/null -fopt-info-vec-all=/capstor/scratch/cscs/lhulsbergen/llr40_dace/vec/reports/scatter_accum_dup.canon_legacy.g++-14.harness.all
scatter_accum_dup,canon,new,g++-13,bonsall,True,0,,3,canon_cpu.cpp:14 canon_cpu.cpp:37 reduction.h:216,,g++-13 -O3 -std=c++20 -fPIC -fno-math-errno -ffinite-math-only -fno-signaling-nans -fstrict-aliasing -faligned-new -fvect-cost-model=unlimited -fopenmp -I/capstor/scratch/cscs/lhulsbergen/venv_dace5cf/lib/python3.12/site-packages/dace/runtime/include -c /capstor/scratch/cscs/lhulsbergen/llr40_dace/emit/scatter_accum_dup/canon_new/src/cpu/canon_cpu.cpp -o /dev/null -fopt-info-vec-all=/capstor/scratch/cscs/lhulsbergen/llr40_dace/vec/reports/scatter_accum_dup.canon_new.g++-13.bonsall.all
scatter_accum_dup,canon,new,g++-13,unsafe,True,0,,3,canon_cpu.cpp:14 canon_cpu.cpp:37 reduction.h:216,,g++-13 -O3 -std=c++20 -fPIC -fno-math-errno -ffinite-math-only -fno-signaling-nans -fstrict-aliasing -faligned-new -fvect-cost-model=unlimited -fopenmp -funsafe-math-optimizations -I/capstor/scratch/cscs/lhulsbergen/venv_dace5cf/lib/python3.12/site-packages/dace/runtime/include -c /capstor/scratch/cscs/lhulsbergen/llr40_dace/emit/scatter_accum_dup/canon_new/src/cpu/canon_cpu.cpp -o /dev/null -fopt-info-vec-all=/capstor/scratch/cscs/lhulsbergen/llr40_dace/vec/reports/scatter_accum_dup.canon_new.g++-13.unsafe.all
scatter_accum_dup,canon,new,g++-13,harness,True,0,,3,canon_cpu.cpp:14 canon_cpu.cpp:37 reduction.h:216,,g++-13 -march=native -fopenmp -fno-math-errno -fno-trapping-math -fno-signed-zeros -ffp-contract=fast -fstrict-aliasing -include /capstor/scratch/cscs/lhulsbergen/HPCAgent-Bench-dace/hpcagent_bench/envs/vecmath.h -Wall -Wextra -O3 -fPIC -fopenmp -std=c++20 -I/capstor/scratch/cscs/lhulsbergen/venv_dace5cf/lib/python3.12/site-packages/dace/runtime/include -c /capstor/scratch/cscs/lhulsbergen/llr40_dace/emit/scatter_accum_dup/canon_new/src/cpu/canon_cpu.cpp -o /dev/null -fopt-info-vec-all=/capstor/scratch/cscs/lhulsbergen/llr40_dace/vec/reports/scatter_accum_dup.canon_new.g++-13.harness.all
scatter_accum_dup,canon,new,g++-14,bonsall,True,0,,3,canon_cpu.cpp:14 canon_cpu.cpp:37 reduction.h:216,,g++-14 -O3 -std=c++20 -fPIC -fno-math-errno -ffinite-math-only -fno-signaling-nans -fstrict-aliasing -faligned-new -fvect-cost-model=unlimited -fopenmp -I/capstor/scratch/cscs/lhulsbergen/venv_dace5cf/lib/python3.12/site-packages/dace/runtime/include -c /capstor/scratch/cscs/lhulsbergen/llr40_dace/emit/scatter_accum_dup/canon_new/src/cpu/canon_cpu.cpp -o /dev/null -fopt-info-vec-all=/capstor/scratch/cscs/lhulsbergen/llr40_dace/vec/reports/scatter_accum_dup.canon_new.g++-14.bonsall.all
scatter_accum_dup,canon,new,g++-14,unsafe,True,0,,3,canon_cpu.cpp:14 canon_cpu.cpp:37 reduction.h:216,,g++-14 -O3 -std=c++20 -fPIC -fno-math-errno -ffinite-math-only -fno-signaling-nans -fstrict-aliasing -faligned-new -fvect-cost-model=unlimited -fopenmp -funsafe-math-optimizations -I/capstor/scratch/cscs/lhulsbergen/venv_dace5cf/lib/python3.12/site-packages/dace/runtime/include -c /capstor/scratch/cscs/lhulsbergen/llr40_dace/emit/scatter_accum_dup/canon_new/src/cpu/canon_cpu.cpp -o /dev/null -fopt-info-vec-all=/capstor/scratch/cscs/lhulsbergen/llr40_dace/vec/reports/scatter_accum_dup.canon_new.g++-14.unsafe.all
scatter_accum_dup,canon,new,g++-14,harness,True,0,,3,canon_cpu.cpp:14 canon_cpu.cpp:37 reduction.h:216,,g++-14 -march=native -fopenmp -fno-math-errno -fno-trapping-math -fno-signed-zeros -ffp-contract=fast -fstrict-aliasing -include /capstor/scratch/cscs/lhulsbergen/HPCAgent-Bench-dace/hpcagent_bench/envs/vecmath.h -Wall -Wextra -O3 -fPIC -fopenmp -std=c++20 -I/capstor/scratch/cscs/lhulsbergen/venv_dace5cf/lib/python3.12/site-packages/dace/runtime/include -c /capstor/scratch/cscs/lhulsbergen/llr40_dace/emit/scatter_accum_dup/canon_new/src/cpu/canon_cpu.cpp -o /dev/null -fopt-info-vec-all=/capstor/scratch/cscs/lhulsbergen/llr40_dace/vec/reports/scatter_accum_dup.canon_new.g++-14.harness.all
scatter_accum_dup,canon,old,g++-13,bonsall,True,0,,3,canon_cpu.cpp:13 canon_cpu.cpp:53 reduction.h:216,,g++-13 -O3 -std=c++20 -fPIC -fno-math-errno -ffinite-math-only -fno-signaling-nans -fstrict-aliasing -faligned-new -fvect-cost-model=unlimited -fopenmp -I/capstor/scratch/cscs/lhulsbergen/venv_dace5cf/lib/python3.12/site-packages/dace/runtime/include -c /capstor/scratch/cscs/lhulsbergen/llr40_dace/emit/scatter_accum_dup/canon_old/src/cpu/canon_cpu.cpp -o /dev/null -fopt-info-vec-all=/capstor/scratch/cscs/lhulsbergen/llr40_dace/vec/reports/scatter_accum_dup.canon_old.g++-13.bonsall.all
scatter_accum_dup,canon,old,g++-13,unsafe,True,0,,3,canon_cpu.cpp:13 canon_cpu.cpp:53 reduction.h:216,,g++-13 -O3 -std=c++20 -fPIC -fno-math-errno -ffinite-math-only -fno-signaling-nans -fstrict-aliasing -faligned-new -fvect-cost-model=unlimited -fopenmp -funsafe-math-optimizations -I/capstor/scratch/cscs/lhulsbergen/venv_dace5cf/lib/python3.12/site-packages/dace/runtime/include -c /capstor/scratch/cscs/lhulsbergen/llr40_dace/emit/scatter_accum_dup/canon_old/src/cpu/canon_cpu.cpp -o /dev/null -fopt-info-vec-all=/capstor/scratch/cscs/lhulsbergen/llr40_dace/vec/reports/scatter_accum_dup.canon_old.g++-13.unsafe.all
scatter_accum_dup,canon,old,g++-13,harness,True,0,,3,canon_cpu.cpp:13 canon_cpu.cpp:53 reduction.h:216,,g++-13 -march=native -fopenmp -fno-math-errno -fno-trapping-math -fno-signed-zeros -ffp-contract=fast -fstrict-aliasing -include /capstor/scratch/cscs/lhulsbergen/HPCAgent-Bench-dace/hpcagent_bench/envs/vecmath.h -Wall -Wextra -O3 -fPIC -fopenmp -std=c++20 -I/capstor/scratch/cscs/lhulsbergen/venv_dace5cf/lib/python3.12/site-packages/dace/runtime/include -c /capstor/scratch/cscs/lhulsbergen/llr40_dace/emit/scatter_accum_dup/canon_old/src/cpu/canon_cpu.cpp -o /dev/null -fopt-info-vec-all=/capstor/scratch/cscs/lhulsbergen/llr40_dace/vec/reports/scatter_accum_dup.canon_old.g++-13.harness.all
scatter_accum_dup,canon,old,g++-14,bonsall,True,0,,3,canon_cpu.cpp:13 canon_cpu.cpp:53 reduction.h:216,,g++-14 -O3 -std=c++20 -fPIC -fno-math-errno -ffinite-math-only -fno-signaling-nans -fstrict-aliasing -faligned-new -fvect-cost-model=unlimited -fopenmp -I/capstor/scratch/cscs/lhulsbergen/venv_dace5cf/lib/python3.12/site-packages/dace/runtime/include -c /capstor/scratch/cscs/lhulsbergen/llr40_dace/emit/scatter_accum_dup/canon_old/src/cpu/canon_cpu.cpp -o /dev/null -fopt-info-vec-all=/capstor/scratch/cscs/lhulsbergen/llr40_dace/vec/reports/scatter_accum_dup.canon_old.g++-14.bonsall.all
scatter_accum_dup,canon,old,g++-14,unsafe,True,0,,3,canon_cpu.cpp:13 canon_cpu.cpp:53 reduction.h:216,,g++-14 -O3 -std=c++20 -fPIC -fno-math-errno -ffinite-math-only -fno-signaling-nans -fstrict-aliasing -faligned-new -fvect-cost-model=unlimited -fopenmp -funsafe-math-optimizations -I/capstor/scratch/cscs/lhulsbergen/venv_dace5cf/lib/python3.12/site-packages/dace/runtime/include -c /capstor/scratch/cscs/lhulsbergen/llr40_dace/emit/scatter_accum_dup/canon_old/src/cpu/canon_cpu.cpp -o /dev/null -fopt-info-vec-all=/capstor/scratch/cscs/lhulsbergen/llr40_dace/vec/reports/scatter_accum_dup.canon_old.g++-14.unsafe.all
scatter_accum_dup,canon,old,g++-14,harness,True,0,,3,canon_cpu.cpp:13 canon_cpu.cpp:53 reduction.h:216,,g++-14 -march=native -fopenmp -fno-math-errno -fno-trapping-math -fno-signed-zeros -ffp-contract=fast -fstrict-aliasing -include /capstor/scratch/cscs/lhulsbergen/HPCAgent-Bench-dace/hpcagent_bench/envs/vecmath.h -Wall -Wextra -O3 -fPIC -fopenmp -std=c++20 -I/capstor/scratch/cscs/lhulsbergen/venv_dace5cf/lib/python3.12/site-packages/dace/runtime/include -c /capstor/scratch/cscs/lhulsbergen/llr40_dace/emit/scatter_accum_dup/canon_old/src/cpu/canon_cpu.cpp -o /dev/null -fopt-info-vec-all=/capstor/scratch/cscs/lhulsbergen/llr40_dace/vec/reports/scatter_accum_dup.canon_old.g++-14.harness.all
scatter_accum_dup,none,legacy,g++-13,bonsall,True,0,,2,canon_cpu.cpp:19 canon_cpu.cpp:68,,g++-13 -O3 -std=c++20 -fPIC -fno-math-errno -ffinite-math-only -fno-signaling-nans -fstrict-aliasing -faligned-new -fvect-cost-model=unlimited -fopenmp -I/capstor/scratch/cscs/lhulsbergen/venv_dace5cf/lib/python3.12/site-packages/dace/runtime/include -c /capstor/scratch/cscs/lhulsbergen/llr40_dace/emit/scatter_accum_dup/none_legacy/src/cpu/canon_cpu.cpp -o /dev/null -fopt-info-vec-all=/capstor/scratch/cscs/lhulsbergen/llr40_dace/vec/reports/scatter_accum_dup.none_legacy.g++-13.bonsall.all
scatter_accum_dup,none,legacy,g++-13,unsafe,True,0,,2,canon_cpu.cpp:19 canon_cpu.cpp:68,,g++-13 -O3 -std=c++20 -fPIC -fno-math-errno -ffinite-math-only -fno-signaling-nans -fstrict-aliasing -faligned-new -fvect-cost-model=unlimited -fopenmp -funsafe-math-optimizations -I/capstor/scratch/cscs/lhulsbergen/venv_dace5cf/lib/python3.12/site-packages/dace/runtime/include -c /capstor/scratch/cscs/lhulsbergen/llr40_dace/emit/scatter_accum_dup/none_legacy/src/cpu/canon_cpu.cpp -o /dev/null -fopt-info-vec-all=/capstor/scratch/cscs/lhulsbergen/llr40_dace/vec/reports/scatter_accum_dup.none_legacy.g++-13.unsafe.all
scatter_accum_dup,none,legacy,g++-13,harness,True,0,,1,canon_cpu.cpp:19,,g++-13 -march=native -fopenmp -fno-math-errno -fno-trapping-math -fno-signed-zeros -ffp-contract=fast -fstrict-aliasing -include /capstor/scratch/cscs/lhulsbergen/HPCAgent-Bench-dace/hpcagent_bench/envs/vecmath.h -Wall -Wextra -O3 -fPIC -fopenmp -std=c++20 -I/capstor/scratch/cscs/lhulsbergen/venv_dace5cf/lib/python3.12/site-packages/dace/runtime/include -c /capstor/scratch/cscs/lhulsbergen/llr40_dace/emit/scatter_accum_dup/none_legacy/src/cpu/canon_cpu.cpp -o /dev/null -fopt-info-vec-all=/capstor/scratch/cscs/lhulsbergen/llr40_dace/vec/reports/scatter_accum_dup.none_legacy.g++-13.harness.all
scatter_accum_dup,none,legacy,g++-14,bonsall,True,0,,1,canon_cpu.cpp:19,,g++-14 -O3 -std=c++20 -fPIC -fno-math-errno -ffinite-math-only -fno-signaling-nans -fstrict-aliasing -faligned-new -fvect-cost-model=unlimited -fopenmp -I/capstor/scratch/cscs/lhulsbergen/venv_dace5cf/lib/python3.12/site-packages/dace/runtime/include -c /capstor/scratch/cscs/lhulsbergen/llr40_dace/emit/scatter_accum_dup/none_legacy/src/cpu/canon_cpu.cpp -o /dev/null -fopt-info-vec-all=/capstor/scratch/cscs/lhulsbergen/llr40_dace/vec/reports/scatter_accum_dup.none_legacy.g++-14.bonsall.all
scatter_accum_dup,none,legacy,g++-14,unsafe,True,0,,1,canon_cpu.cpp:19,,g++-14 -O3 -std=c++20 -fPIC -fno-math-errno -ffinite-math-only -fno-signaling-nans -fstrict-aliasing -faligned-new -fvect-cost-model=unlimited -fopenmp -funsafe-math-optimizations -I/capstor/scratch/cscs/lhulsbergen/venv_dace5cf/lib/python3.12/site-packages/dace/runtime/include -c /capstor/scratch/cscs/lhulsbergen/llr40_dace/emit/scatter_accum_dup/none_legacy/src/cpu/canon_cpu.cpp -o /dev/null -fopt-info-vec-all=/capstor/scratch/cscs/lhulsbergen/llr40_dace/vec/reports/scatter_accum_dup.none_legacy.g++-14.unsafe.all
scatter_accum_dup,none,legacy,g++-14,harness,True,0,,1,canon_cpu.cpp:19,,g++-14 -march=native -fopenmp -fno-math-errno -fno-trapping-math -fno-signed-zeros -ffp-contract=fast -fstrict-aliasing -include /capstor/scratch/cscs/lhulsbergen/HPCAgent-Bench-dace/hpcagent_bench/envs/vecmath.h -Wall -Wextra -O3 -fPIC -fopenmp -std=c++20 -I/capstor/scratch/cscs/lhulsbergen/venv_dace5cf/lib/python3.12/site-packages/dace/runtime/include -c /capstor/scratch/cscs/lhulsbergen/llr40_dace/emit/scatter_accum_dup/none_legacy/src/cpu/canon_cpu.cpp -o /dev/null -fopt-info-vec-all=/capstor/scratch/cscs/lhulsbergen/llr40_dace/vec/reports/scatter_accum_dup.none_legacy.g++-14.harness.all
scatter_accum_dup,none,new,g++-13,bonsall,True,0,,2,canon_cpu.cpp:20 canon_cpu.cpp:29,,g++-13 -O3 -std=c++20 -fPIC -fno-math-errno -ffinite-math-only -fno-signaling-nans -fstrict-aliasing -faligned-new -fvect-cost-model=unlimited -fopenmp -I/capstor/scratch/cscs/lhulsbergen/venv_dace5cf/lib/python3.12/site-packages/dace/runtime/include -c /capstor/scratch/cscs/lhulsbergen/llr40_dace/emit/scatter_accum_dup/none_new/src/cpu/canon_cpu.cpp -o /dev/null -fopt-info-vec-all=/capstor/scratch/cscs/lhulsbergen/llr40_dace/vec/reports/scatter_accum_dup.none_new.g++-13.bonsall.all
scatter_accum_dup,none,new,g++-13,unsafe,True,0,,2,canon_cpu.cpp:20 canon_cpu.cpp:29,,g++-13 -O3 -std=c++20 -fPIC -fno-math-errno -ffinite-math-only -fno-signaling-nans -fstrict-aliasing -faligned-new -fvect-cost-model=unlimited -fopenmp -funsafe-math-optimizations -I/capstor/scratch/cscs/lhulsbergen/venv_dace5cf/lib/python3.12/site-packages/dace/runtime/include -c /capstor/scratch/cscs/lhulsbergen/llr40_dace/emit/scatter_accum_dup/none_new/src/cpu/canon_cpu.cpp -o /dev/null -fopt-info-vec-all=/capstor/scratch/cscs/lhulsbergen/llr40_dace/vec/reports/scatter_accum_dup.none_new.g++-13.unsafe.all
scatter_accum_dup,none,new,g++-13,harness,True,0,,1,canon_cpu.cpp:20,,g++-13 -march=native -fopenmp -fno-math-errno -fno-trapping-math -fno-signed-zeros -ffp-contract=fast -fstrict-aliasing -include /capstor/scratch/cscs/lhulsbergen/HPCAgent-Bench-dace/hpcagent_bench/envs/vecmath.h -Wall -Wextra -O3 -fPIC -fopenmp -std=c++20 -I/capstor/scratch/cscs/lhulsbergen/venv_dace5cf/lib/python3.12/site-packages/dace/runtime/include -c /capstor/scratch/cscs/lhulsbergen/llr40_dace/emit/scatter_accum_dup/none_new/src/cpu/canon_cpu.cpp -o /dev/null -fopt-info-vec-all=/capstor/scratch/cscs/lhulsbergen/llr40_dace/vec/reports/scatter_accum_dup.none_new.g++-13.harness.all
scatter_accum_dup,none,new,g++-14,bonsall,True,0,,1,canon_cpu.cpp:20,,g++-14 -O3 -std=c++20 -fPIC -fno-math-errno -ffinite-math-only -fno-signaling-nans -fstrict-aliasing -faligned-new -fvect-cost-model=unlimited -fopenmp -I/capstor/scratch/cscs/lhulsbergen/venv_dace5cf/lib/python3.12/site-packages/dace/runtime/include -c /capstor/scratch/cscs/lhulsbergen/llr40_dace/emit/scatter_accum_dup/none_new/src/cpu/canon_cpu.cpp -o /dev/null -fopt-info-vec-all=/capstor/scratch/cscs/lhulsbergen/llr40_dace/vec/reports/scatter_accum_dup.none_new.g++-14.bonsall.all
scatter_accum_dup,none,new,g++-14,unsafe,True,0,,1,canon_cpu.cpp:20,,g++-14 -O3 -std=c++20 -fPIC -fno-math-errno -ffinite-math-only -fno-signaling-nans -fstrict-aliasing -faligned-new -fvect-cost-model=unlimited -fopenmp -funsafe-math-optimizations -I/capstor/scratch/cscs/lhulsbergen/venv_dace5cf/lib/python3.12/site-packages/dace/runtime/include -c /capstor/scratch/cscs/lhulsbergen/llr40_dace/emit/scatter_accum_dup/none_new/src/cpu/canon_cpu.cpp -o /dev/null -fopt-info-vec-all=/capstor/scratch/cscs/lhulsbergen/llr40_dace/vec/reports/scatter_accum_dup.none_new.g++-14.unsafe.all
scatter_accum_dup,none,new,g++-14,harness,True,0,,1,canon_cpu.cpp:20,,g++-14 -march=native -fopenmp -fno-math-errno -fno-trapping-math -fno-signed-zeros -ffp-contract=fast -fstrict-aliasing -include /capstor/scratch/cscs/lhulsbergen/HPCAgent-Bench-dace/hpcagent_bench/envs/vecmath.h -Wall -Wextra -O3 -fPIC -fopenmp -std=c++20 -I/capstor/scratch/cscs/lhulsbergen/venv_dace5cf/lib/python3.12/site-packages/dace/runtime/include -c /capstor/scratch/cscs/lhulsbergen/llr40_dace/emit/scatter_accum_dup/none_new/src/cpu/canon_cpu.cpp -o /dev/null -fopt-info-vec-all=/capstor/scratch/cscs/lhulsbergen/llr40_dace/vec/reports/scatter_accum_dup.none_new.g++-14.harness.all
scatter_accum_dup,none,old,g++-13,bonsall,True,0,,2,canon_cpu.cpp:19 canon_cpu.cpp:52,,g++-13 -O3 -std=c++20 -fPIC -fno-math-errno -ffinite-math-only -fno-signaling-nans -fstrict-aliasing -faligned-new -fvect-cost-model=unlimited -fopenmp -I/capstor/scratch/cscs/lhulsbergen/venv_dace5cf/lib/python3.12/site-packages/dace/runtime/include -c /capstor/scratch/cscs/lhulsbergen/llr40_dace/emit/scatter_accum_dup/none_old/src/cpu/canon_cpu.cpp -o /dev/null -fopt-info-vec-all=/capstor/scratch/cscs/lhulsbergen/llr40_dace/vec/reports/scatter_accum_dup.none_old.g++-13.bonsall.all
scatter_accum_dup,none,old,g++-13,unsafe,True,0,,2,canon_cpu.cpp:19 canon_cpu.cpp:52,,g++-13 -O3 -std=c++20 -fPIC -fno-math-errno -ffinite-math-only -fno-signaling-nans -fstrict-aliasing -faligned-new -fvect-cost-model=unlimited -fopenmp -funsafe-math-optimizations -I/capstor/scratch/cscs/lhulsbergen/venv_dace5cf/lib/python3.12/site-packages/dace/runtime/include -c /capstor/scratch/cscs/lhulsbergen/llr40_dace/emit/scatter_accum_dup/none_old/src/cpu/canon_cpu.cpp -o /dev/null -fopt-info-vec-all=/capstor/scratch/cscs/lhulsbergen/llr40_dace/vec/reports/scatter_accum_dup.none_old.g++-13.unsafe.all
scatter_accum_dup,none,old,g++-13,harness,True,0,,1,canon_cpu.cpp:19,,g++-13 -march=native -fopenmp -fno-math-errno -fno-trapping-math -fno-signed-zeros -ffp-contract=fast -fstrict-aliasing -include /capstor/scratch/cscs/lhulsbergen/HPCAgent-Bench-dace/hpcagent_bench/envs/vecmath.h -Wall -Wextra -O3 -fPIC -fopenmp -std=c++20 -I/capstor/scratch/cscs/lhulsbergen/venv_dace5cf/lib/python3.12/site-packages/dace/runtime/include -c /capstor/scratch/cscs/lhulsbergen/llr40_dace/emit/scatter_accum_dup/none_old/src/cpu/canon_cpu.cpp -o /dev/null -fopt-info-vec-all=/capstor/scratch/cscs/lhulsbergen/llr40_dace/vec/reports/scatter_accum_dup.none_old.g++-13.harness.all
scatter_accum_dup,none,old,g++-14,bonsall,True,0,,1,canon_cpu.cpp:19,,g++-14 -O3 -std=c++20 -fPIC -fno-math-errno -ffinite-math-only -fno-signaling-nans -fstrict-aliasing -faligned-new -fvect-cost-model=unlimited -fopenmp -I/capstor/scratch/cscs/lhulsbergen/venv_dace5cf/lib/python3.12/site-packages/dace/runtime/include -c /capstor/scratch/cscs/lhulsbergen/llr40_dace/emit/scatter_accum_dup/none_old/src/cpu/canon_cpu.cpp -o /dev/null -fopt-info-vec-all=/capstor/scratch/cscs/lhulsbergen/llr40_dace/vec/reports/scatter_accum_dup.none_old.g++-14.bonsall.all
scatter_accum_dup,none,old,g++-14,unsafe,True,0,,1,canon_cpu.cpp:19,,g++-14 -O3 -std=c++20 -fPIC -fno-math-errno -ffinite-math-only -fno-signaling-nans -fstrict-aliasing -faligned-new -fvect-cost-model=unlimited -fopenmp -funsafe-math-optimizations -I/capstor/scratch/cscs/lhulsbergen/venv_dace5cf/lib/python3.12/site-packages/dace/runtime/include -c /capstor/scratch/cscs/lhulsbergen/llr40_dace/emit/scatter_accum_dup/none_old/src/cpu/canon_cpu.cpp -o /dev/null -fopt-info-vec-all=/capstor/scratch/cscs/lhulsbergen/llr40_dace/vec/reports/scatter_accum_dup.none_old.g++-14.unsafe.all
scatter_accum_dup,none,old,g++-14,harness,True,0,,1,canon_cpu.cpp:19,,g++-14 -march=native -fopenmp -fno-math-errno -fno-trapping-math -fno-signed-zeros -ffp-contract=fast -fstrict-aliasing -include /capstor/scratch/cscs/lhulsbergen/HPCAgent-Bench-dace/hpcagent_bench/envs/vecmath.h -Wall -Wextra -O3 -fPIC -fopenmp -std=c++20 -I/capstor/scratch/cscs/lhulsbergen/venv_dace5cf/lib/python3.12/site-packages/dace/runtime/include -c /capstor/scratch/cscs/lhulsbergen/llr40_dace/emit/scatter_accum_dup/none_old/src/cpu/canon_cpu.cpp -o /dev/null -fopt-info-vec-all=/capstor/scratch/cscs/lhulsbergen/llr40_dace/vec/reports/scatter_accum_dup.none_old.g++-14.harness.all
segment_reduce_ragged,canon,legacy,g++-13,bonsall,True,1,canon_cpu.cpp:50,1,canon_cpu.cpp:29,,g++-13 -O3 -std=c++20 -fPIC -fno-math-errno -ffinite-math-only -fno-signaling-nans -fstrict-aliasing -faligned-new -fvect-cost-model=unlimited -fopenmp -I/capstor/scratch/cscs/lhulsbergen/venv_dace5cf/lib/python3.12/site-packages/dace/runtime/include -c /capstor/scratch/cscs/lhulsbergen/llr40_dace/emit/segment_reduce_ragged/canon_legacy/src/cpu/canon_cpu.cpp -o /dev/null -fopt-info-vec-all=/capstor/scratch/cscs/lhulsbergen/llr40_dace/vec/reports/segment_reduce_ragged.canon_legacy.g++-13.bonsall.all
segment_reduce_ragged,canon,legacy,g++-13,unsafe,True,1,canon_cpu.cpp:50,1,canon_cpu.cpp:29,,g++-13 -O3 -std=c++20 -fPIC -fno-math-errno -ffinite-math-only -fno-signaling-nans -fstrict-aliasing -faligned-new -fvect-cost-model=unlimited -fopenmp -funsafe-math-optimizations -I/capstor/scratch/cscs/lhulsbergen/venv_dace5cf/lib/python3.12/site-packages/dace/runtime/include -c /capstor/scratch/cscs/lhulsbergen/llr40_dace/emit/segment_reduce_ragged/canon_legacy/src/cpu/canon_cpu.cpp -o /dev/null -fopt-info-vec-all=/capstor/scratch/cscs/lhulsbergen/llr40_dace/vec/reports/segment_reduce_ragged.canon_legacy.g++-13.unsafe.all
segment_reduce_ragged,canon,legacy,g++-13,harness,True,1,canon_cpu.cpp:50,2,canon_cpu.cpp:148 canon_cpu.cpp:29,,g++-13 -march=native -fopenmp -fno-math-errno -fno-trapping-math -fno-signed-zeros -ffp-contract=fast -fstrict-aliasing -include /capstor/scratch/cscs/lhulsbergen/HPCAgent-Bench-dace/hpcagent_bench/envs/vecmath.h -Wall -Wextra -O3 -fPIC -fopenmp -std=c++20 -I/capstor/scratch/cscs/lhulsbergen/venv_dace5cf/lib/python3.12/site-packages/dace/runtime/include -c /capstor/scratch/cscs/lhulsbergen/llr40_dace/emit/segment_reduce_ragged/canon_legacy/src/cpu/canon_cpu.cpp -o /dev/null -fopt-info-vec-all=/capstor/scratch/cscs/lhulsbergen/llr40_dace/vec/reports/segment_reduce_ragged.canon_legacy.g++-13.harness.all
segment_reduce_ragged,canon,legacy,g++-14,bonsall,True,1,canon_cpu.cpp:50,1,canon_cpu.cpp:29,,g++-14 -O3 -std=c++20 -fPIC -fno-math-errno -ffinite-math-only -fno-signaling-nans -fstrict-aliasing -faligned-new -fvect-cost-model=unlimited -fopenmp -I/capstor/scratch/cscs/lhulsbergen/venv_dace5cf/lib/python3.12/site-packages/dace/runtime/include -c /capstor/scratch/cscs/lhulsbergen/llr40_dace/emit/segment_reduce_ragged/canon_legacy/src/cpu/canon_cpu.cpp -o /dev/null -fopt-info-vec-all=/capstor/scratch/cscs/lhulsbergen/llr40_dace/vec/reports/segment_reduce_ragged.canon_legacy.g++-14.bonsall.all
segment_reduce_ragged,canon,legacy,g++-14,unsafe,True,1,canon_cpu.cpp:50,1,canon_cpu.cpp:29,,g++-14 -O3 -std=c++20 -fPIC -fno-math-errno -ffinite-math-only -fno-signaling-nans -fstrict-aliasing -faligned-new -fvect-cost-model=unlimited -fopenmp -funsafe-math-optimizations -I/capstor/scratch/cscs/lhulsbergen/venv_dace5cf/lib/python3.12/site-packages/dace/runtime/include -c /capstor/scratch/cscs/lhulsbergen/llr40_dace/emit/segment_reduce_ragged/canon_legacy/src/cpu/canon_cpu.cpp -o /dev/null -fopt-info-vec-all=/capstor/scratch/cscs/lhulsbergen/llr40_dace/vec/reports/segment_reduce_ragged.canon_legacy.g++-14.unsafe.all
segment_reduce_ragged,canon,legacy,g++-14,harness,True,1,canon_cpu.cpp:50,2,canon_cpu.cpp:148 canon_cpu.cpp:29,,g++-14 -march=native -fopenmp -fno-math-errno -fno-trapping-math -fno-signed-zeros -ffp-contract=fast -fstrict-aliasing -include /capstor/scratch/cscs/lhulsbergen/HPCAgent-Bench-dace/hpcagent_bench/envs/vecmath.h -Wall -Wextra -O3 -fPIC -fopenmp -std=c++20 -I/capstor/scratch/cscs/lhulsbergen/venv_dace5cf/lib/python3.12/site-packages/dace/runtime/include -c /capstor/scratch/cscs/lhulsbergen/llr40_dace/emit/segment_reduce_ragged/canon_legacy/src/cpu/canon_cpu.cpp -o /dev/null -fopt-info-vec-all=/capstor/scratch/cscs/lhulsbergen/llr40_dace/vec/reports/segment_reduce_ragged.canon_legacy.g++-14.harness.all
segment_reduce_ragged,canon,new,g++-13,bonsall,True,1,canon_cpu.cpp:37,1,canon_cpu.cpp:23,,g++-13 -O3 -std=c++20 -fPIC -fno-math-errno -ffinite-math-only -fno-signaling-nans -fstrict-aliasing -faligned-new -fvect-cost-model=unlimited -fopenmp -I/capstor/scratch/cscs/lhulsbergen/venv_dace5cf/lib/python3.12/site-packages/dace/runtime/include -c /capstor/scratch/cscs/lhulsbergen/llr40_dace/emit/segment_reduce_ragged/canon_new/src/cpu/canon_cpu.cpp -o /dev/null -fopt-info-vec-all=/capstor/scratch/cscs/lhulsbergen/llr40_dace/vec/reports/segment_reduce_ragged.canon_new.g++-13.bonsall.all
segment_reduce_ragged,canon,new,g++-13,unsafe,True,1,canon_cpu.cpp:37,1,canon_cpu.cpp:23,,g++-13 -O3 -std=c++20 -fPIC -fno-math-errno -ffinite-math-only -fno-signaling-nans -fstrict-aliasing -faligned-new -fvect-cost-model=unlimited -fopenmp -funsafe-math-optimizations -I/capstor/scratch/cscs/lhulsbergen/venv_dace5cf/lib/python3.12/site-packages/dace/runtime/include -c /capstor/scratch/cscs/lhulsbergen/llr40_dace/emit/segment_reduce_ragged/canon_new/src/cpu/canon_cpu.cpp -o /dev/null -fopt-info-vec-all=/capstor/scratch/cscs/lhulsbergen/llr40_dace/vec/reports/segment_reduce_ragged.canon_new.g++-13.unsafe.all
segment_reduce_ragged,canon,new,g++-13,harness,True,1,canon_cpu.cpp:37,2,canon_cpu.cpp:23 canon_cpu.cpp:73,,g++-13 -march=native -fopenmp -fno-math-errno -fno-trapping-math -fno-signed-zeros -ffp-contract=fast -fstrict-aliasing -include /capstor/scratch/cscs/lhulsbergen/HPCAgent-Bench-dace/hpcagent_bench/envs/vecmath.h -Wall -Wextra -O3 -fPIC -fopenmp -std=c++20 -I/capstor/scratch/cscs/lhulsbergen/venv_dace5cf/lib/python3.12/site-packages/dace/runtime/include -c /capstor/scratch/cscs/lhulsbergen/llr40_dace/emit/segment_reduce_ragged/canon_new/src/cpu/canon_cpu.cpp -o /dev/null -fopt-info-vec-all=/capstor/scratch/cscs/lhulsbergen/llr40_dace/vec/reports/segment_reduce_ragged.canon_new.g++-13.harness.all
segment_reduce_ragged,canon,new,g++-14,bonsall,True,1,canon_cpu.cpp:37,1,canon_cpu.cpp:23,,g++-14 -O3 -std=c++20 -fPIC -fno-math-errno -ffinite-math-only -fno-signaling-nans -fstrict-aliasing -faligned-new -fvect-cost-model=unlimited -fopenmp -I/capstor/scratch/cscs/lhulsbergen/venv_dace5cf/lib/python3.12/site-packages/dace/runtime/include -c /capstor/scratch/cscs/lhulsbergen/llr40_dace/emit/segment_reduce_ragged/canon_new/src/cpu/canon_cpu.cpp -o /dev/null -fopt-info-vec-all=/capstor/scratch/cscs/lhulsbergen/llr40_dace/vec/reports/segment_reduce_ragged.canon_new.g++-14.bonsall.all
segment_reduce_ragged,canon,new,g++-14,unsafe,True,1,canon_cpu.cpp:37,1,canon_cpu.cpp:23,,g++-14 -O3 -std=c++20 -fPIC -fno-math-errno -ffinite-math-only -fno-signaling-nans -fstrict-aliasing -faligned-new -fvect-cost-model=unlimited -fopenmp -funsafe-math-optimizations -I/capstor/scratch/cscs/lhulsbergen/venv_dace5cf/lib/python3.12/site-packages/dace/runtime/include -c /capstor/scratch/cscs/lhulsbergen/llr40_dace/emit/segment_reduce_ragged/canon_new/src/cpu/canon_cpu.cpp -o /dev/null -fopt-info-vec-all=/capstor/scratch/cscs/lhulsbergen/llr40_dace/vec/reports/segment_reduce_ragged.canon_new.g++-14.unsafe.all
segment_reduce_ragged,canon,new,g++-14,harness,True,1,canon_cpu.cpp:37,2,canon_cpu.cpp:23 canon_cpu.cpp:73,,g++-14 -march=native -fopenmp -fno-math-errno -fno-trapping-math -fno-signed-zeros -ffp-contract=fast -fstrict-aliasing -include /capstor/scratch/cscs/lhulsbergen/HPCAgent-Bench-dace/hpcagent_bench/envs/vecmath.h -Wall -Wextra -O3 -fPIC -fopenmp -std=c++20 -I/capstor/scratch/cscs/lhulsbergen/venv_dace5cf/lib/python3.12/site-packages/dace/runtime/include -c /capstor/scratch/cscs/lhulsbergen/llr40_dace/emit/segment_reduce_ragged/canon_new/src/cpu/canon_cpu.cpp -o /dev/null -fopt-info-vec-all=/capstor/scratch/cscs/lhulsbergen/llr40_dace/vec/reports/segment_reduce_ragged.canon_new.g++-14.harness.all
segment_reduce_ragged,canon,old,g++-13,bonsall,True,1,canon_cpu.cpp:41,1,canon_cpu.cpp:29,,g++-13 -O3 -std=c++20 -fPIC -fno-math-errno -ffinite-math-only -fno-signaling-nans -fstrict-aliasing -faligned-new -fvect-cost-model=unlimited -fopenmp -I/capstor/scratch/cscs/lhulsbergen/venv_dace5cf/lib/python3.12/site-packages/dace/runtime/include -c /capstor/scratch/cscs/lhulsbergen/llr40_dace/emit/segment_reduce_ragged/canon_old/src/cpu/canon_cpu.cpp -o /dev/null -fopt-info-vec-all=/capstor/scratch/cscs/lhulsbergen/llr40_dace/vec/reports/segment_reduce_ragged.canon_old.g++-13.bonsall.all
segment_reduce_ragged,canon,old,g++-13,unsafe,True,1,canon_cpu.cpp:41,1,canon_cpu.cpp:29,,g++-13 -O3 -std=c++20 -fPIC -fno-math-errno -ffinite-math-only -fno-signaling-nans -fstrict-aliasing -faligned-new -fvect-cost-model=unlimited -fopenmp -funsafe-math-optimizations -I/capstor/scratch/cscs/lhulsbergen/venv_dace5cf/lib/python3.12/site-packages/dace/runtime/include -c /capstor/scratch/cscs/lhulsbergen/llr40_dace/emit/segment_reduce_ragged/canon_old/src/cpu/canon_cpu.cpp -o /dev/null -fopt-info-vec-all=/capstor/scratch/cscs/lhulsbergen/llr40_dace/vec/reports/segment_reduce_ragged.canon_old.g++-13.unsafe.all
segment_reduce_ragged,canon,old,g++-13,harness,True,1,canon_cpu.cpp:41,2,canon_cpu.cpp:122 canon_cpu.cpp:29,,g++-13 -march=native -fopenmp -fno-math-errno -fno-trapping-math -fno-signed-zeros -ffp-contract=fast -fstrict-aliasing -include /capstor/scratch/cscs/lhulsbergen/HPCAgent-Bench-dace/hpcagent_bench/envs/vecmath.h -Wall -Wextra -O3 -fPIC -fopenmp -std=c++20 -I/capstor/scratch/cscs/lhulsbergen/venv_dace5cf/lib/python3.12/site-packages/dace/runtime/include -c /capstor/scratch/cscs/lhulsbergen/llr40_dace/emit/segment_reduce_ragged/canon_old/src/cpu/canon_cpu.cpp -o /dev/null -fopt-info-vec-all=/capstor/scratch/cscs/lhulsbergen/llr40_dace/vec/reports/segment_reduce_ragged.canon_old.g++-13.harness.all
segment_reduce_ragged,canon,old,g++-14,bonsall,True,1,canon_cpu.cpp:41,1,canon_cpu.cpp:29,,g++-14 -O3 -std=c++20 -fPIC -fno-math-errno -ffinite-math-only -fno-signaling-nans -fstrict-aliasing -faligned-new -fvect-cost-model=unlimited -fopenmp -I/capstor/scratch/cscs/lhulsbergen/venv_dace5cf/lib/python3.12/site-packages/dace/runtime/include -c /capstor/scratch/cscs/lhulsbergen/llr40_dace/emit/segment_reduce_ragged/canon_old/src/cpu/canon_cpu.cpp -o /dev/null -fopt-info-vec-all=/capstor/scratch/cscs/lhulsbergen/llr40_dace/vec/reports/segment_reduce_ragged.canon_old.g++-14.bonsall.all
segment_reduce_ragged,canon,old,g++-14,unsafe,True,1,canon_cpu.cpp:41,1,canon_cpu.cpp:29,,g++-14 -O3 -std=c++20 -fPIC -fno-math-errno -ffinite-math-only -fno-signaling-nans -fstrict-aliasing -faligned-new -fvect-cost-model=unlimited -fopenmp -funsafe-math-optimizations -I/capstor/scratch/cscs/lhulsbergen/venv_dace5cf/lib/python3.12/site-packages/dace/runtime/include -c /capstor/scratch/cscs/lhulsbergen/llr40_dace/emit/segment_reduce_ragged/canon_old/src/cpu/canon_cpu.cpp -o /dev/null -fopt-info-vec-all=/capstor/scratch/cscs/lhulsbergen/llr40_dace/vec/reports/segment_reduce_ragged.canon_old.g++-14.unsafe.all
segment_reduce_ragged,canon,old,g++-14,harness,True,1,canon_cpu.cpp:41,2,canon_cpu.cpp:122 canon_cpu.cpp:29,,g++-14 -march=native -fopenmp -fno-math-errno -fno-trapping-math -fno-signed-zeros -ffp-contract=fast -fstrict-aliasing -include /capstor/scratch/cscs/lhulsbergen/HPCAgent-Bench-dace/hpcagent_bench/envs/vecmath.h -Wall -Wextra -O3 -fPIC -fopenmp -std=c++20 -I/capstor/scratch/cscs/lhulsbergen/venv_dace5cf/lib/python3.12/site-packages/dace/runtime/include -c /capstor/scratch/cscs/lhulsbergen/llr40_dace/emit/segment_reduce_ragged/canon_old/src/cpu/canon_cpu.cpp -o /dev/null -fopt-info-vec-all=/capstor/scratch/cscs/lhulsbergen/llr40_dace/vec/reports/segment_reduce_ragged.canon_old.g++-14.harness.all
segment_reduce_ragged,none,legacy,g++-13,bonsall,True,1,canon_cpu.cpp:40,1,canon_cpu.cpp:22,,g++-13 -O3 -std=c++20 -fPIC -fno-math-errno -ffinite-math-only -fno-signaling-nans -fstrict-aliasing -faligned-new -fvect-cost-model=unlimited -fopenmp -I/capstor/scratch/cscs/lhulsbergen/venv_dace5cf/lib/python3.12/site-packages/dace/runtime/include -c /capstor/scratch/cscs/lhulsbergen/llr40_dace/emit/segment_reduce_ragged/none_legacy/src/cpu/canon_cpu.cpp -o /dev/null -fopt-info-vec-all=/capstor/scratch/cscs/lhulsbergen/llr40_dace/vec/reports/segment_reduce_ragged.none_legacy.g++-13.bonsall.all
segment_reduce_ragged,none,legacy,g++-13,unsafe,True,1,canon_cpu.cpp:40,1,canon_cpu.cpp:22,,g++-13 -O3 -std=c++20 -fPIC -fno-math-errno -ffinite-math-only -fno-signaling-nans -fstrict-aliasing -faligned-new -fvect-cost-model=unlimited -fopenmp -funsafe-math-optimizations -I/capstor/scratch/cscs/lhulsbergen/venv_dace5cf/lib/python3.12/site-packages/dace/runtime/include -c /capstor/scratch/cscs/lhulsbergen/llr40_dace/emit/segment_reduce_ragged/none_legacy/src/cpu/canon_cpu.cpp -o /dev/null -fopt-info-vec-all=/capstor/scratch/cscs/lhulsbergen/llr40_dace/vec/reports/segment_reduce_ragged.none_legacy.g++-13.unsafe.all
segment_reduce_ragged,none,legacy,g++-13,harness,True,1,canon_cpu.cpp:40,1,canon_cpu.cpp:22,,g++-13 -march=native -fopenmp -fno-math-errno -fno-trapping-math -fno-signed-zeros -ffp-contract=fast -fstrict-aliasing -include /capstor/scratch/cscs/lhulsbergen/HPCAgent-Bench-dace/hpcagent_bench/envs/vecmath.h -Wall -Wextra -O3 -fPIC -fopenmp -std=c++20 -I/capstor/scratch/cscs/lhulsbergen/venv_dace5cf/lib/python3.12/site-packages/dace/runtime/include -c /capstor/scratch/cscs/lhulsbergen/llr40_dace/emit/segment_reduce_ragged/none_legacy/src/cpu/canon_cpu.cpp -o /dev/null -fopt-info-vec-all=/capstor/scratch/cscs/lhulsbergen/llr40_dace/vec/reports/segment_reduce_ragged.none_legacy.g++-13.harness.all
segment_reduce_ragged,none,legacy,g++-14,bonsall,True,1,canon_cpu.cpp:40,1,canon_cpu.cpp:22,,g++-14 -O3 -std=c++20 -fPIC -fno-math-errno -ffinite-math-only -fno-signaling-nans -fstrict-aliasing -faligned-new -fvect-cost-model=unlimited -fopenmp -I/capstor/scratch/cscs/lhulsbergen/venv_dace5cf/lib/python3.12/site-packages/dace/runtime/include -c /capstor/scratch/cscs/lhulsbergen/llr40_dace/emit/segment_reduce_ragged/none_legacy/src/cpu/canon_cpu.cpp -o /dev/null -fopt-info-vec-all=/capstor/scratch/cscs/lhulsbergen/llr40_dace/vec/reports/segment_reduce_ragged.none_legacy.g++-14.bonsall.all
segment_reduce_ragged,none,legacy,g++-14,unsafe,True,1,canon_cpu.cpp:40,1,canon_cpu.cpp:22,,g++-14 -O3 -std=c++20 -fPIC -fno-math-errno -ffinite-math-only -fno-signaling-nans -fstrict-aliasing -faligned-new -fvect-cost-model=unlimited -fopenmp -funsafe-math-optimizations -I/capstor/scratch/cscs/lhulsbergen/venv_dace5cf/lib/python3.12/site-packages/dace/runtime/include -c /capstor/scratch/cscs/lhulsbergen/llr40_dace/emit/segment_reduce_ragged/none_legacy/src/cpu/canon_cpu.cpp -o /dev/null -fopt-info-vec-all=/capstor/scratch/cscs/lhulsbergen/llr40_dace/vec/reports/segment_reduce_ragged.none_legacy.g++-14.unsafe.all
segment_reduce_ragged,none,legacy,g++-14,harness,True,1,canon_cpu.cpp:40,1,canon_cpu.cpp:22,,g++-14 -march=native -fopenmp -fno-math-errno -fno-trapping-math -fno-signed-zeros -ffp-contract=fast -fstrict-aliasing -include /capstor/scratch/cscs/lhulsbergen/HPCAgent-Bench-dace/hpcagent_bench/envs/vecmath.h -Wall -Wextra -O3 -fPIC -fopenmp -std=c++20 -I/capstor/scratch/cscs/lhulsbergen/venv_dace5cf/lib/python3.12/site-packages/dace/runtime/include -c /capstor/scratch/cscs/lhulsbergen/llr40_dace/emit/segment_reduce_ragged/none_legacy/src/cpu/canon_cpu.cpp -o /dev/null -fopt-info-vec-all=/capstor/scratch/cscs/lhulsbergen/llr40_dace/vec/reports/segment_reduce_ragged.none_legacy.g++-14.harness.all
segment_reduce_ragged,none,new,g++-13,bonsall,True,1,canon_cpu.cpp:32,1,canon_cpu.cpp:23,,g++-13 -O3 -std=c++20 -fPIC -fno-math-errno -ffinite-math-only -fno-signaling-nans -fstrict-aliasing -faligned-new -fvect-cost-model=unlimited -fopenmp -I/capstor/scratch/cscs/lhulsbergen/venv_dace5cf/lib/python3.12/site-packages/dace/runtime/include -c /capstor/scratch/cscs/lhulsbergen/llr40_dace/emit/segment_reduce_ragged/none_new/src/cpu/canon_cpu.cpp -o /dev/null -fopt-info-vec-all=/capstor/scratch/cscs/lhulsbergen/llr40_dace/vec/reports/segment_reduce_ragged.none_new.g++-13.bonsall.all
segment_reduce_ragged,none,new,g++-13,unsafe,True,1,canon_cpu.cpp:32,1,canon_cpu.cpp:23,,g++-13 -O3 -std=c++20 -fPIC -fno-math-errno -ffinite-math-only -fno-signaling-nans -fstrict-aliasing -faligned-new -fvect-cost-model=unlimited -fopenmp -funsafe-math-optimizations -I/capstor/scratch/cscs/lhulsbergen/venv_dace5cf/lib/python3.12/site-packages/dace/runtime/include -c /capstor/scratch/cscs/lhulsbergen/llr40_dace/emit/segment_reduce_ragged/none_new/src/cpu/canon_cpu.cpp -o /dev/null -fopt-info-vec-all=/capstor/scratch/cscs/lhulsbergen/llr40_dace/vec/reports/segment_reduce_ragged.none_new.g++-13.unsafe.all
segment_reduce_ragged,none,new,g++-13,harness,True,1,canon_cpu.cpp:32,1,canon_cpu.cpp:23,,g++-13 -march=native -fopenmp -fno-math-errno -fno-trapping-math -fno-signed-zeros -ffp-contract=fast -fstrict-aliasing -include /capstor/scratch/cscs/lhulsbergen/HPCAgent-Bench-dace/hpcagent_bench/envs/vecmath.h -Wall -Wextra -O3 -fPIC -fopenmp -std=c++20 -I/capstor/scratch/cscs/lhulsbergen/venv_dace5cf/lib/python3.12/site-packages/dace/runtime/include -c /capstor/scratch/cscs/lhulsbergen/llr40_dace/emit/segment_reduce_ragged/none_new/src/cpu/canon_cpu.cpp -o /dev/null -fopt-info-vec-all=/capstor/scratch/cscs/lhulsbergen/llr40_dace/vec/reports/segment_reduce_ragged.none_new.g++-13.harness.all
segment_reduce_ragged,none,new,g++-14,bonsall,True,1,canon_cpu.cpp:32,1,canon_cpu.cpp:23,,g++-14 -O3 -std=c++20 -fPIC -fno-math-errno -ffinite-math-only -fno-signaling-nans -fstrict-aliasing -faligned-new -fvect-cost-model=unlimited -fopenmp -I/capstor/scratch/cscs/lhulsbergen/venv_dace5cf/lib/python3.12/site-packages/dace/runtime/include -c /capstor/scratch/cscs/lhulsbergen/llr40_dace/emit/segment_reduce_ragged/none_new/src/cpu/canon_cpu.cpp -o /dev/null -fopt-info-vec-all=/capstor/scratch/cscs/lhulsbergen/llr40_dace/vec/reports/segment_reduce_ragged.none_new.g++-14.bonsall.all
segment_reduce_ragged,none,new,g++-14,unsafe,True,1,canon_cpu.cpp:32,1,canon_cpu.cpp:23,,g++-14 -O3 -std=c++20 -fPIC -fno-math-errno -ffinite-math-only -fno-signaling-nans -fstrict-aliasing -faligned-new -fvect-cost-model=unlimited -fopenmp -funsafe-math-optimizations -I/capstor/scratch/cscs/lhulsbergen/venv_dace5cf/lib/python3.12/site-packages/dace/runtime/include -c /capstor/scratch/cscs/lhulsbergen/llr40_dace/emit/segment_reduce_ragged/none_new/src/cpu/canon_cpu.cpp -o /dev/null -fopt-info-vec-all=/capstor/scratch/cscs/lhulsbergen/llr40_dace/vec/reports/segment_reduce_ragged.none_new.g++-14.unsafe.all
segment_reduce_ragged,none,new,g++-14,harness,True,1,canon_cpu.cpp:32,1,canon_cpu.cpp:23,,g++-14 -march=native -fopenmp -fno-math-errno -fno-trapping-math -fno-signed-zeros -ffp-contract=fast -fstrict-aliasing -include /capstor/scratch/cscs/lhulsbergen/HPCAgent-Bench-dace/hpcagent_bench/envs/vecmath.h -Wall -Wextra -O3 -fPIC -fopenmp -std=c++20 -I/capstor/scratch/cscs/lhulsbergen/venv_dace5cf/lib/python3.12/site-packages/dace/runtime/include -c /capstor/scratch/cscs/lhulsbergen/llr40_dace/emit/segment_reduce_ragged/none_new/src/cpu/canon_cpu.cpp -o /dev/null -fopt-info-vec-all=/capstor/scratch/cscs/lhulsbergen/llr40_dace/vec/reports/segment_reduce_ragged.none_new.g++-14.harness.all
segment_reduce_ragged,none,old,g++-13,bonsall,True,1,canon_cpu.cpp:40,1,canon_cpu.cpp:22,,g++-13 -O3 -std=c++20 -fPIC -fno-math-errno -ffinite-math-only -fno-signaling-nans -fstrict-aliasing -faligned-new -fvect-cost-model=unlimited -fopenmp -I/capstor/scratch/cscs/lhulsbergen/venv_dace5cf/lib/python3.12/site-packages/dace/runtime/include -c /capstor/scratch/cscs/lhulsbergen/llr40_dace/emit/segment_reduce_ragged/none_old/src/cpu/canon_cpu.cpp -o /dev/null -fopt-info-vec-all=/capstor/scratch/cscs/lhulsbergen/llr40_dace/vec/reports/segment_reduce_ragged.none_old.g++-13.bonsall.all
segment_reduce_ragged,none,old,g++-13,unsafe,True,1,canon_cpu.cpp:40,1,canon_cpu.cpp:22,,g++-13 -O3 -std=c++20 -fPIC -fno-math-errno -ffinite-math-only -fno-signaling-nans -fstrict-aliasing -faligned-new -fvect-cost-model=unlimited -fopenmp -funsafe-math-optimizations -I/capstor/scratch/cscs/lhulsbergen/venv_dace5cf/lib/python3.12/site-packages/dace/runtime/include -c /capstor/scratch/cscs/lhulsbergen/llr40_dace/emit/segment_reduce_ragged/none_old/src/cpu/canon_cpu.cpp -o /dev/null -fopt-info-vec-all=/capstor/scratch/cscs/lhulsbergen/llr40_dace/vec/reports/segment_reduce_ragged.none_old.g++-13.unsafe.all
segment_reduce_ragged,none,old,g++-13,harness,True,1,canon_cpu.cpp:40,1,canon_cpu.cpp:22,,g++-13 -march=native -fopenmp -fno-math-errno -fno-trapping-math -fno-signed-zeros -ffp-contract=fast -fstrict-aliasing -include /capstor/scratch/cscs/lhulsbergen/HPCAgent-Bench-dace/hpcagent_bench/envs/vecmath.h -Wall -Wextra -O3 -fPIC -fopenmp -std=c++20 -I/capstor/scratch/cscs/lhulsbergen/venv_dace5cf/lib/python3.12/site-packages/dace/runtime/include -c /capstor/scratch/cscs/lhulsbergen/llr40_dace/emit/segment_reduce_ragged/none_old/src/cpu/canon_cpu.cpp -o /dev/null -fopt-info-vec-all=/capstor/scratch/cscs/lhulsbergen/llr40_dace/vec/reports/segment_reduce_ragged.none_old.g++-13.harness.all
segment_reduce_ragged,none,old,g++-14,bonsall,True,1,canon_cpu.cpp:40,1,canon_cpu.cpp:22,,g++-14 -O3 -std=c++20 -fPIC -fno-math-errno -ffinite-math-only -fno-signaling-nans -fstrict-aliasing -faligned-new -fvect-cost-model=unlimited -fopenmp -I/capstor/scratch/cscs/lhulsbergen/venv_dace5cf/lib/python3.12/site-packages/dace/runtime/include -c /capstor/scratch/cscs/lhulsbergen/llr40_dace/emit/segment_reduce_ragged/none_old/src/cpu/canon_cpu.cpp -o /dev/null -fopt-info-vec-all=/capstor/scratch/cscs/lhulsbergen/llr40_dace/vec/reports/segment_reduce_ragged.none_old.g++-14.bonsall.all
segment_reduce_ragged,none,old,g++-14,unsafe,True,1,canon_cpu.cpp:40,1,canon_cpu.cpp:22,,g++-14 -O3 -std=c++20 -fPIC -fno-math-errno -ffinite-math-only -fno-signaling-nans -fstrict-aliasing -faligned-new -fvect-cost-model=unlimited -fopenmp -funsafe-math-optimizations -I/capstor/scratch/cscs/lhulsbergen/venv_dace5cf/lib/python3.12/site-packages/dace/runtime/include -c /capstor/scratch/cscs/lhulsbergen/llr40_dace/emit/segment_reduce_ragged/none_old/src/cpu/canon_cpu.cpp -o /dev/null -fopt-info-vec-all=/capstor/scratch/cscs/lhulsbergen/llr40_dace/vec/reports/segment_reduce_ragged.none_old.g++-14.unsafe.all
segment_reduce_ragged,none,old,g++-14,harness,True,1,canon_cpu.cpp:40,1,canon_cpu.cpp:22,,g++-14 -march=native -fopenmp -fno-math-errno -fno-trapping-math -fno-signed-zeros -ffp-contract=fast -fstrict-aliasing -include /capstor/scratch/cscs/lhulsbergen/HPCAgent-Bench-dace/hpcagent_bench/envs/vecmath.h -Wall -Wextra -O3 -fPIC -fopenmp -std=c++20 -I/capstor/scratch/cscs/lhulsbergen/venv_dace5cf/lib/python3.12/site-packages/dace/runtime/include -c /capstor/scratch/cscs/lhulsbergen/llr40_dace/emit/segment_reduce_ragged/none_old/src/cpu/canon_cpu.cpp -o /dev/null -fopt-info-vec-all=/capstor/scratch/cscs/lhulsbergen/llr40_dace/vec/reports/segment_reduce_ragged.none_old.g++-14.harness.all
tsvc_2_s115,canon,legacy,g++-13,bonsall,True,1,canon_cpu.cpp:24,1,canon_cpu.cpp:12,,g++-13 -O3 -std=c++20 -fPIC -fno-math-errno -ffinite-math-only -fno-signaling-nans -fstrict-aliasing -faligned-new -fvect-cost-model=unlimited -fopenmp -I/capstor/scratch/cscs/lhulsbergen/venv_dace5cf/lib/python3.12/site-packages/dace/runtime/include -c /capstor/scratch/cscs/lhulsbergen/llr40_dace/emit/tsvc_2_s115/canon_legacy/src/cpu/canon_cpu.cpp -o /dev/null -fopt-info-vec-all=/capstor/scratch/cscs/lhulsbergen/llr40_dace/vec/reports/tsvc_2_s115.canon_legacy.g++-13.bonsall.all
tsvc_2_s115,canon,legacy,g++-13,unsafe,True,1,canon_cpu.cpp:24,1,canon_cpu.cpp:12,,g++-13 -O3 -std=c++20 -fPIC -fno-math-errno -ffinite-math-only -fno-signaling-nans -fstrict-aliasing -faligned-new -fvect-cost-model=unlimited -fopenmp -funsafe-math-optimizations -I/capstor/scratch/cscs/lhulsbergen/venv_dace5cf/lib/python3.12/site-packages/dace/runtime/include -c /capstor/scratch/cscs/lhulsbergen/llr40_dace/emit/tsvc_2_s115/canon_legacy/src/cpu/canon_cpu.cpp -o /dev/null -fopt-info-vec-all=/capstor/scratch/cscs/lhulsbergen/llr40_dace/vec/reports/tsvc_2_s115.canon_legacy.g++-13.unsafe.all
tsvc_2_s115,canon,legacy,g++-13,harness,True,1,canon_cpu.cpp:24,2,canon_cpu.cpp:119 canon_cpu.cpp:12,,g++-13 -march=native -fopenmp -fno-math-errno -fno-trapping-math -fno-signed-zeros -ffp-contract=fast -fstrict-aliasing -include /capstor/scratch/cscs/lhulsbergen/HPCAgent-Bench-dace/hpcagent_bench/envs/vecmath.h -Wall -Wextra -O3 -fPIC -fopenmp -std=c++20 -I/capstor/scratch/cscs/lhulsbergen/venv_dace5cf/lib/python3.12/site-packages/dace/runtime/include -c /capstor/scratch/cscs/lhulsbergen/llr40_dace/emit/tsvc_2_s115/canon_legacy/src/cpu/canon_cpu.cpp -o /dev/null -fopt-info-vec-all=/capstor/scratch/cscs/lhulsbergen/llr40_dace/vec/reports/tsvc_2_s115.canon_legacy.g++-13.harness.all
tsvc_2_s115,canon,legacy,g++-14,bonsall,True,1,canon_cpu.cpp:24,1,canon_cpu.cpp:12,,g++-14 -O3 -std=c++20 -fPIC -fno-math-errno -ffinite-math-only -fno-signaling-nans -fstrict-aliasing -faligned-new -fvect-cost-model=unlimited -fopenmp -I/capstor/scratch/cscs/lhulsbergen/venv_dace5cf/lib/python3.12/site-packages/dace/runtime/include -c /capstor/scratch/cscs/lhulsbergen/llr40_dace/emit/tsvc_2_s115/canon_legacy/src/cpu/canon_cpu.cpp -o /dev/null -fopt-info-vec-all=/capstor/scratch/cscs/lhulsbergen/llr40_dace/vec/reports/tsvc_2_s115.canon_legacy.g++-14.bonsall.all
tsvc_2_s115,canon,legacy,g++-14,unsafe,True,1,canon_cpu.cpp:24,1,canon_cpu.cpp:12,,g++-14 -O3 -std=c++20 -fPIC -fno-math-errno -ffinite-math-only -fno-signaling-nans -fstrict-aliasing -faligned-new -fvect-cost-model=unlimited -fopenmp -funsafe-math-optimizations -I/capstor/scratch/cscs/lhulsbergen/venv_dace5cf/lib/python3.12/site-packages/dace/runtime/include -c /capstor/scratch/cscs/lhulsbergen/llr40_dace/emit/tsvc_2_s115/canon_legacy/src/cpu/canon_cpu.cpp -o /dev/null -fopt-info-vec-all=/capstor/scratch/cscs/lhulsbergen/llr40_dace/vec/reports/tsvc_2_s115.canon_legacy.g++-14.unsafe.all
tsvc_2_s115,canon,legacy,g++-14,harness,True,1,canon_cpu.cpp:24,2,canon_cpu.cpp:119 canon_cpu.cpp:12,,g++-14 -march=native -fopenmp -fno-math-errno -fno-trapping-math -fno-signed-zeros -ffp-contract=fast -fstrict-aliasing -include /capstor/scratch/cscs/lhulsbergen/HPCAgent-Bench-dace/hpcagent_bench/envs/vecmath.h -Wall -Wextra -O3 -fPIC -fopenmp -std=c++20 -I/capstor/scratch/cscs/lhulsbergen/venv_dace5cf/lib/python3.12/site-packages/dace/runtime/include -c /capstor/scratch/cscs/lhulsbergen/llr40_dace/emit/tsvc_2_s115/canon_legacy/src/cpu/canon_cpu.cpp -o /dev/null -fopt-info-vec-all=/capstor/scratch/cscs/lhulsbergen/llr40_dace/vec/reports/tsvc_2_s115.canon_legacy.g++-14.harness.all
tsvc_2_s115,canon,new,g++-13,bonsall,True,1,canon_cpu.cpp:22,1,canon_cpu.cpp:13,,g++-13 -O3 -std=c++20 -fPIC -fno-math-errno -ffinite-math-only -fno-signaling-nans -fstrict-aliasing -faligned-new -fvect-cost-model=unlimited -fopenmp -I/capstor/scratch/cscs/lhulsbergen/venv_dace5cf/lib/python3.12/site-packages/dace/runtime/include -c /capstor/scratch/cscs/lhulsbergen/llr40_dace/emit/tsvc_2_s115/canon_new/src/cpu/canon_cpu.cpp -o /dev/null -fopt-info-vec-all=/capstor/scratch/cscs/lhulsbergen/llr40_dace/vec/reports/tsvc_2_s115.canon_new.g++-13.bonsall.all
tsvc_2_s115,canon,new,g++-13,unsafe,True,1,canon_cpu.cpp:22,1,canon_cpu.cpp:13,,g++-13 -O3 -std=c++20 -fPIC -fno-math-errno -ffinite-math-only -fno-signaling-nans -fstrict-aliasing -faligned-new -fvect-cost-model=unlimited -fopenmp -funsafe-math-optimizations -I/capstor/scratch/cscs/lhulsbergen/venv_dace5cf/lib/python3.12/site-packages/dace/runtime/include -c /capstor/scratch/cscs/lhulsbergen/llr40_dace/emit/tsvc_2_s115/canon_new/src/cpu/canon_cpu.cpp -o /dev/null -fopt-info-vec-all=/capstor/scratch/cscs/lhulsbergen/llr40_dace/vec/reports/tsvc_2_s115.canon_new.g++-13.unsafe.all
tsvc_2_s115,canon,new,g++-13,harness,True,1,canon_cpu.cpp:22,2,canon_cpu.cpp:13 canon_cpu.cpp:47,,g++-13 -march=native -fopenmp -fno-math-errno -fno-trapping-math -fno-signed-zeros -ffp-contract=fast -fstrict-aliasing -include /capstor/scratch/cscs/lhulsbergen/HPCAgent-Bench-dace/hpcagent_bench/envs/vecmath.h -Wall -Wextra -O3 -fPIC -fopenmp -std=c++20 -I/capstor/scratch/cscs/lhulsbergen/venv_dace5cf/lib/python3.12/site-packages/dace/runtime/include -c /capstor/scratch/cscs/lhulsbergen/llr40_dace/emit/tsvc_2_s115/canon_new/src/cpu/canon_cpu.cpp -o /dev/null -fopt-info-vec-all=/capstor/scratch/cscs/lhulsbergen/llr40_dace/vec/reports/tsvc_2_s115.canon_new.g++-13.harness.all
tsvc_2_s115,canon,new,g++-14,bonsall,True,1,canon_cpu.cpp:22,1,canon_cpu.cpp:13,,g++-14 -O3 -std=c++20 -fPIC -fno-math-errno -ffinite-math-only -fno-signaling-nans -fstrict-aliasing -faligned-new -fvect-cost-model=unlimited -fopenmp -I/capstor/scratch/cscs/lhulsbergen/venv_dace5cf/lib/python3.12/site-packages/dace/runtime/include -c /capstor/scratch/cscs/lhulsbergen/llr40_dace/emit/tsvc_2_s115/canon_new/src/cpu/canon_cpu.cpp -o /dev/null -fopt-info-vec-all=/capstor/scratch/cscs/lhulsbergen/llr40_dace/vec/reports/tsvc_2_s115.canon_new.g++-14.bonsall.all
tsvc_2_s115,canon,new,g++-14,unsafe,True,1,canon_cpu.cpp:22,1,canon_cpu.cpp:13,,g++-14 -O3 -std=c++20 -fPIC -fno-math-errno -ffinite-math-only -fno-signaling-nans -fstrict-aliasing -faligned-new -fvect-cost-model=unlimited -fopenmp -funsafe-math-optimizations -I/capstor/scratch/cscs/lhulsbergen/venv_dace5cf/lib/python3.12/site-packages/dace/runtime/include -c /capstor/scratch/cscs/lhulsbergen/llr40_dace/emit/tsvc_2_s115/canon_new/src/cpu/canon_cpu.cpp -o /dev/null -fopt-info-vec-all=/capstor/scratch/cscs/lhulsbergen/llr40_dace/vec/reports/tsvc_2_s115.canon_new.g++-14.unsafe.all
tsvc_2_s115,canon,new,g++-14,harness,True,1,canon_cpu.cpp:22,2,canon_cpu.cpp:13 canon_cpu.cpp:47,,g++-14 -march=native -fopenmp -fno-math-errno -fno-trapping-math -fno-signed-zeros -ffp-contract=fast -fstrict-aliasing -include /capstor/scratch/cscs/lhulsbergen/HPCAgent-Bench-dace/hpcagent_bench/envs/vecmath.h -Wall -Wextra -O3 -fPIC -fopenmp -std=c++20 -I/capstor/scratch/cscs/lhulsbergen/venv_dace5cf/lib/python3.12/site-packages/dace/runtime/include -c /capstor/scratch/cscs/lhulsbergen/llr40_dace/emit/tsvc_2_s115/canon_new/src/cpu/canon_cpu.cpp -o /dev/null -fopt-info-vec-all=/capstor/scratch/cscs/lhulsbergen/llr40_dace/vec/reports/tsvc_2_s115.canon_new.g++-14.harness.all
tsvc_2_s115,canon,old,g++-13,bonsall,True,1,canon_cpu.cpp:24,1,canon_cpu.cpp:12,,g++-13 -O3 -std=c++20 -fPIC -fno-math-errno -ffinite-math-only -fno-signaling-nans -fstrict-aliasing -faligned-new -fvect-cost-model=unlimited -fopenmp -I/capstor/scratch/cscs/lhulsbergen/venv_dace5cf/lib/python3.12/site-packages/dace/runtime/include -c /capstor/scratch/cscs/lhulsbergen/llr40_dace/emit/tsvc_2_s115/canon_old/src/cpu/canon_cpu.cpp -o /dev/null -fopt-info-vec-all=/capstor/scratch/cscs/lhulsbergen/llr40_dace/vec/reports/tsvc_2_s115.canon_old.g++-13.bonsall.all
tsvc_2_s115,canon,old,g++-13,unsafe,True,1,canon_cpu.cpp:24,1,canon_cpu.cpp:12,,g++-13 -O3 -std=c++20 -fPIC -fno-math-errno -ffinite-math-only -fno-signaling-nans -fstrict-aliasing -faligned-new -fvect-cost-model=unlimited -fopenmp -funsafe-math-optimizations -I/capstor/scratch/cscs/lhulsbergen/venv_dace5cf/lib/python3.12/site-packages/dace/runtime/include -c /capstor/scratch/cscs/lhulsbergen/llr40_dace/emit/tsvc_2_s115/canon_old/src/cpu/canon_cpu.cpp -o /dev/null -fopt-info-vec-all=/capstor/scratch/cscs/lhulsbergen/llr40_dace/vec/reports/tsvc_2_s115.canon_old.g++-13.unsafe.all
tsvc_2_s115,canon,old,g++-13,harness,True,1,canon_cpu.cpp:24,2,canon_cpu.cpp:119 canon_cpu.cpp:12,,g++-13 -march=native -fopenmp -fno-math-errno -fno-trapping-math -fno-signed-zeros -ffp-contract=fast -fstrict-aliasing -include /capstor/scratch/cscs/lhulsbergen/HPCAgent-Bench-dace/hpcagent_bench/envs/vecmath.h -Wall -Wextra -O3 -fPIC -fopenmp -std=c++20 -I/capstor/scratch/cscs/lhulsbergen/venv_dace5cf/lib/python3.12/site-packages/dace/runtime/include -c /capstor/scratch/cscs/lhulsbergen/llr40_dace/emit/tsvc_2_s115/canon_old/src/cpu/canon_cpu.cpp -o /dev/null -fopt-info-vec-all=/capstor/scratch/cscs/lhulsbergen/llr40_dace/vec/reports/tsvc_2_s115.canon_old.g++-13.harness.all
tsvc_2_s115,canon,old,g++-14,bonsall,True,1,canon_cpu.cpp:24,1,canon_cpu.cpp:12,,g++-14 -O3 -std=c++20 -fPIC -fno-math-errno -ffinite-math-only -fno-signaling-nans -fstrict-aliasing -faligned-new -fvect-cost-model=unlimited -fopenmp -I/capstor/scratch/cscs/lhulsbergen/venv_dace5cf/lib/python3.12/site-packages/dace/runtime/include -c /capstor/scratch/cscs/lhulsbergen/llr40_dace/emit/tsvc_2_s115/canon_old/src/cpu/canon_cpu.cpp -o /dev/null -fopt-info-vec-all=/capstor/scratch/cscs/lhulsbergen/llr40_dace/vec/reports/tsvc_2_s115.canon_old.g++-14.bonsall.all
tsvc_2_s115,canon,old,g++-14,unsafe,True,1,canon_cpu.cpp:24,1,canon_cpu.cpp:12,,g++-14 -O3 -std=c++20 -fPIC -fno-math-errno -ffinite-math-only -fno-signaling-nans -fstrict-aliasing -faligned-new -fvect-cost-model=unlimited -fopenmp -funsafe-math-optimizations -I/capstor/scratch/cscs/lhulsbergen/venv_dace5cf/lib/python3.12/site-packages/dace/runtime/include -c /capstor/scratch/cscs/lhulsbergen/llr40_dace/emit/tsvc_2_s115/canon_old/src/cpu/canon_cpu.cpp -o /dev/null -fopt-info-vec-all=/capstor/scratch/cscs/lhulsbergen/llr40_dace/vec/reports/tsvc_2_s115.canon_old.g++-14.unsafe.all
tsvc_2_s115,canon,old,g++-14,harness,True,1,canon_cpu.cpp:24,2,canon_cpu.cpp:119 canon_cpu.cpp:12,,g++-14 -march=native -fopenmp -fno-math-errno -fno-trapping-math -fno-signed-zeros -ffp-contract=fast -fstrict-aliasing -include /capstor/scratch/cscs/lhulsbergen/HPCAgent-Bench-dace/hpcagent_bench/envs/vecmath.h -Wall -Wextra -O3 -fPIC -fopenmp -std=c++20 -I/capstor/scratch/cscs/lhulsbergen/venv_dace5cf/lib/python3.12/site-packages/dace/runtime/include -c /capstor/scratch/cscs/lhulsbergen/llr40_dace/emit/tsvc_2_s115/canon_old/src/cpu/canon_cpu.cpp -o /dev/null -fopt-info-vec-all=/capstor/scratch/cscs/lhulsbergen/llr40_dace/vec/reports/tsvc_2_s115.canon_old.g++-14.harness.all
tsvc_2_s115,none,legacy,g++-13,bonsall,True,1,canon_cpu.cpp:22,0,,,g++-13 -O3 -std=c++20 -fPIC -fno-math-errno -ffinite-math-only -fno-signaling-nans -fstrict-aliasing -faligned-new -fvect-cost-model=unlimited -fopenmp -I/capstor/scratch/cscs/lhulsbergen/venv_dace5cf/lib/python3.12/site-packages/dace/runtime/include -c /capstor/scratch/cscs/lhulsbergen/llr40_dace/emit/tsvc_2_s115/none_legacy/src/cpu/canon_cpu.cpp -o /dev/null -fopt-info-vec-all=/capstor/scratch/cscs/lhulsbergen/llr40_dace/vec/reports/tsvc_2_s115.none_legacy.g++-13.bonsall.all
tsvc_2_s115,none,legacy,g++-13,unsafe,True,1,canon_cpu.cpp:22,0,,,g++-13 -O3 -std=c++20 -fPIC -fno-math-errno -ffinite-math-only -fno-signaling-nans -fstrict-aliasing -faligned-new -fvect-cost-model=unlimited -fopenmp -funsafe-math-optimizations -I/capstor/scratch/cscs/lhulsbergen/venv_dace5cf/lib/python3.12/site-packages/dace/runtime/include -c /capstor/scratch/cscs/lhulsbergen/llr40_dace/emit/tsvc_2_s115/none_legacy/src/cpu/canon_cpu.cpp -o /dev/null -fopt-info-vec-all=/capstor/scratch/cscs/lhulsbergen/llr40_dace/vec/reports/tsvc_2_s115.none_legacy.g++-13.unsafe.all
tsvc_2_s115,none,legacy,g++-13,harness,True,1,canon_cpu.cpp:22,1,canon_cpu.cpp:9,,g++-13 -march=native -fopenmp -fno-math-errno -fno-trapping-math -fno-signed-zeros -ffp-contract=fast -fstrict-aliasing -include /capstor/scratch/cscs/lhulsbergen/HPCAgent-Bench-dace/hpcagent_bench/envs/vecmath.h -Wall -Wextra -O3 -fPIC -fopenmp -std=c++20 -I/capstor/scratch/cscs/lhulsbergen/venv_dace5cf/lib/python3.12/site-packages/dace/runtime/include -c /capstor/scratch/cscs/lhulsbergen/llr40_dace/emit/tsvc_2_s115/none_legacy/src/cpu/canon_cpu.cpp -o /dev/null -fopt-info-vec-all=/capstor/scratch/cscs/lhulsbergen/llr40_dace/vec/reports/tsvc_2_s115.none_legacy.g++-13.harness.all
tsvc_2_s115,none,legacy,g++-14,bonsall,True,1,canon_cpu.cpp:22,0,,,g++-14 -O3 -std=c++20 -fPIC -fno-math-errno -ffinite-math-only -fno-signaling-nans -fstrict-aliasing -faligned-new -fvect-cost-model=unlimited -fopenmp -I/capstor/scratch/cscs/lhulsbergen/venv_dace5cf/lib/python3.12/site-packages/dace/runtime/include -c /capstor/scratch/cscs/lhulsbergen/llr40_dace/emit/tsvc_2_s115/none_legacy/src/cpu/canon_cpu.cpp -o /dev/null -fopt-info-vec-all=/capstor/scratch/cscs/lhulsbergen/llr40_dace/vec/reports/tsvc_2_s115.none_legacy.g++-14.bonsall.all
tsvc_2_s115,none,legacy,g++-14,unsafe,True,1,canon_cpu.cpp:22,0,,,g++-14 -O3 -std=c++20 -fPIC -fno-math-errno -ffinite-math-only -fno-signaling-nans -fstrict-aliasing -faligned-new -fvect-cost-model=unlimited -fopenmp -funsafe-math-optimizations -I/capstor/scratch/cscs/lhulsbergen/venv_dace5cf/lib/python3.12/site-packages/dace/runtime/include -c /capstor/scratch/cscs/lhulsbergen/llr40_dace/emit/tsvc_2_s115/none_legacy/src/cpu/canon_cpu.cpp -o /dev/null -fopt-info-vec-all=/capstor/scratch/cscs/lhulsbergen/llr40_dace/vec/reports/tsvc_2_s115.none_legacy.g++-14.unsafe.all
tsvc_2_s115,none,legacy,g++-14,harness,True,1,canon_cpu.cpp:22,1,canon_cpu.cpp:9,,g++-14 -march=native -fopenmp -fno-math-errno -fno-trapping-math -fno-signed-zeros -ffp-contract=fast -fstrict-aliasing -include /capstor/scratch/cscs/lhulsbergen/HPCAgent-Bench-dace/hpcagent_bench/envs/vecmath.h -Wall -Wextra -O3 -fPIC -fopenmp -std=c++20 -I/capstor/scratch/cscs/lhulsbergen/venv_dace5cf/lib/python3.12/site-packages/dace/runtime/include -c /capstor/scratch/cscs/lhulsbergen/llr40_dace/emit/tsvc_2_s115/none_legacy/src/cpu/canon_cpu.cpp -o /dev/null -fopt-info-vec-all=/capstor/scratch/cscs/lhulsbergen/llr40_dace/vec/reports/tsvc_2_s115.none_legacy.g++-14.harness.all
tsvc_2_s115,none,new,g++-13,bonsall,True,1,canon_cpu.cpp:22,0,,,g++-13 -O3 -std=c++20 -fPIC -fno-math-errno -ffinite-math-only -fno-signaling-nans -fstrict-aliasing -faligned-new -fvect-cost-model=unlimited -fopenmp -I/capstor/scratch/cscs/lhulsbergen/venv_dace5cf/lib/python3.12/site-packages/dace/runtime/include -c /capstor/scratch/cscs/lhulsbergen/llr40_dace/emit/tsvc_2_s115/none_new/src/cpu/canon_cpu.cpp -o /dev/null -fopt-info-vec-all=/capstor/scratch/cscs/lhulsbergen/llr40_dace/vec/reports/tsvc_2_s115.none_new.g++-13.bonsall.all
tsvc_2_s115,none,new,g++-13,unsafe,True,1,canon_cpu.cpp:22,0,,,g++-13 -O3 -std=c++20 -fPIC -fno-math-errno -ffinite-math-only -fno-signaling-nans -fstrict-aliasing -faligned-new -fvect-cost-model=unlimited -fopenmp -funsafe-math-optimizations -I/capstor/scratch/cscs/lhulsbergen/venv_dace5cf/lib/python3.12/site-packages/dace/runtime/include -c /capstor/scratch/cscs/lhulsbergen/llr40_dace/emit/tsvc_2_s115/none_new/src/cpu/canon_cpu.cpp -o /dev/null -fopt-info-vec-all=/capstor/scratch/cscs/lhulsbergen/llr40_dace/vec/reports/tsvc_2_s115.none_new.g++-13.unsafe.all
tsvc_2_s115,none,new,g++-13,harness,True,1,canon_cpu.cpp:22,1,canon_cpu.cpp:11,,g++-13 -march=native -fopenmp -fno-math-errno -fno-trapping-math -fno-signed-zeros -ffp-contract=fast -fstrict-aliasing -include /capstor/scratch/cscs/lhulsbergen/HPCAgent-Bench-dace/hpcagent_bench/envs/vecmath.h -Wall -Wextra -O3 -fPIC -fopenmp -std=c++20 -I/capstor/scratch/cscs/lhulsbergen/venv_dace5cf/lib/python3.12/site-packages/dace/runtime/include -c /capstor/scratch/cscs/lhulsbergen/llr40_dace/emit/tsvc_2_s115/none_new/src/cpu/canon_cpu.cpp -o /dev/null -fopt-info-vec-all=/capstor/scratch/cscs/lhulsbergen/llr40_dace/vec/reports/tsvc_2_s115.none_new.g++-13.harness.all
tsvc_2_s115,none,new,g++-14,bonsall,True,1,canon_cpu.cpp:22,0,,,g++-14 -O3 -std=c++20 -fPIC -fno-math-errno -ffinite-math-only -fno-signaling-nans -fstrict-aliasing -faligned-new -fvect-cost-model=unlimited -fopenmp -I/capstor/scratch/cscs/lhulsbergen/venv_dace5cf/lib/python3.12/site-packages/dace/runtime/include -c /capstor/scratch/cscs/lhulsbergen/llr40_dace/emit/tsvc_2_s115/none_new/src/cpu/canon_cpu.cpp -o /dev/null -fopt-info-vec-all=/capstor/scratch/cscs/lhulsbergen/llr40_dace/vec/reports/tsvc_2_s115.none_new.g++-14.bonsall.all
tsvc_2_s115,none,new,g++-14,unsafe,True,1,canon_cpu.cpp:22,0,,,g++-14 -O3 -std=c++20 -fPIC -fno-math-errno -ffinite-math-only -fno-signaling-nans -fstrict-aliasing -faligned-new -fvect-cost-model=unlimited -fopenmp -funsafe-math-optimizations -I/capstor/scratch/cscs/lhulsbergen/venv_dace5cf/lib/python3.12/site-packages/dace/runtime/include -c /capstor/scratch/cscs/lhulsbergen/llr40_dace/emit/tsvc_2_s115/none_new/src/cpu/canon_cpu.cpp -o /dev/null -fopt-info-vec-all=/capstor/scratch/cscs/lhulsbergen/llr40_dace/vec/reports/tsvc_2_s115.none_new.g++-14.unsafe.all
tsvc_2_s115,none,new,g++-14,harness,True,1,canon_cpu.cpp:22,1,canon_cpu.cpp:11,,g++-14 -march=native -fopenmp -fno-math-errno -fno-trapping-math -fno-signed-zeros -ffp-contract=fast -fstrict-aliasing -include /capstor/scratch/cscs/lhulsbergen/HPCAgent-Bench-dace/hpcagent_bench/envs/vecmath.h -Wall -Wextra -O3 -fPIC -fopenmp -std=c++20 -I/capstor/scratch/cscs/lhulsbergen/venv_dace5cf/lib/python3.12/site-packages/dace/runtime/include -c /capstor/scratch/cscs/lhulsbergen/llr40_dace/emit/tsvc_2_s115/none_new/src/cpu/canon_cpu.cpp -o /dev/null -fopt-info-vec-all=/capstor/scratch/cscs/lhulsbergen/llr40_dace/vec/reports/tsvc_2_s115.none_new.g++-14.harness.all
tsvc_2_s115,none,old,g++-13,bonsall,True,1,canon_cpu.cpp:22,0,,,g++-13 -O3 -std=c++20 -fPIC -fno-math-errno -ffinite-math-only -fno-signaling-nans -fstrict-aliasing -faligned-new -fvect-cost-model=unlimited -fopenmp -I/capstor/scratch/cscs/lhulsbergen/venv_dace5cf/lib/python3.12/site-packages/dace/runtime/include -c /capstor/scratch/cscs/lhulsbergen/llr40_dace/emit/tsvc_2_s115/none_old/src/cpu/canon_cpu.cpp -o /dev/null -fopt-info-vec-all=/capstor/scratch/cscs/lhulsbergen/llr40_dace/vec/reports/tsvc_2_s115.none_old.g++-13.bonsall.all
tsvc_2_s115,none,old,g++-13,unsafe,True,1,canon_cpu.cpp:22,0,,,g++-13 -O3 -std=c++20 -fPIC -fno-math-errno -ffinite-math-only -fno-signaling-nans -fstrict-aliasing -faligned-new -fvect-cost-model=unlimited -fopenmp -funsafe-math-optimizations -I/capstor/scratch/cscs/lhulsbergen/venv_dace5cf/lib/python3.12/site-packages/dace/runtime/include -c /capstor/scratch/cscs/lhulsbergen/llr40_dace/emit/tsvc_2_s115/none_old/src/cpu/canon_cpu.cpp -o /dev/null -fopt-info-vec-all=/capstor/scratch/cscs/lhulsbergen/llr40_dace/vec/reports/tsvc_2_s115.none_old.g++-13.unsafe.all
tsvc_2_s115,none,old,g++-13,harness,True,1,canon_cpu.cpp:22,1,canon_cpu.cpp:9,,g++-13 -march=native -fopenmp -fno-math-errno -fno-trapping-math -fno-signed-zeros -ffp-contract=fast -fstrict-aliasing -include /capstor/scratch/cscs/lhulsbergen/HPCAgent-Bench-dace/hpcagent_bench/envs/vecmath.h -Wall -Wextra -O3 -fPIC -fopenmp -std=c++20 -I/capstor/scratch/cscs/lhulsbergen/venv_dace5cf/lib/python3.12/site-packages/dace/runtime/include -c /capstor/scratch/cscs/lhulsbergen/llr40_dace/emit/tsvc_2_s115/none_old/src/cpu/canon_cpu.cpp -o /dev/null -fopt-info-vec-all=/capstor/scratch/cscs/lhulsbergen/llr40_dace/vec/reports/tsvc_2_s115.none_old.g++-13.harness.all
tsvc_2_s115,none,old,g++-14,bonsall,True,1,canon_cpu.cpp:22,0,,,g++-14 -O3 -std=c++20 -fPIC -fno-math-errno -ffinite-math-only -fno-signaling-nans -fstrict-aliasing -faligned-new -fvect-cost-model=unlimited -fopenmp -I/capstor/scratch/cscs/lhulsbergen/venv_dace5cf/lib/python3.12/site-packages/dace/runtime/include -c /capstor/scratch/cscs/lhulsbergen/llr40_dace/emit/tsvc_2_s115/none_old/src/cpu/canon_cpu.cpp -o /dev/null -fopt-info-vec-all=/capstor/scratch/cscs/lhulsbergen/llr40_dace/vec/reports/tsvc_2_s115.none_old.g++-14.bonsall.all
tsvc_2_s115,none,old,g++-14,unsafe,True,1,canon_cpu.cpp:22,0,,,g++-14 -O3 -std=c++20 -fPIC -fno-math-errno -ffinite-math-only -fno-signaling-nans -fstrict-aliasing -faligned-new -fvect-cost-model=unlimited -fopenmp -funsafe-math-optimizations -I/capstor/scratch/cscs/lhulsbergen/venv_dace5cf/lib/python3.12/site-packages/dace/runtime/include -c /capstor/scratch/cscs/lhulsbergen/llr40_dace/emit/tsvc_2_s115/none_old/src/cpu/canon_cpu.cpp -o /dev/null -fopt-info-vec-all=/capstor/scratch/cscs/lhulsbergen/llr40_dace/vec/reports/tsvc_2_s115.none_old.g++-14.unsafe.all
tsvc_2_s115,none,old,g++-14,harness,True,1,canon_cpu.cpp:22,1,canon_cpu.cpp:9,,g++-14 -march=native -fopenmp -fno-math-errno -fno-trapping-math -fno-signed-zeros -ffp-contract=fast -fstrict-aliasing -include /capstor/scratch/cscs/lhulsbergen/HPCAgent-Bench-dace/hpcagent_bench/envs/vecmath.h -Wall -Wextra -O3 -fPIC -fopenmp -std=c++20 -I/capstor/scratch/cscs/lhulsbergen/venv_dace5cf/lib/python3.12/site-packages/dace/runtime/include -c /capstor/scratch/cscs/lhulsbergen/llr40_dace/emit/tsvc_2_s115/none_old/src/cpu/canon_cpu.cpp -o /dev/null -fopt-info-vec-all=/capstor/scratch/cscs/lhulsbergen/llr40_dace/vec/reports/tsvc_2_s115.none_old.g++-14.harness.all
tsvc_2_s119,canon,legacy,g++-13,bonsall,True,1,canon_cpu.cpp:21,1,canon_cpu.cpp:12,,g++-13 -O3 -std=c++20 -fPIC -fno-math-errno -ffinite-math-only -fno-signaling-nans -fstrict-aliasing -faligned-new -fvect-cost-model=unlimited -fopenmp -I/capstor/scratch/cscs/lhulsbergen/venv_dace5cf/lib/python3.12/site-packages/dace/runtime/include -c /capstor/scratch/cscs/lhulsbergen/llr40_dace/emit/tsvc_2_s119/canon_legacy/src/cpu/canon_cpu.cpp -o /dev/null -fopt-info-vec-all=/capstor/scratch/cscs/lhulsbergen/llr40_dace/vec/reports/tsvc_2_s119.canon_legacy.g++-13.bonsall.all
tsvc_2_s119,canon,legacy,g++-13,unsafe,True,1,canon_cpu.cpp:21,1,canon_cpu.cpp:12,,g++-13 -O3 -std=c++20 -fPIC -fno-math-errno -ffinite-math-only -fno-signaling-nans -fstrict-aliasing -faligned-new -fvect-cost-model=unlimited -fopenmp -funsafe-math-optimizations -I/capstor/scratch/cscs/lhulsbergen/venv_dace5cf/lib/python3.12/site-packages/dace/runtime/include -c /capstor/scratch/cscs/lhulsbergen/llr40_dace/emit/tsvc_2_s119/canon_legacy/src/cpu/canon_cpu.cpp -o /dev/null -fopt-info-vec-all=/capstor/scratch/cscs/lhulsbergen/llr40_dace/vec/reports/tsvc_2_s119.canon_legacy.g++-13.unsafe.all
tsvc_2_s119,canon,legacy,g++-13,harness,True,1,canon_cpu.cpp:21,2,canon_cpu.cpp:12 canon_cpu.cpp:82,,g++-13 -march=native -fopenmp -fno-math-errno -fno-trapping-math -fno-signed-zeros -ffp-contract=fast -fstrict-aliasing -include /capstor/scratch/cscs/lhulsbergen/HPCAgent-Bench-dace/hpcagent_bench/envs/vecmath.h -Wall -Wextra -O3 -fPIC -fopenmp -std=c++20 -I/capstor/scratch/cscs/lhulsbergen/venv_dace5cf/lib/python3.12/site-packages/dace/runtime/include -c /capstor/scratch/cscs/lhulsbergen/llr40_dace/emit/tsvc_2_s119/canon_legacy/src/cpu/canon_cpu.cpp -o /dev/null -fopt-info-vec-all=/capstor/scratch/cscs/lhulsbergen/llr40_dace/vec/reports/tsvc_2_s119.canon_legacy.g++-13.harness.all
tsvc_2_s119,canon,legacy,g++-14,bonsall,True,1,canon_cpu.cpp:21,1,canon_cpu.cpp:12,,g++-14 -O3 -std=c++20 -fPIC -fno-math-errno -ffinite-math-only -fno-signaling-nans -fstrict-aliasing -faligned-new -fvect-cost-model=unlimited -fopenmp -I/capstor/scratch/cscs/lhulsbergen/venv_dace5cf/lib/python3.12/site-packages/dace/runtime/include -c /capstor/scratch/cscs/lhulsbergen/llr40_dace/emit/tsvc_2_s119/canon_legacy/src/cpu/canon_cpu.cpp -o /dev/null -fopt-info-vec-all=/capstor/scratch/cscs/lhulsbergen/llr40_dace/vec/reports/tsvc_2_s119.canon_legacy.g++-14.bonsall.all
tsvc_2_s119,canon,legacy,g++-14,unsafe,True,1,canon_cpu.cpp:21,1,canon_cpu.cpp:12,,g++-14 -O3 -std=c++20 -fPIC -fno-math-errno -ffinite-math-only -fno-signaling-nans -fstrict-aliasing -faligned-new -fvect-cost-model=unlimited -fopenmp -funsafe-math-optimizations -I/capstor/scratch/cscs/lhulsbergen/venv_dace5cf/lib/python3.12/site-packages/dace/runtime/include -c /capstor/scratch/cscs/lhulsbergen/llr40_dace/emit/tsvc_2_s119/canon_legacy/src/cpu/canon_cpu.cpp -o /dev/null -fopt-info-vec-all=/capstor/scratch/cscs/lhulsbergen/llr40_dace/vec/reports/tsvc_2_s119.canon_legacy.g++-14.unsafe.all
tsvc_2_s119,canon,legacy,g++-14,harness,True,1,canon_cpu.cpp:21,2,canon_cpu.cpp:12 canon_cpu.cpp:82,,g++-14 -march=native -fopenmp -fno-math-errno -fno-trapping-math -fno-signed-zeros -ffp-contract=fast -fstrict-aliasing -include /capstor/scratch/cscs/lhulsbergen/HPCAgent-Bench-dace/hpcagent_bench/envs/vecmath.h -Wall -Wextra -O3 -fPIC -fopenmp -std=c++20 -I/capstor/scratch/cscs/lhulsbergen/venv_dace5cf/lib/python3.12/site-packages/dace/runtime/include -c /capstor/scratch/cscs/lhulsbergen/llr40_dace/emit/tsvc_2_s119/canon_legacy/src/cpu/canon_cpu.cpp -o /dev/null -fopt-info-vec-all=/capstor/scratch/cscs/lhulsbergen/llr40_dace/vec/reports/tsvc_2_s119.canon_legacy.g++-14.harness.all
tsvc_2_s119,canon,new,g++-13,bonsall,True,1,canon_cpu.cpp:19,1,canon_cpu.cpp:13,,g++-13 -O3 -std=c++20 -fPIC -fno-math-errno -ffinite-math-only -fno-signaling-nans -fstrict-aliasing -faligned-new -fvect-cost-model=unlimited -fopenmp -I/capstor/scratch/cscs/lhulsbergen/venv_dace5cf/lib/python3.12/site-packages/dace/runtime/include -c /capstor/scratch/cscs/lhulsbergen/llr40_dace/emit/tsvc_2_s119/canon_new/src/cpu/canon_cpu.cpp -o /dev/null -fopt-info-vec-all=/capstor/scratch/cscs/lhulsbergen/llr40_dace/vec/reports/tsvc_2_s119.canon_new.g++-13.bonsall.all
tsvc_2_s119,canon,new,g++-13,unsafe,True,1,canon_cpu.cpp:19,1,canon_cpu.cpp:13,,g++-13 -O3 -std=c++20 -fPIC -fno-math-errno -ffinite-math-only -fno-signaling-nans -fstrict-aliasing -faligned-new -fvect-cost-model=unlimited -fopenmp -funsafe-math-optimizations -I/capstor/scratch/cscs/lhulsbergen/venv_dace5cf/lib/python3.12/site-packages/dace/runtime/include -c /capstor/scratch/cscs/lhulsbergen/llr40_dace/emit/tsvc_2_s119/canon_new/src/cpu/canon_cpu.cpp -o /dev/null -fopt-info-vec-all=/capstor/scratch/cscs/lhulsbergen/llr40_dace/vec/reports/tsvc_2_s119.canon_new.g++-13.unsafe.all
tsvc_2_s119,canon,new,g++-13,harness,True,1,canon_cpu.cpp:19,2,canon_cpu.cpp:13 canon_cpu.cpp:41,,g++-13 -march=native -fopenmp -fno-math-errno -fno-trapping-math -fno-signed-zeros -ffp-contract=fast -fstrict-aliasing -include /capstor/scratch/cscs/lhulsbergen/HPCAgent-Bench-dace/hpcagent_bench/envs/vecmath.h -Wall -Wextra -O3 -fPIC -fopenmp -std=c++20 -I/capstor/scratch/cscs/lhulsbergen/venv_dace5cf/lib/python3.12/site-packages/dace/runtime/include -c /capstor/scratch/cscs/lhulsbergen/llr40_dace/emit/tsvc_2_s119/canon_new/src/cpu/canon_cpu.cpp -o /dev/null -fopt-info-vec-all=/capstor/scratch/cscs/lhulsbergen/llr40_dace/vec/reports/tsvc_2_s119.canon_new.g++-13.harness.all
tsvc_2_s119,canon,new,g++-14,bonsall,True,1,canon_cpu.cpp:19,1,canon_cpu.cpp:13,,g++-14 -O3 -std=c++20 -fPIC -fno-math-errno -ffinite-math-only -fno-signaling-nans -fstrict-aliasing -faligned-new -fvect-cost-model=unlimited -fopenmp -I/capstor/scratch/cscs/lhulsbergen/venv_dace5cf/lib/python3.12/site-packages/dace/runtime/include -c /capstor/scratch/cscs/lhulsbergen/llr40_dace/emit/tsvc_2_s119/canon_new/src/cpu/canon_cpu.cpp -o /dev/null -fopt-info-vec-all=/capstor/scratch/cscs/lhulsbergen/llr40_dace/vec/reports/tsvc_2_s119.canon_new.g++-14.bonsall.all
tsvc_2_s119,canon,new,g++-14,unsafe,True,1,canon_cpu.cpp:19,1,canon_cpu.cpp:13,,g++-14 -O3 -std=c++20 -fPIC -fno-math-errno -ffinite-math-only -fno-signaling-nans -fstrict-aliasing -faligned-new -fvect-cost-model=unlimited -fopenmp -funsafe-math-optimizations -I/capstor/scratch/cscs/lhulsbergen/venv_dace5cf/lib/python3.12/site-packages/dace/runtime/include -c /capstor/scratch/cscs/lhulsbergen/llr40_dace/emit/tsvc_2_s119/canon_new/src/cpu/canon_cpu.cpp -o /dev/null -fopt-info-vec-all=/capstor/scratch/cscs/lhulsbergen/llr40_dace/vec/reports/tsvc_2_s119.canon_new.g++-14.unsafe.all
tsvc_2_s119,canon,new,g++-14,harness,True,1,canon_cpu.cpp:19,2,canon_cpu.cpp:13 canon_cpu.cpp:41,,g++-14 -march=native -fopenmp -fno-math-errno -fno-trapping-math -fno-signed-zeros -ffp-contract=fast -fstrict-aliasing -include /capstor/scratch/cscs/lhulsbergen/HPCAgent-Bench-dace/hpcagent_bench/envs/vecmath.h -Wall -Wextra -O3 -fPIC -fopenmp -std=c++20 -I/capstor/scratch/cscs/lhulsbergen/venv_dace5cf/lib/python3.12/site-packages/dace/runtime/include -c /capstor/scratch/cscs/lhulsbergen/llr40_dace/emit/tsvc_2_s119/canon_new/src/cpu/canon_cpu.cpp -o /dev/null -fopt-info-vec-all=/capstor/scratch/cscs/lhulsbergen/llr40_dace/vec/reports/tsvc_2_s119.canon_new.g++-14.harness.all
tsvc_2_s119,canon,old,g++-13,bonsall,True,1,canon_cpu.cpp:21,1,canon_cpu.cpp:12,,g++-13 -O3 -std=c++20 -fPIC -fno-math-errno -ffinite-math-only -fno-signaling-nans -fstrict-aliasing -faligned-new -fvect-cost-model=unlimited -fopenmp -I/capstor/scratch/cscs/lhulsbergen/venv_dace5cf/lib/python3.12/site-packages/dace/runtime/include -c /capstor/scratch/cscs/lhulsbergen/llr40_dace/emit/tsvc_2_s119/canon_old/src/cpu/canon_cpu.cpp -o /dev/null -fopt-info-vec-all=/capstor/scratch/cscs/lhulsbergen/llr40_dace/vec/reports/tsvc_2_s119.canon_old.g++-13.bonsall.all
tsvc_2_s119,canon,old,g++-13,unsafe,True,1,canon_cpu.cpp:21,1,canon_cpu.cpp:12,,g++-13 -O3 -std=c++20 -fPIC -fno-math-errno -ffinite-math-only -fno-signaling-nans -fstrict-aliasing -faligned-new -fvect-cost-model=unlimited -fopenmp -funsafe-math-optimizations -I/capstor/scratch/cscs/lhulsbergen/venv_dace5cf/lib/python3.12/site-packages/dace/runtime/include -c /capstor/scratch/cscs/lhulsbergen/llr40_dace/emit/tsvc_2_s119/canon_old/src/cpu/canon_cpu.cpp -o /dev/null -fopt-info-vec-all=/capstor/scratch/cscs/lhulsbergen/llr40_dace/vec/reports/tsvc_2_s119.canon_old.g++-13.unsafe.all
tsvc_2_s119,canon,old,g++-13,harness,True,1,canon_cpu.cpp:21,2,canon_cpu.cpp:12 canon_cpu.cpp:82,,g++-13 -march=native -fopenmp -fno-math-errno -fno-trapping-math -fno-signed-zeros -ffp-contract=fast -fstrict-aliasing -include /capstor/scratch/cscs/lhulsbergen/HPCAgent-Bench-dace/hpcagent_bench/envs/vecmath.h -Wall -Wextra -O3 -fPIC -fopenmp -std=c++20 -I/capstor/scratch/cscs/lhulsbergen/venv_dace5cf/lib/python3.12/site-packages/dace/runtime/include -c /capstor/scratch/cscs/lhulsbergen/llr40_dace/emit/tsvc_2_s119/canon_old/src/cpu/canon_cpu.cpp -o /dev/null -fopt-info-vec-all=/capstor/scratch/cscs/lhulsbergen/llr40_dace/vec/reports/tsvc_2_s119.canon_old.g++-13.harness.all
tsvc_2_s119,canon,old,g++-14,bonsall,True,1,canon_cpu.cpp:21,1,canon_cpu.cpp:12,,g++-14 -O3 -std=c++20 -fPIC -fno-math-errno -ffinite-math-only -fno-signaling-nans -fstrict-aliasing -faligned-new -fvect-cost-model=unlimited -fopenmp -I/capstor/scratch/cscs/lhulsbergen/venv_dace5cf/lib/python3.12/site-packages/dace/runtime/include -c /capstor/scratch/cscs/lhulsbergen/llr40_dace/emit/tsvc_2_s119/canon_old/src/cpu/canon_cpu.cpp -o /dev/null -fopt-info-vec-all=/capstor/scratch/cscs/lhulsbergen/llr40_dace/vec/reports/tsvc_2_s119.canon_old.g++-14.bonsall.all
tsvc_2_s119,canon,old,g++-14,unsafe,True,1,canon_cpu.cpp:21,1,canon_cpu.cpp:12,,g++-14 -O3 -std=c++20 -fPIC -fno-math-errno -ffinite-math-only -fno-signaling-nans -fstrict-aliasing -faligned-new -fvect-cost-model=unlimited -fopenmp -funsafe-math-optimizations -I/capstor/scratch/cscs/lhulsbergen/venv_dace5cf/lib/python3.12/site-packages/dace/runtime/include -c /capstor/scratch/cscs/lhulsbergen/llr40_dace/emit/tsvc_2_s119/canon_old/src/cpu/canon_cpu.cpp -o /dev/null -fopt-info-vec-all=/capstor/scratch/cscs/lhulsbergen/llr40_dace/vec/reports/tsvc_2_s119.canon_old.g++-14.unsafe.all
tsvc_2_s119,canon,old,g++-14,harness,True,1,canon_cpu.cpp:21,2,canon_cpu.cpp:12 canon_cpu.cpp:82,,g++-14 -march=native -fopenmp -fno-math-errno -fno-trapping-math -fno-signed-zeros -ffp-contract=fast -fstrict-aliasing -include /capstor/scratch/cscs/lhulsbergen/HPCAgent-Bench-dace/hpcagent_bench/envs/vecmath.h -Wall -Wextra -O3 -fPIC -fopenmp -std=c++20 -I/capstor/scratch/cscs/lhulsbergen/venv_dace5cf/lib/python3.12/site-packages/dace/runtime/include -c /capstor/scratch/cscs/lhulsbergen/llr40_dace/emit/tsvc_2_s119/canon_old/src/cpu/canon_cpu.cpp -o /dev/null -fopt-info-vec-all=/capstor/scratch/cscs/lhulsbergen/llr40_dace/vec/reports/tsvc_2_s119.canon_old.g++-14.harness.all
tsvc_2_s119,none,legacy,g++-13,bonsall,True,1,canon_cpu.cpp:20,2,canon_cpu.cpp:18 canon_cpu.cpp:24,,g++-13 -O3 -std=c++20 -fPIC -fno-math-errno -ffinite-math-only -fno-signaling-nans -fstrict-aliasing -faligned-new -fvect-cost-model=unlimited -fopenmp -I/capstor/scratch/cscs/lhulsbergen/venv_dace5cf/lib/python3.12/site-packages/dace/runtime/include -c /capstor/scratch/cscs/lhulsbergen/llr40_dace/emit/tsvc_2_s119/none_legacy/src/cpu/canon_cpu.cpp -o /dev/null -fopt-info-vec-all=/capstor/scratch/cscs/lhulsbergen/llr40_dace/vec/reports/tsvc_2_s119.none_legacy.g++-13.bonsall.all
tsvc_2_s119,none,legacy,g++-13,unsafe,True,1,canon_cpu.cpp:20,2,canon_cpu.cpp:18 canon_cpu.cpp:24,,g++-13 -O3 -std=c++20 -fPIC -fno-math-errno -ffinite-math-only -fno-signaling-nans -fstrict-aliasing -faligned-new -fvect-cost-model=unlimited -fopenmp -funsafe-math-optimizations -I/capstor/scratch/cscs/lhulsbergen/venv_dace5cf/lib/python3.12/site-packages/dace/runtime/include -c /capstor/scratch/cscs/lhulsbergen/llr40_dace/emit/tsvc_2_s119/none_legacy/src/cpu/canon_cpu.cpp -o /dev/null -fopt-info-vec-all=/capstor/scratch/cscs/lhulsbergen/llr40_dace/vec/reports/tsvc_2_s119.none_legacy.g++-13.unsafe.all
tsvc_2_s119,none,legacy,g++-13,harness,True,1,canon_cpu.cpp:20,2,canon_cpu.cpp:18 canon_cpu.cpp:24,,g++-13 -march=native -fopenmp -fno-math-errno -fno-trapping-math -fno-signed-zeros -ffp-contract=fast -fstrict-aliasing -include /capstor/scratch/cscs/lhulsbergen/HPCAgent-Bench-dace/hpcagent_bench/envs/vecmath.h -Wall -Wextra -O3 -fPIC -fopenmp -std=c++20 -I/capstor/scratch/cscs/lhulsbergen/venv_dace5cf/lib/python3.12/site-packages/dace/runtime/include -c /capstor/scratch/cscs/lhulsbergen/llr40_dace/emit/tsvc_2_s119/none_legacy/src/cpu/canon_cpu.cpp -o /dev/null -fopt-info-vec-all=/capstor/scratch/cscs/lhulsbergen/llr40_dace/vec/reports/tsvc_2_s119.none_legacy.g++-13.harness.all
tsvc_2_s119,none,legacy,g++-14,bonsall,True,1,canon_cpu.cpp:20,2,canon_cpu.cpp:18 canon_cpu.cpp:24,,g++-14 -O3 -std=c++20 -fPIC -fno-math-errno -ffinite-math-only -fno-signaling-nans -fstrict-aliasing -faligned-new -fvect-cost-model=unlimited -fopenmp -I/capstor/scratch/cscs/lhulsbergen/venv_dace5cf/lib/python3.12/site-packages/dace/runtime/include -c /capstor/scratch/cscs/lhulsbergen/llr40_dace/emit/tsvc_2_s119/none_legacy/src/cpu/canon_cpu.cpp -o /dev/null -fopt-info-vec-all=/capstor/scratch/cscs/lhulsbergen/llr40_dace/vec/reports/tsvc_2_s119.none_legacy.g++-14.bonsall.all
tsvc_2_s119,none,legacy,g++-14,unsafe,True,1,canon_cpu.cpp:20,2,canon_cpu.cpp:18 canon_cpu.cpp:24,,g++-14 -O3 -std=c++20 -fPIC -fno-math-errno -ffinite-math-only -fno-signaling-nans -fstrict-aliasing -faligned-new -fvect-cost-model=unlimited -fopenmp -funsafe-math-optimizations -I/capstor/scratch/cscs/lhulsbergen/venv_dace5cf/lib/python3.12/site-packages/dace/runtime/include -c /capstor/scratch/cscs/lhulsbergen/llr40_dace/emit/tsvc_2_s119/none_legacy/src/cpu/canon_cpu.cpp -o /dev/null -fopt-info-vec-all=/capstor/scratch/cscs/lhulsbergen/llr40_dace/vec/reports/tsvc_2_s119.none_legacy.g++-14.unsafe.all
tsvc_2_s119,none,legacy,g++-14,harness,True,1,canon_cpu.cpp:20,2,canon_cpu.cpp:18 canon_cpu.cpp:24,,g++-14 -march=native -fopenmp -fno-math-errno -fno-trapping-math -fno-signed-zeros -ffp-contract=fast -fstrict-aliasing -include /capstor/scratch/cscs/lhulsbergen/HPCAgent-Bench-dace/hpcagent_bench/envs/vecmath.h -Wall -Wextra -O3 -fPIC -fopenmp -std=c++20 -I/capstor/scratch/cscs/lhulsbergen/venv_dace5cf/lib/python3.12/site-packages/dace/runtime/include -c /capstor/scratch/cscs/lhulsbergen/llr40_dace/emit/tsvc_2_s119/none_legacy/src/cpu/canon_cpu.cpp -o /dev/null -fopt-info-vec-all=/capstor/scratch/cscs/lhulsbergen/llr40_dace/vec/reports/tsvc_2_s119.none_legacy.g++-14.harness.all
tsvc_2_s119,none,new,g++-13,bonsall,True,1,canon_cpu.cpp:20,2,canon_cpu.cpp:18 canon_cpu.cpp:26,,g++-13 -O3 -std=c++20 -fPIC -fno-math-errno -ffinite-math-only -fno-signaling-nans -fstrict-aliasing -faligned-new -fvect-cost-model=unlimited -fopenmp -I/capstor/scratch/cscs/lhulsbergen/venv_dace5cf/lib/python3.12/site-packages/dace/runtime/include -c /capstor/scratch/cscs/lhulsbergen/llr40_dace/emit/tsvc_2_s119/none_new/src/cpu/canon_cpu.cpp -o /dev/null -fopt-info-vec-all=/capstor/scratch/cscs/lhulsbergen/llr40_dace/vec/reports/tsvc_2_s119.none_new.g++-13.bonsall.all
tsvc_2_s119,none,new,g++-13,unsafe,True,1,canon_cpu.cpp:20,2,canon_cpu.cpp:18 canon_cpu.cpp:26,,g++-13 -O3 -std=c++20 -fPIC -fno-math-errno -ffinite-math-only -fno-signaling-nans -fstrict-aliasing -faligned-new -fvect-cost-model=unlimited -fopenmp -funsafe-math-optimizations -I/capstor/scratch/cscs/lhulsbergen/venv_dace5cf/lib/python3.12/site-packages/dace/runtime/include -c /capstor/scratch/cscs/lhulsbergen/llr40_dace/emit/tsvc_2_s119/none_new/src/cpu/canon_cpu.cpp -o /dev/null -fopt-info-vec-all=/capstor/scratch/cscs/lhulsbergen/llr40_dace/vec/reports/tsvc_2_s119.none_new.g++-13.unsafe.all
tsvc_2_s119,none,new,g++-13,harness,True,1,canon_cpu.cpp:20,2,canon_cpu.cpp:18 canon_cpu.cpp:26,,g++-13 -march=native -fopenmp -fno-math-errno -fno-trapping-math -fno-signed-zeros -ffp-contract=fast -fstrict-aliasing -include /capstor/scratch/cscs/lhulsbergen/HPCAgent-Bench-dace/hpcagent_bench/envs/vecmath.h -Wall -Wextra -O3 -fPIC -fopenmp -std=c++20 -I/capstor/scratch/cscs/lhulsbergen/venv_dace5cf/lib/python3.12/site-packages/dace/runtime/include -c /capstor/scratch/cscs/lhulsbergen/llr40_dace/emit/tsvc_2_s119/none_new/src/cpu/canon_cpu.cpp -o /dev/null -fopt-info-vec-all=/capstor/scratch/cscs/lhulsbergen/llr40_dace/vec/reports/tsvc_2_s119.none_new.g++-13.harness.all
tsvc_2_s119,none,new,g++-14,bonsall,True,1,canon_cpu.cpp:20,2,canon_cpu.cpp:18 canon_cpu.cpp:26,,g++-14 -O3 -std=c++20 -fPIC -fno-math-errno -ffinite-math-only -fno-signaling-nans -fstrict-aliasing -faligned-new -fvect-cost-model=unlimited -fopenmp -I/capstor/scratch/cscs/lhulsbergen/venv_dace5cf/lib/python3.12/site-packages/dace/runtime/include -c /capstor/scratch/cscs/lhulsbergen/llr40_dace/emit/tsvc_2_s119/none_new/src/cpu/canon_cpu.cpp -o /dev/null -fopt-info-vec-all=/capstor/scratch/cscs/lhulsbergen/llr40_dace/vec/reports/tsvc_2_s119.none_new.g++-14.bonsall.all
tsvc_2_s119,none,new,g++-14,unsafe,True,1,canon_cpu.cpp:20,2,canon_cpu.cpp:18 canon_cpu.cpp:26,,g++-14 -O3 -std=c++20 -fPIC -fno-math-errno -ffinite-math-only -fno-signaling-nans -fstrict-aliasing -faligned-new -fvect-cost-model=unlimited -fopenmp -funsafe-math-optimizations -I/capstor/scratch/cscs/lhulsbergen/venv_dace5cf/lib/python3.12/site-packages/dace/runtime/include -c /capstor/scratch/cscs/lhulsbergen/llr40_dace/emit/tsvc_2_s119/none_new/src/cpu/canon_cpu.cpp -o /dev/null -fopt-info-vec-all=/capstor/scratch/cscs/lhulsbergen/llr40_dace/vec/reports/tsvc_2_s119.none_new.g++-14.unsafe.all
tsvc_2_s119,none,new,g++-14,harness,True,1,canon_cpu.cpp:20,2,canon_cpu.cpp:18 canon_cpu.cpp:26,,g++-14 -march=native -fopenmp -fno-math-errno -fno-trapping-math -fno-signed-zeros -ffp-contract=fast -fstrict-aliasing -include /capstor/scratch/cscs/lhulsbergen/HPCAgent-Bench-dace/hpcagent_bench/envs/vecmath.h -Wall -Wextra -O3 -fPIC -fopenmp -std=c++20 -I/capstor/scratch/cscs/lhulsbergen/venv_dace5cf/lib/python3.12/site-packages/dace/runtime/include -c /capstor/scratch/cscs/lhulsbergen/llr40_dace/emit/tsvc_2_s119/none_new/src/cpu/canon_cpu.cpp -o /dev/null -fopt-info-vec-all=/capstor/scratch/cscs/lhulsbergen/llr40_dace/vec/reports/tsvc_2_s119.none_new.g++-14.harness.all
tsvc_2_s119,none,old,g++-13,bonsall,True,1,canon_cpu.cpp:20,2,canon_cpu.cpp:18 copy.h:26,,g++-13 -O3 -std=c++20 -fPIC -fno-math-errno -ffinite-math-only -fno-signaling-nans -fstrict-aliasing -faligned-new -fvect-cost-model=unlimited -fopenmp -I/capstor/scratch/cscs/lhulsbergen/venv_dace5cf/lib/python3.12/site-packages/dace/runtime/include -c /capstor/scratch/cscs/lhulsbergen/llr40_dace/emit/tsvc_2_s119/none_old/src/cpu/canon_cpu.cpp -o /dev/null -fopt-info-vec-all=/capstor/scratch/cscs/lhulsbergen/llr40_dace/vec/reports/tsvc_2_s119.none_old.g++-13.bonsall.all
tsvc_2_s119,none,old,g++-13,unsafe,True,1,canon_cpu.cpp:20,2,canon_cpu.cpp:18 copy.h:26,,g++-13 -O3 -std=c++20 -fPIC -fno-math-errno -ffinite-math-only -fno-signaling-nans -fstrict-aliasing -faligned-new -fvect-cost-model=unlimited -fopenmp -funsafe-math-optimizations -I/capstor/scratch/cscs/lhulsbergen/venv_dace5cf/lib/python3.12/site-packages/dace/runtime/include -c /capstor/scratch/cscs/lhulsbergen/llr40_dace/emit/tsvc_2_s119/none_old/src/cpu/canon_cpu.cpp -o /dev/null -fopt-info-vec-all=/capstor/scratch/cscs/lhulsbergen/llr40_dace/vec/reports/tsvc_2_s119.none_old.g++-13.unsafe.all
tsvc_2_s119,none,old,g++-13,harness,True,1,canon_cpu.cpp:20,2,canon_cpu.cpp:18 copy.h:26,,g++-13 -march=native -fopenmp -fno-math-errno -fno-trapping-math -fno-signed-zeros -ffp-contract=fast -fstrict-aliasing -include /capstor/scratch/cscs/lhulsbergen/HPCAgent-Bench-dace/hpcagent_bench/envs/vecmath.h -Wall -Wextra -O3 -fPIC -fopenmp -std=c++20 -I/capstor/scratch/cscs/lhulsbergen/venv_dace5cf/lib/python3.12/site-packages/dace/runtime/include -c /capstor/scratch/cscs/lhulsbergen/llr40_dace/emit/tsvc_2_s119/none_old/src/cpu/canon_cpu.cpp -o /dev/null -fopt-info-vec-all=/capstor/scratch/cscs/lhulsbergen/llr40_dace/vec/reports/tsvc_2_s119.none_old.g++-13.harness.all
tsvc_2_s119,none,old,g++-14,bonsall,True,1,canon_cpu.cpp:20,2,canon_cpu.cpp:18 copy.h:26,,g++-14 -O3 -std=c++20 -fPIC -fno-math-errno -ffinite-math-only -fno-signaling-nans -fstrict-aliasing -faligned-new -fvect-cost-model=unlimited -fopenmp -I/capstor/scratch/cscs/lhulsbergen/venv_dace5cf/lib/python3.12/site-packages/dace/runtime/include -c /capstor/scratch/cscs/lhulsbergen/llr40_dace/emit/tsvc_2_s119/none_old/src/cpu/canon_cpu.cpp -o /dev/null -fopt-info-vec-all=/capstor/scratch/cscs/lhulsbergen/llr40_dace/vec/reports/tsvc_2_s119.none_old.g++-14.bonsall.all
tsvc_2_s119,none,old,g++-14,unsafe,True,1,canon_cpu.cpp:20,2,canon_cpu.cpp:18 copy.h:26,,g++-14 -O3 -std=c++20 -fPIC -fno-math-errno -ffinite-math-only -fno-signaling-nans -fstrict-aliasing -faligned-new -fvect-cost-model=unlimited -fopenmp -funsafe-math-optimizations -I/capstor/scratch/cscs/lhulsbergen/venv_dace5cf/lib/python3.12/site-packages/dace/runtime/include -c /capstor/scratch/cscs/lhulsbergen/llr40_dace/emit/tsvc_2_s119/none_old/src/cpu/canon_cpu.cpp -o /dev/null -fopt-info-vec-all=/capstor/scratch/cscs/lhulsbergen/llr40_dace/vec/reports/tsvc_2_s119.none_old.g++-14.unsafe.all
tsvc_2_s119,none,old,g++-14,harness,True,1,canon_cpu.cpp:20,2,canon_cpu.cpp:18 copy.h:26,,g++-14 -march=native -fopenmp -fno-math-errno -fno-trapping-math -fno-signed-zeros -ffp-contract=fast -fstrict-aliasing -include /capstor/scratch/cscs/lhulsbergen/HPCAgent-Bench-dace/hpcagent_bench/envs/vecmath.h -Wall -Wextra -O3 -fPIC -fopenmp -std=c++20 -I/capstor/scratch/cscs/lhulsbergen/venv_dace5cf/lib/python3.12/site-packages/dace/runtime/include -c /capstor/scratch/cscs/lhulsbergen/llr40_dace/emit/tsvc_2_s119/none_old/src/cpu/canon_cpu.cpp -o /dev/null -fopt-info-vec-all=/capstor/scratch/cscs/lhulsbergen/llr40_dace/vec/reports/tsvc_2_s119.none_old.g++-14.harness.all
tsvc_2_s1232,canon,legacy,g++-13,bonsall,True,0,,3,canon_cpu.cpp:49 math.h:394 math.h:47,,g++-13 -O3 -std=c++20 -fPIC -fno-math-errno -ffinite-math-only -fno-signaling-nans -fstrict-aliasing -faligned-new -fvect-cost-model=unlimited -fopenmp -I/capstor/scratch/cscs/lhulsbergen/venv_dace5cf/lib/python3.12/site-packages/dace/runtime/include -c /capstor/scratch/cscs/lhulsbergen/llr40_dace/emit/tsvc_2_s1232/canon_legacy/src/cpu/canon_cpu.cpp -o /dev/null -fopt-info-vec-all=/capstor/scratch/cscs/lhulsbergen/llr40_dace/vec/reports/tsvc_2_s1232.canon_legacy.g++-13.bonsall.all
tsvc_2_s1232,canon,legacy,g++-13,unsafe,True,0,,3,canon_cpu.cpp:49 math.h:394 math.h:47,,g++-13 -O3 -std=c++20 -fPIC -fno-math-errno -ffinite-math-only -fno-signaling-nans -fstrict-aliasing -faligned-new -fvect-cost-model=unlimited -fopenmp -funsafe-math-optimizations -I/capstor/scratch/cscs/lhulsbergen/venv_dace5cf/lib/python3.12/site-packages/dace/runtime/include -c /capstor/scratch/cscs/lhulsbergen/llr40_dace/emit/tsvc_2_s1232/canon_legacy/src/cpu/canon_cpu.cpp -o /dev/null -fopt-info-vec-all=/capstor/scratch/cscs/lhulsbergen/llr40_dace/vec/reports/tsvc_2_s1232.canon_legacy.g++-13.unsafe.all
tsvc_2_s1232,canon,legacy,g++-13,harness,True,1,canon_cpu.cpp:54,2,canon_cpu.cpp:49 math.h:394,,g++-13 -march=native -fopenmp -fno-math-errno -fno-trapping-math -fno-signed-zeros -ffp-contract=fast -fstrict-aliasing -include /capstor/scratch/cscs/lhulsbergen/HPCAgent-Bench-dace/hpcagent_bench/envs/vecmath.h -Wall -Wextra -O3 -fPIC -fopenmp -std=c++20 -I/capstor/scratch/cscs/lhulsbergen/venv_dace5cf/lib/python3.12/site-packages/dace/runtime/include -c /capstor/scratch/cscs/lhulsbergen/llr40_dace/emit/tsvc_2_s1232/canon_legacy/src/cpu/canon_cpu.cpp -o /dev/null -fopt-info-vec-all=/capstor/scratch/cscs/lhulsbergen/llr40_dace/vec/reports/tsvc_2_s1232.canon_legacy.g++-13.harness.all
tsvc_2_s1232,canon,legacy,g++-14,bonsall,True,0,,3,canon_cpu.cpp:49 math.h:394 math.h:47,,g++-14 -O3 -std=c++20 -fPIC -fno-math-errno -ffinite-math-only -fno-signaling-nans -fstrict-aliasing -faligned-new -fvect-cost-model=unlimited -fopenmp -I/capstor/scratch/cscs/lhulsbergen/venv_dace5cf/lib/python3.12/site-packages/dace/runtime/include -c /capstor/scratch/cscs/lhulsbergen/llr40_dace/emit/tsvc_2_s1232/canon_legacy/src/cpu/canon_cpu.cpp -o /dev/null -fopt-info-vec-all=/capstor/scratch/cscs/lhulsbergen/llr40_dace/vec/reports/tsvc_2_s1232.canon_legacy.g++-14.bonsall.all
tsvc_2_s1232,canon,legacy,g++-14,unsafe,True,0,,3,canon_cpu.cpp:49 math.h:394 math.h:47,,g++-14 -O3 -std=c++20 -fPIC -fno-math-errno -ffinite-math-only -fno-signaling-nans -fstrict-aliasing -faligned-new -fvect-cost-model=unlimited -fopenmp -funsafe-math-optimizations -I/capstor/scratch/cscs/lhulsbergen/venv_dace5cf/lib/python3.12/site-packages/dace/runtime/include -c /capstor/scratch/cscs/lhulsbergen/llr40_dace/emit/tsvc_2_s1232/canon_legacy/src/cpu/canon_cpu.cpp -o /dev/null -fopt-info-vec-all=/capstor/scratch/cscs/lhulsbergen/llr40_dace/vec/reports/tsvc_2_s1232.canon_legacy.g++-14.unsafe.all
tsvc_2_s1232,canon,legacy,g++-14,harness,True,0,,3,canon_cpu.cpp:49 canon_cpu.cpp:54 math.h:394,,g++-14 -march=native -fopenmp -fno-math-errno -fno-trapping-math -fno-signed-zeros -ffp-contract=fast -fstrict-aliasing -include /capstor/scratch/cscs/lhulsbergen/HPCAgent-Bench-dace/hpcagent_bench/envs/vecmath.h -Wall -Wextra -O3 -fPIC -fopenmp -std=c++20 -I/capstor/scratch/cscs/lhulsbergen/venv_dace5cf/lib/python3.12/site-packages/dace/runtime/include -c /capstor/scratch/cscs/lhulsbergen/llr40_dace/emit/tsvc_2_s1232/canon_legacy/src/cpu/canon_cpu.cpp -o /dev/null -fopt-info-vec-all=/capstor/scratch/cscs/lhulsbergen/llr40_dace/vec/reports/tsvc_2_s1232.canon_legacy.g++-14.harness.all
tsvc_2_s1232,canon,new,g++-13,bonsall,True,0,,3,canon_cpu.cpp:35 math.h:394 math.h:47,,g++-13 -O3 -std=c++20 -fPIC -fno-math-errno -ffinite-math-only -fno-signaling-nans -fstrict-aliasing -faligned-new -fvect-cost-model=unlimited -fopenmp -I/capstor/scratch/cscs/lhulsbergen/venv_dace5cf/lib/python3.12/site-packages/dace/runtime/include -c /capstor/scratch/cscs/lhulsbergen/llr40_dace/emit/tsvc_2_s1232/canon_new/src/cpu/canon_cpu.cpp -o /dev/null -fopt-info-vec-all=/capstor/scratch/cscs/lhulsbergen/llr40_dace/vec/reports/tsvc_2_s1232.canon_new.g++-13.bonsall.all
tsvc_2_s1232,canon,new,g++-13,unsafe,True,0,,3,canon_cpu.cpp:35 math.h:394 math.h:47,,g++-13 -O3 -std=c++20 -fPIC -fno-math-errno -ffinite-math-only -fno-signaling-nans -fstrict-aliasing -faligned-new -fvect-cost-model=unlimited -fopenmp -funsafe-math-optimizations -I/capstor/scratch/cscs/lhulsbergen/venv_dace5cf/lib/python3.12/site-packages/dace/runtime/include -c /capstor/scratch/cscs/lhulsbergen/llr40_dace/emit/tsvc_2_s1232/canon_new/src/cpu/canon_cpu.cpp -o /dev/null -fopt-info-vec-all=/capstor/scratch/cscs/lhulsbergen/llr40_dace/vec/reports/tsvc_2_s1232.canon_new.g++-13.unsafe.all
tsvc_2_s1232,canon,new,g++-13,harness,True,1,canon_cpu.cpp:38,3,canon_cpu.cpp:35 canon_cpu.cpp:9 math.h:394,,g++-13 -march=native -fopenmp -fno-math-errno -fno-trapping-math -fno-signed-zeros -ffp-contract=fast -fstrict-aliasing -include /capstor/scratch/cscs/lhulsbergen/HPCAgent-Bench-dace/hpcagent_bench/envs/vecmath.h -Wall -Wextra -O3 -fPIC -fopenmp -std=c++20 -I/capstor/scratch/cscs/lhulsbergen/venv_dace5cf/lib/python3.12/site-packages/dace/runtime/include -c /capstor/scratch/cscs/lhulsbergen/llr40_dace/emit/tsvc_2_s1232/canon_new/src/cpu/canon_cpu.cpp -o /dev/null -fopt-info-vec-all=/capstor/scratch/cscs/lhulsbergen/llr40_dace/vec/reports/tsvc_2_s1232.canon_new.g++-13.harness.all
tsvc_2_s1232,canon,new,g++-14,bonsall,True,0,,3,canon_cpu.cpp:35 math.h:394 math.h:47,,g++-14 -O3 -std=c++20 -fPIC -fno-math-errno -ffinite-math-only -fno-signaling-nans -fstrict-aliasing -faligned-new -fvect-cost-model=unlimited -fopenmp -I/capstor/scratch/cscs/lhulsbergen/venv_dace5cf/lib/python3.12/site-packages/dace/runtime/include -c /capstor/scratch/cscs/lhulsbergen/llr40_dace/emit/tsvc_2_s1232/canon_new/src/cpu/canon_cpu.cpp -o /dev/null -fopt-info-vec-all=/capstor/scratch/cscs/lhulsbergen/llr40_dace/vec/reports/tsvc_2_s1232.canon_new.g++-14.bonsall.all
tsvc_2_s1232,canon,new,g++-14,unsafe,True,0,,3,canon_cpu.cpp:35 math.h:394 math.h:47,,g++-14 -O3 -std=c++20 -fPIC -fno-math-errno -ffinite-math-only -fno-signaling-nans -fstrict-aliasing -faligned-new -fvect-cost-model=unlimited -fopenmp -funsafe-math-optimizations -I/capstor/scratch/cscs/lhulsbergen/venv_dace5cf/lib/python3.12/site-packages/dace/runtime/include -c /capstor/scratch/cscs/lhulsbergen/llr40_dace/emit/tsvc_2_s1232/canon_new/src/cpu/canon_cpu.cpp -o /dev/null -fopt-info-vec-all=/capstor/scratch/cscs/lhulsbergen/llr40_dace/vec/reports/tsvc_2_s1232.canon_new.g++-14.unsafe.all
tsvc_2_s1232,canon,new,g++-14,harness,True,0,,4,canon_cpu.cpp:35 canon_cpu.cpp:38 canon_cpu.cpp:9 math.h:394,,g++-14 -march=native -fopenmp -fno-math-errno -fno-trapping-math -fno-signed-zeros -ffp-contract=fast -fstrict-aliasing -include /capstor/scratch/cscs/lhulsbergen/HPCAgent-Bench-dace/hpcagent_bench/envs/vecmath.h -Wall -Wextra -O3 -fPIC -fopenmp -std=c++20 -I/capstor/scratch/cscs/lhulsbergen/venv_dace5cf/lib/python3.12/site-packages/dace/runtime/include -c /capstor/scratch/cscs/lhulsbergen/llr40_dace/emit/tsvc_2_s1232/canon_new/src/cpu/canon_cpu.cpp -o /dev/null -fopt-info-vec-all=/capstor/scratch/cscs/lhulsbergen/llr40_dace/vec/reports/tsvc_2_s1232.canon_new.g++-14.harness.all
tsvc_2_s1232,canon,old,g++-13,bonsall,True,0,,3,canon_cpu.cpp:49 math.h:394 math.h:47,,g++-13 -O3 -std=c++20 -fPIC -fno-math-errno -ffinite-math-only -fno-signaling-nans -fstrict-aliasing -faligned-new -fvect-cost-model=unlimited -fopenmp -I/capstor/scratch/cscs/lhulsbergen/venv_dace5cf/lib/python3.12/site-packages/dace/runtime/include -c /capstor/scratch/cscs/lhulsbergen/llr40_dace/emit/tsvc_2_s1232/canon_old/src/cpu/canon_cpu.cpp -o /dev/null -fopt-info-vec-all=/capstor/scratch/cscs/lhulsbergen/llr40_dace/vec/reports/tsvc_2_s1232.canon_old.g++-13.bonsall.all
tsvc_2_s1232,canon,old,g++-13,unsafe,True,0,,3,canon_cpu.cpp:49 math.h:394 math.h:47,,g++-13 -O3 -std=c++20 -fPIC -fno-math-errno -ffinite-math-only -fno-signaling-nans -fstrict-aliasing -faligned-new -fvect-cost-model=unlimited -fopenmp -funsafe-math-optimizations -I/capstor/scratch/cscs/lhulsbergen/venv_dace5cf/lib/python3.12/site-packages/dace/runtime/include -c /capstor/scratch/cscs/lhulsbergen/llr40_dace/emit/tsvc_2_s1232/canon_old/src/cpu/canon_cpu.cpp -o /dev/null -fopt-info-vec-all=/capstor/scratch/cscs/lhulsbergen/llr40_dace/vec/reports/tsvc_2_s1232.canon_old.g++-13.unsafe.all
tsvc_2_s1232,canon,old,g++-13,harness,True,1,canon_cpu.cpp:54,2,canon_cpu.cpp:49 math.h:394,,g++-13 -march=native -fopenmp -fno-math-errno -fno-trapping-math -fno-signed-zeros -ffp-contract=fast -fstrict-aliasing -include /capstor/scratch/cscs/lhulsbergen/HPCAgent-Bench-dace/hpcagent_bench/envs/vecmath.h -Wall -Wextra -O3 -fPIC -fopenmp -std=c++20 -I/capstor/scratch/cscs/lhulsbergen/venv_dace5cf/lib/python3.12/site-packages/dace/runtime/include -c /capstor/scratch/cscs/lhulsbergen/llr40_dace/emit/tsvc_2_s1232/canon_old/src/cpu/canon_cpu.cpp -o /dev/null -fopt-info-vec-all=/capstor/scratch/cscs/lhulsbergen/llr40_dace/vec/reports/tsvc_2_s1232.canon_old.g++-13.harness.all
tsvc_2_s1232,canon,old,g++-14,bonsall,True,0,,3,canon_cpu.cpp:49 math.h:394 math.h:47,,g++-14 -O3 -std=c++20 -fPIC -fno-math-errno -ffinite-math-only -fno-signaling-nans -fstrict-aliasing -faligned-new -fvect-cost-model=unlimited -fopenmp -I/capstor/scratch/cscs/lhulsbergen/venv_dace5cf/lib/python3.12/site-packages/dace/runtime/include -c /capstor/scratch/cscs/lhulsbergen/llr40_dace/emit/tsvc_2_s1232/canon_old/src/cpu/canon_cpu.cpp -o /dev/null -fopt-info-vec-all=/capstor/scratch/cscs/lhulsbergen/llr40_dace/vec/reports/tsvc_2_s1232.canon_old.g++-14.bonsall.all
tsvc_2_s1232,canon,old,g++-14,unsafe,True,0,,3,canon_cpu.cpp:49 math.h:394 math.h:47,,g++-14 -O3 -std=c++20 -fPIC -fno-math-errno -ffinite-math-only -fno-signaling-nans -fstrict-aliasing -faligned-new -fvect-cost-model=unlimited -fopenmp -funsafe-math-optimizations -I/capstor/scratch/cscs/lhulsbergen/venv_dace5cf/lib/python3.12/site-packages/dace/runtime/include -c /capstor/scratch/cscs/lhulsbergen/llr40_dace/emit/tsvc_2_s1232/canon_old/src/cpu/canon_cpu.cpp -o /dev/null -fopt-info-vec-all=/capstor/scratch/cscs/lhulsbergen/llr40_dace/vec/reports/tsvc_2_s1232.canon_old.g++-14.unsafe.all
tsvc_2_s1232,canon,old,g++-14,harness,True,0,,3,canon_cpu.cpp:49 canon_cpu.cpp:54 math.h:394,,g++-14 -march=native -fopenmp -fno-math-errno -fno-trapping-math -fno-signed-zeros -ffp-contract=fast -fstrict-aliasing -include /capstor/scratch/cscs/lhulsbergen/HPCAgent-Bench-dace/hpcagent_bench/envs/vecmath.h -Wall -Wextra -O3 -fPIC -fopenmp -std=c++20 -I/capstor/scratch/cscs/lhulsbergen/venv_dace5cf/lib/python3.12/site-packages/dace/runtime/include -c /capstor/scratch/cscs/lhulsbergen/llr40_dace/emit/tsvc_2_s1232/canon_old/src/cpu/canon_cpu.cpp -o /dev/null -fopt-info-vec-all=/capstor/scratch/cscs/lhulsbergen/llr40_dace/vec/reports/tsvc_2_s1232.canon_old.g++-14.harness.all
tsvc_2_s1232,none,legacy,g++-13,bonsall,True,1,canon_cpu.cpp:20,1,canon_cpu.cpp:18,,g++-13 -O3 -std=c++20 -fPIC -fno-math-errno -ffinite-math-only -fno-signaling-nans -fstrict-aliasing -faligned-new -fvect-cost-model=unlimited -fopenmp -I/capstor/scratch/cscs/lhulsbergen/venv_dace5cf/lib/python3.12/site-packages/dace/runtime/include -c /capstor/scratch/cscs/lhulsbergen/llr40_dace/emit/tsvc_2_s1232/none_legacy/src/cpu/canon_cpu.cpp -o /dev/null -fopt-info-vec-all=/capstor/scratch/cscs/lhulsbergen/llr40_dace/vec/reports/tsvc_2_s1232.none_legacy.g++-13.bonsall.all
tsvc_2_s1232,none,legacy,g++-13,unsafe,True,1,canon_cpu.cpp:20,1,canon_cpu.cpp:18,,g++-13 -O3 -std=c++20 -fPIC -fno-math-errno -ffinite-math-only -fno-signaling-nans -fstrict-aliasing -faligned-new -fvect-cost-model=unlimited -fopenmp -funsafe-math-optimizations -I/capstor/scratch/cscs/lhulsbergen/venv_dace5cf/lib/python3.12/site-packages/dace/runtime/include -c /capstor/scratch/cscs/lhulsbergen/llr40_dace/emit/tsvc_2_s1232/none_legacy/src/cpu/canon_cpu.cpp -o /dev/null -fopt-info-vec-all=/capstor/scratch/cscs/lhulsbergen/llr40_dace/vec/reports/tsvc_2_s1232.none_legacy.g++-13.unsafe.all
tsvc_2_s1232,none,legacy,g++-13,harness,True,0,,2,canon_cpu.cpp:18 canon_cpu.cpp:20,,g++-13 -march=native -fopenmp -fno-math-errno -fno-trapping-math -fno-signed-zeros -ffp-contract=fast -fstrict-aliasing -include /capstor/scratch/cscs/lhulsbergen/HPCAgent-Bench-dace/hpcagent_bench/envs/vecmath.h -Wall -Wextra -O3 -fPIC -fopenmp -std=c++20 -I/capstor/scratch/cscs/lhulsbergen/venv_dace5cf/lib/python3.12/site-packages/dace/runtime/include -c /capstor/scratch/cscs/lhulsbergen/llr40_dace/emit/tsvc_2_s1232/none_legacy/src/cpu/canon_cpu.cpp -o /dev/null -fopt-info-vec-all=/capstor/scratch/cscs/lhulsbergen/llr40_dace/vec/reports/tsvc_2_s1232.none_legacy.g++-13.harness.all
tsvc_2_s1232,none,legacy,g++-14,bonsall,True,1,canon_cpu.cpp:20,1,canon_cpu.cpp:18,,g++-14 -O3 -std=c++20 -fPIC -fno-math-errno -ffinite-math-only -fno-signaling-nans -fstrict-aliasing -faligned-new -fvect-cost-model=unlimited -fopenmp -I/capstor/scratch/cscs/lhulsbergen/venv_dace5cf/lib/python3.12/site-packages/dace/runtime/include -c /capstor/scratch/cscs/lhulsbergen/llr40_dace/emit/tsvc_2_s1232/none_legacy/src/cpu/canon_cpu.cpp -o /dev/null -fopt-info-vec-all=/capstor/scratch/cscs/lhulsbergen/llr40_dace/vec/reports/tsvc_2_s1232.none_legacy.g++-14.bonsall.all
tsvc_2_s1232,none,legacy,g++-14,unsafe,True,1,canon_cpu.cpp:20,1,canon_cpu.cpp:18,,g++-14 -O3 -std=c++20 -fPIC -fno-math-errno -ffinite-math-only -fno-signaling-nans -fstrict-aliasing -faligned-new -fvect-cost-model=unlimited -fopenmp -funsafe-math-optimizations -I/capstor/scratch/cscs/lhulsbergen/venv_dace5cf/lib/python3.12/site-packages/dace/runtime/include -c /capstor/scratch/cscs/lhulsbergen/llr40_dace/emit/tsvc_2_s1232/none_legacy/src/cpu/canon_cpu.cpp -o /dev/null -fopt-info-vec-all=/capstor/scratch/cscs/lhulsbergen/llr40_dace/vec/reports/tsvc_2_s1232.none_legacy.g++-14.unsafe.all
tsvc_2_s1232,none,legacy,g++-14,harness,True,0,,2,canon_cpu.cpp:18 canon_cpu.cpp:20,,g++-14 -march=native -fopenmp -fno-math-errno -fno-trapping-math -fno-signed-zeros -ffp-contract=fast -fstrict-aliasing -include /capstor/scratch/cscs/lhulsbergen/HPCAgent-Bench-dace/hpcagent_bench/envs/vecmath.h -Wall -Wextra -O3 -fPIC -fopenmp -std=c++20 -I/capstor/scratch/cscs/lhulsbergen/venv_dace5cf/lib/python3.12/site-packages/dace/runtime/include -c /capstor/scratch/cscs/lhulsbergen/llr40_dace/emit/tsvc_2_s1232/none_legacy/src/cpu/canon_cpu.cpp -o /dev/null -fopt-info-vec-all=/capstor/scratch/cscs/lhulsbergen/llr40_dace/vec/reports/tsvc_2_s1232.none_legacy.g++-14.harness.all
tsvc_2_s1232,none,new,g++-13,bonsall,True,1,canon_cpu.cpp:21,1,canon_cpu.cpp:19,,g++-13 -O3 -std=c++20 -fPIC -fno-math-errno -ffinite-math-only -fno-signaling-nans -fstrict-aliasing -faligned-new -fvect-cost-model=unlimited -fopenmp -I/capstor/scratch/cscs/lhulsbergen/venv_dace5cf/lib/python3.12/site-packages/dace/runtime/include -c /capstor/scratch/cscs/lhulsbergen/llr40_dace/emit/tsvc_2_s1232/none_new/src/cpu/canon_cpu.cpp -o /dev/null -fopt-info-vec-all=/capstor/scratch/cscs/lhulsbergen/llr40_dace/vec/reports/tsvc_2_s1232.none_new.g++-13.bonsall.all
tsvc_2_s1232,none,new,g++-13,unsafe,True,1,canon_cpu.cpp:21,1,canon_cpu.cpp:19,,g++-13 -O3 -std=c++20 -fPIC -fno-math-errno -ffinite-math-only -fno-signaling-nans -fstrict-aliasing -faligned-new -fvect-cost-model=unlimited -fopenmp -funsafe-math-optimizations -I/capstor/scratch/cscs/lhulsbergen/venv_dace5cf/lib/python3.12/site-packages/dace/runtime/include -c /capstor/scratch/cscs/lhulsbergen/llr40_dace/emit/tsvc_2_s1232/none_new/src/cpu/canon_cpu.cpp -o /dev/null -fopt-info-vec-all=/capstor/scratch/cscs/lhulsbergen/llr40_dace/vec/reports/tsvc_2_s1232.none_new.g++-13.unsafe.all
tsvc_2_s1232,none,new,g++-13,harness,True,0,,2,canon_cpu.cpp:19 canon_cpu.cpp:21,,g++-13 -march=native -fopenmp -fno-math-errno -fno-trapping-math -fno-signed-zeros -ffp-contract=fast -fstrict-aliasing -include /capstor/scratch/cscs/lhulsbergen/HPCAgent-Bench-dace/hpcagent_bench/envs/vecmath.h -Wall -Wextra -O3 -fPIC -fopenmp -std=c++20 -I/capstor/scratch/cscs/lhulsbergen/venv_dace5cf/lib/python3.12/site-packages/dace/runtime/include -c /capstor/scratch/cscs/lhulsbergen/llr40_dace/emit/tsvc_2_s1232/none_new/src/cpu/canon_cpu.cpp -o /dev/null -fopt-info-vec-all=/capstor/scratch/cscs/lhulsbergen/llr40_dace/vec/reports/tsvc_2_s1232.none_new.g++-13.harness.all
tsvc_2_s1232,none,new,g++-14,bonsall,True,1,canon_cpu.cpp:21,1,canon_cpu.cpp:19,,g++-14 -O3 -std=c++20 -fPIC -fno-math-errno -ffinite-math-only -fno-signaling-nans -fstrict-aliasing -faligned-new -fvect-cost-model=unlimited -fopenmp -I/capstor/scratch/cscs/lhulsbergen/venv_dace5cf/lib/python3.12/site-packages/dace/runtime/include -c /capstor/scratch/cscs/lhulsbergen/llr40_dace/emit/tsvc_2_s1232/none_new/src/cpu/canon_cpu.cpp -o /dev/null -fopt-info-vec-all=/capstor/scratch/cscs/lhulsbergen/llr40_dace/vec/reports/tsvc_2_s1232.none_new.g++-14.bonsall.all
tsvc_2_s1232,none,new,g++-14,unsafe,True,1,canon_cpu.cpp:21,1,canon_cpu.cpp:19,,g++-14 -O3 -std=c++20 -fPIC -fno-math-errno -ffinite-math-only -fno-signaling-nans -fstrict-aliasing -faligned-new -fvect-cost-model=unlimited -fopenmp -funsafe-math-optimizations -I/capstor/scratch/cscs/lhulsbergen/venv_dace5cf/lib/python3.12/site-packages/dace/runtime/include -c /capstor/scratch/cscs/lhulsbergen/llr40_dace/emit/tsvc_2_s1232/none_new/src/cpu/canon_cpu.cpp -o /dev/null -fopt-info-vec-all=/capstor/scratch/cscs/lhulsbergen/llr40_dace/vec/reports/tsvc_2_s1232.none_new.g++-14.unsafe.all
tsvc_2_s1232,none,new,g++-14,harness,True,0,,2,canon_cpu.cpp:19 canon_cpu.cpp:21,,g++-14 -march=native -fopenmp -fno-math-errno -fno-trapping-math -fno-signed-zeros -ffp-contract=fast -fstrict-aliasing -include /capstor/scratch/cscs/lhulsbergen/HPCAgent-Bench-dace/hpcagent_bench/envs/vecmath.h -Wall -Wextra -O3 -fPIC -fopenmp -std=c++20 -I/capstor/scratch/cscs/lhulsbergen/venv_dace5cf/lib/python3.12/site-packages/dace/runtime/include -c /capstor/scratch/cscs/lhulsbergen/llr40_dace/emit/tsvc_2_s1232/none_new/src/cpu/canon_cpu.cpp -o /dev/null -fopt-info-vec-all=/capstor/scratch/cscs/lhulsbergen/llr40_dace/vec/reports/tsvc_2_s1232.none_new.g++-14.harness.all
tsvc_2_s1232,none,old,g++-13,bonsall,True,1,canon_cpu.cpp:20,1,canon_cpu.cpp:18,,g++-13 -O3 -std=c++20 -fPIC -fno-math-errno -ffinite-math-only -fno-signaling-nans -fstrict-aliasing -faligned-new -fvect-cost-model=unlimited -fopenmp -I/capstor/scratch/cscs/lhulsbergen/venv_dace5cf/lib/python3.12/site-packages/dace/runtime/include -c /capstor/scratch/cscs/lhulsbergen/llr40_dace/emit/tsvc_2_s1232/none_old/src/cpu/canon_cpu.cpp -o /dev/null -fopt-info-vec-all=/capstor/scratch/cscs/lhulsbergen/llr40_dace/vec/reports/tsvc_2_s1232.none_old.g++-13.bonsall.all
tsvc_2_s1232,none,old,g++-13,unsafe,True,1,canon_cpu.cpp:20,1,canon_cpu.cpp:18,,g++-13 -O3 -std=c++20 -fPIC -fno-math-errno -ffinite-math-only -fno-signaling-nans -fstrict-aliasing -faligned-new -fvect-cost-model=unlimited -fopenmp -funsafe-math-optimizations -I/capstor/scratch/cscs/lhulsbergen/venv_dace5cf/lib/python3.12/site-packages/dace/runtime/include -c /capstor/scratch/cscs/lhulsbergen/llr40_dace/emit/tsvc_2_s1232/none_old/src/cpu/canon_cpu.cpp -o /dev/null -fopt-info-vec-all=/capstor/scratch/cscs/lhulsbergen/llr40_dace/vec/reports/tsvc_2_s1232.none_old.g++-13.unsafe.all
tsvc_2_s1232,none,old,g++-13,harness,True,0,,2,canon_cpu.cpp:18 canon_cpu.cpp:20,,g++-13 -march=native -fopenmp -fno-math-errno -fno-trapping-math -fno-signed-zeros -ffp-contract=fast -fstrict-aliasing -include /capstor/scratch/cscs/lhulsbergen/HPCAgent-Bench-dace/hpcagent_bench/envs/vecmath.h -Wall -Wextra -O3 -fPIC -fopenmp -std=c++20 -I/capstor/scratch/cscs/lhulsbergen/venv_dace5cf/lib/python3.12/site-packages/dace/runtime/include -c /capstor/scratch/cscs/lhulsbergen/llr40_dace/emit/tsvc_2_s1232/none_old/src/cpu/canon_cpu.cpp -o /dev/null -fopt-info-vec-all=/capstor/scratch/cscs/lhulsbergen/llr40_dace/vec/reports/tsvc_2_s1232.none_old.g++-13.harness.all
tsvc_2_s1232,none,old,g++-14,bonsall,True,1,canon_cpu.cpp:20,1,canon_cpu.cpp:18,,g++-14 -O3 -std=c++20 -fPIC -fno-math-errno -ffinite-math-only -fno-signaling-nans -fstrict-aliasing -faligned-new -fvect-cost-model=unlimited -fopenmp -I/capstor/scratch/cscs/lhulsbergen/venv_dace5cf/lib/python3.12/site-packages/dace/runtime/include -c /capstor/scratch/cscs/lhulsbergen/llr40_dace/emit/tsvc_2_s1232/none_old/src/cpu/canon_cpu.cpp -o /dev/null -fopt-info-vec-all=/capstor/scratch/cscs/lhulsbergen/llr40_dace/vec/reports/tsvc_2_s1232.none_old.g++-14.bonsall.all
tsvc_2_s1232,none,old,g++-14,unsafe,True,1,canon_cpu.cpp:20,1,canon_cpu.cpp:18,,g++-14 -O3 -std=c++20 -fPIC -fno-math-errno -ffinite-math-only -fno-signaling-nans -fstrict-aliasing -faligned-new -fvect-cost-model=unlimited -fopenmp -funsafe-math-optimizations -I/capstor/scratch/cscs/lhulsbergen/venv_dace5cf/lib/python3.12/site-packages/dace/runtime/include -c /capstor/scratch/cscs/lhulsbergen/llr40_dace/emit/tsvc_2_s1232/none_old/src/cpu/canon_cpu.cpp -o /dev/null -fopt-info-vec-all=/capstor/scratch/cscs/lhulsbergen/llr40_dace/vec/reports/tsvc_2_s1232.none_old.g++-14.unsafe.all
tsvc_2_s1232,none,old,g++-14,harness,True,0,,2,canon_cpu.cpp:18 canon_cpu.cpp:20,,g++-14 -march=native -fopenmp -fno-math-errno -fno-trapping-math -fno-signed-zeros -ffp-contract=fast -fstrict-aliasing -include /capstor/scratch/cscs/lhulsbergen/HPCAgent-Bench-dace/hpcagent_bench/envs/vecmath.h -Wall -Wextra -O3 -fPIC -fopenmp -std=c++20 -I/capstor/scratch/cscs/lhulsbergen/venv_dace5cf/lib/python3.12/site-packages/dace/runtime/include -c /capstor/scratch/cscs/lhulsbergen/llr40_dace/emit/tsvc_2_s1232/none_old/src/cpu/canon_cpu.cpp -o /dev/null -fopt-info-vec-all=/capstor/scratch/cscs/lhulsbergen/llr40_dace/vec/reports/tsvc_2_s1232.none_old.g++-14.harness.all
tsvc_2_s1244,canon,legacy,g++-13,bonsall,True,1,canon_cpu.cpp:24,3,canon_cpu.cpp:310 canon_cpu.cpp:313 canon_cpu.cpp:43,,g++-13 -O3 -std=c++20 -fPIC -fno-math-errno -ffinite-math-only -fno-signaling-nans -fstrict-aliasing -faligned-new -fvect-cost-model=unlimited -fopenmp -I/capstor/scratch/cscs/lhulsbergen/venv_dace5cf/lib/python3.12/site-packages/dace/runtime/include -c /capstor/scratch/cscs/lhulsbergen/llr40_dace/emit/tsvc_2_s1244/canon_legacy/src/cpu/canon_cpu.cpp -o /dev/null -fopt-info-vec-all=/capstor/scratch/cscs/lhulsbergen/llr40_dace/vec/reports/tsvc_2_s1244.canon_legacy.g++-13.bonsall.all
tsvc_2_s1244,canon,legacy,g++-13,unsafe,True,1,canon_cpu.cpp:24,3,canon_cpu.cpp:310 canon_cpu.cpp:313 canon_cpu.cpp:43,,g++-13 -O3 -std=c++20 -fPIC -fno-math-errno -ffinite-math-only -fno-signaling-nans -fstrict-aliasing -faligned-new -fvect-cost-model=unlimited -fopenmp -funsafe-math-optimizations -I/capstor/scratch/cscs/lhulsbergen/venv_dace5cf/lib/python3.12/site-packages/dace/runtime/include -c /capstor/scratch/cscs/lhulsbergen/llr40_dace/emit/tsvc_2_s1244/canon_legacy/src/cpu/canon_cpu.cpp -o /dev/null -fopt-info-vec-all=/capstor/scratch/cscs/lhulsbergen/llr40_dace/vec/reports/tsvc_2_s1244.canon_legacy.g++-13.unsafe.all
tsvc_2_s1244,canon,legacy,g++-13,harness,True,0,,5,canon_cpu.cpp:24 canon_cpu.cpp:298 canon_cpu.cpp:310 canon_cpu.cpp:313 canon_cpu.cpp:43,,g++-13 -march=native -fopenmp -fno-math-errno -fno-trapping-math -fno-signed-zeros -ffp-contract=fast -fstrict-aliasing -include /capstor/scratch/cscs/lhulsbergen/HPCAgent-Bench-dace/hpcagent_bench/envs/vecmath.h -Wall -Wextra -O3 -fPIC -fopenmp -std=c++20 -I/capstor/scratch/cscs/lhulsbergen/venv_dace5cf/lib/python3.12/site-packages/dace/runtime/include -c /capstor/scratch/cscs/lhulsbergen/llr40_dace/emit/tsvc_2_s1244/canon_legacy/src/cpu/canon_cpu.cpp -o /dev/null -fopt-info-vec-all=/capstor/scratch/cscs/lhulsbergen/llr40_dace/vec/reports/tsvc_2_s1244.canon_legacy.g++-13.harness.all
tsvc_2_s1244,canon,legacy,g++-14,bonsall,True,1,canon_cpu.cpp:24,3,canon_cpu.cpp:310 canon_cpu.cpp:313 canon_cpu.cpp:43,,g++-14 -O3 -std=c++20 -fPIC -fno-math-errno -ffinite-math-only -fno-signaling-nans -fstrict-aliasing -faligned-new -fvect-cost-model=unlimited -fopenmp -I/capstor/scratch/cscs/lhulsbergen/venv_dace5cf/lib/python3.12/site-packages/dace/runtime/include -c /capstor/scratch/cscs/lhulsbergen/llr40_dace/emit/tsvc_2_s1244/canon_legacy/src/cpu/canon_cpu.cpp -o /dev/null -fopt-info-vec-all=/capstor/scratch/cscs/lhulsbergen/llr40_dace/vec/reports/tsvc_2_s1244.canon_legacy.g++-14.bonsall.all
tsvc_2_s1244,canon,legacy,g++-14,unsafe,True,1,canon_cpu.cpp:24,3,canon_cpu.cpp:310 canon_cpu.cpp:313 canon_cpu.cpp:43,,g++-14 -O3 -std=c++20 -fPIC -fno-math-errno -ffinite-math-only -fno-signaling-nans -fstrict-aliasing -faligned-new -fvect-cost-model=unlimited -fopenmp -funsafe-math-optimizations -I/capstor/scratch/cscs/lhulsbergen/venv_dace5cf/lib/python3.12/site-packages/dace/runtime/include -c /capstor/scratch/cscs/lhulsbergen/llr40_dace/emit/tsvc_2_s1244/canon_legacy/src/cpu/canon_cpu.cpp -o /dev/null -fopt-info-vec-all=/capstor/scratch/cscs/lhulsbergen/llr40_dace/vec/reports/tsvc_2_s1244.canon_legacy.g++-14.unsafe.all
tsvc_2_s1244,canon,legacy,g++-14,harness,True,0,,5,canon_cpu.cpp:24 canon_cpu.cpp:298 canon_cpu.cpp:310 canon_cpu.cpp:313 canon_cpu.cpp:43,,g++-14 -march=native -fopenmp -fno-math-errno -fno-trapping-math -fno-signed-zeros -ffp-contract=fast -fstrict-aliasing -include /capstor/scratch/cscs/lhulsbergen/HPCAgent-Bench-dace/hpcagent_bench/envs/vecmath.h -Wall -Wextra -O3 -fPIC -fopenmp -std=c++20 -I/capstor/scratch/cscs/lhulsbergen/venv_dace5cf/lib/python3.12/site-packages/dace/runtime/include -c /capstor/scratch/cscs/lhulsbergen/llr40_dace/emit/tsvc_2_s1244/canon_legacy/src/cpu/canon_cpu.cpp -o /dev/null -fopt-info-vec-all=/capstor/scratch/cscs/lhulsbergen/llr40_dace/vec/reports/tsvc_2_s1244.canon_legacy.g++-14.harness.all
tsvc_2_s1244,canon,new,g++-13,bonsall,True,1,canon_cpu.cpp:25,3,canon_cpu.cpp:120 canon_cpu.cpp:122 canon_cpu.cpp:38,,g++-13 -O3 -std=c++20 -fPIC -fno-math-errno -ffinite-math-only -fno-signaling-nans -fstrict-aliasing -faligned-new -fvect-cost-model=unlimited -fopenmp -I/capstor/scratch/cscs/lhulsbergen/venv_dace5cf/lib/python3.12/site-packages/dace/runtime/include -c /capstor/scratch/cscs/lhulsbergen/llr40_dace/emit/tsvc_2_s1244/canon_new/src/cpu/canon_cpu.cpp -o /dev/null -fopt-info-vec-all=/capstor/scratch/cscs/lhulsbergen/llr40_dace/vec/reports/tsvc_2_s1244.canon_new.g++-13.bonsall.all
tsvc_2_s1244,canon,new,g++-13,unsafe,True,1,canon_cpu.cpp:25,3,canon_cpu.cpp:120 canon_cpu.cpp:122 canon_cpu.cpp:38,,g++-13 -O3 -std=c++20 -fPIC -fno-math-errno -ffinite-math-only -fno-signaling-nans -fstrict-aliasing -faligned-new -fvect-cost-model=unlimited -fopenmp -funsafe-math-optimizations -I/capstor/scratch/cscs/lhulsbergen/venv_dace5cf/lib/python3.12/site-packages/dace/runtime/include -c /capstor/scratch/cscs/lhulsbergen/llr40_dace/emit/tsvc_2_s1244/canon_new/src/cpu/canon_cpu.cpp -o /dev/null -fopt-info-vec-all=/capstor/scratch/cscs/lhulsbergen/llr40_dace/vec/reports/tsvc_2_s1244.canon_new.g++-13.unsafe.all
tsvc_2_s1244,canon,new,g++-13,harness,True,0,,5,canon_cpu.cpp:113 canon_cpu.cpp:120 canon_cpu.cpp:122 canon_cpu.cpp:25 canon_cpu.cpp:38,,g++-13 -march=native -fopenmp -fno-math-errno -fno-trapping-math -fno-signed-zeros -ffp-contract=fast -fstrict-aliasing -include /capstor/scratch/cscs/lhulsbergen/HPCAgent-Bench-dace/hpcagent_bench/envs/vecmath.h -Wall -Wextra -O3 -fPIC -fopenmp -std=c++20 -I/capstor/scratch/cscs/lhulsbergen/venv_dace5cf/lib/python3.12/site-packages/dace/runtime/include -c /capstor/scratch/cscs/lhulsbergen/llr40_dace/emit/tsvc_2_s1244/canon_new/src/cpu/canon_cpu.cpp -o /dev/null -fopt-info-vec-all=/capstor/scratch/cscs/lhulsbergen/llr40_dace/vec/reports/tsvc_2_s1244.canon_new.g++-13.harness.all
tsvc_2_s1244,canon,new,g++-14,bonsall,True,1,canon_cpu.cpp:25,3,canon_cpu.cpp:120 canon_cpu.cpp:122 canon_cpu.cpp:38,,g++-14 -O3 -std=c++20 -fPIC -fno-math-errno -ffinite-math-only -fno-signaling-nans -fstrict-aliasing -faligned-new -fvect-cost-model=unlimited -fopenmp -I/capstor/scratch/cscs/lhulsbergen/venv_dace5cf/lib/python3.12/site-packages/dace/runtime/include -c /capstor/scratch/cscs/lhulsbergen/llr40_dace/emit/tsvc_2_s1244/canon_new/src/cpu/canon_cpu.cpp -o /dev/null -fopt-info-vec-all=/capstor/scratch/cscs/lhulsbergen/llr40_dace/vec/reports/tsvc_2_s1244.canon_new.g++-14.bonsall.all
tsvc_2_s1244,canon,new,g++-14,unsafe,True,1,canon_cpu.cpp:25,3,canon_cpu.cpp:120 canon_cpu.cpp:122 canon_cpu.cpp:38,,g++-14 -O3 -std=c++20 -fPIC -fno-math-errno -ffinite-math-only -fno-signaling-nans -fstrict-aliasing -faligned-new -fvect-cost-model=unlimited -fopenmp -funsafe-math-optimizations -I/capstor/scratch/cscs/lhulsbergen/venv_dace5cf/lib/python3.12/site-packages/dace/runtime/include -c /capstor/scratch/cscs/lhulsbergen/llr40_dace/emit/tsvc_2_s1244/canon_new/src/cpu/canon_cpu.cpp -o /dev/null -fopt-info-vec-all=/capstor/scratch/cscs/lhulsbergen/llr40_dace/vec/reports/tsvc_2_s1244.canon_new.g++-14.unsafe.all
tsvc_2_s1244,canon,new,g++-14,harness,True,0,,5,canon_cpu.cpp:113 canon_cpu.cpp:120 canon_cpu.cpp:122 canon_cpu.cpp:25 canon_cpu.cpp:38,,g++-14 -march=native -fopenmp -fno-math-errno -fno-trapping-math -fno-signed-zeros -ffp-contract=fast -fstrict-aliasing -include /capstor/scratch/cscs/lhulsbergen/HPCAgent-Bench-dace/hpcagent_bench/envs/vecmath.h -Wall -Wextra -O3 -fPIC -fopenmp -std=c++20 -I/capstor/scratch/cscs/lhulsbergen/venv_dace5cf/lib/python3.12/site-packages/dace/runtime/include -c /capstor/scratch/cscs/lhulsbergen/llr40_dace/emit/tsvc_2_s1244/canon_new/src/cpu/canon_cpu.cpp -o /dev/null -fopt-info-vec-all=/capstor/scratch/cscs/lhulsbergen/llr40_dace/vec/reports/tsvc_2_s1244.canon_new.g++-14.harness.all
tsvc_2_s1244,canon,old,g++-13,bonsall,True,1,copy.h:345,4,canon_cpu.cpp:15 canon_cpu.cpp:250 canon_cpu.cpp:263 math.h:89,,g++-13 -O3 -std=c++20 -fPIC -fno-math-errno -ffinite-math-only -fno-signaling-nans -fstrict-aliasing -faligned-new -fvect-cost-model=unlimited -fopenmp -I/capstor/scratch/cscs/lhulsbergen/venv_dace5cf/lib/python3.12/site-packages/dace/runtime/include -c /capstor/scratch/cscs/lhulsbergen/llr40_dace/emit/tsvc_2_s1244/canon_old/src/cpu/canon_cpu.cpp -o /dev/null -fopt-info-vec-all=/capstor/scratch/cscs/lhulsbergen/llr40_dace/vec/reports/tsvc_2_s1244.canon_old.g++-13.bonsall.all
tsvc_2_s1244,canon,old,g++-13,unsafe,True,1,copy.h:345,4,canon_cpu.cpp:15 canon_cpu.cpp:250 canon_cpu.cpp:263 math.h:89,,g++-13 -O3 -std=c++20 -fPIC -fno-math-errno -ffinite-math-only -fno-signaling-nans -fstrict-aliasing -faligned-new -fvect-cost-model=unlimited -fopenmp -funsafe-math-optimizations -I/capstor/scratch/cscs/lhulsbergen/venv_dace5cf/lib/python3.12/site-packages/dace/runtime/include -c /capstor/scratch/cscs/lhulsbergen/llr40_dace/emit/tsvc_2_s1244/canon_old/src/cpu/canon_cpu.cpp -o /dev/null -fopt-info-vec-all=/capstor/scratch/cscs/lhulsbergen/llr40_dace/vec/reports/tsvc_2_s1244.canon_old.g++-13.unsafe.all
tsvc_2_s1244,canon,old,g++-13,harness,True,0,,7,canon_cpu.cpp:15 canon_cpu.cpp:248 canon_cpu.cpp:250 canon_cpu.cpp:260 canon_cpu.cpp:263 copy.h:345 math.h:89,,g++-13 -march=native -fopenmp -fno-math-errno -fno-trapping-math -fno-signed-zeros -ffp-contract=fast -fstrict-aliasing -include /capstor/scratch/cscs/lhulsbergen/HPCAgent-Bench-dace/hpcagent_bench/envs/vecmath.h -Wall -Wextra -O3 -fPIC -fopenmp -std=c++20 -I/capstor/scratch/cscs/lhulsbergen/venv_dace5cf/lib/python3.12/site-packages/dace/runtime/include -c /capstor/scratch/cscs/lhulsbergen/llr40_dace/emit/tsvc_2_s1244/canon_old/src/cpu/canon_cpu.cpp -o /dev/null -fopt-info-vec-all=/capstor/scratch/cscs/lhulsbergen/llr40_dace/vec/reports/tsvc_2_s1244.canon_old.g++-13.harness.all
tsvc_2_s1244,canon,old,g++-14,bonsall,True,1,copy.h:345,4,canon_cpu.cpp:15 canon_cpu.cpp:250 canon_cpu.cpp:263 math.h:89,,g++-14 -O3 -std=c++20 -fPIC -fno-math-errno -ffinite-math-only -fno-signaling-nans -fstrict-aliasing -faligned-new -fvect-cost-model=unlimited -fopenmp -I/capstor/scratch/cscs/lhulsbergen/venv_dace5cf/lib/python3.12/site-packages/dace/runtime/include -c /capstor/scratch/cscs/lhulsbergen/llr40_dace/emit/tsvc_2_s1244/canon_old/src/cpu/canon_cpu.cpp -o /dev/null -fopt-info-vec-all=/capstor/scratch/cscs/lhulsbergen/llr40_dace/vec/reports/tsvc_2_s1244.canon_old.g++-14.bonsall.all
tsvc_2_s1244,canon,old,g++-14,unsafe,True,1,copy.h:345,4,canon_cpu.cpp:15 canon_cpu.cpp:250 canon_cpu.cpp:263 math.h:89,,g++-14 -O3 -std=c++20 -fPIC -fno-math-errno -ffinite-math-only -fno-signaling-nans -fstrict-aliasing -faligned-new -fvect-cost-model=unlimited -fopenmp -funsafe-math-optimizations -I/capstor/scratch/cscs/lhulsbergen/venv_dace5cf/lib/python3.12/site-packages/dace/runtime/include -c /capstor/scratch/cscs/lhulsbergen/llr40_dace/emit/tsvc_2_s1244/canon_old/src/cpu/canon_cpu.cpp -o /dev/null -fopt-info-vec-all=/capstor/scratch/cscs/lhulsbergen/llr40_dace/vec/reports/tsvc_2_s1244.canon_old.g++-14.unsafe.all
tsvc_2_s1244,canon,old,g++-14,harness,True,0,,7,canon_cpu.cpp:15 canon_cpu.cpp:248 canon_cpu.cpp:250 canon_cpu.cpp:260 canon_cpu.cpp:263 copy.h:345 math.h:89,,g++-14 -march=native -fopenmp -fno-math-errno -fno-trapping-math -fno-signed-zeros -ffp-contract=fast -fstrict-aliasing -include /capstor/scratch/cscs/lhulsbergen/HPCAgent-Bench-dace/hpcagent_bench/envs/vecmath.h -Wall -Wextra -O3 -fPIC -fopenmp -std=c++20 -I/capstor/scratch/cscs/lhulsbergen/venv_dace5cf/lib/python3.12/site-packages/dace/runtime/include -c /capstor/scratch/cscs/lhulsbergen/llr40_dace/emit/tsvc_2_s1244/canon_old/src/cpu/canon_cpu.cpp -o /dev/null -fopt-info-vec-all=/capstor/scratch/cscs/lhulsbergen/llr40_dace/vec/reports/tsvc_2_s1244.canon_old.g++-14.harness.all
tsvc_2_s1244,none,legacy,g++-13,bonsall,True,0,,1,canon_cpu.cpp:28,,g++-13 -O3 -std=c++20 -fPIC -fno-math-errno -ffinite-math-only -fno-signaling-nans -fstrict-aliasing -faligned-new -fvect-cost-model=unlimited -fopenmp -I/capstor/scratch/cscs/lhulsbergen/venv_dace5cf/lib/python3.12/site-packages/dace/runtime/include -c /capstor/scratch/cscs/lhulsbergen/llr40_dace/emit/tsvc_2_s1244/none_legacy/src/cpu/canon_cpu.cpp -o /dev/null -fopt-info-vec-all=/capstor/scratch/cscs/lhulsbergen/llr40_dace/vec/reports/tsvc_2_s1244.none_legacy.g++-13.bonsall.all
tsvc_2_s1244,none,legacy,g++-13,unsafe,True,0,,1,canon_cpu.cpp:28,,g++-13 -O3 -std=c++20 -fPIC -fno-math-errno -ffinite-math-only -fno-signaling-nans -fstrict-aliasing -faligned-new -fvect-cost-model=unlimited -fopenmp -funsafe-math-optimizations -I/capstor/scratch/cscs/lhulsbergen/venv_dace5cf/lib/python3.12/site-packages/dace/runtime/include -c /capstor/scratch/cscs/lhulsbergen/llr40_dace/emit/tsvc_2_s1244/none_legacy/src/cpu/canon_cpu.cpp -o /dev/null -fopt-info-vec-all=/capstor/scratch/cscs/lhulsbergen/llr40_dace/vec/reports/tsvc_2_s1244.none_legacy.g++-13.unsafe.all
tsvc_2_s1244,none,legacy,g++-13,harness,True,0,,1,canon_cpu.cpp:28,,g++-13 -march=native -fopenmp -fno-math-errno -fno-trapping-math -fno-signed-zeros -ffp-contract=fast -fstrict-aliasing -include /capstor/scratch/cscs/lhulsbergen/HPCAgent-Bench-dace/hpcagent_bench/envs/vecmath.h -Wall -Wextra -O3 -fPIC -fopenmp -std=c++20 -I/capstor/scratch/cscs/lhulsbergen/venv_dace5cf/lib/python3.12/site-packages/dace/runtime/include -c /capstor/scratch/cscs/lhulsbergen/llr40_dace/emit/tsvc_2_s1244/none_legacy/src/cpu/canon_cpu.cpp -o /dev/null -fopt-info-vec-all=/capstor/scratch/cscs/lhulsbergen/llr40_dace/vec/reports/tsvc_2_s1244.none_legacy.g++-13.harness.all
tsvc_2_s1244,none,legacy,g++-14,bonsall,True,0,,1,canon_cpu.cpp:28,,g++-14 -O3 -std=c++20 -fPIC -fno-math-errno -ffinite-math-only -fno-signaling-nans -fstrict-aliasing -faligned-new -fvect-cost-model=unlimited -fopenmp -I/capstor/scratch/cscs/lhulsbergen/venv_dace5cf/lib/python3.12/site-packages/dace/runtime/include -c /capstor/scratch/cscs/lhulsbergen/llr40_dace/emit/tsvc_2_s1244/none_legacy/src/cpu/canon_cpu.cpp -o /dev/null -fopt-info-vec-all=/capstor/scratch/cscs/lhulsbergen/llr40_dace/vec/reports/tsvc_2_s1244.none_legacy.g++-14.bonsall.all
tsvc_2_s1244,none,legacy,g++-14,unsafe,True,0,,1,canon_cpu.cpp:28,,g++-14 -O3 -std=c++20 -fPIC -fno-math-errno -ffinite-math-only -fno-signaling-nans -fstrict-aliasing -faligned-new -fvect-cost-model=unlimited -fopenmp -funsafe-math-optimizations -I/capstor/scratch/cscs/lhulsbergen/venv_dace5cf/lib/python3.12/site-packages/dace/runtime/include -c /capstor/scratch/cscs/lhulsbergen/llr40_dace/emit/tsvc_2_s1244/none_legacy/src/cpu/canon_cpu.cpp -o /dev/null -fopt-info-vec-all=/capstor/scratch/cscs/lhulsbergen/llr40_dace/vec/reports/tsvc_2_s1244.none_legacy.g++-14.unsafe.all
tsvc_2_s1244,none,legacy,g++-14,harness,True,0,,1,canon_cpu.cpp:28,,g++-14 -march=native -fopenmp -fno-math-errno -fno-trapping-math -fno-signed-zeros -ffp-contract=fast -fstrict-aliasing -include /capstor/scratch/cscs/lhulsbergen/HPCAgent-Bench-dace/hpcagent_bench/envs/vecmath.h -Wall -Wextra -O3 -fPIC -fopenmp -std=c++20 -I/capstor/scratch/cscs/lhulsbergen/venv_dace5cf/lib/python3.12/site-packages/dace/runtime/include -c /capstor/scratch/cscs/lhulsbergen/llr40_dace/emit/tsvc_2_s1244/none_legacy/src/cpu/canon_cpu.cpp -o /dev/null -fopt-info-vec-all=/capstor/scratch/cscs/lhulsbergen/llr40_dace/vec/reports/tsvc_2_s1244.none_legacy.g++-14.harness.all
tsvc_2_s1244,none,new,g++-13,bonsall,True,0,,1,canon_cpu.cpp:31,,g++-13 -O3 -std=c++20 -fPIC -fno-math-errno -ffinite-math-only -fno-signaling-nans -fstrict-aliasing -faligned-new -fvect-cost-model=unlimited -fopenmp -I/capstor/scratch/cscs/lhulsbergen/venv_dace5cf/lib/python3.12/site-packages/dace/runtime/include -c /capstor/scratch/cscs/lhulsbergen/llr40_dace/emit/tsvc_2_s1244/none_new/src/cpu/canon_cpu.cpp -o /dev/null -fopt-info-vec-all=/capstor/scratch/cscs/lhulsbergen/llr40_dace/vec/reports/tsvc_2_s1244.none_new.g++-13.bonsall.all
tsvc_2_s1244,none,new,g++-13,unsafe,True,0,,1,canon_cpu.cpp:31,,g++-13 -O3 -std=c++20 -fPIC -fno-math-errno -ffinite-math-only -fno-signaling-nans -fstrict-aliasing -faligned-new -fvect-cost-model=unlimited -fopenmp -funsafe-math-optimizations -I/capstor/scratch/cscs/lhulsbergen/venv_dace5cf/lib/python3.12/site-packages/dace/runtime/include -c /capstor/scratch/cscs/lhulsbergen/llr40_dace/emit/tsvc_2_s1244/none_new/src/cpu/canon_cpu.cpp -o /dev/null -fopt-info-vec-all=/capstor/scratch/cscs/lhulsbergen/llr40_dace/vec/reports/tsvc_2_s1244.none_new.g++-13.unsafe.all
tsvc_2_s1244,none,new,g++-13,harness,True,0,,1,canon_cpu.cpp:31,,g++-13 -march=native -fopenmp -fno-math-errno -fno-trapping-math -fno-signed-zeros -ffp-contract=fast -fstrict-aliasing -include /capstor/scratch/cscs/lhulsbergen/HPCAgent-Bench-dace/hpcagent_bench/envs/vecmath.h -Wall -Wextra -O3 -fPIC -fopenmp -std=c++20 -I/capstor/scratch/cscs/lhulsbergen/venv_dace5cf/lib/python3.12/site-packages/dace/runtime/include -c /capstor/scratch/cscs/lhulsbergen/llr40_dace/emit/tsvc_2_s1244/none_new/src/cpu/canon_cpu.cpp -o /dev/null -fopt-info-vec-all=/capstor/scratch/cscs/lhulsbergen/llr40_dace/vec/reports/tsvc_2_s1244.none_new.g++-13.harness.all
tsvc_2_s1244,none,new,g++-14,bonsall,True,0,,1,canon_cpu.cpp:31,,g++-14 -O3 -std=c++20 -fPIC -fno-math-errno -ffinite-math-only -fno-signaling-nans -fstrict-aliasing -faligned-new -fvect-cost-model=unlimited -fopenmp -I/capstor/scratch/cscs/lhulsbergen/venv_dace5cf/lib/python3.12/site-packages/dace/runtime/include -c /capstor/scratch/cscs/lhulsbergen/llr40_dace/emit/tsvc_2_s1244/none_new/src/cpu/canon_cpu.cpp -o /dev/null -fopt-info-vec-all=/capstor/scratch/cscs/lhulsbergen/llr40_dace/vec/reports/tsvc_2_s1244.none_new.g++-14.bonsall.all
tsvc_2_s1244,none,new,g++-14,unsafe,True,0,,1,canon_cpu.cpp:31,,g++-14 -O3 -std=c++20 -fPIC -fno-math-errno -ffinite-math-only -fno-signaling-nans -fstrict-aliasing -faligned-new -fvect-cost-model=unlimited -fopenmp -funsafe-math-optimizations -I/capstor/scratch/cscs/lhulsbergen/venv_dace5cf/lib/python3.12/site-packages/dace/runtime/include -c /capstor/scratch/cscs/lhulsbergen/llr40_dace/emit/tsvc_2_s1244/none_new/src/cpu/canon_cpu.cpp -o /dev/null -fopt-info-vec-all=/capstor/scratch/cscs/lhulsbergen/llr40_dace/vec/reports/tsvc_2_s1244.none_new.g++-14.unsafe.all
tsvc_2_s1244,none,new,g++-14,harness,True,0,,1,canon_cpu.cpp:31,,g++-14 -march=native -fopenmp -fno-math-errno -fno-trapping-math -fno-signed-zeros -ffp-contract=fast -fstrict-aliasing -include /capstor/scratch/cscs/lhulsbergen/HPCAgent-Bench-dace/hpcagent_bench/envs/vecmath.h -Wall -Wextra -O3 -fPIC -fopenmp -std=c++20 -I/capstor/scratch/cscs/lhulsbergen/venv_dace5cf/lib/python3.12/site-packages/dace/runtime/include -c /capstor/scratch/cscs/lhulsbergen/llr40_dace/emit/tsvc_2_s1244/none_new/src/cpu/canon_cpu.cpp -o /dev/null -fopt-info-vec-all=/capstor/scratch/cscs/lhulsbergen/llr40_dace/vec/reports/tsvc_2_s1244.none_new.g++-14.harness.all
tsvc_2_s1244,none,old,g++-13,bonsall,True,0,,1,canon_cpu.cpp:28,,g++-13 -O3 -std=c++20 -fPIC -fno-math-errno -ffinite-math-only -fno-signaling-nans -fstrict-aliasing -faligned-new -fvect-cost-model=unlimited -fopenmp -I/capstor/scratch/cscs/lhulsbergen/venv_dace5cf/lib/python3.12/site-packages/dace/runtime/include -c /capstor/scratch/cscs/lhulsbergen/llr40_dace/emit/tsvc_2_s1244/none_old/src/cpu/canon_cpu.cpp -o /dev/null -fopt-info-vec-all=/capstor/scratch/cscs/lhulsbergen/llr40_dace/vec/reports/tsvc_2_s1244.none_old.g++-13.bonsall.all
tsvc_2_s1244,none,old,g++-13,unsafe,True,0,,1,canon_cpu.cpp:28,,g++-13 -O3 -std=c++20 -fPIC -fno-math-errno -ffinite-math-only -fno-signaling-nans -fstrict-aliasing -faligned-new -fvect-cost-model=unlimited -fopenmp -funsafe-math-optimizations -I/capstor/scratch/cscs/lhulsbergen/venv_dace5cf/lib/python3.12/site-packages/dace/runtime/include -c /capstor/scratch/cscs/lhulsbergen/llr40_dace/emit/tsvc_2_s1244/none_old/src/cpu/canon_cpu.cpp -o /dev/null -fopt-info-vec-all=/capstor/scratch/cscs/lhulsbergen/llr40_dace/vec/reports/tsvc_2_s1244.none_old.g++-13.unsafe.all
tsvc_2_s1244,none,old,g++-13,harness,True,0,,1,canon_cpu.cpp:28,,g++-13 -march=native -fopenmp -fno-math-errno -fno-trapping-math -fno-signed-zeros -ffp-contract=fast -fstrict-aliasing -include /capstor/scratch/cscs/lhulsbergen/HPCAgent-Bench-dace/hpcagent_bench/envs/vecmath.h -Wall -Wextra -O3 -fPIC -fopenmp -std=c++20 -I/capstor/scratch/cscs/lhulsbergen/venv_dace5cf/lib/python3.12/site-packages/dace/runtime/include -c /capstor/scratch/cscs/lhulsbergen/llr40_dace/emit/tsvc_2_s1244/none_old/src/cpu/canon_cpu.cpp -o /dev/null -fopt-info-vec-all=/capstor/scratch/cscs/lhulsbergen/llr40_dace/vec/reports/tsvc_2_s1244.none_old.g++-13.harness.all
tsvc_2_s1244,none,old,g++-14,bonsall,True,0,,1,canon_cpu.cpp:28,,g++-14 -O3 -std=c++20 -fPIC -fno-math-errno -ffinite-math-only -fno-signaling-nans -fstrict-aliasing -faligned-new -fvect-cost-model=unlimited -fopenmp -I/capstor/scratch/cscs/lhulsbergen/venv_dace5cf/lib/python3.12/site-packages/dace/runtime/include -c /capstor/scratch/cscs/lhulsbergen/llr40_dace/emit/tsvc_2_s1244/none_old/src/cpu/canon_cpu.cpp -o /dev/null -fopt-info-vec-all=/capstor/scratch/cscs/lhulsbergen/llr40_dace/vec/reports/tsvc_2_s1244.none_old.g++-14.bonsall.all
tsvc_2_s1244,none,old,g++-14,unsafe,True,0,,1,canon_cpu.cpp:28,,g++-14 -O3 -std=c++20 -fPIC -fno-math-errno -ffinite-math-only -fno-signaling-nans -fstrict-aliasing -faligned-new -fvect-cost-model=unlimited -fopenmp -funsafe-math-optimizations -I/capstor/scratch/cscs/lhulsbergen/venv_dace5cf/lib/python3.12/site-packages/dace/runtime/include -c /capstor/scratch/cscs/lhulsbergen/llr40_dace/emit/tsvc_2_s1244/none_old/src/cpu/canon_cpu.cpp -o /dev/null -fopt-info-vec-all=/capstor/scratch/cscs/lhulsbergen/llr40_dace/vec/reports/tsvc_2_s1244.none_old.g++-14.unsafe.all
tsvc_2_s1244,none,old,g++-14,harness,True,0,,1,canon_cpu.cpp:28,,g++-14 -march=native -fopenmp -fno-math-errno -fno-trapping-math -fno-signed-zeros -ffp-contract=fast -fstrict-aliasing -include /capstor/scratch/cscs/lhulsbergen/HPCAgent-Bench-dace/hpcagent_bench/envs/vecmath.h -Wall -Wextra -O3 -fPIC -fopenmp -std=c++20 -I/capstor/scratch/cscs/lhulsbergen/venv_dace5cf/lib/python3.12/site-packages/dace/runtime/include -c /capstor/scratch/cscs/lhulsbergen/llr40_dace/emit/tsvc_2_s1244/none_old/src/cpu/canon_cpu.cpp -o /dev/null -fopt-info-vec-all=/capstor/scratch/cscs/lhulsbergen/llr40_dace/vec/reports/tsvc_2_s1244.none_old.g++-14.harness.all
tsvc_2_s152,canon,legacy,g++-13,bonsall,True,1,canon_cpu.cpp:35,0,,,g++-13 -O3 -std=c++20 -fPIC -fno-math-errno -ffinite-math-only -fno-signaling-nans -fstrict-aliasing -faligned-new -fvect-cost-model=unlimited -fopenmp -I/capstor/scratch/cscs/lhulsbergen/venv_dace5cf/lib/python3.12/site-packages/dace/runtime/include -c /capstor/scratch/cscs/lhulsbergen/llr40_dace/emit/tsvc_2_s152/canon_legacy/src/cpu/canon_cpu.cpp -o /dev/null -fopt-info-vec-all=/capstor/scratch/cscs/lhulsbergen/llr40_dace/vec/reports/tsvc_2_s152.canon_legacy.g++-13.bonsall.all
tsvc_2_s152,canon,legacy,g++-13,unsafe,True,1,canon_cpu.cpp:35,0,,,g++-13 -O3 -std=c++20 -fPIC -fno-math-errno -ffinite-math-only -fno-signaling-nans -fstrict-aliasing -faligned-new -fvect-cost-model=unlimited -fopenmp -funsafe-math-optimizations -I/capstor/scratch/cscs/lhulsbergen/venv_dace5cf/lib/python3.12/site-packages/dace/runtime/include -c /capstor/scratch/cscs/lhulsbergen/llr40_dace/emit/tsvc_2_s152/canon_legacy/src/cpu/canon_cpu.cpp -o /dev/null -fopt-info-vec-all=/capstor/scratch/cscs/lhulsbergen/llr40_dace/vec/reports/tsvc_2_s152.canon_legacy.g++-13.unsafe.all
tsvc_2_s152,canon,legacy,g++-13,harness,True,1,canon_cpu.cpp:35,1,canon_cpu.cpp:29,,g++-13 -march=native -fopenmp -fno-math-errno -fno-trapping-math -fno-signed-zeros -ffp-contract=fast -fstrict-aliasing -include /capstor/scratch/cscs/lhulsbergen/HPCAgent-Bench-dace/hpcagent_bench/envs/vecmath.h -Wall -Wextra -O3 -fPIC -fopenmp -std=c++20 -I/capstor/scratch/cscs/lhulsbergen/venv_dace5cf/lib/python3.12/site-packages/dace/runtime/include -c /capstor/scratch/cscs/lhulsbergen/llr40_dace/emit/tsvc_2_s152/canon_legacy/src/cpu/canon_cpu.cpp -o /dev/null -fopt-info-vec-all=/capstor/scratch/cscs/lhulsbergen/llr40_dace/vec/reports/tsvc_2_s152.canon_legacy.g++-13.harness.all
tsvc_2_s152,canon,legacy,g++-14,bonsall,True,1,canon_cpu.cpp:35,0,,,g++-14 -O3 -std=c++20 -fPIC -fno-math-errno -ffinite-math-only -fno-signaling-nans -fstrict-aliasing -faligned-new -fvect-cost-model=unlimited -fopenmp -I/capstor/scratch/cscs/lhulsbergen/venv_dace5cf/lib/python3.12/site-packages/dace/runtime/include -c /capstor/scratch/cscs/lhulsbergen/llr40_dace/emit/tsvc_2_s152/canon_legacy/src/cpu/canon_cpu.cpp -o /dev/null -fopt-info-vec-all=/capstor/scratch/cscs/lhulsbergen/llr40_dace/vec/reports/tsvc_2_s152.canon_legacy.g++-14.bonsall.all
tsvc_2_s152,canon,legacy,g++-14,unsafe,True,1,canon_cpu.cpp:35,0,,,g++-14 -O3 -std=c++20 -fPIC -fno-math-errno -ffinite-math-only -fno-signaling-nans -fstrict-aliasing -faligned-new -fvect-cost-model=unlimited -fopenmp -funsafe-math-optimizations -I/capstor/scratch/cscs/lhulsbergen/venv_dace5cf/lib/python3.12/site-packages/dace/runtime/include -c /capstor/scratch/cscs/lhulsbergen/llr40_dace/emit/tsvc_2_s152/canon_legacy/src/cpu/canon_cpu.cpp -o /dev/null -fopt-info-vec-all=/capstor/scratch/cscs/lhulsbergen/llr40_dace/vec/reports/tsvc_2_s152.canon_legacy.g++-14.unsafe.all
tsvc_2_s152,canon,legacy,g++-14,harness,True,1,canon_cpu.cpp:35,1,canon_cpu.cpp:29,,g++-14 -march=native -fopenmp -fno-math-errno -fno-trapping-math -fno-signed-zeros -ffp-contract=fast -fstrict-aliasing -include /capstor/scratch/cscs/lhulsbergen/HPCAgent-Bench-dace/hpcagent_bench/envs/vecmath.h -Wall -Wextra -O3 -fPIC -fopenmp -std=c++20 -I/capstor/scratch/cscs/lhulsbergen/venv_dace5cf/lib/python3.12/site-packages/dace/runtime/include -c /capstor/scratch/cscs/lhulsbergen/llr40_dace/emit/tsvc_2_s152/canon_legacy/src/cpu/canon_cpu.cpp -o /dev/null -fopt-info-vec-all=/capstor/scratch/cscs/lhulsbergen/llr40_dace/vec/reports/tsvc_2_s152.canon_legacy.g++-14.harness.all
tsvc_2_s152,canon,new,g++-13,bonsall,True,1,canon_cpu.cpp:32,0,,,g++-13 -O3 -std=c++20 -fPIC -fno-math-errno -ffinite-math-only -fno-signaling-nans -fstrict-aliasing -faligned-new -fvect-cost-model=unlimited -fopenmp -I/capstor/scratch/cscs/lhulsbergen/venv_dace5cf/lib/python3.12/site-packages/dace/runtime/include -c /capstor/scratch/cscs/lhulsbergen/llr40_dace/emit/tsvc_2_s152/canon_new/src/cpu/canon_cpu.cpp -o /dev/null -fopt-info-vec-all=/capstor/scratch/cscs/lhulsbergen/llr40_dace/vec/reports/tsvc_2_s152.canon_new.g++-13.bonsall.all
tsvc_2_s152,canon,new,g++-13,unsafe,True,1,canon_cpu.cpp:32,0,,,g++-13 -O3 -std=c++20 -fPIC -fno-math-errno -ffinite-math-only -fno-signaling-nans -fstrict-aliasing -faligned-new -fvect-cost-model=unlimited -fopenmp -funsafe-math-optimizations -I/capstor/scratch/cscs/lhulsbergen/venv_dace5cf/lib/python3.12/site-packages/dace/runtime/include -c /capstor/scratch/cscs/lhulsbergen/llr40_dace/emit/tsvc_2_s152/canon_new/src/cpu/canon_cpu.cpp -o /dev/null -fopt-info-vec-all=/capstor/scratch/cscs/lhulsbergen/llr40_dace/vec/reports/tsvc_2_s152.canon_new.g++-13.unsafe.all
tsvc_2_s152,canon,new,g++-13,harness,True,1,canon_cpu.cpp:32,1,canon_cpu.cpp:27,,g++-13 -march=native -fopenmp -fno-math-errno -fno-trapping-math -fno-signed-zeros -ffp-contract=fast -fstrict-aliasing -include /capstor/scratch/cscs/lhulsbergen/HPCAgent-Bench-dace/hpcagent_bench/envs/vecmath.h -Wall -Wextra -O3 -fPIC -fopenmp -std=c++20 -I/capstor/scratch/cscs/lhulsbergen/venv_dace5cf/lib/python3.12/site-packages/dace/runtime/include -c /capstor/scratch/cscs/lhulsbergen/llr40_dace/emit/tsvc_2_s152/canon_new/src/cpu/canon_cpu.cpp -o /dev/null -fopt-info-vec-all=/capstor/scratch/cscs/lhulsbergen/llr40_dace/vec/reports/tsvc_2_s152.canon_new.g++-13.harness.all
tsvc_2_s152,canon,new,g++-14,bonsall,True,1,canon_cpu.cpp:32,0,,,g++-14 -O3 -std=c++20 -fPIC -fno-math-errno -ffinite-math-only -fno-signaling-nans -fstrict-aliasing -faligned-new -fvect-cost-model=unlimited -fopenmp -I/capstor/scratch/cscs/lhulsbergen/venv_dace5cf/lib/python3.12/site-packages/dace/runtime/include -c /capstor/scratch/cscs/lhulsbergen/llr40_dace/emit/tsvc_2_s152/canon_new/src/cpu/canon_cpu.cpp -o /dev/null -fopt-info-vec-all=/capstor/scratch/cscs/lhulsbergen/llr40_dace/vec/reports/tsvc_2_s152.canon_new.g++-14.bonsall.all
tsvc_2_s152,canon,new,g++-14,unsafe,True,1,canon_cpu.cpp:32,0,,,g++-14 -O3 -std=c++20 -fPIC -fno-math-errno -ffinite-math-only -fno-signaling-nans -fstrict-aliasing -faligned-new -fvect-cost-model=unlimited -fopenmp -funsafe-math-optimizations -I/capstor/scratch/cscs/lhulsbergen/venv_dace5cf/lib/python3.12/site-packages/dace/runtime/include -c /capstor/scratch/cscs/lhulsbergen/llr40_dace/emit/tsvc_2_s152/canon_new/src/cpu/canon_cpu.cpp -o /dev/null -fopt-info-vec-all=/capstor/scratch/cscs/lhulsbergen/llr40_dace/vec/reports/tsvc_2_s152.canon_new.g++-14.unsafe.all
tsvc_2_s152,canon,new,g++-14,harness,True,1,canon_cpu.cpp:32,1,canon_cpu.cpp:27,,g++-14 -march=native -fopenmp -fno-math-errno -fno-trapping-math -fno-signed-zeros -ffp-contract=fast -fstrict-aliasing -include /capstor/scratch/cscs/lhulsbergen/HPCAgent-Bench-dace/hpcagent_bench/envs/vecmath.h -Wall -Wextra -O3 -fPIC -fopenmp -std=c++20 -I/capstor/scratch/cscs/lhulsbergen/venv_dace5cf/lib/python3.12/site-packages/dace/runtime/include -c /capstor/scratch/cscs/lhulsbergen/llr40_dace/emit/tsvc_2_s152/canon_new/src/cpu/canon_cpu.cpp -o /dev/null -fopt-info-vec-all=/capstor/scratch/cscs/lhulsbergen/llr40_dace/vec/reports/tsvc_2_s152.canon_new.g++-14.harness.all
tsvc_2_s152,canon,old,g++-13,bonsall,True,1,canon_cpu.cpp:35,0,,,g++-13 -O3 -std=c++20 -fPIC -fno-math-errno -ffinite-math-only -fno-signaling-nans -fstrict-aliasing -faligned-new -fvect-cost-model=unlimited -fopenmp -I/capstor/scratch/cscs/lhulsbergen/venv_dace5cf/lib/python3.12/site-packages/dace/runtime/include -c /capstor/scratch/cscs/lhulsbergen/llr40_dace/emit/tsvc_2_s152/canon_old/src/cpu/canon_cpu.cpp -o /dev/null -fopt-info-vec-all=/capstor/scratch/cscs/lhulsbergen/llr40_dace/vec/reports/tsvc_2_s152.canon_old.g++-13.bonsall.all
tsvc_2_s152,canon,old,g++-13,unsafe,True,1,canon_cpu.cpp:35,0,,,g++-13 -O3 -std=c++20 -fPIC -fno-math-errno -ffinite-math-only -fno-signaling-nans -fstrict-aliasing -faligned-new -fvect-cost-model=unlimited -fopenmp -funsafe-math-optimizations -I/capstor/scratch/cscs/lhulsbergen/venv_dace5cf/lib/python3.12/site-packages/dace/runtime/include -c /capstor/scratch/cscs/lhulsbergen/llr40_dace/emit/tsvc_2_s152/canon_old/src/cpu/canon_cpu.cpp -o /dev/null -fopt-info-vec-all=/capstor/scratch/cscs/lhulsbergen/llr40_dace/vec/reports/tsvc_2_s152.canon_old.g++-13.unsafe.all
tsvc_2_s152,canon,old,g++-13,harness,True,1,canon_cpu.cpp:35,1,canon_cpu.cpp:29,,g++-13 -march=native -fopenmp -fno-math-errno -fno-trapping-math -fno-signed-zeros -ffp-contract=fast -fstrict-aliasing -include /capstor/scratch/cscs/lhulsbergen/HPCAgent-Bench-dace/hpcagent_bench/envs/vecmath.h -Wall -Wextra -O3 -fPIC -fopenmp -std=c++20 -I/capstor/scratch/cscs/lhulsbergen/venv_dace5cf/lib/python3.12/site-packages/dace/runtime/include -c /capstor/scratch/cscs/lhulsbergen/llr40_dace/emit/tsvc_2_s152/canon_old/src/cpu/canon_cpu.cpp -o /dev/null -fopt-info-vec-all=/capstor/scratch/cscs/lhulsbergen/llr40_dace/vec/reports/tsvc_2_s152.canon_old.g++-13.harness.all
tsvc_2_s152,canon,old,g++-14,bonsall,True,1,canon_cpu.cpp:35,0,,,g++-14 -O3 -std=c++20 -fPIC -fno-math-errno -ffinite-math-only -fno-signaling-nans -fstrict-aliasing -faligned-new -fvect-cost-model=unlimited -fopenmp -I/capstor/scratch/cscs/lhulsbergen/venv_dace5cf/lib/python3.12/site-packages/dace/runtime/include -c /capstor/scratch/cscs/lhulsbergen/llr40_dace/emit/tsvc_2_s152/canon_old/src/cpu/canon_cpu.cpp -o /dev/null -fopt-info-vec-all=/capstor/scratch/cscs/lhulsbergen/llr40_dace/vec/reports/tsvc_2_s152.canon_old.g++-14.bonsall.all
tsvc_2_s152,canon,old,g++-14,unsafe,True,1,canon_cpu.cpp:35,0,,,g++-14 -O3 -std=c++20 -fPIC -fno-math-errno -ffinite-math-only -fno-signaling-nans -fstrict-aliasing -faligned-new -fvect-cost-model=unlimited -fopenmp -funsafe-math-optimizations -I/capstor/scratch/cscs/lhulsbergen/venv_dace5cf/lib/python3.12/site-packages/dace/runtime/include -c /capstor/scratch/cscs/lhulsbergen/llr40_dace/emit/tsvc_2_s152/canon_old/src/cpu/canon_cpu.cpp -o /dev/null -fopt-info-vec-all=/capstor/scratch/cscs/lhulsbergen/llr40_dace/vec/reports/tsvc_2_s152.canon_old.g++-14.unsafe.all
tsvc_2_s152,canon,old,g++-14,harness,True,1,canon_cpu.cpp:35,1,canon_cpu.cpp:29,,g++-14 -march=native -fopenmp -fno-math-errno -fno-trapping-math -fno-signed-zeros -ffp-contract=fast -fstrict-aliasing -include /capstor/scratch/cscs/lhulsbergen/HPCAgent-Bench-dace/hpcagent_bench/envs/vecmath.h -Wall -Wextra -O3 -fPIC -fopenmp -std=c++20 -I/capstor/scratch/cscs/lhulsbergen/venv_dace5cf/lib/python3.12/site-packages/dace/runtime/include -c /capstor/scratch/cscs/lhulsbergen/llr40_dace/emit/tsvc_2_s152/canon_old/src/cpu/canon_cpu.cpp -o /dev/null -fopt-info-vec-all=/capstor/scratch/cscs/lhulsbergen/llr40_dace/vec/reports/tsvc_2_s152.canon_old.g++-14.harness.all
tsvc_2_s152,none,legacy,g++-13,bonsall,True,2,canon_cpu.cpp:22 canon_cpu.cpp:76,0,,,g++-13 -O3 -std=c++20 -fPIC -fno-math-errno -ffinite-math-only -fno-signaling-nans -fstrict-aliasing -faligned-new -fvect-cost-model=unlimited -fopenmp -I/capstor/scratch/cscs/lhulsbergen/venv_dace5cf/lib/python3.12/site-packages/dace/runtime/include -c /capstor/scratch/cscs/lhulsbergen/llr40_dace/emit/tsvc_2_s152/none_legacy/src/cpu/canon_cpu.cpp -o /dev/null -fopt-info-vec-all=/capstor/scratch/cscs/lhulsbergen/llr40_dace/vec/reports/tsvc_2_s152.none_legacy.g++-13.bonsall.all
tsvc_2_s152,none,legacy,g++-13,unsafe,True,2,canon_cpu.cpp:22 canon_cpu.cpp:76,0,,,g++-13 -O3 -std=c++20 -fPIC -fno-math-errno -ffinite-math-only -fno-signaling-nans -fstrict-aliasing -faligned-new -fvect-cost-model=unlimited -fopenmp -funsafe-math-optimizations -I/capstor/scratch/cscs/lhulsbergen/venv_dace5cf/lib/python3.12/site-packages/dace/runtime/include -c /capstor/scratch/cscs/lhulsbergen/llr40_dace/emit/tsvc_2_s152/none_legacy/src/cpu/canon_cpu.cpp -o /dev/null -fopt-info-vec-all=/capstor/scratch/cscs/lhulsbergen/llr40_dace/vec/reports/tsvc_2_s152.none_legacy.g++-13.unsafe.all
tsvc_2_s152,none,legacy,g++-13,harness,True,2,canon_cpu.cpp:22 canon_cpu.cpp:76,0,,,g++-13 -march=native -fopenmp -fno-math-errno -fno-trapping-math -fno-signed-zeros -ffp-contract=fast -fstrict-aliasing -include /capstor/scratch/cscs/lhulsbergen/HPCAgent-Bench-dace/hpcagent_bench/envs/vecmath.h -Wall -Wextra -O3 -fPIC -fopenmp -std=c++20 -I/capstor/scratch/cscs/lhulsbergen/venv_dace5cf/lib/python3.12/site-packages/dace/runtime/include -c /capstor/scratch/cscs/lhulsbergen/llr40_dace/emit/tsvc_2_s152/none_legacy/src/cpu/canon_cpu.cpp -o /dev/null -fopt-info-vec-all=/capstor/scratch/cscs/lhulsbergen/llr40_dace/vec/reports/tsvc_2_s152.none_legacy.g++-13.harness.all
tsvc_2_s152,none,legacy,g++-14,bonsall,True,2,canon_cpu.cpp:22 canon_cpu.cpp:76,0,,,g++-14 -O3 -std=c++20 -fPIC -fno-math-errno -ffinite-math-only -fno-signaling-nans -fstrict-aliasing -faligned-new -fvect-cost-model=unlimited -fopenmp -I/capstor/scratch/cscs/lhulsbergen/venv_dace5cf/lib/python3.12/site-packages/dace/runtime/include -c /capstor/scratch/cscs/lhulsbergen/llr40_dace/emit/tsvc_2_s152/none_legacy/src/cpu/canon_cpu.cpp -o /dev/null -fopt-info-vec-all=/capstor/scratch/cscs/lhulsbergen/llr40_dace/vec/reports/tsvc_2_s152.none_legacy.g++-14.bonsall.all
tsvc_2_s152,none,legacy,g++-14,unsafe,True,2,canon_cpu.cpp:22 canon_cpu.cpp:76,0,,,g++-14 -O3 -std=c++20 -fPIC -fno-math-errno -ffinite-math-only -fno-signaling-nans -fstrict-aliasing -faligned-new -fvect-cost-model=unlimited -fopenmp -funsafe-math-optimizations -I/capstor/scratch/cscs/lhulsbergen/venv_dace5cf/lib/python3.12/site-packages/dace/runtime/include -c /capstor/scratch/cscs/lhulsbergen/llr40_dace/emit/tsvc_2_s152/none_legacy/src/cpu/canon_cpu.cpp -o /dev/null -fopt-info-vec-all=/capstor/scratch/cscs/lhulsbergen/llr40_dace/vec/reports/tsvc_2_s152.none_legacy.g++-14.unsafe.all
tsvc_2_s152,none,legacy,g++-14,harness,True,2,canon_cpu.cpp:22 canon_cpu.cpp:76,0,,,g++-14 -march=native -fopenmp -fno-math-errno -fno-trapping-math -fno-signed-zeros -ffp-contract=fast -fstrict-aliasing -include /capstor/scratch/cscs/lhulsbergen/HPCAgent-Bench-dace/hpcagent_bench/envs/vecmath.h -Wall -Wextra -O3 -fPIC -fopenmp -std=c++20 -I/capstor/scratch/cscs/lhulsbergen/venv_dace5cf/lib/python3.12/site-packages/dace/runtime/include -c /capstor/scratch/cscs/lhulsbergen/llr40_dace/emit/tsvc_2_s152/none_legacy/src/cpu/canon_cpu.cpp -o /dev/null -fopt-info-vec-all=/capstor/scratch/cscs/lhulsbergen/llr40_dace/vec/reports/tsvc_2_s152.none_legacy.g++-14.harness.all
tsvc_2_s152,none,new,g++-13,bonsall,True,2,canon_cpu.cpp:27 canon_cpu.cpp:40,0,,,g++-13 -O3 -std=c++20 -fPIC -fno-math-errno -ffinite-math-only -fno-signaling-nans -fstrict-aliasing -faligned-new -fvect-cost-model=unlimited -fopenmp -I/capstor/scratch/cscs/lhulsbergen/venv_dace5cf/lib/python3.12/site-packages/dace/runtime/include -c /capstor/scratch/cscs/lhulsbergen/llr40_dace/emit/tsvc_2_s152/none_new/src/cpu/canon_cpu.cpp -o /dev/null -fopt-info-vec-all=/capstor/scratch/cscs/lhulsbergen/llr40_dace/vec/reports/tsvc_2_s152.none_new.g++-13.bonsall.all
tsvc_2_s152,none,new,g++-13,unsafe,True,2,canon_cpu.cpp:27 canon_cpu.cpp:40,0,,,g++-13 -O3 -std=c++20 -fPIC -fno-math-errno -ffinite-math-only -fno-signaling-nans -fstrict-aliasing -faligned-new -fvect-cost-model=unlimited -fopenmp -funsafe-math-optimizations -I/capstor/scratch/cscs/lhulsbergen/venv_dace5cf/lib/python3.12/site-packages/dace/runtime/include -c /capstor/scratch/cscs/lhulsbergen/llr40_dace/emit/tsvc_2_s152/none_new/src/cpu/canon_cpu.cpp -o /dev/null -fopt-info-vec-all=/capstor/scratch/cscs/lhulsbergen/llr40_dace/vec/reports/tsvc_2_s152.none_new.g++-13.unsafe.all
tsvc_2_s152,none,new,g++-13,harness,True,2,canon_cpu.cpp:27 canon_cpu.cpp:40,0,,,g++-13 -march=native -fopenmp -fno-math-errno -fno-trapping-math -fno-signed-zeros -ffp-contract=fast -fstrict-aliasing -include /capstor/scratch/cscs/lhulsbergen/HPCAgent-Bench-dace/hpcagent_bench/envs/vecmath.h -Wall -Wextra -O3 -fPIC -fopenmp -std=c++20 -I/capstor/scratch/cscs/lhulsbergen/venv_dace5cf/lib/python3.12/site-packages/dace/runtime/include -c /capstor/scratch/cscs/lhulsbergen/llr40_dace/emit/tsvc_2_s152/none_new/src/cpu/canon_cpu.cpp -o /dev/null -fopt-info-vec-all=/capstor/scratch/cscs/lhulsbergen/llr40_dace/vec/reports/tsvc_2_s152.none_new.g++-13.harness.all
tsvc_2_s152,none,new,g++-14,bonsall,True,2,canon_cpu.cpp:27 canon_cpu.cpp:40,0,,,g++-14 -O3 -std=c++20 -fPIC -fno-math-errno -ffinite-math-only -fno-signaling-nans -fstrict-aliasing -faligned-new -fvect-cost-model=unlimited -fopenmp -I/capstor/scratch/cscs/lhulsbergen/venv_dace5cf/lib/python3.12/site-packages/dace/runtime/include -c /capstor/scratch/cscs/lhulsbergen/llr40_dace/emit/tsvc_2_s152/none_new/src/cpu/canon_cpu.cpp -o /dev/null -fopt-info-vec-all=/capstor/scratch/cscs/lhulsbergen/llr40_dace/vec/reports/tsvc_2_s152.none_new.g++-14.bonsall.all
tsvc_2_s152,none,new,g++-14,unsafe,True,2,canon_cpu.cpp:27 canon_cpu.cpp:40,0,,,g++-14 -O3 -std=c++20 -fPIC -fno-math-errno -ffinite-math-only -fno-signaling-nans -fstrict-aliasing -faligned-new -fvect-cost-model=unlimited -fopenmp -funsafe-math-optimizations -I/capstor/scratch/cscs/lhulsbergen/venv_dace5cf/lib/python3.12/site-packages/dace/runtime/include -c /capstor/scratch/cscs/lhulsbergen/llr40_dace/emit/tsvc_2_s152/none_new/src/cpu/canon_cpu.cpp -o /dev/null -fopt-info-vec-all=/capstor/scratch/cscs/lhulsbergen/llr40_dace/vec/reports/tsvc_2_s152.none_new.g++-14.unsafe.all
tsvc_2_s152,none,new,g++-14,harness,True,2,canon_cpu.cpp:27 canon_cpu.cpp:40,0,,,g++-14 -march=native -fopenmp -fno-math-errno -fno-trapping-math -fno-signed-zeros -ffp-contract=fast -fstrict-aliasing -include /capstor/scratch/cscs/lhulsbergen/HPCAgent-Bench-dace/hpcagent_bench/envs/vecmath.h -Wall -Wextra -O3 -fPIC -fopenmp -std=c++20 -I/capstor/scratch/cscs/lhulsbergen/venv_dace5cf/lib/python3.12/site-packages/dace/runtime/include -c /capstor/scratch/cscs/lhulsbergen/llr40_dace/emit/tsvc_2_s152/none_new/src/cpu/canon_cpu.cpp -o /dev/null -fopt-info-vec-all=/capstor/scratch/cscs/lhulsbergen/llr40_dace/vec/reports/tsvc_2_s152.none_new.g++-14.harness.all
tsvc_2_s152,none,old,g++-13,bonsall,True,2,canon_cpu.cpp:22 canon_cpu.cpp:60,0,,,g++-13 -O3 -std=c++20 -fPIC -fno-math-errno -ffinite-math-only -fno-signaling-nans -fstrict-aliasing -faligned-new -fvect-cost-model=unlimited -fopenmp -I/capstor/scratch/cscs/lhulsbergen/venv_dace5cf/lib/python3.12/site-packages/dace/runtime/include -c /capstor/scratch/cscs/lhulsbergen/llr40_dace/emit/tsvc_2_s152/none_old/src/cpu/canon_cpu.cpp -o /dev/null -fopt-info-vec-all=/capstor/scratch/cscs/lhulsbergen/llr40_dace/vec/reports/tsvc_2_s152.none_old.g++-13.bonsall.all
tsvc_2_s152,none,old,g++-13,unsafe,True,2,canon_cpu.cpp:22 canon_cpu.cpp:60,0,,,g++-13 -O3 -std=c++20 -fPIC -fno-math-errno -ffinite-math-only -fno-signaling-nans -fstrict-aliasing -faligned-new -fvect-cost-model=unlimited -fopenmp -funsafe-math-optimizations -I/capstor/scratch/cscs/lhulsbergen/venv_dace5cf/lib/python3.12/site-packages/dace/runtime/include -c /capstor/scratch/cscs/lhulsbergen/llr40_dace/emit/tsvc_2_s152/none_old/src/cpu/canon_cpu.cpp -o /dev/null -fopt-info-vec-all=/capstor/scratch/cscs/lhulsbergen/llr40_dace/vec/reports/tsvc_2_s152.none_old.g++-13.unsafe.all
tsvc_2_s152,none,old,g++-13,harness,True,2,canon_cpu.cpp:22 canon_cpu.cpp:60,0,,,g++-13 -march=native -fopenmp -fno-math-errno -fno-trapping-math -fno-signed-zeros -ffp-contract=fast -fstrict-aliasing -include /capstor/scratch/cscs/lhulsbergen/HPCAgent-Bench-dace/hpcagent_bench/envs/vecmath.h -Wall -Wextra -O3 -fPIC -fopenmp -std=c++20 -I/capstor/scratch/cscs/lhulsbergen/venv_dace5cf/lib/python3.12/site-packages/dace/runtime/include -c /capstor/scratch/cscs/lhulsbergen/llr40_dace/emit/tsvc_2_s152/none_old/src/cpu/canon_cpu.cpp -o /dev/null -fopt-info-vec-all=/capstor/scratch/cscs/lhulsbergen/llr40_dace/vec/reports/tsvc_2_s152.none_old.g++-13.harness.all
tsvc_2_s152,none,old,g++-14,bonsall,True,2,canon_cpu.cpp:22 canon_cpu.cpp:60,0,,,g++-14 -O3 -std=c++20 -fPIC -fno-math-errno -ffinite-math-only -fno-signaling-nans -fstrict-aliasing -faligned-new -fvect-cost-model=unlimited -fopenmp -I/capstor/scratch/cscs/lhulsbergen/venv_dace5cf/lib/python3.12/site-packages/dace/runtime/include -c /capstor/scratch/cscs/lhulsbergen/llr40_dace/emit/tsvc_2_s152/none_old/src/cpu/canon_cpu.cpp -o /dev/null -fopt-info-vec-all=/capstor/scratch/cscs/lhulsbergen/llr40_dace/vec/reports/tsvc_2_s152.none_old.g++-14.bonsall.all
tsvc_2_s152,none,old,g++-14,unsafe,True,2,canon_cpu.cpp:22 canon_cpu.cpp:60,0,,,g++-14 -O3 -std=c++20 -fPIC -fno-math-errno -ffinite-math-only -fno-signaling-nans -fstrict-aliasing -faligned-new -fvect-cost-model=unlimited -fopenmp -funsafe-math-optimizations -I/capstor/scratch/cscs/lhulsbergen/venv_dace5cf/lib/python3.12/site-packages/dace/runtime/include -c /capstor/scratch/cscs/lhulsbergen/llr40_dace/emit/tsvc_2_s152/none_old/src/cpu/canon_cpu.cpp -o /dev/null -fopt-info-vec-all=/capstor/scratch/cscs/lhulsbergen/llr40_dace/vec/reports/tsvc_2_s152.none_old.g++-14.unsafe.all
tsvc_2_s152,none,old,g++-14,harness,True,2,canon_cpu.cpp:22 canon_cpu.cpp:60,0,,,g++-14 -march=native -fopenmp -fno-math-errno -fno-trapping-math -fno-signed-zeros -ffp-contract=fast -fstrict-aliasing -include /capstor/scratch/cscs/lhulsbergen/HPCAgent-Bench-dace/hpcagent_bench/envs/vecmath.h -Wall -Wextra -O3 -fPIC -fopenmp -std=c++20 -I/capstor/scratch/cscs/lhulsbergen/venv_dace5cf/lib/python3.12/site-packages/dace/runtime/include -c /capstor/scratch/cscs/lhulsbergen/llr40_dace/emit/tsvc_2_s152/none_old/src/cpu/canon_cpu.cpp -o /dev/null -fopt-info-vec-all=/capstor/scratch/cscs/lhulsbergen/llr40_dace/vec/reports/tsvc_2_s152.none_old.g++-14.harness.all
tsvc_2_s2233,canon,legacy,g++-13,bonsall,True,1,canon_cpu.cpp:19,1,canon_cpu.cpp:15,,g++-13 -O3 -std=c++20 -fPIC -fno-math-errno -ffinite-math-only -fno-signaling-nans -fstrict-aliasing -faligned-new -fvect-cost-model=unlimited -fopenmp -I/capstor/scratch/cscs/lhulsbergen/venv_dace5cf/lib/python3.12/site-packages/dace/runtime/include -c /capstor/scratch/cscs/lhulsbergen/llr40_dace/emit/tsvc_2_s2233/canon_legacy/src/cpu/canon_cpu.cpp -o /dev/null -fopt-info-vec-all=/capstor/scratch/cscs/lhulsbergen/llr40_dace/vec/reports/tsvc_2_s2233.canon_legacy.g++-13.bonsall.all
tsvc_2_s2233,canon,legacy,g++-13,unsafe,True,1,canon_cpu.cpp:19,1,canon_cpu.cpp:15,,g++-13 -O3 -std=c++20 -fPIC -fno-math-errno -ffinite-math-only -fno-signaling-nans -fstrict-aliasing -faligned-new -fvect-cost-model=unlimited -fopenmp -funsafe-math-optimizations -I/capstor/scratch/cscs/lhulsbergen/venv_dace5cf/lib/python3.12/site-packages/dace/runtime/include -c /capstor/scratch/cscs/lhulsbergen/llr40_dace/emit/tsvc_2_s2233/canon_legacy/src/cpu/canon_cpu.cpp -o /dev/null -fopt-info-vec-all=/capstor/scratch/cscs/lhulsbergen/llr40_dace/vec/reports/tsvc_2_s2233.canon_legacy.g++-13.unsafe.all
tsvc_2_s2233,canon,legacy,g++-13,harness,True,1,canon_cpu.cpp:19,2,canon_cpu.cpp:125 canon_cpu.cpp:15,,g++-13 -march=native -fopenmp -fno-math-errno -fno-trapping-math -fno-signed-zeros -ffp-contract=fast -fstrict-aliasing -include /capstor/scratch/cscs/lhulsbergen/HPCAgent-Bench-dace/hpcagent_bench/envs/vecmath.h -Wall -Wextra -O3 -fPIC -fopenmp -std=c++20 -I/capstor/scratch/cscs/lhulsbergen/venv_dace5cf/lib/python3.12/site-packages/dace/runtime/include -c /capstor/scratch/cscs/lhulsbergen/llr40_dace/emit/tsvc_2_s2233/canon_legacy/src/cpu/canon_cpu.cpp -o /dev/null -fopt-info-vec-all=/capstor/scratch/cscs/lhulsbergen/llr40_dace/vec/reports/tsvc_2_s2233.canon_legacy.g++-13.harness.all
tsvc_2_s2233,canon,legacy,g++-14,bonsall,True,1,canon_cpu.cpp:19,1,canon_cpu.cpp:15,,g++-14 -O3 -std=c++20 -fPIC -fno-math-errno -ffinite-math-only -fno-signaling-nans -fstrict-aliasing -faligned-new -fvect-cost-model=unlimited -fopenmp -I/capstor/scratch/cscs/lhulsbergen/venv_dace5cf/lib/python3.12/site-packages/dace/runtime/include -c /capstor/scratch/cscs/lhulsbergen/llr40_dace/emit/tsvc_2_s2233/canon_legacy/src/cpu/canon_cpu.cpp -o /dev/null -fopt-info-vec-all=/capstor/scratch/cscs/lhulsbergen/llr40_dace/vec/reports/tsvc_2_s2233.canon_legacy.g++-14.bonsall.all
tsvc_2_s2233,canon,legacy,g++-14,unsafe,True,1,canon_cpu.cpp:19,1,canon_cpu.cpp:15,,g++-14 -O3 -std=c++20 -fPIC -fno-math-errno -ffinite-math-only -fno-signaling-nans -fstrict-aliasing -faligned-new -fvect-cost-model=unlimited -fopenmp -funsafe-math-optimizations -I/capstor/scratch/cscs/lhulsbergen/venv_dace5cf/lib/python3.12/site-packages/dace/runtime/include -c /capstor/scratch/cscs/lhulsbergen/llr40_dace/emit/tsvc_2_s2233/canon_legacy/src/cpu/canon_cpu.cpp -o /dev/null -fopt-info-vec-all=/capstor/scratch/cscs/lhulsbergen/llr40_dace/vec/reports/tsvc_2_s2233.canon_legacy.g++-14.unsafe.all
tsvc_2_s2233,canon,legacy,g++-14,harness,True,1,canon_cpu.cpp:19,2,canon_cpu.cpp:125 canon_cpu.cpp:15,,g++-14 -march=native -fopenmp -fno-math-errno -fno-trapping-math -fno-signed-zeros -ffp-contract=fast -fstrict-aliasing -include /capstor/scratch/cscs/lhulsbergen/HPCAgent-Bench-dace/hpcagent_bench/envs/vecmath.h -Wall -Wextra -O3 -fPIC -fopenmp -std=c++20 -I/capstor/scratch/cscs/lhulsbergen/venv_dace5cf/lib/python3.12/site-packages/dace/runtime/include -c /capstor/scratch/cscs/lhulsbergen/llr40_dace/emit/tsvc_2_s2233/canon_legacy/src/cpu/canon_cpu.cpp -o /dev/null -fopt-info-vec-all=/capstor/scratch/cscs/lhulsbergen/llr40_dace/vec/reports/tsvc_2_s2233.canon_legacy.g++-14.harness.all
tsvc_2_s2233,canon,new,g++-13,bonsall,True,1,canon_cpu.cpp:19,1,canon_cpu.cpp:17,,g++-13 -O3 -std=c++20 -fPIC -fno-math-errno -ffinite-math-only -fno-signaling-nans -fstrict-aliasing -faligned-new -fvect-cost-model=unlimited -fopenmp -I/capstor/scratch/cscs/lhulsbergen/venv_dace5cf/lib/python3.12/site-packages/dace/runtime/include -c /capstor/scratch/cscs/lhulsbergen/llr40_dace/emit/tsvc_2_s2233/canon_new/src/cpu/canon_cpu.cpp -o /dev/null -fopt-info-vec-all=/capstor/scratch/cscs/lhulsbergen/llr40_dace/vec/reports/tsvc_2_s2233.canon_new.g++-13.bonsall.all
tsvc_2_s2233,canon,new,g++-13,unsafe,True,1,canon_cpu.cpp:19,1,canon_cpu.cpp:17,,g++-13 -O3 -std=c++20 -fPIC -fno-math-errno -ffinite-math-only -fno-signaling-nans -fstrict-aliasing -faligned-new -fvect-cost-model=unlimited -fopenmp -funsafe-math-optimizations -I/capstor/scratch/cscs/lhulsbergen/venv_dace5cf/lib/python3.12/site-packages/dace/runtime/include -c /capstor/scratch/cscs/lhulsbergen/llr40_dace/emit/tsvc_2_s2233/canon_new/src/cpu/canon_cpu.cpp -o /dev/null -fopt-info-vec-all=/capstor/scratch/cscs/lhulsbergen/llr40_dace/vec/reports/tsvc_2_s2233.canon_new.g++-13.unsafe.all
tsvc_2_s2233,canon,new,g++-13,harness,True,1,canon_cpu.cpp:19,2,canon_cpu.cpp:17 canon_cpu.cpp:53,,g++-13 -march=native -fopenmp -fno-math-errno -fno-trapping-math -fno-signed-zeros -ffp-contract=fast -fstrict-aliasing -include /capstor/scratch/cscs/lhulsbergen/HPCAgent-Bench-dace/hpcagent_bench/envs/vecmath.h -Wall -Wextra -O3 -fPIC -fopenmp -std=c++20 -I/capstor/scratch/cscs/lhulsbergen/venv_dace5cf/lib/python3.12/site-packages/dace/runtime/include -c /capstor/scratch/cscs/lhulsbergen/llr40_dace/emit/tsvc_2_s2233/canon_new/src/cpu/canon_cpu.cpp -o /dev/null -fopt-info-vec-all=/capstor/scratch/cscs/lhulsbergen/llr40_dace/vec/reports/tsvc_2_s2233.canon_new.g++-13.harness.all
tsvc_2_s2233,canon,new,g++-14,bonsall,True,1,canon_cpu.cpp:19,1,canon_cpu.cpp:17,,g++-14 -O3 -std=c++20 -fPIC -fno-math-errno -ffinite-math-only -fno-signaling-nans -fstrict-aliasing -faligned-new -fvect-cost-model=unlimited -fopenmp -I/capstor/scratch/cscs/lhulsbergen/venv_dace5cf/lib/python3.12/site-packages/dace/runtime/include -c /capstor/scratch/cscs/lhulsbergen/llr40_dace/emit/tsvc_2_s2233/canon_new/src/cpu/canon_cpu.cpp -o /dev/null -fopt-info-vec-all=/capstor/scratch/cscs/lhulsbergen/llr40_dace/vec/reports/tsvc_2_s2233.canon_new.g++-14.bonsall.all
tsvc_2_s2233,canon,new,g++-14,unsafe,True,1,canon_cpu.cpp:19,1,canon_cpu.cpp:17,,g++-14 -O3 -std=c++20 -fPIC -fno-math-errno -ffinite-math-only -fno-signaling-nans -fstrict-aliasing -faligned-new -fvect-cost-model=unlimited -fopenmp -funsafe-math-optimizations -I/capstor/scratch/cscs/lhulsbergen/venv_dace5cf/lib/python3.12/site-packages/dace/runtime/include -c /capstor/scratch/cscs/lhulsbergen/llr40_dace/emit/tsvc_2_s2233/canon_new/src/cpu/canon_cpu.cpp -o /dev/null -fopt-info-vec-all=/capstor/scratch/cscs/lhulsbergen/llr40_dace/vec/reports/tsvc_2_s2233.canon_new.g++-14.unsafe.all
tsvc_2_s2233,canon,new,g++-14,harness,True,1,canon_cpu.cpp:19,2,canon_cpu.cpp:17 canon_cpu.cpp:53,,g++-14 -march=native -fopenmp -fno-math-errno -fno-trapping-math -fno-signed-zeros -ffp-contract=fast -fstrict-aliasing -include /capstor/scratch/cscs/lhulsbergen/HPCAgent-Bench-dace/hpcagent_bench/envs/vecmath.h -Wall -Wextra -O3 -fPIC -fopenmp -std=c++20 -I/capstor/scratch/cscs/lhulsbergen/venv_dace5cf/lib/python3.12/site-packages/dace/runtime/include -c /capstor/scratch/cscs/lhulsbergen/llr40_dace/emit/tsvc_2_s2233/canon_new/src/cpu/canon_cpu.cpp -o /dev/null -fopt-info-vec-all=/capstor/scratch/cscs/lhulsbergen/llr40_dace/vec/reports/tsvc_2_s2233.canon_new.g++-14.harness.all
tsvc_2_s2233,canon,old,g++-13,bonsall,True,1,canon_cpu.cpp:19,1,canon_cpu.cpp:15,,g++-13 -O3 -std=c++20 -fPIC -fno-math-errno -ffinite-math-only -fno-signaling-nans -fstrict-aliasing -faligned-new -fvect-cost-model=unlimited -fopenmp -I/capstor/scratch/cscs/lhulsbergen/venv_dace5cf/lib/python3.12/site-packages/dace/runtime/include -c /capstor/scratch/cscs/lhulsbergen/llr40_dace/emit/tsvc_2_s2233/canon_old/src/cpu/canon_cpu.cpp -o /dev/null -fopt-info-vec-all=/capstor/scratch/cscs/lhulsbergen/llr40_dace/vec/reports/tsvc_2_s2233.canon_old.g++-13.bonsall.all
tsvc_2_s2233,canon,old,g++-13,unsafe,True,1,canon_cpu.cpp:19,1,canon_cpu.cpp:15,,g++-13 -O3 -std=c++20 -fPIC -fno-math-errno -ffinite-math-only -fno-signaling-nans -fstrict-aliasing -faligned-new -fvect-cost-model=unlimited -fopenmp -funsafe-math-optimizations -I/capstor/scratch/cscs/lhulsbergen/venv_dace5cf/lib/python3.12/site-packages/dace/runtime/include -c /capstor/scratch/cscs/lhulsbergen/llr40_dace/emit/tsvc_2_s2233/canon_old/src/cpu/canon_cpu.cpp -o /dev/null -fopt-info-vec-all=/capstor/scratch/cscs/lhulsbergen/llr40_dace/vec/reports/tsvc_2_s2233.canon_old.g++-13.unsafe.all
tsvc_2_s2233,canon,old,g++-13,harness,True,1,canon_cpu.cpp:19,2,canon_cpu.cpp:125 canon_cpu.cpp:15,,g++-13 -march=native -fopenmp -fno-math-errno -fno-trapping-math -fno-signed-zeros -ffp-contract=fast -fstrict-aliasing -include /capstor/scratch/cscs/lhulsbergen/HPCAgent-Bench-dace/hpcagent_bench/envs/vecmath.h -Wall -Wextra -O3 -fPIC -fopenmp -std=c++20 -I/capstor/scratch/cscs/lhulsbergen/venv_dace5cf/lib/python3.12/site-packages/dace/runtime/include -c /capstor/scratch/cscs/lhulsbergen/llr40_dace/emit/tsvc_2_s2233/canon_old/src/cpu/canon_cpu.cpp -o /dev/null -fopt-info-vec-all=/capstor/scratch/cscs/lhulsbergen/llr40_dace/vec/reports/tsvc_2_s2233.canon_old.g++-13.harness.all
tsvc_2_s2233,canon,old,g++-14,bonsall,True,1,canon_cpu.cpp:19,1,canon_cpu.cpp:15,,g++-14 -O3 -std=c++20 -fPIC -fno-math-errno -ffinite-math-only -fno-signaling-nans -fstrict-aliasing -faligned-new -fvect-cost-model=unlimited -fopenmp -I/capstor/scratch/cscs/lhulsbergen/venv_dace5cf/lib/python3.12/site-packages/dace/runtime/include -c /capstor/scratch/cscs/lhulsbergen/llr40_dace/emit/tsvc_2_s2233/canon_old/src/cpu/canon_cpu.cpp -o /dev/null -fopt-info-vec-all=/capstor/scratch/cscs/lhulsbergen/llr40_dace/vec/reports/tsvc_2_s2233.canon_old.g++-14.bonsall.all
tsvc_2_s2233,canon,old,g++-14,unsafe,True,1,canon_cpu.cpp:19,1,canon_cpu.cpp:15,,g++-14 -O3 -std=c++20 -fPIC -fno-math-errno -ffinite-math-only -fno-signaling-nans -fstrict-aliasing -faligned-new -fvect-cost-model=unlimited -fopenmp -funsafe-math-optimizations -I/capstor/scratch/cscs/lhulsbergen/venv_dace5cf/lib/python3.12/site-packages/dace/runtime/include -c /capstor/scratch/cscs/lhulsbergen/llr40_dace/emit/tsvc_2_s2233/canon_old/src/cpu/canon_cpu.cpp -o /dev/null -fopt-info-vec-all=/capstor/scratch/cscs/lhulsbergen/llr40_dace/vec/reports/tsvc_2_s2233.canon_old.g++-14.unsafe.all
tsvc_2_s2233,canon,old,g++-14,harness,True,1,canon_cpu.cpp:19,2,canon_cpu.cpp:125 canon_cpu.cpp:15,,g++-14 -march=native -fopenmp -fno-math-errno -fno-trapping-math -fno-signed-zeros -ffp-contract=fast -fstrict-aliasing -include /capstor/scratch/cscs/lhulsbergen/HPCAgent-Bench-dace/hpcagent_bench/envs/vecmath.h -Wall -Wextra -O3 -fPIC -fopenmp -std=c++20 -I/capstor/scratch/cscs/lhulsbergen/venv_dace5cf/lib/python3.12/site-packages/dace/runtime/include -c /capstor/scratch/cscs/lhulsbergen/llr40_dace/emit/tsvc_2_s2233/canon_old/src/cpu/canon_cpu.cpp -o /dev/null -fopt-info-vec-all=/capstor/scratch/cscs/lhulsbergen/llr40_dace/vec/reports/tsvc_2_s2233.canon_old.g++-14.harness.all
tsvc_2_s2233,none,legacy,g++-13,bonsall,True,2,canon_cpu.cpp:23 canon_cpu.cpp:77,1,canon_cpu.cpp:21,,g++-13 -O3 -std=c++20 -fPIC -fno-math-errno -ffinite-math-only -fno-signaling-nans -fstrict-aliasing -faligned-new -fvect-cost-model=unlimited -fopenmp -I/capstor/scratch/cscs/lhulsbergen/venv_dace5cf/lib/python3.12/site-packages/dace/runtime/include -c /capstor/scratch/cscs/lhulsbergen/llr40_dace/emit/tsvc_2_s2233/none_legacy/src/cpu/canon_cpu.cpp -o /dev/null -fopt-info-vec-all=/capstor/scratch/cscs/lhulsbergen/llr40_dace/vec/reports/tsvc_2_s2233.none_legacy.g++-13.bonsall.all
tsvc_2_s2233,none,legacy,g++-13,unsafe,True,2,canon_cpu.cpp:23 canon_cpu.cpp:77,1,canon_cpu.cpp:21,,g++-13 -O3 -std=c++20 -fPIC -fno-math-errno -ffinite-math-only -fno-signaling-nans -fstrict-aliasing -faligned-new -fvect-cost-model=unlimited -fopenmp -funsafe-math-optimizations -I/capstor/scratch/cscs/lhulsbergen/venv_dace5cf/lib/python3.12/site-packages/dace/runtime/include -c /capstor/scratch/cscs/lhulsbergen/llr40_dace/emit/tsvc_2_s2233/none_legacy/src/cpu/canon_cpu.cpp -o /dev/null -fopt-info-vec-all=/capstor/scratch/cscs/lhulsbergen/llr40_dace/vec/reports/tsvc_2_s2233.none_legacy.g++-13.unsafe.all
tsvc_2_s2233,none,legacy,g++-13,harness,True,1,canon_cpu.cpp:77,2,canon_cpu.cpp:21 canon_cpu.cpp:23,,g++-13 -march=native -fopenmp -fno-math-errno -fno-trapping-math -fno-signed-zeros -ffp-contract=fast -fstrict-aliasing -include /capstor/scratch/cscs/lhulsbergen/HPCAgent-Bench-dace/hpcagent_bench/envs/vecmath.h -Wall -Wextra -O3 -fPIC -fopenmp -std=c++20 -I/capstor/scratch/cscs/lhulsbergen/venv_dace5cf/lib/python3.12/site-packages/dace/runtime/include -c /capstor/scratch/cscs/lhulsbergen/llr40_dace/emit/tsvc_2_s2233/none_legacy/src/cpu/canon_cpu.cpp -o /dev/null -fopt-info-vec-all=/capstor/scratch/cscs/lhulsbergen/llr40_dace/vec/reports/tsvc_2_s2233.none_legacy.g++-13.harness.all
tsvc_2_s2233,none,legacy,g++-14,bonsall,True,2,canon_cpu.cpp:23 canon_cpu.cpp:77,1,canon_cpu.cpp:21,,g++-14 -O3 -std=c++20 -fPIC -fno-math-errno -ffinite-math-only -fno-signaling-nans -fstrict-aliasing -faligned-new -fvect-cost-model=unlimited -fopenmp -I/capstor/scratch/cscs/lhulsbergen/venv_dace5cf/lib/python3.12/site-packages/dace/runtime/include -c /capstor/scratch/cscs/lhulsbergen/llr40_dace/emit/tsvc_2_s2233/none_legacy/src/cpu/canon_cpu.cpp -o /dev/null -fopt-info-vec-all=/capstor/scratch/cscs/lhulsbergen/llr40_dace/vec/reports/tsvc_2_s2233.none_legacy.g++-14.bonsall.all
tsvc_2_s2233,none,legacy,g++-14,unsafe,True,2,canon_cpu.cpp:23 canon_cpu.cpp:77,1,canon_cpu.cpp:21,,g++-14 -O3 -std=c++20 -fPIC -fno-math-errno -ffinite-math-only -fno-signaling-nans -fstrict-aliasing -faligned-new -fvect-cost-model=unlimited -fopenmp -funsafe-math-optimizations -I/capstor/scratch/cscs/lhulsbergen/venv_dace5cf/lib/python3.12/site-packages/dace/runtime/include -c /capstor/scratch/cscs/lhulsbergen/llr40_dace/emit/tsvc_2_s2233/none_legacy/src/cpu/canon_cpu.cpp -o /dev/null -fopt-info-vec-all=/capstor/scratch/cscs/lhulsbergen/llr40_dace/vec/reports/tsvc_2_s2233.none_legacy.g++-14.unsafe.all
tsvc_2_s2233,none,legacy,g++-14,harness,True,1,canon_cpu.cpp:77,2,canon_cpu.cpp:21 canon_cpu.cpp:23,,g++-14 -march=native -fopenmp -fno-math-errno -fno-trapping-math -fno-signed-zeros -ffp-contract=fast -fstrict-aliasing -include /capstor/scratch/cscs/lhulsbergen/HPCAgent-Bench-dace/hpcagent_bench/envs/vecmath.h -Wall -Wextra -O3 -fPIC -fopenmp -std=c++20 -I/capstor/scratch/cscs/lhulsbergen/venv_dace5cf/lib/python3.12/site-packages/dace/runtime/include -c /capstor/scratch/cscs/lhulsbergen/llr40_dace/emit/tsvc_2_s2233/none_legacy/src/cpu/canon_cpu.cpp -o /dev/null -fopt-info-vec-all=/capstor/scratch/cscs/lhulsbergen/llr40_dace/vec/reports/tsvc_2_s2233.none_legacy.g++-14.harness.all
tsvc_2_s2233,none,new,g++-13,bonsall,True,2,canon_cpu.cpp:25 canon_cpu.cpp:38,1,canon_cpu.cpp:23,,g++-13 -O3 -std=c++20 -fPIC -fno-math-errno -ffinite-math-only -fno-signaling-nans -fstrict-aliasing -faligned-new -fvect-cost-model=unlimited -fopenmp -I/capstor/scratch/cscs/lhulsbergen/venv_dace5cf/lib/python3.12/site-packages/dace/runtime/include -c /capstor/scratch/cscs/lhulsbergen/llr40_dace/emit/tsvc_2_s2233/none_new/src/cpu/canon_cpu.cpp -o /dev/null -fopt-info-vec-all=/capstor/scratch/cscs/lhulsbergen/llr40_dace/vec/reports/tsvc_2_s2233.none_new.g++-13.bonsall.all
tsvc_2_s2233,none,new,g++-13,unsafe,True,2,canon_cpu.cpp:25 canon_cpu.cpp:38,1,canon_cpu.cpp:23,,g++-13 -O3 -std=c++20 -fPIC -fno-math-errno -ffinite-math-only -fno-signaling-nans -fstrict-aliasing -faligned-new -fvect-cost-model=unlimited -fopenmp -funsafe-math-optimizations -I/capstor/scratch/cscs/lhulsbergen/venv_dace5cf/lib/python3.12/site-packages/dace/runtime/include -c /capstor/scratch/cscs/lhulsbergen/llr40_dace/emit/tsvc_2_s2233/none_new/src/cpu/canon_cpu.cpp -o /dev/null -fopt-info-vec-all=/capstor/scratch/cscs/lhulsbergen/llr40_dace/vec/reports/tsvc_2_s2233.none_new.g++-13.unsafe.all
tsvc_2_s2233,none,new,g++-13,harness,True,1,canon_cpu.cpp:38,2,canon_cpu.cpp:23 canon_cpu.cpp:25,,g++-13 -march=native -fopenmp -fno-math-errno -fno-trapping-math -fno-signed-zeros -ffp-contract=fast -fstrict-aliasing -include /capstor/scratch/cscs/lhulsbergen/HPCAgent-Bench-dace/hpcagent_bench/envs/vecmath.h -Wall -Wextra -O3 -fPIC -fopenmp -std=c++20 -I/capstor/scratch/cscs/lhulsbergen/venv_dace5cf/lib/python3.12/site-packages/dace/runtime/include -c /capstor/scratch/cscs/lhulsbergen/llr40_dace/emit/tsvc_2_s2233/none_new/src/cpu/canon_cpu.cpp -o /dev/null -fopt-info-vec-all=/capstor/scratch/cscs/lhulsbergen/llr40_dace/vec/reports/tsvc_2_s2233.none_new.g++-13.harness.all
tsvc_2_s2233,none,new,g++-14,bonsall,True,2,canon_cpu.cpp:25 canon_cpu.cpp:38,1,canon_cpu.cpp:23,,g++-14 -O3 -std=c++20 -fPIC -fno-math-errno -ffinite-math-only -fno-signaling-nans -fstrict-aliasing -faligned-new -fvect-cost-model=unlimited -fopenmp -I/capstor/scratch/cscs/lhulsbergen/venv_dace5cf/lib/python3.12/site-packages/dace/runtime/include -c /capstor/scratch/cscs/lhulsbergen/llr40_dace/emit/tsvc_2_s2233/none_new/src/cpu/canon_cpu.cpp -o /dev/null -fopt-info-vec-all=/capstor/scratch/cscs/lhulsbergen/llr40_dace/vec/reports/tsvc_2_s2233.none_new.g++-14.bonsall.all
tsvc_2_s2233,none,new,g++-14,unsafe,True,2,canon_cpu.cpp:25 canon_cpu.cpp:38,1,canon_cpu.cpp:23,,g++-14 -O3 -std=c++20 -fPIC -fno-math-errno -ffinite-math-only -fno-signaling-nans -fstrict-aliasing -faligned-new -fvect-cost-model=unlimited -fopenmp -funsafe-math-optimizations -I/capstor/scratch/cscs/lhulsbergen/venv_dace5cf/lib/python3.12/site-packages/dace/runtime/include -c /capstor/scratch/cscs/lhulsbergen/llr40_dace/emit/tsvc_2_s2233/none_new/src/cpu/canon_cpu.cpp -o /dev/null -fopt-info-vec-all=/capstor/scratch/cscs/lhulsbergen/llr40_dace/vec/reports/tsvc_2_s2233.none_new.g++-14.unsafe.all
tsvc_2_s2233,none,new,g++-14,harness,True,1,canon_cpu.cpp:38,2,canon_cpu.cpp:23 canon_cpu.cpp:25,,g++-14 -march=native -fopenmp -fno-math-errno -fno-trapping-math -fno-signed-zeros -ffp-contract=fast -fstrict-aliasing -include /capstor/scratch/cscs/lhulsbergen/HPCAgent-Bench-dace/hpcagent_bench/envs/vecmath.h -Wall -Wextra -O3 -fPIC -fopenmp -std=c++20 -I/capstor/scratch/cscs/lhulsbergen/venv_dace5cf/lib/python3.12/site-packages/dace/runtime/include -c /capstor/scratch/cscs/lhulsbergen/llr40_dace/emit/tsvc_2_s2233/none_new/src/cpu/canon_cpu.cpp -o /dev/null -fopt-info-vec-all=/capstor/scratch/cscs/lhulsbergen/llr40_dace/vec/reports/tsvc_2_s2233.none_new.g++-14.harness.all
tsvc_2_s2233,none,old,g++-13,bonsall,True,2,canon_cpu.cpp:23 canon_cpu.cpp:61,1,canon_cpu.cpp:21,,g++-13 -O3 -std=c++20 -fPIC -fno-math-errno -ffinite-math-only -fno-signaling-nans -fstrict-aliasing -faligned-new -fvect-cost-model=unlimited -fopenmp -I/capstor/scratch/cscs/lhulsbergen/venv_dace5cf/lib/python3.12/site-packages/dace/runtime/include -c /capstor/scratch/cscs/lhulsbergen/llr40_dace/emit/tsvc_2_s2233/none_old/src/cpu/canon_cpu.cpp -o /dev/null -fopt-info-vec-all=/capstor/scratch/cscs/lhulsbergen/llr40_dace/vec/reports/tsvc_2_s2233.none_old.g++-13.bonsall.all
tsvc_2_s2233,none,old,g++-13,unsafe,True,2,canon_cpu.cpp:23 canon_cpu.cpp:61,1,canon_cpu.cpp:21,,g++-13 -O3 -std=c++20 -fPIC -fno-math-errno -ffinite-math-only -fno-signaling-nans -fstrict-aliasing -faligned-new -fvect-cost-model=unlimited -fopenmp -funsafe-math-optimizations -I/capstor/scratch/cscs/lhulsbergen/venv_dace5cf/lib/python3.12/site-packages/dace/runtime/include -c /capstor/scratch/cscs/lhulsbergen/llr40_dace/emit/tsvc_2_s2233/none_old/src/cpu/canon_cpu.cpp -o /dev/null -fopt-info-vec-all=/capstor/scratch/cscs/lhulsbergen/llr40_dace/vec/reports/tsvc_2_s2233.none_old.g++-13.unsafe.all
tsvc_2_s2233,none,old,g++-13,harness,True,1,canon_cpu.cpp:61,2,canon_cpu.cpp:21 canon_cpu.cpp:23,,g++-13 -march=native -fopenmp -fno-math-errno -fno-trapping-math -fno-signed-zeros -ffp-contract=fast -fstrict-aliasing -include /capstor/scratch/cscs/lhulsbergen/HPCAgent-Bench-dace/hpcagent_bench/envs/vecmath.h -Wall -Wextra -O3 -fPIC -fopenmp -std=c++20 -I/capstor/scratch/cscs/lhulsbergen/venv_dace5cf/lib/python3.12/site-packages/dace/runtime/include -c /capstor/scratch/cscs/lhulsbergen/llr40_dace/emit/tsvc_2_s2233/none_old/src/cpu/canon_cpu.cpp -o /dev/null -fopt-info-vec-all=/capstor/scratch/cscs/lhulsbergen/llr40_dace/vec/reports/tsvc_2_s2233.none_old.g++-13.harness.all
tsvc_2_s2233,none,old,g++-14,bonsall,True,2,canon_cpu.cpp:23 canon_cpu.cpp:61,1,canon_cpu.cpp:21,,g++-14 -O3 -std=c++20 -fPIC -fno-math-errno -ffinite-math-only -fno-signaling-nans -fstrict-aliasing -faligned-new -fvect-cost-model=unlimited -fopenmp -I/capstor/scratch/cscs/lhulsbergen/venv_dace5cf/lib/python3.12/site-packages/dace/runtime/include -c /capstor/scratch/cscs/lhulsbergen/llr40_dace/emit/tsvc_2_s2233/none_old/src/cpu/canon_cpu.cpp -o /dev/null -fopt-info-vec-all=/capstor/scratch/cscs/lhulsbergen/llr40_dace/vec/reports/tsvc_2_s2233.none_old.g++-14.bonsall.all
tsvc_2_s2233,none,old,g++-14,unsafe,True,2,canon_cpu.cpp:23 canon_cpu.cpp:61,1,canon_cpu.cpp:21,,g++-14 -O3 -std=c++20 -fPIC -fno-math-errno -ffinite-math-only -fno-signaling-nans -fstrict-aliasing -faligned-new -fvect-cost-model=unlimited -fopenmp -funsafe-math-optimizations -I/capstor/scratch/cscs/lhulsbergen/venv_dace5cf/lib/python3.12/site-packages/dace/runtime/include -c /capstor/scratch/cscs/lhulsbergen/llr40_dace/emit/tsvc_2_s2233/none_old/src/cpu/canon_cpu.cpp -o /dev/null -fopt-info-vec-all=/capstor/scratch/cscs/lhulsbergen/llr40_dace/vec/reports/tsvc_2_s2233.none_old.g++-14.unsafe.all
tsvc_2_s2233,none,old,g++-14,harness,True,1,canon_cpu.cpp:61,2,canon_cpu.cpp:21 canon_cpu.cpp:23,,g++-14 -march=native -fopenmp -fno-math-errno -fno-trapping-math -fno-signed-zeros -ffp-contract=fast -fstrict-aliasing -include /capstor/scratch/cscs/lhulsbergen/HPCAgent-Bench-dace/hpcagent_bench/envs/vecmath.h -Wall -Wextra -O3 -fPIC -fopenmp -std=c++20 -I/capstor/scratch/cscs/lhulsbergen/venv_dace5cf/lib/python3.12/site-packages/dace/runtime/include -c /capstor/scratch/cscs/lhulsbergen/llr40_dace/emit/tsvc_2_s2233/none_old/src/cpu/canon_cpu.cpp -o /dev/null -fopt-info-vec-all=/capstor/scratch/cscs/lhulsbergen/llr40_dace/vec/reports/tsvc_2_s2233.none_old.g++-14.harness.all
tsvc_2_s2275,canon,legacy,g++-13,bonsall,True,2,canon_cpu.cpp:31 canon_cpu.cpp:77,2,canon_cpu.cpp:35 canon_cpu.cpp:36,,g++-13 -O3 -std=c++20 -fPIC -fno-math-errno -ffinite-math-only -fno-signaling-nans -fstrict-aliasing -faligned-new -fvect-cost-model=unlimited -fopenmp -I/capstor/scratch/cscs/lhulsbergen/venv_dace5cf/lib/python3.12/site-packages/dace/runtime/include -c /capstor/scratch/cscs/lhulsbergen/llr40_dace/emit/tsvc_2_s2275/canon_legacy/src/cpu/canon_cpu.cpp -o /dev/null -fopt-info-vec-all=/capstor/scratch/cscs/lhulsbergen/llr40_dace/vec/reports/tsvc_2_s2275.canon_legacy.g++-13.bonsall.all
tsvc_2_s2275,canon,legacy,g++-13,unsafe,True,2,canon_cpu.cpp:31 canon_cpu.cpp:77,2,canon_cpu.cpp:35 canon_cpu.cpp:36,,g++-13 -O3 -std=c++20 -fPIC -fno-math-errno -ffinite-math-only -fno-signaling-nans -fstrict-aliasing -faligned-new -fvect-cost-model=unlimited -fopenmp -funsafe-math-optimizations -I/capstor/scratch/cscs/lhulsbergen/venv_dace5cf/lib/python3.12/site-packages/dace/runtime/include -c /capstor/scratch/cscs/lhulsbergen/llr40_dace/emit/tsvc_2_s2275/canon_legacy/src/cpu/canon_cpu.cpp -o /dev/null -fopt-info-vec-all=/capstor/scratch/cscs/lhulsbergen/llr40_dace/vec/reports/tsvc_2_s2275.canon_legacy.g++-13.unsafe.all
tsvc_2_s2275,canon,legacy,g++-13,harness,True,2,canon_cpu.cpp:31 canon_cpu.cpp:77,4,canon_cpu.cpp:29 canon_cpu.cpp:35 canon_cpu.cpp:36 canon_cpu.cpp:73,,g++-13 -march=native -fopenmp -fno-math-errno -fno-trapping-math -fno-signed-zeros -ffp-contract=fast -fstrict-aliasing -include /capstor/scratch/cscs/lhulsbergen/HPCAgent-Bench-dace/hpcagent_bench/envs/vecmath.h -Wall -Wextra -O3 -fPIC -fopenmp -std=c++20 -I/capstor/scratch/cscs/lhulsbergen/venv_dace5cf/lib/python3.12/site-packages/dace/runtime/include -c /capstor/scratch/cscs/lhulsbergen/llr40_dace/emit/tsvc_2_s2275/canon_legacy/src/cpu/canon_cpu.cpp -o /dev/null -fopt-info-vec-all=/capstor/scratch/cscs/lhulsbergen/llr40_dace/vec/reports/tsvc_2_s2275.canon_legacy.g++-13.harness.all
tsvc_2_s2275,canon,legacy,g++-14,bonsall,True,2,canon_cpu.cpp:31 canon_cpu.cpp:77,2,canon_cpu.cpp:35 canon_cpu.cpp:36,,g++-14 -O3 -std=c++20 -fPIC -fno-math-errno -ffinite-math-only -fno-signaling-nans -fstrict-aliasing -faligned-new -fvect-cost-model=unlimited -fopenmp -I/capstor/scratch/cscs/lhulsbergen/venv_dace5cf/lib/python3.12/site-packages/dace/runtime/include -c /capstor/scratch/cscs/lhulsbergen/llr40_dace/emit/tsvc_2_s2275/canon_legacy/src/cpu/canon_cpu.cpp -o /dev/null -fopt-info-vec-all=/capstor/scratch/cscs/lhulsbergen/llr40_dace/vec/reports/tsvc_2_s2275.canon_legacy.g++-14.bonsall.all
tsvc_2_s2275,canon,legacy,g++-14,unsafe,True,2,canon_cpu.cpp:31 canon_cpu.cpp:77,2,canon_cpu.cpp:35 canon_cpu.cpp:36,,g++-14 -O3 -std=c++20 -fPIC -fno-math-errno -ffinite-math-only -fno-signaling-nans -fstrict-aliasing -faligned-new -fvect-cost-model=unlimited -fopenmp -funsafe-math-optimizations -I/capstor/scratch/cscs/lhulsbergen/venv_dace5cf/lib/python3.12/site-packages/dace/runtime/include -c /capstor/scratch/cscs/lhulsbergen/llr40_dace/emit/tsvc_2_s2275/canon_legacy/src/cpu/canon_cpu.cpp -o /dev/null -fopt-info-vec-all=/capstor/scratch/cscs/lhulsbergen/llr40_dace/vec/reports/tsvc_2_s2275.canon_legacy.g++-14.unsafe.all
tsvc_2_s2275,canon,legacy,g++-14,harness,True,2,canon_cpu.cpp:31 canon_cpu.cpp:77,4,canon_cpu.cpp:29 canon_cpu.cpp:35 canon_cpu.cpp:36 canon_cpu.cpp:73,,g++-14 -march=native -fopenmp -fno-math-errno -fno-trapping-math -fno-signed-zeros -ffp-contract=fast -fstrict-aliasing -include /capstor/scratch/cscs/lhulsbergen/HPCAgent-Bench-dace/hpcagent_bench/envs/vecmath.h -Wall -Wextra -O3 -fPIC -fopenmp -std=c++20 -I/capstor/scratch/cscs/lhulsbergen/venv_dace5cf/lib/python3.12/site-packages/dace/runtime/include -c /capstor/scratch/cscs/lhulsbergen/llr40_dace/emit/tsvc_2_s2275/canon_legacy/src/cpu/canon_cpu.cpp -o /dev/null -fopt-info-vec-all=/capstor/scratch/cscs/lhulsbergen/llr40_dace/vec/reports/tsvc_2_s2275.canon_legacy.g++-14.harness.all
tsvc_2_s2275,canon,new,g++-13,bonsall,True,2,canon_cpu.cpp:31 canon_cpu.cpp:42,2,canon_cpu.cpp:34 canon_cpu.cpp:9,,g++-13 -O3 -std=c++20 -fPIC -fno-math-errno -ffinite-math-only -fno-signaling-nans -fstrict-aliasing -faligned-new -fvect-cost-model=unlimited -fopenmp -I/capstor/scratch/cscs/lhulsbergen/venv_dace5cf/lib/python3.12/site-packages/dace/runtime/include -c /capstor/scratch/cscs/lhulsbergen/llr40_dace/emit/tsvc_2_s2275/canon_new/src/cpu/canon_cpu.cpp -o /dev/null -fopt-info-vec-all=/capstor/scratch/cscs/lhulsbergen/llr40_dace/vec/reports/tsvc_2_s2275.canon_new.g++-13.bonsall.all
tsvc_2_s2275,canon,new,g++-13,unsafe,True,2,canon_cpu.cpp:31 canon_cpu.cpp:42,2,canon_cpu.cpp:34 canon_cpu.cpp:9,,g++-13 -O3 -std=c++20 -fPIC -fno-math-errno -ffinite-math-only -fno-signaling-nans -fstrict-aliasing -faligned-new -fvect-cost-model=unlimited -fopenmp -funsafe-math-optimizations -I/capstor/scratch/cscs/lhulsbergen/venv_dace5cf/lib/python3.12/site-packages/dace/runtime/include -c /capstor/scratch/cscs/lhulsbergen/llr40_dace/emit/tsvc_2_s2275/canon_new/src/cpu/canon_cpu.cpp -o /dev/null -fopt-info-vec-all=/capstor/scratch/cscs/lhulsbergen/llr40_dace/vec/reports/tsvc_2_s2275.canon_new.g++-13.unsafe.all
tsvc_2_s2275,canon,new,g++-13,harness,True,2,canon_cpu.cpp:31 canon_cpu.cpp:42,4,canon_cpu.cpp:29 canon_cpu.cpp:34 canon_cpu.cpp:39 canon_cpu.cpp:9,,g++-13 -march=native -fopenmp -fno-math-errno -fno-trapping-math -fno-signed-zeros -ffp-contract=fast -fstrict-aliasing -include /capstor/scratch/cscs/lhulsbergen/HPCAgent-Bench-dace/hpcagent_bench/envs/vecmath.h -Wall -Wextra -O3 -fPIC -fopenmp -std=c++20 -I/capstor/scratch/cscs/lhulsbergen/venv_dace5cf/lib/python3.12/site-packages/dace/runtime/include -c /capstor/scratch/cscs/lhulsbergen/llr40_dace/emit/tsvc_2_s2275/canon_new/src/cpu/canon_cpu.cpp -o /dev/null -fopt-info-vec-all=/capstor/scratch/cscs/lhulsbergen/llr40_dace/vec/reports/tsvc_2_s2275.canon_new.g++-13.harness.all
tsvc_2_s2275,canon,new,g++-14,bonsall,True,2,canon_cpu.cpp:31 canon_cpu.cpp:42,2,canon_cpu.cpp:34 canon_cpu.cpp:9,,g++-14 -O3 -std=c++20 -fPIC -fno-math-errno -ffinite-math-only -fno-signaling-nans -fstrict-aliasing -faligned-new -fvect-cost-model=unlimited -fopenmp -I/capstor/scratch/cscs/lhulsbergen/venv_dace5cf/lib/python3.12/site-packages/dace/runtime/include -c /capstor/scratch/cscs/lhulsbergen/llr40_dace/emit/tsvc_2_s2275/canon_new/src/cpu/canon_cpu.cpp -o /dev/null -fopt-info-vec-all=/capstor/scratch/cscs/lhulsbergen/llr40_dace/vec/reports/tsvc_2_s2275.canon_new.g++-14.bonsall.all
tsvc_2_s2275,canon,new,g++-14,unsafe,True,2,canon_cpu.cpp:31 canon_cpu.cpp:42,2,canon_cpu.cpp:34 canon_cpu.cpp:9,,g++-14 -O3 -std=c++20 -fPIC -fno-math-errno -ffinite-math-only -fno-signaling-nans -fstrict-aliasing -faligned-new -fvect-cost-model=unlimited -fopenmp -funsafe-math-optimizations -I/capstor/scratch/cscs/lhulsbergen/venv_dace5cf/lib/python3.12/site-packages/dace/runtime/include -c /capstor/scratch/cscs/lhulsbergen/llr40_dace/emit/tsvc_2_s2275/canon_new/src/cpu/canon_cpu.cpp -o /dev/null -fopt-info-vec-all=/capstor/scratch/cscs/lhulsbergen/llr40_dace/vec/reports/tsvc_2_s2275.canon_new.g++-14.unsafe.all
tsvc_2_s2275,canon,new,g++-14,harness,True,2,canon_cpu.cpp:31 canon_cpu.cpp:42,4,canon_cpu.cpp:29 canon_cpu.cpp:34 canon_cpu.cpp:39 canon_cpu.cpp:9,,g++-14 -march=native -fopenmp -fno-math-errno -fno-trapping-math -fno-signed-zeros -ffp-contract=fast -fstrict-aliasing -include /capstor/scratch/cscs/lhulsbergen/HPCAgent-Bench-dace/hpcagent_bench/envs/vecmath.h -Wall -Wextra -O3 -fPIC -fopenmp -std=c++20 -I/capstor/scratch/cscs/lhulsbergen/venv_dace5cf/lib/python3.12/site-packages/dace/runtime/include -c /capstor/scratch/cscs/lhulsbergen/llr40_dace/emit/tsvc_2_s2275/canon_new/src/cpu/canon_cpu.cpp -o /dev/null -fopt-info-vec-all=/capstor/scratch/cscs/lhulsbergen/llr40_dace/vec/reports/tsvc_2_s2275.canon_new.g++-14.harness.all
tsvc_2_s2275,canon,old,g++-13,bonsall,True,2,canon_cpu.cpp:31 canon_cpu.cpp:77,2,canon_cpu.cpp:35 canon_cpu.cpp:36,,g++-13 -O3 -std=c++20 -fPIC -fno-math-errno -ffinite-math-only -fno-signaling-nans -fstrict-aliasing -faligned-new -fvect-cost-model=unlimited -fopenmp -I/capstor/scratch/cscs/lhulsbergen/venv_dace5cf/lib/python3.12/site-packages/dace/runtime/include -c /capstor/scratch/cscs/lhulsbergen/llr40_dace/emit/tsvc_2_s2275/canon_old/src/cpu/canon_cpu.cpp -o /dev/null -fopt-info-vec-all=/capstor/scratch/cscs/lhulsbergen/llr40_dace/vec/reports/tsvc_2_s2275.canon_old.g++-13.bonsall.all
tsvc_2_s2275,canon,old,g++-13,unsafe,True,2,canon_cpu.cpp:31 canon_cpu.cpp:77,2,canon_cpu.cpp:35 canon_cpu.cpp:36,,g++-13 -O3 -std=c++20 -fPIC -fno-math-errno -ffinite-math-only -fno-signaling-nans -fstrict-aliasing -faligned-new -fvect-cost-model=unlimited -fopenmp -funsafe-math-optimizations -I/capstor/scratch/cscs/lhulsbergen/venv_dace5cf/lib/python3.12/site-packages/dace/runtime/include -c /capstor/scratch/cscs/lhulsbergen/llr40_dace/emit/tsvc_2_s2275/canon_old/src/cpu/canon_cpu.cpp -o /dev/null -fopt-info-vec-all=/capstor/scratch/cscs/lhulsbergen/llr40_dace/vec/reports/tsvc_2_s2275.canon_old.g++-13.unsafe.all
tsvc_2_s2275,canon,old,g++-13,harness,True,2,canon_cpu.cpp:31 canon_cpu.cpp:77,4,canon_cpu.cpp:29 canon_cpu.cpp:35 canon_cpu.cpp:36 canon_cpu.cpp:73,,g++-13 -march=native -fopenmp -fno-math-errno -fno-trapping-math -fno-signed-zeros -ffp-contract=fast -fstrict-aliasing -include /capstor/scratch/cscs/lhulsbergen/HPCAgent-Bench-dace/hpcagent_bench/envs/vecmath.h -Wall -Wextra -O3 -fPIC -fopenmp -std=c++20 -I/capstor/scratch/cscs/lhulsbergen/venv_dace5cf/lib/python3.12/site-packages/dace/runtime/include -c /capstor/scratch/cscs/lhulsbergen/llr40_dace/emit/tsvc_2_s2275/canon_old/src/cpu/canon_cpu.cpp -o /dev/null -fopt-info-vec-all=/capstor/scratch/cscs/lhulsbergen/llr40_dace/vec/reports/tsvc_2_s2275.canon_old.g++-13.harness.all
tsvc_2_s2275,canon,old,g++-14,bonsall,True,2,canon_cpu.cpp:31 canon_cpu.cpp:77,2,canon_cpu.cpp:35 canon_cpu.cpp:36,,g++-14 -O3 -std=c++20 -fPIC -fno-math-errno -ffinite-math-only -fno-signaling-nans -fstrict-aliasing -faligned-new -fvect-cost-model=unlimited -fopenmp -I/capstor/scratch/cscs/lhulsbergen/venv_dace5cf/lib/python3.12/site-packages/dace/runtime/include -c /capstor/scratch/cscs/lhulsbergen/llr40_dace/emit/tsvc_2_s2275/canon_old/src/cpu/canon_cpu.cpp -o /dev/null -fopt-info-vec-all=/capstor/scratch/cscs/lhulsbergen/llr40_dace/vec/reports/tsvc_2_s2275.canon_old.g++-14.bonsall.all
tsvc_2_s2275,canon,old,g++-14,unsafe,True,2,canon_cpu.cpp:31 canon_cpu.cpp:77,2,canon_cpu.cpp:35 canon_cpu.cpp:36,,g++-14 -O3 -std=c++20 -fPIC -fno-math-errno -ffinite-math-only -fno-signaling-nans -fstrict-aliasing -faligned-new -fvect-cost-model=unlimited -fopenmp -funsafe-math-optimizations -I/capstor/scratch/cscs/lhulsbergen/venv_dace5cf/lib/python3.12/site-packages/dace/runtime/include -c /capstor/scratch/cscs/lhulsbergen/llr40_dace/emit/tsvc_2_s2275/canon_old/src/cpu/canon_cpu.cpp -o /dev/null -fopt-info-vec-all=/capstor/scratch/cscs/lhulsbergen/llr40_dace/vec/reports/tsvc_2_s2275.canon_old.g++-14.unsafe.all
tsvc_2_s2275,canon,old,g++-14,harness,True,2,canon_cpu.cpp:31 canon_cpu.cpp:77,4,canon_cpu.cpp:29 canon_cpu.cpp:35 canon_cpu.cpp:36 canon_cpu.cpp:73,,g++-14 -march=native -fopenmp -fno-math-errno -fno-trapping-math -fno-signed-zeros -ffp-contract=fast -fstrict-aliasing -include /capstor/scratch/cscs/lhulsbergen/HPCAgent-Bench-dace/hpcagent_bench/envs/vecmath.h -Wall -Wextra -O3 -fPIC -fopenmp -std=c++20 -I/capstor/scratch/cscs/lhulsbergen/venv_dace5cf/lib/python3.12/site-packages/dace/runtime/include -c /capstor/scratch/cscs/lhulsbergen/llr40_dace/emit/tsvc_2_s2275/canon_old/src/cpu/canon_cpu.cpp -o /dev/null -fopt-info-vec-all=/capstor/scratch/cscs/lhulsbergen/llr40_dace/vec/reports/tsvc_2_s2275.canon_old.g++-14.harness.all
tsvc_2_s2275,none,legacy,g++-13,bonsall,True,1,canon_cpu.cpp:27,2,canon_cpu.cpp:25 canon_cpu.cpp:31,,g++-13 -O3 -std=c++20 -fPIC -fno-math-errno -ffinite-math-only -fno-signaling-nans -fstrict-aliasing -faligned-new -fvect-cost-model=unlimited -fopenmp -I/capstor/scratch/cscs/lhulsbergen/venv_dace5cf/lib/python3.12/site-packages/dace/runtime/include -c /capstor/scratch/cscs/lhulsbergen/llr40_dace/emit/tsvc_2_s2275/none_legacy/src/cpu/canon_cpu.cpp -o /dev/null -fopt-info-vec-all=/capstor/scratch/cscs/lhulsbergen/llr40_dace/vec/reports/tsvc_2_s2275.none_legacy.g++-13.bonsall.all
tsvc_2_s2275,none,legacy,g++-13,unsafe,True,1,canon_cpu.cpp:27,2,canon_cpu.cpp:25 canon_cpu.cpp:31,,g++-13 -O3 -std=c++20 -fPIC -fno-math-errno -ffinite-math-only -fno-signaling-nans -fstrict-aliasing -faligned-new -fvect-cost-model=unlimited -fopenmp -funsafe-math-optimizations -I/capstor/scratch/cscs/lhulsbergen/venv_dace5cf/lib/python3.12/site-packages/dace/runtime/include -c /capstor/scratch/cscs/lhulsbergen/llr40_dace/emit/tsvc_2_s2275/none_legacy/src/cpu/canon_cpu.cpp -o /dev/null -fopt-info-vec-all=/capstor/scratch/cscs/lhulsbergen/llr40_dace/vec/reports/tsvc_2_s2275.none_legacy.g++-13.unsafe.all
tsvc_2_s2275,none,legacy,g++-13,harness,True,0,,3,canon_cpu.cpp:25 canon_cpu.cpp:27 canon_cpu.cpp:31,,g++-13 -march=native -fopenmp -fno-math-errno -fno-trapping-math -fno-signed-zeros -ffp-contract=fast -fstrict-aliasing -include /capstor/scratch/cscs/lhulsbergen/HPCAgent-Bench-dace/hpcagent_bench/envs/vecmath.h -Wall -Wextra -O3 -fPIC -fopenmp -std=c++20 -I/capstor/scratch/cscs/lhulsbergen/venv_dace5cf/lib/python3.12/site-packages/dace/runtime/include -c /capstor/scratch/cscs/lhulsbergen/llr40_dace/emit/tsvc_2_s2275/none_legacy/src/cpu/canon_cpu.cpp -o /dev/null -fopt-info-vec-all=/capstor/scratch/cscs/lhulsbergen/llr40_dace/vec/reports/tsvc_2_s2275.none_legacy.g++-13.harness.all
tsvc_2_s2275,none,legacy,g++-14,bonsall,True,1,canon_cpu.cpp:27,2,canon_cpu.cpp:25 canon_cpu.cpp:31,,g++-14 -O3 -std=c++20 -fPIC -fno-math-errno -ffinite-math-only -fno-signaling-nans -fstrict-aliasing -faligned-new -fvect-cost-model=unlimited -fopenmp -I/capstor/scratch/cscs/lhulsbergen/venv_dace5cf/lib/python3.12/site-packages/dace/runtime/include -c /capstor/scratch/cscs/lhulsbergen/llr40_dace/emit/tsvc_2_s2275/none_legacy/src/cpu/canon_cpu.cpp -o /dev/null -fopt-info-vec-all=/capstor/scratch/cscs/lhulsbergen/llr40_dace/vec/reports/tsvc_2_s2275.none_legacy.g++-14.bonsall.all
tsvc_2_s2275,none,legacy,g++-14,unsafe,True,1,canon_cpu.cpp:27,2,canon_cpu.cpp:25 canon_cpu.cpp:31,,g++-14 -O3 -std=c++20 -fPIC -fno-math-errno -ffinite-math-only -fno-signaling-nans -fstrict-aliasing -faligned-new -fvect-cost-model=unlimited -fopenmp -funsafe-math-optimizations -I/capstor/scratch/cscs/lhulsbergen/venv_dace5cf/lib/python3.12/site-packages/dace/runtime/include -c /capstor/scratch/cscs/lhulsbergen/llr40_dace/emit/tsvc_2_s2275/none_legacy/src/cpu/canon_cpu.cpp -o /dev/null -fopt-info-vec-all=/capstor/scratch/cscs/lhulsbergen/llr40_dace/vec/reports/tsvc_2_s2275.none_legacy.g++-14.unsafe.all
tsvc_2_s2275,none,legacy,g++-14,harness,True,0,,3,canon_cpu.cpp:25 canon_cpu.cpp:27 canon_cpu.cpp:31,,g++-14 -march=native -fopenmp -fno-math-errno -fno-trapping-math -fno-signed-zeros -ffp-contract=fast -fstrict-aliasing -include /capstor/scratch/cscs/lhulsbergen/HPCAgent-Bench-dace/hpcagent_bench/envs/vecmath.h -Wall -Wextra -O3 -fPIC -fopenmp -std=c++20 -I/capstor/scratch/cscs/lhulsbergen/venv_dace5cf/lib/python3.12/site-packages/dace/runtime/include -c /capstor/scratch/cscs/lhulsbergen/llr40_dace/emit/tsvc_2_s2275/none_legacy/src/cpu/canon_cpu.cpp -o /dev/null -fopt-info-vec-all=/capstor/scratch/cscs/lhulsbergen/llr40_dace/vec/reports/tsvc_2_s2275.none_legacy.g++-14.harness.all
tsvc_2_s2275,none,new,g++-13,bonsall,True,1,canon_cpu.cpp:32,2,canon_cpu.cpp:30 canon_cpu.cpp:35,,g++-13 -O3 -std=c++20 -fPIC -fno-math-errno -ffinite-math-only -fno-signaling-nans -fstrict-aliasing -faligned-new -fvect-cost-model=unlimited -fopenmp -I/capstor/scratch/cscs/lhulsbergen/venv_dace5cf/lib/python3.12/site-packages/dace/runtime/include -c /capstor/scratch/cscs/lhulsbergen/llr40_dace/emit/tsvc_2_s2275/none_new/src/cpu/canon_cpu.cpp -o /dev/null -fopt-info-vec-all=/capstor/scratch/cscs/lhulsbergen/llr40_dace/vec/reports/tsvc_2_s2275.none_new.g++-13.bonsall.all
tsvc_2_s2275,none,new,g++-13,unsafe,True,1,canon_cpu.cpp:32,2,canon_cpu.cpp:30 canon_cpu.cpp:35,,g++-13 -O3 -std=c++20 -fPIC -fno-math-errno -ffinite-math-only -fno-signaling-nans -fstrict-aliasing -faligned-new -fvect-cost-model=unlimited -fopenmp -funsafe-math-optimizations -I/capstor/scratch/cscs/lhulsbergen/venv_dace5cf/lib/python3.12/site-packages/dace/runtime/include -c /capstor/scratch/cscs/lhulsbergen/llr40_dace/emit/tsvc_2_s2275/none_new/src/cpu/canon_cpu.cpp -o /dev/null -fopt-info-vec-all=/capstor/scratch/cscs/lhulsbergen/llr40_dace/vec/reports/tsvc_2_s2275.none_new.g++-13.unsafe.all
tsvc_2_s2275,none,new,g++-13,harness,True,0,,3,canon_cpu.cpp:30 canon_cpu.cpp:32 canon_cpu.cpp:35,,g++-13 -march=native -fopenmp -fno-math-errno -fno-trapping-math -fno-signed-zeros -ffp-contract=fast -fstrict-aliasing -include /capstor/scratch/cscs/lhulsbergen/HPCAgent-Bench-dace/hpcagent_bench/envs/vecmath.h -Wall -Wextra -O3 -fPIC -fopenmp -std=c++20 -I/capstor/scratch/cscs/lhulsbergen/venv_dace5cf/lib/python3.12/site-packages/dace/runtime/include -c /capstor/scratch/cscs/lhulsbergen/llr40_dace/emit/tsvc_2_s2275/none_new/src/cpu/canon_cpu.cpp -o /dev/null -fopt-info-vec-all=/capstor/scratch/cscs/lhulsbergen/llr40_dace/vec/reports/tsvc_2_s2275.none_new.g++-13.harness.all
tsvc_2_s2275,none,new,g++-14,bonsall,True,1,canon_cpu.cpp:32,2,canon_cpu.cpp:30 canon_cpu.cpp:35,,g++-14 -O3 -std=c++20 -fPIC -fno-math-errno -ffinite-math-only -fno-signaling-nans -fstrict-aliasing -faligned-new -fvect-cost-model=unlimited -fopenmp -I/capstor/scratch/cscs/lhulsbergen/venv_dace5cf/lib/python3.12/site-packages/dace/runtime/include -c /capstor/scratch/cscs/lhulsbergen/llr40_dace/emit/tsvc_2_s2275/none_new/src/cpu/canon_cpu.cpp -o /dev/null -fopt-info-vec-all=/capstor/scratch/cscs/lhulsbergen/llr40_dace/vec/reports/tsvc_2_s2275.none_new.g++-14.bonsall.all
tsvc_2_s2275,none,new,g++-14,unsafe,True,1,canon_cpu.cpp:32,2,canon_cpu.cpp:30 canon_cpu.cpp:35,,g++-14 -O3 -std=c++20 -fPIC -fno-math-errno -ffinite-math-only -fno-signaling-nans -fstrict-aliasing -faligned-new -fvect-cost-model=unlimited -fopenmp -funsafe-math-optimizations -I/capstor/scratch/cscs/lhulsbergen/venv_dace5cf/lib/python3.12/site-packages/dace/runtime/include -c /capstor/scratch/cscs/lhulsbergen/llr40_dace/emit/tsvc_2_s2275/none_new/src/cpu/canon_cpu.cpp -o /dev/null -fopt-info-vec-all=/capstor/scratch/cscs/lhulsbergen/llr40_dace/vec/reports/tsvc_2_s2275.none_new.g++-14.unsafe.all
tsvc_2_s2275,none,new,g++-14,harness,True,0,,3,canon_cpu.cpp:30 canon_cpu.cpp:32 canon_cpu.cpp:35,,g++-14 -march=native -fopenmp -fno-math-errno -fno-trapping-math -fno-signed-zeros -ffp-contract=fast -fstrict-aliasing -include /capstor/scratch/cscs/lhulsbergen/HPCAgent-Bench-dace/hpcagent_bench/envs/vecmath.h -Wall -Wextra -O3 -fPIC -fopenmp -std=c++20 -I/capstor/scratch/cscs/lhulsbergen/venv_dace5cf/lib/python3.12/site-packages/dace/runtime/include -c /capstor/scratch/cscs/lhulsbergen/llr40_dace/emit/tsvc_2_s2275/none_new/src/cpu/canon_cpu.cpp -o /dev/null -fopt-info-vec-all=/capstor/scratch/cscs/lhulsbergen/llr40_dace/vec/reports/tsvc_2_s2275.none_new.g++-14.harness.all
tsvc_2_s2275,none,old,g++-13,bonsall,True,1,canon_cpu.cpp:27,2,canon_cpu.cpp:25 copy.h:26,,g++-13 -O3 -std=c++20 -fPIC -fno-math-errno -ffinite-math-only -fno-signaling-nans -fstrict-aliasing -faligned-new -fvect-cost-model=unlimited -fopenmp -I/capstor/scratch/cscs/lhulsbergen/venv_dace5cf/lib/python3.12/site-packages/dace/runtime/include -c /capstor/scratch/cscs/lhulsbergen/llr40_dace/emit/tsvc_2_s2275/none_old/src/cpu/canon_cpu.cpp -o /dev/null -fopt-info-vec-all=/capstor/scratch/cscs/lhulsbergen/llr40_dace/vec/reports/tsvc_2_s2275.none_old.g++-13.bonsall.all
tsvc_2_s2275,none,old,g++-13,unsafe,True,1,canon_cpu.cpp:27,2,canon_cpu.cpp:25 copy.h:26,,g++-13 -O3 -std=c++20 -fPIC -fno-math-errno -ffinite-math-only -fno-signaling-nans -fstrict-aliasing -faligned-new -fvect-cost-model=unlimited -fopenmp -funsafe-math-optimizations -I/capstor/scratch/cscs/lhulsbergen/venv_dace5cf/lib/python3.12/site-packages/dace/runtime/include -c /capstor/scratch/cscs/lhulsbergen/llr40_dace/emit/tsvc_2_s2275/none_old/src/cpu/canon_cpu.cpp -o /dev/null -fopt-info-vec-all=/capstor/scratch/cscs/lhulsbergen/llr40_dace/vec/reports/tsvc_2_s2275.none_old.g++-13.unsafe.all
tsvc_2_s2275,none,old,g++-13,harness,True,0,,3,canon_cpu.cpp:25 canon_cpu.cpp:27 copy.h:26,,g++-13 -march=native -fopenmp -fno-math-errno -fno-trapping-math -fno-signed-zeros -ffp-contract=fast -fstrict-aliasing -include /capstor/scratch/cscs/lhulsbergen/HPCAgent-Bench-dace/hpcagent_bench/envs/vecmath.h -Wall -Wextra -O3 -fPIC -fopenmp -std=c++20 -I/capstor/scratch/cscs/lhulsbergen/venv_dace5cf/lib/python3.12/site-packages/dace/runtime/include -c /capstor/scratch/cscs/lhulsbergen/llr40_dace/emit/tsvc_2_s2275/none_old/src/cpu/canon_cpu.cpp -o /dev/null -fopt-info-vec-all=/capstor/scratch/cscs/lhulsbergen/llr40_dace/vec/reports/tsvc_2_s2275.none_old.g++-13.harness.all
tsvc_2_s2275,none,old,g++-14,bonsall,True,1,canon_cpu.cpp:27,2,canon_cpu.cpp:25 copy.h:26,,g++-14 -O3 -std=c++20 -fPIC -fno-math-errno -ffinite-math-only -fno-signaling-nans -fstrict-aliasing -faligned-new -fvect-cost-model=unlimited -fopenmp -I/capstor/scratch/cscs/lhulsbergen/venv_dace5cf/lib/python3.12/site-packages/dace/runtime/include -c /capstor/scratch/cscs/lhulsbergen/llr40_dace/emit/tsvc_2_s2275/none_old/src/cpu/canon_cpu.cpp -o /dev/null -fopt-info-vec-all=/capstor/scratch/cscs/lhulsbergen/llr40_dace/vec/reports/tsvc_2_s2275.none_old.g++-14.bonsall.all
tsvc_2_s2275,none,old,g++-14,unsafe,True,1,canon_cpu.cpp:27,2,canon_cpu.cpp:25 copy.h:26,,g++-14 -O3 -std=c++20 -fPIC -fno-math-errno -ffinite-math-only -fno-signaling-nans -fstrict-aliasing -faligned-new -fvect-cost-model=unlimited -fopenmp -funsafe-math-optimizations -I/capstor/scratch/cscs/lhulsbergen/venv_dace5cf/lib/python3.12/site-packages/dace/runtime/include -c /capstor/scratch/cscs/lhulsbergen/llr40_dace/emit/tsvc_2_s2275/none_old/src/cpu/canon_cpu.cpp -o /dev/null -fopt-info-vec-all=/capstor/scratch/cscs/lhulsbergen/llr40_dace/vec/reports/tsvc_2_s2275.none_old.g++-14.unsafe.all
tsvc_2_s2275,none,old,g++-14,harness,True,0,,3,canon_cpu.cpp:25 canon_cpu.cpp:27 copy.h:26,,g++-14 -march=native -fopenmp -fno-math-errno -fno-trapping-math -fno-signed-zeros -ffp-contract=fast -fstrict-aliasing -include /capstor/scratch/cscs/lhulsbergen/HPCAgent-Bench-dace/hpcagent_bench/envs/vecmath.h -Wall -Wextra -O3 -fPIC -fopenmp -std=c++20 -I/capstor/scratch/cscs/lhulsbergen/venv_dace5cf/lib/python3.12/site-packages/dace/runtime/include -c /capstor/scratch/cscs/lhulsbergen/llr40_dace/emit/tsvc_2_s2275/none_old/src/cpu/canon_cpu.cpp -o /dev/null -fopt-info-vec-all=/capstor/scratch/cscs/lhulsbergen/llr40_dace/vec/reports/tsvc_2_s2275.none_old.g++-14.harness.all
tsvc_2_s231,canon,legacy,g++-13,bonsall,True,1,canon_cpu.cpp:19,1,canon_cpu.cpp:15,,g++-13 -O3 -std=c++20 -fPIC -fno-math-errno -ffinite-math-only -fno-signaling-nans -fstrict-aliasing -faligned-new -fvect-cost-model=unlimited -fopenmp -I/capstor/scratch/cscs/lhulsbergen/venv_dace5cf/lib/python3.12/site-packages/dace/runtime/include -c /capstor/scratch/cscs/lhulsbergen/llr40_dace/emit/tsvc_2_s231/canon_legacy/src/cpu/canon_cpu.cpp -o /dev/null -fopt-info-vec-all=/capstor/scratch/cscs/lhulsbergen/llr40_dace/vec/reports/tsvc_2_s231.canon_legacy.g++-13.bonsall.all
tsvc_2_s231,canon,legacy,g++-13,unsafe,True,1,canon_cpu.cpp:19,1,canon_cpu.cpp:15,,g++-13 -O3 -std=c++20 -fPIC -fno-math-errno -ffinite-math-only -fno-signaling-nans -fstrict-aliasing -faligned-new -fvect-cost-model=unlimited -fopenmp -funsafe-math-optimizations -I/capstor/scratch/cscs/lhulsbergen/venv_dace5cf/lib/python3.12/site-packages/dace/runtime/include -c /capstor/scratch/cscs/lhulsbergen/llr40_dace/emit/tsvc_2_s231/canon_legacy/src/cpu/canon_cpu.cpp -o /dev/null -fopt-info-vec-all=/capstor/scratch/cscs/lhulsbergen/llr40_dace/vec/reports/tsvc_2_s231.canon_legacy.g++-13.unsafe.all
tsvc_2_s231,canon,legacy,g++-13,harness,True,1,canon_cpu.cpp:19,2,canon_cpu.cpp:15 canon_cpu.cpp:89,,g++-13 -march=native -fopenmp -fno-math-errno -fno-trapping-math -fno-signed-zeros -ffp-contract=fast -fstrict-aliasing -include /capstor/scratch/cscs/lhulsbergen/HPCAgent-Bench-dace/hpcagent_bench/envs/vecmath.h -Wall -Wextra -O3 -fPIC -fopenmp -std=c++20 -I/capstor/scratch/cscs/lhulsbergen/venv_dace5cf/lib/python3.12/site-packages/dace/runtime/include -c /capstor/scratch/cscs/lhulsbergen/llr40_dace/emit/tsvc_2_s231/canon_legacy/src/cpu/canon_cpu.cpp -o /dev/null -fopt-info-vec-all=/capstor/scratch/cscs/lhulsbergen/llr40_dace/vec/reports/tsvc_2_s231.canon_legacy.g++-13.harness.all
tsvc_2_s231,canon,legacy,g++-14,bonsall,True,1,canon_cpu.cpp:19,1,canon_cpu.cpp:15,,g++-14 -O3 -std=c++20 -fPIC -fno-math-errno -ffinite-math-only -fno-signaling-nans -fstrict-aliasing -faligned-new -fvect-cost-model=unlimited -fopenmp -I/capstor/scratch/cscs/lhulsbergen/venv_dace5cf/lib/python3.12/site-packages/dace/runtime/include -c /capstor/scratch/cscs/lhulsbergen/llr40_dace/emit/tsvc_2_s231/canon_legacy/src/cpu/canon_cpu.cpp -o /dev/null -fopt-info-vec-all=/capstor/scratch/cscs/lhulsbergen/llr40_dace/vec/reports/tsvc_2_s231.canon_legacy.g++-14.bonsall.all
tsvc_2_s231,canon,legacy,g++-14,unsafe,True,1,canon_cpu.cpp:19,1,canon_cpu.cpp:15,,g++-14 -O3 -std=c++20 -fPIC -fno-math-errno -ffinite-math-only -fno-signaling-nans -fstrict-aliasing -faligned-new -fvect-cost-model=unlimited -fopenmp -funsafe-math-optimizations -I/capstor/scratch/cscs/lhulsbergen/venv_dace5cf/lib/python3.12/site-packages/dace/runtime/include -c /capstor/scratch/cscs/lhulsbergen/llr40_dace/emit/tsvc_2_s231/canon_legacy/src/cpu/canon_cpu.cpp -o /dev/null -fopt-info-vec-all=/capstor/scratch/cscs/lhulsbergen/llr40_dace/vec/reports/tsvc_2_s231.canon_legacy.g++-14.unsafe.all
tsvc_2_s231,canon,legacy,g++-14,harness,True,1,canon_cpu.cpp:19,2,canon_cpu.cpp:15 canon_cpu.cpp:89,,g++-14 -march=native -fopenmp -fno-math-errno -fno-trapping-math -fno-signed-zeros -ffp-contract=fast -fstrict-aliasing -include /capstor/scratch/cscs/lhulsbergen/HPCAgent-Bench-dace/hpcagent_bench/envs/vecmath.h -Wall -Wextra -O3 -fPIC -fopenmp -std=c++20 -I/capstor/scratch/cscs/lhulsbergen/venv_dace5cf/lib/python3.12/site-packages/dace/runtime/include -c /capstor/scratch/cscs/lhulsbergen/llr40_dace/emit/tsvc_2_s231/canon_legacy/src/cpu/canon_cpu.cpp -o /dev/null -fopt-info-vec-all=/capstor/scratch/cscs/lhulsbergen/llr40_dace/vec/reports/tsvc_2_s231.canon_legacy.g++-14.harness.all
tsvc_2_s231,canon,new,g++-13,bonsall,True,1,canon_cpu.cpp:18,1,canon_cpu.cpp:16,,g++-13 -O3 -std=c++20 -fPIC -fno-math-errno -ffinite-math-only -fno-signaling-nans -fstrict-aliasing -faligned-new -fvect-cost-model=unlimited -fopenmp -I/capstor/scratch/cscs/lhulsbergen/venv_dace5cf/lib/python3.12/site-packages/dace/runtime/include -c /capstor/scratch/cscs/lhulsbergen/llr40_dace/emit/tsvc_2_s231/canon_new/src/cpu/canon_cpu.cpp -o /dev/null -fopt-info-vec-all=/capstor/scratch/cscs/lhulsbergen/llr40_dace/vec/reports/tsvc_2_s231.canon_new.g++-13.bonsall.all
tsvc_2_s231,canon,new,g++-13,unsafe,True,1,canon_cpu.cpp:18,1,canon_cpu.cpp:16,,g++-13 -O3 -std=c++20 -fPIC -fno-math-errno -ffinite-math-only -fno-signaling-nans -fstrict-aliasing -faligned-new -fvect-cost-model=unlimited -fopenmp -funsafe-math-optimizations -I/capstor/scratch/cscs/lhulsbergen/venv_dace5cf/lib/python3.12/site-packages/dace/runtime/include -c /capstor/scratch/cscs/lhulsbergen/llr40_dace/emit/tsvc_2_s231/canon_new/src/cpu/canon_cpu.cpp -o /dev/null -fopt-info-vec-all=/capstor/scratch/cscs/lhulsbergen/llr40_dace/vec/reports/tsvc_2_s231.canon_new.g++-13.unsafe.all
tsvc_2_s231,canon,new,g++-13,harness,True,1,canon_cpu.cpp:18,2,canon_cpu.cpp:16 canon_cpu.cpp:47,,g++-13 -march=native -fopenmp -fno-math-errno -fno-trapping-math -fno-signed-zeros -ffp-contract=fast -fstrict-aliasing -include /capstor/scratch/cscs/lhulsbergen/HPCAgent-Bench-dace/hpcagent_bench/envs/vecmath.h -Wall -Wextra -O3 -fPIC -fopenmp -std=c++20 -I/capstor/scratch/cscs/lhulsbergen/venv_dace5cf/lib/python3.12/site-packages/dace/runtime/include -c /capstor/scratch/cscs/lhulsbergen/llr40_dace/emit/tsvc_2_s231/canon_new/src/cpu/canon_cpu.cpp -o /dev/null -fopt-info-vec-all=/capstor/scratch/cscs/lhulsbergen/llr40_dace/vec/reports/tsvc_2_s231.canon_new.g++-13.harness.all
tsvc_2_s231,canon,new,g++-14,bonsall,True,1,canon_cpu.cpp:18,1,canon_cpu.cpp:16,,g++-14 -O3 -std=c++20 -fPIC -fno-math-errno -ffinite-math-only -fno-signaling-nans -fstrict-aliasing -faligned-new -fvect-cost-model=unlimited -fopenmp -I/capstor/scratch/cscs/lhulsbergen/venv_dace5cf/lib/python3.12/site-packages/dace/runtime/include -c /capstor/scratch/cscs/lhulsbergen/llr40_dace/emit/tsvc_2_s231/canon_new/src/cpu/canon_cpu.cpp -o /dev/null -fopt-info-vec-all=/capstor/scratch/cscs/lhulsbergen/llr40_dace/vec/reports/tsvc_2_s231.canon_new.g++-14.bonsall.all
tsvc_2_s231,canon,new,g++-14,unsafe,True,1,canon_cpu.cpp:18,1,canon_cpu.cpp:16,,g++-14 -O3 -std=c++20 -fPIC -fno-math-errno -ffinite-math-only -fno-signaling-nans -fstrict-aliasing -faligned-new -fvect-cost-model=unlimited -fopenmp -funsafe-math-optimizations -I/capstor/scratch/cscs/lhulsbergen/venv_dace5cf/lib/python3.12/site-packages/dace/runtime/include -c /capstor/scratch/cscs/lhulsbergen/llr40_dace/emit/tsvc_2_s231/canon_new/src/cpu/canon_cpu.cpp -o /dev/null -fopt-info-vec-all=/capstor/scratch/cscs/lhulsbergen/llr40_dace/vec/reports/tsvc_2_s231.canon_new.g++-14.unsafe.all
tsvc_2_s231,canon,new,g++-14,harness,True,1,canon_cpu.cpp:18,2,canon_cpu.cpp:16 canon_cpu.cpp:47,,g++-14 -march=native -fopenmp -fno-math-errno -fno-trapping-math -fno-signed-zeros -ffp-contract=fast -fstrict-aliasing -include /capstor/scratch/cscs/lhulsbergen/HPCAgent-Bench-dace/hpcagent_bench/envs/vecmath.h -Wall -Wextra -O3 -fPIC -fopenmp -std=c++20 -I/capstor/scratch/cscs/lhulsbergen/venv_dace5cf/lib/python3.12/site-packages/dace/runtime/include -c /capstor/scratch/cscs/lhulsbergen/llr40_dace/emit/tsvc_2_s231/canon_new/src/cpu/canon_cpu.cpp -o /dev/null -fopt-info-vec-all=/capstor/scratch/cscs/lhulsbergen/llr40_dace/vec/reports/tsvc_2_s231.canon_new.g++-14.harness.all
tsvc_2_s231,canon,old,g++-13,bonsall,True,1,canon_cpu.cpp:19,1,canon_cpu.cpp:15,,g++-13 -O3 -std=c++20 -fPIC -fno-math-errno -ffinite-math-only -fno-signaling-nans -fstrict-aliasing -faligned-new -fvect-cost-model=unlimited -fopenmp -I/capstor/scratch/cscs/lhulsbergen/venv_dace5cf/lib/python3.12/site-packages/dace/runtime/include -c /capstor/scratch/cscs/lhulsbergen/llr40_dace/emit/tsvc_2_s231/canon_old/src/cpu/canon_cpu.cpp -o /dev/null -fopt-info-vec-all=/capstor/scratch/cscs/lhulsbergen/llr40_dace/vec/reports/tsvc_2_s231.canon_old.g++-13.bonsall.all
tsvc_2_s231,canon,old,g++-13,unsafe,True,1,canon_cpu.cpp:19,1,canon_cpu.cpp:15,,g++-13 -O3 -std=c++20 -fPIC -fno-math-errno -ffinite-math-only -fno-signaling-nans -fstrict-aliasing -faligned-new -fvect-cost-model=unlimited -fopenmp -funsafe-math-optimizations -I/capstor/scratch/cscs/lhulsbergen/venv_dace5cf/lib/python3.12/site-packages/dace/runtime/include -c /capstor/scratch/cscs/lhulsbergen/llr40_dace/emit/tsvc_2_s231/canon_old/src/cpu/canon_cpu.cpp -o /dev/null -fopt-info-vec-all=/capstor/scratch/cscs/lhulsbergen/llr40_dace/vec/reports/tsvc_2_s231.canon_old.g++-13.unsafe.all
tsvc_2_s231,canon,old,g++-13,harness,True,1,canon_cpu.cpp:19,2,canon_cpu.cpp:15 canon_cpu.cpp:89,,g++-13 -march=native -fopenmp -fno-math-errno -fno-trapping-math -fno-signed-zeros -ffp-contract=fast -fstrict-aliasing -include /capstor/scratch/cscs/lhulsbergen/HPCAgent-Bench-dace/hpcagent_bench/envs/vecmath.h -Wall -Wextra -O3 -fPIC -fopenmp -std=c++20 -I/capstor/scratch/cscs/lhulsbergen/venv_dace5cf/lib/python3.12/site-packages/dace/runtime/include -c /capstor/scratch/cscs/lhulsbergen/llr40_dace/emit/tsvc_2_s231/canon_old/src/cpu/canon_cpu.cpp -o /dev/null -fopt-info-vec-all=/capstor/scratch/cscs/lhulsbergen/llr40_dace/vec/reports/tsvc_2_s231.canon_old.g++-13.harness.all
tsvc_2_s231,canon,old,g++-14,bonsall,True,1,canon_cpu.cpp:19,1,canon_cpu.cpp:15,,g++-14 -O3 -std=c++20 -fPIC -fno-math-errno -ffinite-math-only -fno-signaling-nans -fstrict-aliasing -faligned-new -fvect-cost-model=unlimited -fopenmp -I/capstor/scratch/cscs/lhulsbergen/venv_dace5cf/lib/python3.12/site-packages/dace/runtime/include -c /capstor/scratch/cscs/lhulsbergen/llr40_dace/emit/tsvc_2_s231/canon_old/src/cpu/canon_cpu.cpp -o /dev/null -fopt-info-vec-all=/capstor/scratch/cscs/lhulsbergen/llr40_dace/vec/reports/tsvc_2_s231.canon_old.g++-14.bonsall.all
tsvc_2_s231,canon,old,g++-14,unsafe,True,1,canon_cpu.cpp:19,1,canon_cpu.cpp:15,,g++-14 -O3 -std=c++20 -fPIC -fno-math-errno -ffinite-math-only -fno-signaling-nans -fstrict-aliasing -faligned-new -fvect-cost-model=unlimited -fopenmp -funsafe-math-optimizations -I/capstor/scratch/cscs/lhulsbergen/venv_dace5cf/lib/python3.12/site-packages/dace/runtime/include -c /capstor/scratch/cscs/lhulsbergen/llr40_dace/emit/tsvc_2_s231/canon_old/src/cpu/canon_cpu.cpp -o /dev/null -fopt-info-vec-all=/capstor/scratch/cscs/lhulsbergen/llr40_dace/vec/reports/tsvc_2_s231.canon_old.g++-14.unsafe.all
tsvc_2_s231,canon,old,g++-14,harness,True,1,canon_cpu.cpp:19,2,canon_cpu.cpp:15 canon_cpu.cpp:89,,g++-14 -march=native -fopenmp -fno-math-errno -fno-trapping-math -fno-signed-zeros -ffp-contract=fast -fstrict-aliasing -include /capstor/scratch/cscs/lhulsbergen/HPCAgent-Bench-dace/hpcagent_bench/envs/vecmath.h -Wall -Wextra -O3 -fPIC -fopenmp -std=c++20 -I/capstor/scratch/cscs/lhulsbergen/venv_dace5cf/lib/python3.12/site-packages/dace/runtime/include -c /capstor/scratch/cscs/lhulsbergen/llr40_dace/emit/tsvc_2_s231/canon_old/src/cpu/canon_cpu.cpp -o /dev/null -fopt-info-vec-all=/capstor/scratch/cscs/lhulsbergen/llr40_dace/vec/reports/tsvc_2_s231.canon_old.g++-14.harness.all
tsvc_2_s231,none,legacy,g++-13,bonsall,True,1,canon_cpu.cpp:20,0,,,g++-13 -O3 -std=c++20 -fPIC -fno-math-errno -ffinite-math-only -fno-signaling-nans -fstrict-aliasing -faligned-new -fvect-cost-model=unlimited -fopenmp -I/capstor/scratch/cscs/lhulsbergen/venv_dace5cf/lib/python3.12/site-packages/dace/runtime/include -c /capstor/scratch/cscs/lhulsbergen/llr40_dace/emit/tsvc_2_s231/none_legacy/src/cpu/canon_cpu.cpp -o /dev/null -fopt-info-vec-all=/capstor/scratch/cscs/lhulsbergen/llr40_dace/vec/reports/tsvc_2_s231.none_legacy.g++-13.bonsall.all
tsvc_2_s231,none,legacy,g++-13,unsafe,True,1,canon_cpu.cpp:20,0,,,g++-13 -O3 -std=c++20 -fPIC -fno-math-errno -ffinite-math-only -fno-signaling-nans -fstrict-aliasing -faligned-new -fvect-cost-model=unlimited -fopenmp -funsafe-math-optimizations -I/capstor/scratch/cscs/lhulsbergen/venv_dace5cf/lib/python3.12/site-packages/dace/runtime/include -c /capstor/scratch/cscs/lhulsbergen/llr40_dace/emit/tsvc_2_s231/none_legacy/src/cpu/canon_cpu.cpp -o /dev/null -fopt-info-vec-all=/capstor/scratch/cscs/lhulsbergen/llr40_dace/vec/reports/tsvc_2_s231.none_legacy.g++-13.unsafe.all
tsvc_2_s231,none,legacy,g++-13,harness,True,0,,1,canon_cpu.cpp:20,,g++-13 -march=native -fopenmp -fno-math-errno -fno-trapping-math -fno-signed-zeros -ffp-contract=fast -fstrict-aliasing -include /capstor/scratch/cscs/lhulsbergen/HPCAgent-Bench-dace/hpcagent_bench/envs/vecmath.h -Wall -Wextra -O3 -fPIC -fopenmp -std=c++20 -I/capstor/scratch/cscs/lhulsbergen/venv_dace5cf/lib/python3.12/site-packages/dace/runtime/include -c /capstor/scratch/cscs/lhulsbergen/llr40_dace/emit/tsvc_2_s231/none_legacy/src/cpu/canon_cpu.cpp -o /dev/null -fopt-info-vec-all=/capstor/scratch/cscs/lhulsbergen/llr40_dace/vec/reports/tsvc_2_s231.none_legacy.g++-13.harness.all
tsvc_2_s231,none,legacy,g++-14,bonsall,True,1,canon_cpu.cpp:20,0,,,g++-14 -O3 -std=c++20 -fPIC -fno-math-errno -ffinite-math-only -fno-signaling-nans -fstrict-aliasing -faligned-new -fvect-cost-model=unlimited -fopenmp -I/capstor/scratch/cscs/lhulsbergen/venv_dace5cf/lib/python3.12/site-packages/dace/runtime/include -c /capstor/scratch/cscs/lhulsbergen/llr40_dace/emit/tsvc_2_s231/none_legacy/src/cpu/canon_cpu.cpp -o /dev/null -fopt-info-vec-all=/capstor/scratch/cscs/lhulsbergen/llr40_dace/vec/reports/tsvc_2_s231.none_legacy.g++-14.bonsall.all
tsvc_2_s231,none,legacy,g++-14,unsafe,True,1,canon_cpu.cpp:20,0,,,g++-14 -O3 -std=c++20 -fPIC -fno-math-errno -ffinite-math-only -fno-signaling-nans -fstrict-aliasing -faligned-new -fvect-cost-model=unlimited -fopenmp -funsafe-math-optimizations -I/capstor/scratch/cscs/lhulsbergen/venv_dace5cf/lib/python3.12/site-packages/dace/runtime/include -c /capstor/scratch/cscs/lhulsbergen/llr40_dace/emit/tsvc_2_s231/none_legacy/src/cpu/canon_cpu.cpp -o /dev/null -fopt-info-vec-all=/capstor/scratch/cscs/lhulsbergen/llr40_dace/vec/reports/tsvc_2_s231.none_legacy.g++-14.unsafe.all
tsvc_2_s231,none,legacy,g++-14,harness,True,0,,1,canon_cpu.cpp:20,,g++-14 -march=native -fopenmp -fno-math-errno -fno-trapping-math -fno-signed-zeros -ffp-contract=fast -fstrict-aliasing -include /capstor/scratch/cscs/lhulsbergen/HPCAgent-Bench-dace/hpcagent_bench/envs/vecmath.h -Wall -Wextra -O3 -fPIC -fopenmp -std=c++20 -I/capstor/scratch/cscs/lhulsbergen/venv_dace5cf/lib/python3.12/site-packages/dace/runtime/include -c /capstor/scratch/cscs/lhulsbergen/llr40_dace/emit/tsvc_2_s231/none_legacy/src/cpu/canon_cpu.cpp -o /dev/null -fopt-info-vec-all=/capstor/scratch/cscs/lhulsbergen/llr40_dace/vec/reports/tsvc_2_s231.none_legacy.g++-14.harness.all
tsvc_2_s231,none,new,g++-13,bonsall,True,1,canon_cpu.cpp:20,0,,,g++-13 -O3 -std=c++20 -fPIC -fno-math-errno -ffinite-math-only -fno-signaling-nans -fstrict-aliasing -faligned-new -fvect-cost-model=unlimited -fopenmp -I/capstor/scratch/cscs/lhulsbergen/venv_dace5cf/lib/python3.12/site-packages/dace/runtime/include -c /capstor/scratch/cscs/lhulsbergen/llr40_dace/emit/tsvc_2_s231/none_new/src/cpu/canon_cpu.cpp -o /dev/null -fopt-info-vec-all=/capstor/scratch/cscs/lhulsbergen/llr40_dace/vec/reports/tsvc_2_s231.none_new.g++-13.bonsall.all
tsvc_2_s231,none,new,g++-13,unsafe,True,1,canon_cpu.cpp:20,0,,,g++-13 -O3 -std=c++20 -fPIC -fno-math-errno -ffinite-math-only -fno-signaling-nans -fstrict-aliasing -faligned-new -fvect-cost-model=unlimited -fopenmp -funsafe-math-optimizations -I/capstor/scratch/cscs/lhulsbergen/venv_dace5cf/lib/python3.12/site-packages/dace/runtime/include -c /capstor/scratch/cscs/lhulsbergen/llr40_dace/emit/tsvc_2_s231/none_new/src/cpu/canon_cpu.cpp -o /dev/null -fopt-info-vec-all=/capstor/scratch/cscs/lhulsbergen/llr40_dace/vec/reports/tsvc_2_s231.none_new.g++-13.unsafe.all
tsvc_2_s231,none,new,g++-13,harness,True,0,,1,canon_cpu.cpp:20,,g++-13 -march=native -fopenmp -fno-math-errno -fno-trapping-math -fno-signed-zeros -ffp-contract=fast -fstrict-aliasing -include /capstor/scratch/cscs/lhulsbergen/HPCAgent-Bench-dace/hpcagent_bench/envs/vecmath.h -Wall -Wextra -O3 -fPIC -fopenmp -std=c++20 -I/capstor/scratch/cscs/lhulsbergen/venv_dace5cf/lib/python3.12/site-packages/dace/runtime/include -c /capstor/scratch/cscs/lhulsbergen/llr40_dace/emit/tsvc_2_s231/none_new/src/cpu/canon_cpu.cpp -o /dev/null -fopt-info-vec-all=/capstor/scratch/cscs/lhulsbergen/llr40_dace/vec/reports/tsvc_2_s231.none_new.g++-13.harness.all
tsvc_2_s231,none,new,g++-14,bonsall,True,1,canon_cpu.cpp:20,0,,,g++-14 -O3 -std=c++20 -fPIC -fno-math-errno -ffinite-math-only -fno-signaling-nans -fstrict-aliasing -faligned-new -fvect-cost-model=unlimited -fopenmp -I/capstor/scratch/cscs/lhulsbergen/venv_dace5cf/lib/python3.12/site-packages/dace/runtime/include -c /capstor/scratch/cscs/lhulsbergen/llr40_dace/emit/tsvc_2_s231/none_new/src/cpu/canon_cpu.cpp -o /dev/null -fopt-info-vec-all=/capstor/scratch/cscs/lhulsbergen/llr40_dace/vec/reports/tsvc_2_s231.none_new.g++-14.bonsall.all
tsvc_2_s231,none,new,g++-14,unsafe,True,1,canon_cpu.cpp:20,0,,,g++-14 -O3 -std=c++20 -fPIC -fno-math-errno -ffinite-math-only -fno-signaling-nans -fstrict-aliasing -faligned-new -fvect-cost-model=unlimited -fopenmp -funsafe-math-optimizations -I/capstor/scratch/cscs/lhulsbergen/venv_dace5cf/lib/python3.12/site-packages/dace/runtime/include -c /capstor/scratch/cscs/lhulsbergen/llr40_dace/emit/tsvc_2_s231/none_new/src/cpu/canon_cpu.cpp -o /dev/null -fopt-info-vec-all=/capstor/scratch/cscs/lhulsbergen/llr40_dace/vec/reports/tsvc_2_s231.none_new.g++-14.unsafe.all
tsvc_2_s231,none,new,g++-14,harness,True,0,,1,canon_cpu.cpp:20,,g++-14 -march=native -fopenmp -fno-math-errno -fno-trapping-math -fno-signed-zeros -ffp-contract=fast -fstrict-aliasing -include /capstor/scratch/cscs/lhulsbergen/HPCAgent-Bench-dace/hpcagent_bench/envs/vecmath.h -Wall -Wextra -O3 -fPIC -fopenmp -std=c++20 -I/capstor/scratch/cscs/lhulsbergen/venv_dace5cf/lib/python3.12/site-packages/dace/runtime/include -c /capstor/scratch/cscs/lhulsbergen/llr40_dace/emit/tsvc_2_s231/none_new/src/cpu/canon_cpu.cpp -o /dev/null -fopt-info-vec-all=/capstor/scratch/cscs/lhulsbergen/llr40_dace/vec/reports/tsvc_2_s231.none_new.g++-14.harness.all
tsvc_2_s231,none,old,g++-13,bonsall,True,1,canon_cpu.cpp:20,0,,,g++-13 -O3 -std=c++20 -fPIC -fno-math-errno -ffinite-math-only -fno-signaling-nans -fstrict-aliasing -faligned-new -fvect-cost-model=unlimited -fopenmp -I/capstor/scratch/cscs/lhulsbergen/venv_dace5cf/lib/python3.12/site-packages/dace/runtime/include -c /capstor/scratch/cscs/lhulsbergen/llr40_dace/emit/tsvc_2_s231/none_old/src/cpu/canon_cpu.cpp -o /dev/null -fopt-info-vec-all=/capstor/scratch/cscs/lhulsbergen/llr40_dace/vec/reports/tsvc_2_s231.none_old.g++-13.bonsall.all
tsvc_2_s231,none,old,g++-13,unsafe,True,1,canon_cpu.cpp:20,0,,,g++-13 -O3 -std=c++20 -fPIC -fno-math-errno -ffinite-math-only -fno-signaling-nans -fstrict-aliasing -faligned-new -fvect-cost-model=unlimited -fopenmp -funsafe-math-optimizations -I/capstor/scratch/cscs/lhulsbergen/venv_dace5cf/lib/python3.12/site-packages/dace/runtime/include -c /capstor/scratch/cscs/lhulsbergen/llr40_dace/emit/tsvc_2_s231/none_old/src/cpu/canon_cpu.cpp -o /dev/null -fopt-info-vec-all=/capstor/scratch/cscs/lhulsbergen/llr40_dace/vec/reports/tsvc_2_s231.none_old.g++-13.unsafe.all
tsvc_2_s231,none,old,g++-13,harness,True,0,,1,canon_cpu.cpp:20,,g++-13 -march=native -fopenmp -fno-math-errno -fno-trapping-math -fno-signed-zeros -ffp-contract=fast -fstrict-aliasing -include /capstor/scratch/cscs/lhulsbergen/HPCAgent-Bench-dace/hpcagent_bench/envs/vecmath.h -Wall -Wextra -O3 -fPIC -fopenmp -std=c++20 -I/capstor/scratch/cscs/lhulsbergen/venv_dace5cf/lib/python3.12/site-packages/dace/runtime/include -c /capstor/scratch/cscs/lhulsbergen/llr40_dace/emit/tsvc_2_s231/none_old/src/cpu/canon_cpu.cpp -o /dev/null -fopt-info-vec-all=/capstor/scratch/cscs/lhulsbergen/llr40_dace/vec/reports/tsvc_2_s231.none_old.g++-13.harness.all
tsvc_2_s231,none,old,g++-14,bonsall,True,1,canon_cpu.cpp:20,0,,,g++-14 -O3 -std=c++20 -fPIC -fno-math-errno -ffinite-math-only -fno-signaling-nans -fstrict-aliasing -faligned-new -fvect-cost-model=unlimited -fopenmp -I/capstor/scratch/cscs/lhulsbergen/venv_dace5cf/lib/python3.12/site-packages/dace/runtime/include -c /capstor/scratch/cscs/lhulsbergen/llr40_dace/emit/tsvc_2_s231/none_old/src/cpu/canon_cpu.cpp -o /dev/null -fopt-info-vec-all=/capstor/scratch/cscs/lhulsbergen/llr40_dace/vec/reports/tsvc_2_s231.none_old.g++-14.bonsall.all
tsvc_2_s231,none,old,g++-14,unsafe,True,1,canon_cpu.cpp:20,0,,,g++-14 -O3 -std=c++20 -fPIC -fno-math-errno -ffinite-math-only -fno-signaling-nans -fstrict-aliasing -faligned-new -fvect-cost-model=unlimited -fopenmp -funsafe-math-optimizations -I/capstor/scratch/cscs/lhulsbergen/venv_dace5cf/lib/python3.12/site-packages/dace/runtime/include -c /capstor/scratch/cscs/lhulsbergen/llr40_dace/emit/tsvc_2_s231/none_old/src/cpu/canon_cpu.cpp -o /dev/null -fopt-info-vec-all=/capstor/scratch/cscs/lhulsbergen/llr40_dace/vec/reports/tsvc_2_s231.none_old.g++-14.unsafe.all
tsvc_2_s231,none,old,g++-14,harness,True,0,,1,canon_cpu.cpp:20,,g++-14 -march=native -fopenmp -fno-math-errno -fno-trapping-math -fno-signed-zeros -ffp-contract=fast -fstrict-aliasing -include /capstor/scratch/cscs/lhulsbergen/HPCAgent-Bench-dace/hpcagent_bench/envs/vecmath.h -Wall -Wextra -O3 -fPIC -fopenmp -std=c++20 -I/capstor/scratch/cscs/lhulsbergen/venv_dace5cf/lib/python3.12/site-packages/dace/runtime/include -c /capstor/scratch/cscs/lhulsbergen/llr40_dace/emit/tsvc_2_s231/none_old/src/cpu/canon_cpu.cpp -o /dev/null -fopt-info-vec-all=/capstor/scratch/cscs/lhulsbergen/llr40_dace/vec/reports/tsvc_2_s231.none_old.g++-14.harness.all
tsvc_2_s233,canon,legacy,g++-13,bonsall,True,1,canon_cpu.cpp:19,1,canon_cpu.cpp:15,,g++-13 -O3 -std=c++20 -fPIC -fno-math-errno -ffinite-math-only -fno-signaling-nans -fstrict-aliasing -faligned-new -fvect-cost-model=unlimited -fopenmp -I/capstor/scratch/cscs/lhulsbergen/venv_dace5cf/lib/python3.12/site-packages/dace/runtime/include -c /capstor/scratch/cscs/lhulsbergen/llr40_dace/emit/tsvc_2_s233/canon_legacy/src/cpu/canon_cpu.cpp -o /dev/null -fopt-info-vec-all=/capstor/scratch/cscs/lhulsbergen/llr40_dace/vec/reports/tsvc_2_s233.canon_legacy.g++-13.bonsall.all
tsvc_2_s233,canon,legacy,g++-13,unsafe,True,1,canon_cpu.cpp:19,1,canon_cpu.cpp:15,,g++-13 -O3 -std=c++20 -fPIC -fno-math-errno -ffinite-math-only -fno-signaling-nans -fstrict-aliasing -faligned-new -fvect-cost-model=unlimited -fopenmp -funsafe-math-optimizations -I/capstor/scratch/cscs/lhulsbergen/venv_dace5cf/lib/python3.12/site-packages/dace/runtime/include -c /capstor/scratch/cscs/lhulsbergen/llr40_dace/emit/tsvc_2_s233/canon_legacy/src/cpu/canon_cpu.cpp -o /dev/null -fopt-info-vec-all=/capstor/scratch/cscs/lhulsbergen/llr40_dace/vec/reports/tsvc_2_s233.canon_legacy.g++-13.unsafe.all
tsvc_2_s233,canon,legacy,g++-13,harness,True,1,canon_cpu.cpp:19,2,canon_cpu.cpp:125 canon_cpu.cpp:15,,g++-13 -march=native -fopenmp -fno-math-errno -fno-trapping-math -fno-signed-zeros -ffp-contract=fast -fstrict-aliasing -include /capstor/scratch/cscs/lhulsbergen/HPCAgent-Bench-dace/hpcagent_bench/envs/vecmath.h -Wall -Wextra -O3 -fPIC -fopenmp -std=c++20 -I/capstor/scratch/cscs/lhulsbergen/venv_dace5cf/lib/python3.12/site-packages/dace/runtime/include -c /capstor/scratch/cscs/lhulsbergen/llr40_dace/emit/tsvc_2_s233/canon_legacy/src/cpu/canon_cpu.cpp -o /dev/null -fopt-info-vec-all=/capstor/scratch/cscs/lhulsbergen/llr40_dace/vec/reports/tsvc_2_s233.canon_legacy.g++-13.harness.all
tsvc_2_s233,canon,legacy,g++-14,bonsall,True,1,canon_cpu.cpp:19,1,canon_cpu.cpp:15,,g++-14 -O3 -std=c++20 -fPIC -fno-math-errno -ffinite-math-only -fno-signaling-nans -fstrict-aliasing -faligned-new -fvect-cost-model=unlimited -fopenmp -I/capstor/scratch/cscs/lhulsbergen/venv_dace5cf/lib/python3.12/site-packages/dace/runtime/include -c /capstor/scratch/cscs/lhulsbergen/llr40_dace/emit/tsvc_2_s233/canon_legacy/src/cpu/canon_cpu.cpp -o /dev/null -fopt-info-vec-all=/capstor/scratch/cscs/lhulsbergen/llr40_dace/vec/reports/tsvc_2_s233.canon_legacy.g++-14.bonsall.all
tsvc_2_s233,canon,legacy,g++-14,unsafe,True,1,canon_cpu.cpp:19,1,canon_cpu.cpp:15,,g++-14 -O3 -std=c++20 -fPIC -fno-math-errno -ffinite-math-only -fno-signaling-nans -fstrict-aliasing -faligned-new -fvect-cost-model=unlimited -fopenmp -funsafe-math-optimizations -I/capstor/scratch/cscs/lhulsbergen/venv_dace5cf/lib/python3.12/site-packages/dace/runtime/include -c /capstor/scratch/cscs/lhulsbergen/llr40_dace/emit/tsvc_2_s233/canon_legacy/src/cpu/canon_cpu.cpp -o /dev/null -fopt-info-vec-all=/capstor/scratch/cscs/lhulsbergen/llr40_dace/vec/reports/tsvc_2_s233.canon_legacy.g++-14.unsafe.all
tsvc_2_s233,canon,legacy,g++-14,harness,True,1,canon_cpu.cpp:19,2,canon_cpu.cpp:125 canon_cpu.cpp:15,,g++-14 -march=native -fopenmp -fno-math-errno -fno-trapping-math -fno-signed-zeros -ffp-contract=fast -fstrict-aliasing -include /capstor/scratch/cscs/lhulsbergen/HPCAgent-Bench-dace/hpcagent_bench/envs/vecmath.h -Wall -Wextra -O3 -fPIC -fopenmp -std=c++20 -I/capstor/scratch/cscs/lhulsbergen/venv_dace5cf/lib/python3.12/site-packages/dace/runtime/include -c /capstor/scratch/cscs/lhulsbergen/llr40_dace/emit/tsvc_2_s233/canon_legacy/src/cpu/canon_cpu.cpp -o /dev/null -fopt-info-vec-all=/capstor/scratch/cscs/lhulsbergen/llr40_dace/vec/reports/tsvc_2_s233.canon_legacy.g++-14.harness.all
tsvc_2_s233,canon,new,g++-13,bonsall,True,1,canon_cpu.cpp:19,1,canon_cpu.cpp:17,,g++-13 -O3 -std=c++20 -fPIC -fno-math-errno -ffinite-math-only -fno-signaling-nans -fstrict-aliasing -faligned-new -fvect-cost-model=unlimited -fopenmp -I/capstor/scratch/cscs/lhulsbergen/venv_dace5cf/lib/python3.12/site-packages/dace/runtime/include -c /capstor/scratch/cscs/lhulsbergen/llr40_dace/emit/tsvc_2_s233/canon_new/src/cpu/canon_cpu.cpp -o /dev/null -fopt-info-vec-all=/capstor/scratch/cscs/lhulsbergen/llr40_dace/vec/reports/tsvc_2_s233.canon_new.g++-13.bonsall.all
tsvc_2_s233,canon,new,g++-13,unsafe,True,1,canon_cpu.cpp:19,1,canon_cpu.cpp:17,,g++-13 -O3 -std=c++20 -fPIC -fno-math-errno -ffinite-math-only -fno-signaling-nans -fstrict-aliasing -faligned-new -fvect-cost-model=unlimited -fopenmp -funsafe-math-optimizations -I/capstor/scratch/cscs/lhulsbergen/venv_dace5cf/lib/python3.12/site-packages/dace/runtime/include -c /capstor/scratch/cscs/lhulsbergen/llr40_dace/emit/tsvc_2_s233/canon_new/src/cpu/canon_cpu.cpp -o /dev/null -fopt-info-vec-all=/capstor/scratch/cscs/lhulsbergen/llr40_dace/vec/reports/tsvc_2_s233.canon_new.g++-13.unsafe.all
tsvc_2_s233,canon,new,g++-13,harness,True,1,canon_cpu.cpp:19,2,canon_cpu.cpp:17 canon_cpu.cpp:53,,g++-13 -march=native -fopenmp -fno-math-errno -fno-trapping-math -fno-signed-zeros -ffp-contract=fast -fstrict-aliasing -include /capstor/scratch/cscs/lhulsbergen/HPCAgent-Bench-dace/hpcagent_bench/envs/vecmath.h -Wall -Wextra -O3 -fPIC -fopenmp -std=c++20 -I/capstor/scratch/cscs/lhulsbergen/venv_dace5cf/lib/python3.12/site-packages/dace/runtime/include -c /capstor/scratch/cscs/lhulsbergen/llr40_dace/emit/tsvc_2_s233/canon_new/src/cpu/canon_cpu.cpp -o /dev/null -fopt-info-vec-all=/capstor/scratch/cscs/lhulsbergen/llr40_dace/vec/reports/tsvc_2_s233.canon_new.g++-13.harness.all
tsvc_2_s233,canon,new,g++-14,bonsall,True,1,canon_cpu.cpp:19,1,canon_cpu.cpp:17,,g++-14 -O3 -std=c++20 -fPIC -fno-math-errno -ffinite-math-only -fno-signaling-nans -fstrict-aliasing -faligned-new -fvect-cost-model=unlimited -fopenmp -I/capstor/scratch/cscs/lhulsbergen/venv_dace5cf/lib/python3.12/site-packages/dace/runtime/include -c /capstor/scratch/cscs/lhulsbergen/llr40_dace/emit/tsvc_2_s233/canon_new/src/cpu/canon_cpu.cpp -o /dev/null -fopt-info-vec-all=/capstor/scratch/cscs/lhulsbergen/llr40_dace/vec/reports/tsvc_2_s233.canon_new.g++-14.bonsall.all
tsvc_2_s233,canon,new,g++-14,unsafe,True,1,canon_cpu.cpp:19,1,canon_cpu.cpp:17,,g++-14 -O3 -std=c++20 -fPIC -fno-math-errno -ffinite-math-only -fno-signaling-nans -fstrict-aliasing -faligned-new -fvect-cost-model=unlimited -fopenmp -funsafe-math-optimizations -I/capstor/scratch/cscs/lhulsbergen/venv_dace5cf/lib/python3.12/site-packages/dace/runtime/include -c /capstor/scratch/cscs/lhulsbergen/llr40_dace/emit/tsvc_2_s233/canon_new/src/cpu/canon_cpu.cpp -o /dev/null -fopt-info-vec-all=/capstor/scratch/cscs/lhulsbergen/llr40_dace/vec/reports/tsvc_2_s233.canon_new.g++-14.unsafe.all
tsvc_2_s233,canon,new,g++-14,harness,True,1,canon_cpu.cpp:19,2,canon_cpu.cpp:17 canon_cpu.cpp:53,,g++-14 -march=native -fopenmp -fno-math-errno -fno-trapping-math -fno-signed-zeros -ffp-contract=fast -fstrict-aliasing -include /capstor/scratch/cscs/lhulsbergen/HPCAgent-Bench-dace/hpcagent_bench/envs/vecmath.h -Wall -Wextra -O3 -fPIC -fopenmp -std=c++20 -I/capstor/scratch/cscs/lhulsbergen/venv_dace5cf/lib/python3.12/site-packages/dace/runtime/include -c /capstor/scratch/cscs/lhulsbergen/llr40_dace/emit/tsvc_2_s233/canon_new/src/cpu/canon_cpu.cpp -o /dev/null -fopt-info-vec-all=/capstor/scratch/cscs/lhulsbergen/llr40_dace/vec/reports/tsvc_2_s233.canon_new.g++-14.harness.all
tsvc_2_s233,canon,old,g++-13,bonsall,True,1,canon_cpu.cpp:19,1,canon_cpu.cpp:15,,g++-13 -O3 -std=c++20 -fPIC -fno-math-errno -ffinite-math-only -fno-signaling-nans -fstrict-aliasing -faligned-new -fvect-cost-model=unlimited -fopenmp -I/capstor/scratch/cscs/lhulsbergen/venv_dace5cf/lib/python3.12/site-packages/dace/runtime/include -c /capstor/scratch/cscs/lhulsbergen/llr40_dace/emit/tsvc_2_s233/canon_old/src/cpu/canon_cpu.cpp -o /dev/null -fopt-info-vec-all=/capstor/scratch/cscs/lhulsbergen/llr40_dace/vec/reports/tsvc_2_s233.canon_old.g++-13.bonsall.all
tsvc_2_s233,canon,old,g++-13,unsafe,True,1,canon_cpu.cpp:19,1,canon_cpu.cpp:15,,g++-13 -O3 -std=c++20 -fPIC -fno-math-errno -ffinite-math-only -fno-signaling-nans -fstrict-aliasing -faligned-new -fvect-cost-model=unlimited -fopenmp -funsafe-math-optimizations -I/capstor/scratch/cscs/lhulsbergen/venv_dace5cf/lib/python3.12/site-packages/dace/runtime/include -c /capstor/scratch/cscs/lhulsbergen/llr40_dace/emit/tsvc_2_s233/canon_old/src/cpu/canon_cpu.cpp -o /dev/null -fopt-info-vec-all=/capstor/scratch/cscs/lhulsbergen/llr40_dace/vec/reports/tsvc_2_s233.canon_old.g++-13.unsafe.all
tsvc_2_s233,canon,old,g++-13,harness,True,1,canon_cpu.cpp:19,2,canon_cpu.cpp:125 canon_cpu.cpp:15,,g++-13 -march=native -fopenmp -fno-math-errno -fno-trapping-math -fno-signed-zeros -ffp-contract=fast -fstrict-aliasing -include /capstor/scratch/cscs/lhulsbergen/HPCAgent-Bench-dace/hpcagent_bench/envs/vecmath.h -Wall -Wextra -O3 -fPIC -fopenmp -std=c++20 -I/capstor/scratch/cscs/lhulsbergen/venv_dace5cf/lib/python3.12/site-packages/dace/runtime/include -c /capstor/scratch/cscs/lhulsbergen/llr40_dace/emit/tsvc_2_s233/canon_old/src/cpu/canon_cpu.cpp -o /dev/null -fopt-info-vec-all=/capstor/scratch/cscs/lhulsbergen/llr40_dace/vec/reports/tsvc_2_s233.canon_old.g++-13.harness.all
tsvc_2_s233,canon,old,g++-14,bonsall,True,1,canon_cpu.cpp:19,1,canon_cpu.cpp:15,,g++-14 -O3 -std=c++20 -fPIC -fno-math-errno -ffinite-math-only -fno-signaling-nans -fstrict-aliasing -faligned-new -fvect-cost-model=unlimited -fopenmp -I/capstor/scratch/cscs/lhulsbergen/venv_dace5cf/lib/python3.12/site-packages/dace/runtime/include -c /capstor/scratch/cscs/lhulsbergen/llr40_dace/emit/tsvc_2_s233/canon_old/src/cpu/canon_cpu.cpp -o /dev/null -fopt-info-vec-all=/capstor/scratch/cscs/lhulsbergen/llr40_dace/vec/reports/tsvc_2_s233.canon_old.g++-14.bonsall.all
tsvc_2_s233,canon,old,g++-14,unsafe,True,1,canon_cpu.cpp:19,1,canon_cpu.cpp:15,,g++-14 -O3 -std=c++20 -fPIC -fno-math-errno -ffinite-math-only -fno-signaling-nans -fstrict-aliasing -faligned-new -fvect-cost-model=unlimited -fopenmp -funsafe-math-optimizations -I/capstor/scratch/cscs/lhulsbergen/venv_dace5cf/lib/python3.12/site-packages/dace/runtime/include -c /capstor/scratch/cscs/lhulsbergen/llr40_dace/emit/tsvc_2_s233/canon_old/src/cpu/canon_cpu.cpp -o /dev/null -fopt-info-vec-all=/capstor/scratch/cscs/lhulsbergen/llr40_dace/vec/reports/tsvc_2_s233.canon_old.g++-14.unsafe.all
tsvc_2_s233,canon,old,g++-14,harness,True,1,canon_cpu.cpp:19,2,canon_cpu.cpp:125 canon_cpu.cpp:15,,g++-14 -march=native -fopenmp -fno-math-errno -fno-trapping-math -fno-signed-zeros -ffp-contract=fast -fstrict-aliasing -include /capstor/scratch/cscs/lhulsbergen/HPCAgent-Bench-dace/hpcagent_bench/envs/vecmath.h -Wall -Wextra -O3 -fPIC -fopenmp -std=c++20 -I/capstor/scratch/cscs/lhulsbergen/venv_dace5cf/lib/python3.12/site-packages/dace/runtime/include -c /capstor/scratch/cscs/lhulsbergen/llr40_dace/emit/tsvc_2_s233/canon_old/src/cpu/canon_cpu.cpp -o /dev/null -fopt-info-vec-all=/capstor/scratch/cscs/lhulsbergen/llr40_dace/vec/reports/tsvc_2_s233.canon_old.g++-14.harness.all
tsvc_2_s233,none,legacy,g++-13,bonsall,True,2,canon_cpu.cpp:23 canon_cpu.cpp:77,1,canon_cpu.cpp:21,,g++-13 -O3 -std=c++20 -fPIC -fno-math-errno -ffinite-math-only -fno-signaling-nans -fstrict-aliasing -faligned-new -fvect-cost-model=unlimited -fopenmp -I/capstor/scratch/cscs/lhulsbergen/venv_dace5cf/lib/python3.12/site-packages/dace/runtime/include -c /capstor/scratch/cscs/lhulsbergen/llr40_dace/emit/tsvc_2_s233/none_legacy/src/cpu/canon_cpu.cpp -o /dev/null -fopt-info-vec-all=/capstor/scratch/cscs/lhulsbergen/llr40_dace/vec/reports/tsvc_2_s233.none_legacy.g++-13.bonsall.all
tsvc_2_s233,none,legacy,g++-13,unsafe,True,2,canon_cpu.cpp:23 canon_cpu.cpp:77,1,canon_cpu.cpp:21,,g++-13 -O3 -std=c++20 -fPIC -fno-math-errno -ffinite-math-only -fno-signaling-nans -fstrict-aliasing -faligned-new -fvect-cost-model=unlimited -fopenmp -funsafe-math-optimizations -I/capstor/scratch/cscs/lhulsbergen/venv_dace5cf/lib/python3.12/site-packages/dace/runtime/include -c /capstor/scratch/cscs/lhulsbergen/llr40_dace/emit/tsvc_2_s233/none_legacy/src/cpu/canon_cpu.cpp -o /dev/null -fopt-info-vec-all=/capstor/scratch/cscs/lhulsbergen/llr40_dace/vec/reports/tsvc_2_s233.none_legacy.g++-13.unsafe.all
tsvc_2_s233,none,legacy,g++-13,harness,True,0,,3,canon_cpu.cpp:21 canon_cpu.cpp:23 canon_cpu.cpp:77,,g++-13 -march=native -fopenmp -fno-math-errno -fno-trapping-math -fno-signed-zeros -ffp-contract=fast -fstrict-aliasing -include /capstor/scratch/cscs/lhulsbergen/HPCAgent-Bench-dace/hpcagent_bench/envs/vecmath.h -Wall -Wextra -O3 -fPIC -fopenmp -std=c++20 -I/capstor/scratch/cscs/lhulsbergen/venv_dace5cf/lib/python3.12/site-packages/dace/runtime/include -c /capstor/scratch/cscs/lhulsbergen/llr40_dace/emit/tsvc_2_s233/none_legacy/src/cpu/canon_cpu.cpp -o /dev/null -fopt-info-vec-all=/capstor/scratch/cscs/lhulsbergen/llr40_dace/vec/reports/tsvc_2_s233.none_legacy.g++-13.harness.all
tsvc_2_s233,none,legacy,g++-14,bonsall,True,2,canon_cpu.cpp:23 canon_cpu.cpp:77,1,canon_cpu.cpp:21,,g++-14 -O3 -std=c++20 -fPIC -fno-math-errno -ffinite-math-only -fno-signaling-nans -fstrict-aliasing -faligned-new -fvect-cost-model=unlimited -fopenmp -I/capstor/scratch/cscs/lhulsbergen/venv_dace5cf/lib/python3.12/site-packages/dace/runtime/include -c /capstor/scratch/cscs/lhulsbergen/llr40_dace/emit/tsvc_2_s233/none_legacy/src/cpu/canon_cpu.cpp -o /dev/null -fopt-info-vec-all=/capstor/scratch/cscs/lhulsbergen/llr40_dace/vec/reports/tsvc_2_s233.none_legacy.g++-14.bonsall.all
tsvc_2_s233,none,legacy,g++-14,unsafe,True,2,canon_cpu.cpp:23 canon_cpu.cpp:77,1,canon_cpu.cpp:21,,g++-14 -O3 -std=c++20 -fPIC -fno-math-errno -ffinite-math-only -fno-signaling-nans -fstrict-aliasing -faligned-new -fvect-cost-model=unlimited -fopenmp -funsafe-math-optimizations -I/capstor/scratch/cscs/lhulsbergen/venv_dace5cf/lib/python3.12/site-packages/dace/runtime/include -c /capstor/scratch/cscs/lhulsbergen/llr40_dace/emit/tsvc_2_s233/none_legacy/src/cpu/canon_cpu.cpp -o /dev/null -fopt-info-vec-all=/capstor/scratch/cscs/lhulsbergen/llr40_dace/vec/reports/tsvc_2_s233.none_legacy.g++-14.unsafe.all
tsvc_2_s233,none,legacy,g++-14,harness,True,0,,3,canon_cpu.cpp:21 canon_cpu.cpp:23 canon_cpu.cpp:77,,g++-14 -march=native -fopenmp -fno-math-errno -fno-trapping-math -fno-signed-zeros -ffp-contract=fast -fstrict-aliasing -include /capstor/scratch/cscs/lhulsbergen/HPCAgent-Bench-dace/hpcagent_bench/envs/vecmath.h -Wall -Wextra -O3 -fPIC -fopenmp -std=c++20 -I/capstor/scratch/cscs/lhulsbergen/venv_dace5cf/lib/python3.12/site-packages/dace/runtime/include -c /capstor/scratch/cscs/lhulsbergen/llr40_dace/emit/tsvc_2_s233/none_legacy/src/cpu/canon_cpu.cpp -o /dev/null -fopt-info-vec-all=/capstor/scratch/cscs/lhulsbergen/llr40_dace/vec/reports/tsvc_2_s233.none_legacy.g++-14.harness.all
tsvc_2_s233,none,new,g++-13,bonsall,True,2,canon_cpu.cpp:25 canon_cpu.cpp:38,1,canon_cpu.cpp:23,,g++-13 -O3 -std=c++20 -fPIC -fno-math-errno -ffinite-math-only -fno-signaling-nans -fstrict-aliasing -faligned-new -fvect-cost-model=unlimited -fopenmp -I/capstor/scratch/cscs/lhulsbergen/venv_dace5cf/lib/python3.12/site-packages/dace/runtime/include -c /capstor/scratch/cscs/lhulsbergen/llr40_dace/emit/tsvc_2_s233/none_new/src/cpu/canon_cpu.cpp -o /dev/null -fopt-info-vec-all=/capstor/scratch/cscs/lhulsbergen/llr40_dace/vec/reports/tsvc_2_s233.none_new.g++-13.bonsall.all
tsvc_2_s233,none,new,g++-13,unsafe,True,2,canon_cpu.cpp:25 canon_cpu.cpp:38,1,canon_cpu.cpp:23,,g++-13 -O3 -std=c++20 -fPIC -fno-math-errno -ffinite-math-only -fno-signaling-nans -fstrict-aliasing -faligned-new -fvect-cost-model=unlimited -fopenmp -funsafe-math-optimizations -I/capstor/scratch/cscs/lhulsbergen/venv_dace5cf/lib/python3.12/site-packages/dace/runtime/include -c /capstor/scratch/cscs/lhulsbergen/llr40_dace/emit/tsvc_2_s233/none_new/src/cpu/canon_cpu.cpp -o /dev/null -fopt-info-vec-all=/capstor/scratch/cscs/lhulsbergen/llr40_dace/vec/reports/tsvc_2_s233.none_new.g++-13.unsafe.all
tsvc_2_s233,none,new,g++-13,harness,True,0,,3,canon_cpu.cpp:23 canon_cpu.cpp:25 canon_cpu.cpp:38,,g++-13 -march=native -fopenmp -fno-math-errno -fno-trapping-math -fno-signed-zeros -ffp-contract=fast -fstrict-aliasing -include /capstor/scratch/cscs/lhulsbergen/HPCAgent-Bench-dace/hpcagent_bench/envs/vecmath.h -Wall -Wextra -O3 -fPIC -fopenmp -std=c++20 -I/capstor/scratch/cscs/lhulsbergen/venv_dace5cf/lib/python3.12/site-packages/dace/runtime/include -c /capstor/scratch/cscs/lhulsbergen/llr40_dace/emit/tsvc_2_s233/none_new/src/cpu/canon_cpu.cpp -o /dev/null -fopt-info-vec-all=/capstor/scratch/cscs/lhulsbergen/llr40_dace/vec/reports/tsvc_2_s233.none_new.g++-13.harness.all
tsvc_2_s233,none,new,g++-14,bonsall,True,2,canon_cpu.cpp:25 canon_cpu.cpp:38,1,canon_cpu.cpp:23,,g++-14 -O3 -std=c++20 -fPIC -fno-math-errno -ffinite-math-only -fno-signaling-nans -fstrict-aliasing -faligned-new -fvect-cost-model=unlimited -fopenmp -I/capstor/scratch/cscs/lhulsbergen/venv_dace5cf/lib/python3.12/site-packages/dace/runtime/include -c /capstor/scratch/cscs/lhulsbergen/llr40_dace/emit/tsvc_2_s233/none_new/src/cpu/canon_cpu.cpp -o /dev/null -fopt-info-vec-all=/capstor/scratch/cscs/lhulsbergen/llr40_dace/vec/reports/tsvc_2_s233.none_new.g++-14.bonsall.all
tsvc_2_s233,none,new,g++-14,unsafe,True,2,canon_cpu.cpp:25 canon_cpu.cpp:38,1,canon_cpu.cpp:23,,g++-14 -O3 -std=c++20 -fPIC -fno-math-errno -ffinite-math-only -fno-signaling-nans -fstrict-aliasing -faligned-new -fvect-cost-model=unlimited -fopenmp -funsafe-math-optimizations -I/capstor/scratch/cscs/lhulsbergen/venv_dace5cf/lib/python3.12/site-packages/dace/runtime/include -c /capstor/scratch/cscs/lhulsbergen/llr40_dace/emit/tsvc_2_s233/none_new/src/cpu/canon_cpu.cpp -o /dev/null -fopt-info-vec-all=/capstor/scratch/cscs/lhulsbergen/llr40_dace/vec/reports/tsvc_2_s233.none_new.g++-14.unsafe.all
tsvc_2_s233,none,new,g++-14,harness,True,0,,3,canon_cpu.cpp:23 canon_cpu.cpp:25 canon_cpu.cpp:38,,g++-14 -march=native -fopenmp -fno-math-errno -fno-trapping-math -fno-signed-zeros -ffp-contract=fast -fstrict-aliasing -include /capstor/scratch/cscs/lhulsbergen/HPCAgent-Bench-dace/hpcagent_bench/envs/vecmath.h -Wall -Wextra -O3 -fPIC -fopenmp -std=c++20 -I/capstor/scratch/cscs/lhulsbergen/venv_dace5cf/lib/python3.12/site-packages/dace/runtime/include -c /capstor/scratch/cscs/lhulsbergen/llr40_dace/emit/tsvc_2_s233/none_new/src/cpu/canon_cpu.cpp -o /dev/null -fopt-info-vec-all=/capstor/scratch/cscs/lhulsbergen/llr40_dace/vec/reports/tsvc_2_s233.none_new.g++-14.harness.all
tsvc_2_s233,none,old,g++-13,bonsall,True,2,canon_cpu.cpp:23 canon_cpu.cpp:61,1,canon_cpu.cpp:21,,g++-13 -O3 -std=c++20 -fPIC -fno-math-errno -ffinite-math-only -fno-signaling-nans -fstrict-aliasing -faligned-new -fvect-cost-model=unlimited -fopenmp -I/capstor/scratch/cscs/lhulsbergen/venv_dace5cf/lib/python3.12/site-packages/dace/runtime/include -c /capstor/scratch/cscs/lhulsbergen/llr40_dace/emit/tsvc_2_s233/none_old/src/cpu/canon_cpu.cpp -o /dev/null -fopt-info-vec-all=/capstor/scratch/cscs/lhulsbergen/llr40_dace/vec/reports/tsvc_2_s233.none_old.g++-13.bonsall.all
tsvc_2_s233,none,old,g++-13,unsafe,True,2,canon_cpu.cpp:23 canon_cpu.cpp:61,1,canon_cpu.cpp:21,,g++-13 -O3 -std=c++20 -fPIC -fno-math-errno -ffinite-math-only -fno-signaling-nans -fstrict-aliasing -faligned-new -fvect-cost-model=unlimited -fopenmp -funsafe-math-optimizations -I/capstor/scratch/cscs/lhulsbergen/venv_dace5cf/lib/python3.12/site-packages/dace/runtime/include -c /capstor/scratch/cscs/lhulsbergen/llr40_dace/emit/tsvc_2_s233/none_old/src/cpu/canon_cpu.cpp -o /dev/null -fopt-info-vec-all=/capstor/scratch/cscs/lhulsbergen/llr40_dace/vec/reports/tsvc_2_s233.none_old.g++-13.unsafe.all
tsvc_2_s233,none,old,g++-13,harness,True,0,,3,canon_cpu.cpp:21 canon_cpu.cpp:23 canon_cpu.cpp:61,,g++-13 -march=native -fopenmp -fno-math-errno -fno-trapping-math -fno-signed-zeros -ffp-contract=fast -fstrict-aliasing -include /capstor/scratch/cscs/lhulsbergen/HPCAgent-Bench-dace/hpcagent_bench/envs/vecmath.h -Wall -Wextra -O3 -fPIC -fopenmp -std=c++20 -I/capstor/scratch/cscs/lhulsbergen/venv_dace5cf/lib/python3.12/site-packages/dace/runtime/include -c /capstor/scratch/cscs/lhulsbergen/llr40_dace/emit/tsvc_2_s233/none_old/src/cpu/canon_cpu.cpp -o /dev/null -fopt-info-vec-all=/capstor/scratch/cscs/lhulsbergen/llr40_dace/vec/reports/tsvc_2_s233.none_old.g++-13.harness.all
tsvc_2_s233,none,old,g++-14,bonsall,True,2,canon_cpu.cpp:23 canon_cpu.cpp:61,1,canon_cpu.cpp:21,,g++-14 -O3 -std=c++20 -fPIC -fno-math-errno -ffinite-math-only -fno-signaling-nans -fstrict-aliasing -faligned-new -fvect-cost-model=unlimited -fopenmp -I/capstor/scratch/cscs/lhulsbergen/venv_dace5cf/lib/python3.12/site-packages/dace/runtime/include -c /capstor/scratch/cscs/lhulsbergen/llr40_dace/emit/tsvc_2_s233/none_old/src/cpu/canon_cpu.cpp -o /dev/null -fopt-info-vec-all=/capstor/scratch/cscs/lhulsbergen/llr40_dace/vec/reports/tsvc_2_s233.none_old.g++-14.bonsall.all
tsvc_2_s233,none,old,g++-14,unsafe,True,2,canon_cpu.cpp:23 canon_cpu.cpp:61,1,canon_cpu.cpp:21,,g++-14 -O3 -std=c++20 -fPIC -fno-math-errno -ffinite-math-only -fno-signaling-nans -fstrict-aliasing -faligned-new -fvect-cost-model=unlimited -fopenmp -funsafe-math-optimizations -I/capstor/scratch/cscs/lhulsbergen/venv_dace5cf/lib/python3.12/site-packages/dace/runtime/include -c /capstor/scratch/cscs/lhulsbergen/llr40_dace/emit/tsvc_2_s233/none_old/src/cpu/canon_cpu.cpp -o /dev/null -fopt-info-vec-all=/capstor/scratch/cscs/lhulsbergen/llr40_dace/vec/reports/tsvc_2_s233.none_old.g++-14.unsafe.all
tsvc_2_s233,none,old,g++-14,harness,True,0,,3,canon_cpu.cpp:21 canon_cpu.cpp:23 canon_cpu.cpp:61,,g++-14 -march=native -fopenmp -fno-math-errno -fno-trapping-math -fno-signed-zeros -ffp-contract=fast -fstrict-aliasing -include /capstor/scratch/cscs/lhulsbergen/HPCAgent-Bench-dace/hpcagent_bench/envs/vecmath.h -Wall -Wextra -O3 -fPIC -fopenmp -std=c++20 -I/capstor/scratch/cscs/lhulsbergen/venv_dace5cf/lib/python3.12/site-packages/dace/runtime/include -c /capstor/scratch/cscs/lhulsbergen/llr40_dace/emit/tsvc_2_s233/none_old/src/cpu/canon_cpu.cpp -o /dev/null -fopt-info-vec-all=/capstor/scratch/cscs/lhulsbergen/llr40_dace/vec/reports/tsvc_2_s233.none_old.g++-14.harness.all
tsvc_2_s235,canon,legacy,g++-13,bonsall,True,2,canon_cpu.cpp:107 canon_cpu.cpp:19,1,canon_cpu.cpp:15,,g++-13 -O3 -std=c++20 -fPIC -fno-math-errno -ffinite-math-only -fno-signaling-nans -fstrict-aliasing -faligned-new -fvect-cost-model=unlimited -fopenmp -I/capstor/scratch/cscs/lhulsbergen/venv_dace5cf/lib/python3.12/site-packages/dace/runtime/include -c /capstor/scratch/cscs/lhulsbergen/llr40_dace/emit/tsvc_2_s235/canon_legacy/src/cpu/canon_cpu.cpp -o /dev/null -fopt-info-vec-all=/capstor/scratch/cscs/lhulsbergen/llr40_dace/vec/reports/tsvc_2_s235.canon_legacy.g++-13.bonsall.all
tsvc_2_s235,canon,legacy,g++-13,unsafe,True,2,canon_cpu.cpp:107 canon_cpu.cpp:19,1,canon_cpu.cpp:15,,g++-13 -O3 -std=c++20 -fPIC -fno-math-errno -ffinite-math-only -fno-signaling-nans -fstrict-aliasing -faligned-new -fvect-cost-model=unlimited -fopenmp -funsafe-math-optimizations -I/capstor/scratch/cscs/lhulsbergen/venv_dace5cf/lib/python3.12/site-packages/dace/runtime/include -c /capstor/scratch/cscs/lhulsbergen/llr40_dace/emit/tsvc_2_s235/canon_legacy/src/cpu/canon_cpu.cpp -o /dev/null -fopt-info-vec-all=/capstor/scratch/cscs/lhulsbergen/llr40_dace/vec/reports/tsvc_2_s235.canon_legacy.g++-13.unsafe.all
tsvc_2_s235,canon,legacy,g++-13,harness,True,2,canon_cpu.cpp:107 canon_cpu.cpp:19,3,canon_cpu.cpp:102 canon_cpu.cpp:148 canon_cpu.cpp:15,,g++-13 -march=native -fopenmp -fno-math-errno -fno-trapping-math -fno-signed-zeros -ffp-contract=fast -fstrict-aliasing -include /capstor/scratch/cscs/lhulsbergen/HPCAgent-Bench-dace/hpcagent_bench/envs/vecmath.h -Wall -Wextra -O3 -fPIC -fopenmp -std=c++20 -I/capstor/scratch/cscs/lhulsbergen/venv_dace5cf/lib/python3.12/site-packages/dace/runtime/include -c /capstor/scratch/cscs/lhulsbergen/llr40_dace/emit/tsvc_2_s235/canon_legacy/src/cpu/canon_cpu.cpp -o /dev/null -fopt-info-vec-all=/capstor/scratch/cscs/lhulsbergen/llr40_dace/vec/reports/tsvc_2_s235.canon_legacy.g++-13.harness.all
tsvc_2_s235,canon,legacy,g++-14,bonsall,True,2,canon_cpu.cpp:107 canon_cpu.cpp:19,1,canon_cpu.cpp:15,,g++-14 -O3 -std=c++20 -fPIC -fno-math-errno -ffinite-math-only -fno-signaling-nans -fstrict-aliasing -faligned-new -fvect-cost-model=unlimited -fopenmp -I/capstor/scratch/cscs/lhulsbergen/venv_dace5cf/lib/python3.12/site-packages/dace/runtime/include -c /capstor/scratch/cscs/lhulsbergen/llr40_dace/emit/tsvc_2_s235/canon_legacy/src/cpu/canon_cpu.cpp -o /dev/null -fopt-info-vec-all=/capstor/scratch/cscs/lhulsbergen/llr40_dace/vec/reports/tsvc_2_s235.canon_legacy.g++-14.bonsall.all
tsvc_2_s235,canon,legacy,g++-14,unsafe,True,2,canon_cpu.cpp:107 canon_cpu.cpp:19,1,canon_cpu.cpp:15,,g++-14 -O3 -std=c++20 -fPIC -fno-math-errno -ffinite-math-only -fno-signaling-nans -fstrict-aliasing -faligned-new -fvect-cost-model=unlimited -fopenmp -funsafe-math-optimizations -I/capstor/scratch/cscs/lhulsbergen/venv_dace5cf/lib/python3.12/site-packages/dace/runtime/include -c /capstor/scratch/cscs/lhulsbergen/llr40_dace/emit/tsvc_2_s235/canon_legacy/src/cpu/canon_cpu.cpp -o /dev/null -fopt-info-vec-all=/capstor/scratch/cscs/lhulsbergen/llr40_dace/vec/reports/tsvc_2_s235.canon_legacy.g++-14.unsafe.all
tsvc_2_s235,canon,legacy,g++-14,harness,True,2,canon_cpu.cpp:107 canon_cpu.cpp:19,3,canon_cpu.cpp:102 canon_cpu.cpp:148 canon_cpu.cpp:15,,g++-14 -march=native -fopenmp -fno-math-errno -fno-trapping-math -fno-signed-zeros -ffp-contract=fast -fstrict-aliasing -include /capstor/scratch/cscs/lhulsbergen/HPCAgent-Bench-dace/hpcagent_bench/envs/vecmath.h -Wall -Wextra -O3 -fPIC -fopenmp -std=c++20 -I/capstor/scratch/cscs/lhulsbergen/venv_dace5cf/lib/python3.12/site-packages/dace/runtime/include -c /capstor/scratch/cscs/lhulsbergen/llr40_dace/emit/tsvc_2_s235/canon_legacy/src/cpu/canon_cpu.cpp -o /dev/null -fopt-info-vec-all=/capstor/scratch/cscs/lhulsbergen/llr40_dace/vec/reports/tsvc_2_s235.canon_legacy.g++-14.harness.all
tsvc_2_s235,canon,new,g++-13,bonsall,True,2,canon_cpu.cpp:21 canon_cpu.cpp:56,1,canon_cpu.cpp:19,,g++-13 -O3 -std=c++20 -fPIC -fno-math-errno -ffinite-math-only -fno-signaling-nans -fstrict-aliasing -faligned-new -fvect-cost-model=unlimited -fopenmp -I/capstor/scratch/cscs/lhulsbergen/venv_dace5cf/lib/python3.12/site-packages/dace/runtime/include -c /capstor/scratch/cscs/lhulsbergen/llr40_dace/emit/tsvc_2_s235/canon_new/src/cpu/canon_cpu.cpp -o /dev/null -fopt-info-vec-all=/capstor/scratch/cscs/lhulsbergen/llr40_dace/vec/reports/tsvc_2_s235.canon_new.g++-13.bonsall.all
tsvc_2_s235,canon,new,g++-13,unsafe,True,2,canon_cpu.cpp:21 canon_cpu.cpp:56,1,canon_cpu.cpp:19,,g++-13 -O3 -std=c++20 -fPIC -fno-math-errno -ffinite-math-only -fno-signaling-nans -fstrict-aliasing -faligned-new -fvect-cost-model=unlimited -fopenmp -funsafe-math-optimizations -I/capstor/scratch/cscs/lhulsbergen/venv_dace5cf/lib/python3.12/site-packages/dace/runtime/include -c /capstor/scratch/cscs/lhulsbergen/llr40_dace/emit/tsvc_2_s235/canon_new/src/cpu/canon_cpu.cpp -o /dev/null -fopt-info-vec-all=/capstor/scratch/cscs/lhulsbergen/llr40_dace/vec/reports/tsvc_2_s235.canon_new.g++-13.unsafe.all
tsvc_2_s235,canon,new,g++-13,harness,True,2,canon_cpu.cpp:21 canon_cpu.cpp:56,3,canon_cpu.cpp:19 canon_cpu.cpp:52 canon_cpu.cpp:61,,g++-13 -march=native -fopenmp -fno-math-errno -fno-trapping-math -fno-signed-zeros -ffp-contract=fast -fstrict-aliasing -include /capstor/scratch/cscs/lhulsbergen/HPCAgent-Bench-dace/hpcagent_bench/envs/vecmath.h -Wall -Wextra -O3 -fPIC -fopenmp -std=c++20 -I/capstor/scratch/cscs/lhulsbergen/venv_dace5cf/lib/python3.12/site-packages/dace/runtime/include -c /capstor/scratch/cscs/lhulsbergen/llr40_dace/emit/tsvc_2_s235/canon_new/src/cpu/canon_cpu.cpp -o /dev/null -fopt-info-vec-all=/capstor/scratch/cscs/lhulsbergen/llr40_dace/vec/reports/tsvc_2_s235.canon_new.g++-13.harness.all
tsvc_2_s235,canon,new,g++-14,bonsall,True,2,canon_cpu.cpp:21 canon_cpu.cpp:56,1,canon_cpu.cpp:19,,g++-14 -O3 -std=c++20 -fPIC -fno-math-errno -ffinite-math-only -fno-signaling-nans -fstrict-aliasing -faligned-new -fvect-cost-model=unlimited -fopenmp -I/capstor/scratch/cscs/lhulsbergen/venv_dace5cf/lib/python3.12/site-packages/dace/runtime/include -c /capstor/scratch/cscs/lhulsbergen/llr40_dace/emit/tsvc_2_s235/canon_new/src/cpu/canon_cpu.cpp -o /dev/null -fopt-info-vec-all=/capstor/scratch/cscs/lhulsbergen/llr40_dace/vec/reports/tsvc_2_s235.canon_new.g++-14.bonsall.all
tsvc_2_s235,canon,new,g++-14,unsafe,True,2,canon_cpu.cpp:21 canon_cpu.cpp:56,1,canon_cpu.cpp:19,,g++-14 -O3 -std=c++20 -fPIC -fno-math-errno -ffinite-math-only -fno-signaling-nans -fstrict-aliasing -faligned-new -fvect-cost-model=unlimited -fopenmp -funsafe-math-optimizations -I/capstor/scratch/cscs/lhulsbergen/venv_dace5cf/lib/python3.12/site-packages/dace/runtime/include -c /capstor/scratch/cscs/lhulsbergen/llr40_dace/emit/tsvc_2_s235/canon_new/src/cpu/canon_cpu.cpp -o /dev/null -fopt-info-vec-all=/capstor/scratch/cscs/lhulsbergen/llr40_dace/vec/reports/tsvc_2_s235.canon_new.g++-14.unsafe.all
tsvc_2_s235,canon,new,g++-14,harness,True,2,canon_cpu.cpp:21 canon_cpu.cpp:56,3,canon_cpu.cpp:19 canon_cpu.cpp:52 canon_cpu.cpp:61,,g++-14 -march=native -fopenmp -fno-math-errno -fno-trapping-math -fno-signed-zeros -ffp-contract=fast -fstrict-aliasing -include /capstor/scratch/cscs/lhulsbergen/HPCAgent-Bench-dace/hpcagent_bench/envs/vecmath.h -Wall -Wextra -O3 -fPIC -fopenmp -std=c++20 -I/capstor/scratch/cscs/lhulsbergen/venv_dace5cf/lib/python3.12/site-packages/dace/runtime/include -c /capstor/scratch/cscs/lhulsbergen/llr40_dace/emit/tsvc_2_s235/canon_new/src/cpu/canon_cpu.cpp -o /dev/null -fopt-info-vec-all=/capstor/scratch/cscs/lhulsbergen/llr40_dace/vec/reports/tsvc_2_s235.canon_new.g++-14.harness.all
tsvc_2_s235,canon,old,g++-13,bonsall,True,2,canon_cpu.cpp:107 canon_cpu.cpp:19,1,canon_cpu.cpp:15,,g++-13 -O3 -std=c++20 -fPIC -fno-math-errno -ffinite-math-only -fno-signaling-nans -fstrict-aliasing -faligned-new -fvect-cost-model=unlimited -fopenmp -I/capstor/scratch/cscs/lhulsbergen/venv_dace5cf/lib/python3.12/site-packages/dace/runtime/include -c /capstor/scratch/cscs/lhulsbergen/llr40_dace/emit/tsvc_2_s235/canon_old/src/cpu/canon_cpu.cpp -o /dev/null -fopt-info-vec-all=/capstor/scratch/cscs/lhulsbergen/llr40_dace/vec/reports/tsvc_2_s235.canon_old.g++-13.bonsall.all
tsvc_2_s235,canon,old,g++-13,unsafe,True,2,canon_cpu.cpp:107 canon_cpu.cpp:19,1,canon_cpu.cpp:15,,g++-13 -O3 -std=c++20 -fPIC -fno-math-errno -ffinite-math-only -fno-signaling-nans -fstrict-aliasing -faligned-new -fvect-cost-model=unlimited -fopenmp -funsafe-math-optimizations -I/capstor/scratch/cscs/lhulsbergen/venv_dace5cf/lib/python3.12/site-packages/dace/runtime/include -c /capstor/scratch/cscs/lhulsbergen/llr40_dace/emit/tsvc_2_s235/canon_old/src/cpu/canon_cpu.cpp -o /dev/null -fopt-info-vec-all=/capstor/scratch/cscs/lhulsbergen/llr40_dace/vec/reports/tsvc_2_s235.canon_old.g++-13.unsafe.all
tsvc_2_s235,canon,old,g++-13,harness,True,2,canon_cpu.cpp:107 canon_cpu.cpp:19,3,canon_cpu.cpp:102 canon_cpu.cpp:148 canon_cpu.cpp:15,,g++-13 -march=native -fopenmp -fno-math-errno -fno-trapping-math -fno-signed-zeros -ffp-contract=fast -fstrict-aliasing -include /capstor/scratch/cscs/lhulsbergen/HPCAgent-Bench-dace/hpcagent_bench/envs/vecmath.h -Wall -Wextra -O3 -fPIC -fopenmp -std=c++20 -I/capstor/scratch/cscs/lhulsbergen/venv_dace5cf/lib/python3.12/site-packages/dace/runtime/include -c /capstor/scratch/cscs/lhulsbergen/llr40_dace/emit/tsvc_2_s235/canon_old/src/cpu/canon_cpu.cpp -o /dev/null -fopt-info-vec-all=/capstor/scratch/cscs/lhulsbergen/llr40_dace/vec/reports/tsvc_2_s235.canon_old.g++-13.harness.all
tsvc_2_s235,canon,old,g++-14,bonsall,True,2,canon_cpu.cpp:107 canon_cpu.cpp:19,1,canon_cpu.cpp:15,,g++-14 -O3 -std=c++20 -fPIC -fno-math-errno -ffinite-math-only -fno-signaling-nans -fstrict-aliasing -faligned-new -fvect-cost-model=unlimited -fopenmp -I/capstor/scratch/cscs/lhulsbergen/venv_dace5cf/lib/python3.12/site-packages/dace/runtime/include -c /capstor/scratch/cscs/lhulsbergen/llr40_dace/emit/tsvc_2_s235/canon_old/src/cpu/canon_cpu.cpp -o /dev/null -fopt-info-vec-all=/capstor/scratch/cscs/lhulsbergen/llr40_dace/vec/reports/tsvc_2_s235.canon_old.g++-14.bonsall.all
tsvc_2_s235,canon,old,g++-14,unsafe,True,2,canon_cpu.cpp:107 canon_cpu.cpp:19,1,canon_cpu.cpp:15,,g++-14 -O3 -std=c++20 -fPIC -fno-math-errno -ffinite-math-only -fno-signaling-nans -fstrict-aliasing -faligned-new -fvect-cost-model=unlimited -fopenmp -funsafe-math-optimizations -I/capstor/scratch/cscs/lhulsbergen/venv_dace5cf/lib/python3.12/site-packages/dace/runtime/include -c /capstor/scratch/cscs/lhulsbergen/llr40_dace/emit/tsvc_2_s235/canon_old/src/cpu/canon_cpu.cpp -o /dev/null -fopt-info-vec-all=/capstor/scratch/cscs/lhulsbergen/llr40_dace/vec/reports/tsvc_2_s235.canon_old.g++-14.unsafe.all
tsvc_2_s235,canon,old,g++-14,harness,True,2,canon_cpu.cpp:107 canon_cpu.cpp:19,3,canon_cpu.cpp:102 canon_cpu.cpp:148 canon_cpu.cpp:15,,g++-14 -march=native -fopenmp -fno-math-errno -fno-trapping-math -fno-signed-zeros -ffp-contract=fast -fstrict-aliasing -include /capstor/scratch/cscs/lhulsbergen/HPCAgent-Bench-dace/hpcagent_bench/envs/vecmath.h -Wall -Wextra -O3 -fPIC -fopenmp -std=c++20 -I/capstor/scratch/cscs/lhulsbergen/venv_dace5cf/lib/python3.12/site-packages/dace/runtime/include -c /capstor/scratch/cscs/lhulsbergen/llr40_dace/emit/tsvc_2_s235/canon_old/src/cpu/canon_cpu.cpp -o /dev/null -fopt-info-vec-all=/capstor/scratch/cscs/lhulsbergen/llr40_dace/vec/reports/tsvc_2_s235.canon_old.g++-14.harness.all
tsvc_2_s235,none,legacy,g++-13,bonsall,True,1,canon_cpu.cpp:99,1,canon_cpu.cpp:29,,g++-13 -O3 -std=c++20 -fPIC -fno-math-errno -ffinite-math-only -fno-signaling-nans -fstrict-aliasing -faligned-new -fvect-cost-model=unlimited -fopenmp -I/capstor/scratch/cscs/lhulsbergen/venv_dace5cf/lib/python3.12/site-packages/dace/runtime/include -c /capstor/scratch/cscs/lhulsbergen/llr40_dace/emit/tsvc_2_s235/none_legacy/src/cpu/canon_cpu.cpp -o /dev/null -fopt-info-vec-all=/capstor/scratch/cscs/lhulsbergen/llr40_dace/vec/reports/tsvc_2_s235.none_legacy.g++-13.bonsall.all
tsvc_2_s235,none,legacy,g++-13,unsafe,True,1,canon_cpu.cpp:99,1,canon_cpu.cpp:29,,g++-13 -O3 -std=c++20 -fPIC -fno-math-errno -ffinite-math-only -fno-signaling-nans -fstrict-aliasing -faligned-new -fvect-cost-model=unlimited -fopenmp -funsafe-math-optimizations -I/capstor/scratch/cscs/lhulsbergen/venv_dace5cf/lib/python3.12/site-packages/dace/runtime/include -c /capstor/scratch/cscs/lhulsbergen/llr40_dace/emit/tsvc_2_s235/none_legacy/src/cpu/canon_cpu.cpp -o /dev/null -fopt-info-vec-all=/capstor/scratch/cscs/lhulsbergen/llr40_dace/vec/reports/tsvc_2_s235.none_legacy.g++-13.unsafe.all
tsvc_2_s235,none,legacy,g++-13,harness,True,0,,2,canon_cpu.cpp:29 canon_cpu.cpp:99,,g++-13 -march=native -fopenmp -fno-math-errno -fno-trapping-math -fno-signed-zeros -ffp-contract=fast -fstrict-aliasing -include /capstor/scratch/cscs/lhulsbergen/HPCAgent-Bench-dace/hpcagent_bench/envs/vecmath.h -Wall -Wextra -O3 -fPIC -fopenmp -std=c++20 -I/capstor/scratch/cscs/lhulsbergen/venv_dace5cf/lib/python3.12/site-packages/dace/runtime/include -c /capstor/scratch/cscs/lhulsbergen/llr40_dace/emit/tsvc_2_s235/none_legacy/src/cpu/canon_cpu.cpp -o /dev/null -fopt-info-vec-all=/capstor/scratch/cscs/lhulsbergen/llr40_dace/vec/reports/tsvc_2_s235.none_legacy.g++-13.harness.all
tsvc_2_s235,none,legacy,g++-14,bonsall,True,1,canon_cpu.cpp:99,1,canon_cpu.cpp:25,,g++-14 -O3 -std=c++20 -fPIC -fno-math-errno -ffinite-math-only -fno-signaling-nans -fstrict-aliasing -faligned-new -fvect-cost-model=unlimited -fopenmp -I/capstor/scratch/cscs/lhulsbergen/venv_dace5cf/lib/python3.12/site-packages/dace/runtime/include -c /capstor/scratch/cscs/lhulsbergen/llr40_dace/emit/tsvc_2_s235/none_legacy/src/cpu/canon_cpu.cpp -o /dev/null -fopt-info-vec-all=/capstor/scratch/cscs/lhulsbergen/llr40_dace/vec/reports/tsvc_2_s235.none_legacy.g++-14.bonsall.all
tsvc_2_s235,none,legacy,g++-14,unsafe,True,1,canon_cpu.cpp:99,1,canon_cpu.cpp:25,,g++-14 -O3 -std=c++20 -fPIC -fno-math-errno -ffinite-math-only -fno-signaling-nans -fstrict-aliasing -faligned-new -fvect-cost-model=unlimited -fopenmp -funsafe-math-optimizations -I/capstor/scratch/cscs/lhulsbergen/venv_dace5cf/lib/python3.12/site-packages/dace/runtime/include -c /capstor/scratch/cscs/lhulsbergen/llr40_dace/emit/tsvc_2_s235/none_legacy/src/cpu/canon_cpu.cpp -o /dev/null -fopt-info-vec-all=/capstor/scratch/cscs/lhulsbergen/llr40_dace/vec/reports/tsvc_2_s235.none_legacy.g++-14.unsafe.all
tsvc_2_s235,none,legacy,g++-14,harness,True,0,,2,canon_cpu.cpp:25 canon_cpu.cpp:99,,g++-14 -march=native -fopenmp -fno-math-errno -fno-trapping-math -fno-signed-zeros -ffp-contract=fast -fstrict-aliasing -include /capstor/scratch/cscs/lhulsbergen/HPCAgent-Bench-dace/hpcagent_bench/envs/vecmath.h -Wall -Wextra -O3 -fPIC -fopenmp -std=c++20 -I/capstor/scratch/cscs/lhulsbergen/venv_dace5cf/lib/python3.12/site-packages/dace/runtime/include -c /capstor/scratch/cscs/lhulsbergen/llr40_dace/emit/tsvc_2_s235/none_legacy/src/cpu/canon_cpu.cpp -o /dev/null -fopt-info-vec-all=/capstor/scratch/cscs/lhulsbergen/llr40_dace/vec/reports/tsvc_2_s235.none_legacy.g++-14.harness.all
tsvc_2_s235,none,new,g++-13,bonsall,True,1,canon_cpu.cpp:40,1,canon_cpu.cpp:31,,g++-13 -O3 -std=c++20 -fPIC -fno-math-errno -ffinite-math-only -fno-signaling-nans -fstrict-aliasing -faligned-new -fvect-cost-model=unlimited -fopenmp -I/capstor/scratch/cscs/lhulsbergen/venv_dace5cf/lib/python3.12/site-packages/dace/runtime/include -c /capstor/scratch/cscs/lhulsbergen/llr40_dace/emit/tsvc_2_s235/none_new/src/cpu/canon_cpu.cpp -o /dev/null -fopt-info-vec-all=/capstor/scratch/cscs/lhulsbergen/llr40_dace/vec/reports/tsvc_2_s235.none_new.g++-13.bonsall.all
tsvc_2_s235,none,new,g++-13,unsafe,True,1,canon_cpu.cpp:40,1,canon_cpu.cpp:31,,g++-13 -O3 -std=c++20 -fPIC -fno-math-errno -ffinite-math-only -fno-signaling-nans -fstrict-aliasing -faligned-new -fvect-cost-model=unlimited -fopenmp -funsafe-math-optimizations -I/capstor/scratch/cscs/lhulsbergen/venv_dace5cf/lib/python3.12/site-packages/dace/runtime/include -c /capstor/scratch/cscs/lhulsbergen/llr40_dace/emit/tsvc_2_s235/none_new/src/cpu/canon_cpu.cpp -o /dev/null -fopt-info-vec-all=/capstor/scratch/cscs/lhulsbergen/llr40_dace/vec/reports/tsvc_2_s235.none_new.g++-13.unsafe.all
tsvc_2_s235,none,new,g++-13,harness,True,0,,2,canon_cpu.cpp:31 canon_cpu.cpp:40,,g++-13 -march=native -fopenmp -fno-math-errno -fno-trapping-math -fno-signed-zeros -ffp-contract=fast -fstrict-aliasing -include /capstor/scratch/cscs/lhulsbergen/HPCAgent-Bench-dace/hpcagent_bench/envs/vecmath.h -Wall -Wextra -O3 -fPIC -fopenmp -std=c++20 -I/capstor/scratch/cscs/lhulsbergen/venv_dace5cf/lib/python3.12/site-packages/dace/runtime/include -c /capstor/scratch/cscs/lhulsbergen/llr40_dace/emit/tsvc_2_s235/none_new/src/cpu/canon_cpu.cpp -o /dev/null -fopt-info-vec-all=/capstor/scratch/cscs/lhulsbergen/llr40_dace/vec/reports/tsvc_2_s235.none_new.g++-13.harness.all
tsvc_2_s235,none,new,g++-14,bonsall,True,1,canon_cpu.cpp:40,1,canon_cpu.cpp:28,,g++-14 -O3 -std=c++20 -fPIC -fno-math-errno -ffinite-math-only -fno-signaling-nans -fstrict-aliasing -faligned-new -fvect-cost-model=unlimited -fopenmp -I/capstor/scratch/cscs/lhulsbergen/venv_dace5cf/lib/python3.12/site-packages/dace/runtime/include -c /capstor/scratch/cscs/lhulsbergen/llr40_dace/emit/tsvc_2_s235/none_new/src/cpu/canon_cpu.cpp -o /dev/null -fopt-info-vec-all=/capstor/scratch/cscs/lhulsbergen/llr40_dace/vec/reports/tsvc_2_s235.none_new.g++-14.bonsall.all
tsvc_2_s235,none,new,g++-14,unsafe,True,1,canon_cpu.cpp:40,1,canon_cpu.cpp:28,,g++-14 -O3 -std=c++20 -fPIC -fno-math-errno -ffinite-math-only -fno-signaling-nans -fstrict-aliasing -faligned-new -fvect-cost-model=unlimited -fopenmp -funsafe-math-optimizations -I/capstor/scratch/cscs/lhulsbergen/venv_dace5cf/lib/python3.12/site-packages/dace/runtime/include -c /capstor/scratch/cscs/lhulsbergen/llr40_dace/emit/tsvc_2_s235/none_new/src/cpu/canon_cpu.cpp -o /dev/null -fopt-info-vec-all=/capstor/scratch/cscs/lhulsbergen/llr40_dace/vec/reports/tsvc_2_s235.none_new.g++-14.unsafe.all
tsvc_2_s235,none,new,g++-14,harness,True,0,,2,canon_cpu.cpp:28 canon_cpu.cpp:40,,g++-14 -march=native -fopenmp -fno-math-errno -fno-trapping-math -fno-signed-zeros -ffp-contract=fast -fstrict-aliasing -include /capstor/scratch/cscs/lhulsbergen/HPCAgent-Bench-dace/hpcagent_bench/envs/vecmath.h -Wall -Wextra -O3 -fPIC -fopenmp -std=c++20 -I/capstor/scratch/cscs/lhulsbergen/venv_dace5cf/lib/python3.12/site-packages/dace/runtime/include -c /capstor/scratch/cscs/lhulsbergen/llr40_dace/emit/tsvc_2_s235/none_new/src/cpu/canon_cpu.cpp -o /dev/null -fopt-info-vec-all=/capstor/scratch/cscs/lhulsbergen/llr40_dace/vec/reports/tsvc_2_s235.none_new.g++-14.harness.all
tsvc_2_s235,none,old,g++-13,bonsall,True,1,canon_cpu.cpp:75,1,canon_cpu.cpp:30,,g++-13 -O3 -std=c++20 -fPIC -fno-math-errno -ffinite-math-only -fno-signaling-nans -fstrict-aliasing -faligned-new -fvect-cost-model=unlimited -fopenmp -I/capstor/scratch/cscs/lhulsbergen/venv_dace5cf/lib/python3.12/site-packages/dace/runtime/include -c /capstor/scratch/cscs/lhulsbergen/llr40_dace/emit/tsvc_2_s235/none_old/src/cpu/canon_cpu.cpp -o /dev/null -fopt-info-vec-all=/capstor/scratch/cscs/lhulsbergen/llr40_dace/vec/reports/tsvc_2_s235.none_old.g++-13.bonsall.all
tsvc_2_s235,none,old,g++-13,unsafe,True,1,canon_cpu.cpp:75,1,canon_cpu.cpp:30,,g++-13 -O3 -std=c++20 -fPIC -fno-math-errno -ffinite-math-only -fno-signaling-nans -fstrict-aliasing -faligned-new -fvect-cost-model=unlimited -fopenmp -funsafe-math-optimizations -I/capstor/scratch/cscs/lhulsbergen/venv_dace5cf/lib/python3.12/site-packages/dace/runtime/include -c /capstor/scratch/cscs/lhulsbergen/llr40_dace/emit/tsvc_2_s235/none_old/src/cpu/canon_cpu.cpp -o /dev/null -fopt-info-vec-all=/capstor/scratch/cscs/lhulsbergen/llr40_dace/vec/reports/tsvc_2_s235.none_old.g++-13.unsafe.all
tsvc_2_s235,none,old,g++-13,harness,True,0,,2,canon_cpu.cpp:30 canon_cpu.cpp:75,,g++-13 -march=native -fopenmp -fno-math-errno -fno-trapping-math -fno-signed-zeros -ffp-contract=fast -fstrict-aliasing -include /capstor/scratch/cscs/lhulsbergen/HPCAgent-Bench-dace/hpcagent_bench/envs/vecmath.h -Wall -Wextra -O3 -fPIC -fopenmp -std=c++20 -I/capstor/scratch/cscs/lhulsbergen/venv_dace5cf/lib/python3.12/site-packages/dace/runtime/include -c /capstor/scratch/cscs/lhulsbergen/llr40_dace/emit/tsvc_2_s235/none_old/src/cpu/canon_cpu.cpp -o /dev/null -fopt-info-vec-all=/capstor/scratch/cscs/lhulsbergen/llr40_dace/vec/reports/tsvc_2_s235.none_old.g++-13.harness.all
tsvc_2_s235,none,old,g++-14,bonsall,True,1,canon_cpu.cpp:75,1,canon_cpu.cpp:25,,g++-14 -O3 -std=c++20 -fPIC -fno-math-errno -ffinite-math-only -fno-signaling-nans -fstrict-aliasing -faligned-new -fvect-cost-model=unlimited -fopenmp -I/capstor/scratch/cscs/lhulsbergen/venv_dace5cf/lib/python3.12/site-packages/dace/runtime/include -c /capstor/scratch/cscs/lhulsbergen/llr40_dace/emit/tsvc_2_s235/none_old/src/cpu/canon_cpu.cpp -o /dev/null -fopt-info-vec-all=/capstor/scratch/cscs/lhulsbergen/llr40_dace/vec/reports/tsvc_2_s235.none_old.g++-14.bonsall.all
tsvc_2_s235,none,old,g++-14,unsafe,True,1,canon_cpu.cpp:75,1,canon_cpu.cpp:25,,g++-14 -O3 -std=c++20 -fPIC -fno-math-errno -ffinite-math-only -fno-signaling-nans -fstrict-aliasing -faligned-new -fvect-cost-model=unlimited -fopenmp -funsafe-math-optimizations -I/capstor/scratch/cscs/lhulsbergen/venv_dace5cf/lib/python3.12/site-packages/dace/runtime/include -c /capstor/scratch/cscs/lhulsbergen/llr40_dace/emit/tsvc_2_s235/none_old/src/cpu/canon_cpu.cpp -o /dev/null -fopt-info-vec-all=/capstor/scratch/cscs/lhulsbergen/llr40_dace/vec/reports/tsvc_2_s235.none_old.g++-14.unsafe.all
tsvc_2_s235,none,old,g++-14,harness,True,0,,2,canon_cpu.cpp:25 canon_cpu.cpp:75,,g++-14 -march=native -fopenmp -fno-math-errno -fno-trapping-math -fno-signed-zeros -ffp-contract=fast -fstrict-aliasing -include /capstor/scratch/cscs/lhulsbergen/HPCAgent-Bench-dace/hpcagent_bench/envs/vecmath.h -Wall -Wextra -O3 -fPIC -fopenmp -std=c++20 -I/capstor/scratch/cscs/lhulsbergen/venv_dace5cf/lib/python3.12/site-packages/dace/runtime/include -c /capstor/scratch/cscs/lhulsbergen/llr40_dace/emit/tsvc_2_s235/none_old/src/cpu/canon_cpu.cpp -o /dev/null -fopt-info-vec-all=/capstor/scratch/cscs/lhulsbergen/llr40_dace/vec/reports/tsvc_2_s235.none_old.g++-14.harness.all
tsvc_2_s252,canon,legacy,g++-13,bonsall,True,1,canon_cpu.cpp:71,0,,,g++-13 -O3 -std=c++20 -fPIC -fno-math-errno -ffinite-math-only -fno-signaling-nans -fstrict-aliasing -faligned-new -fvect-cost-model=unlimited -fopenmp -I/capstor/scratch/cscs/lhulsbergen/venv_dace5cf/lib/python3.12/site-packages/dace/runtime/include -c /capstor/scratch/cscs/lhulsbergen/llr40_dace/emit/tsvc_2_s252/canon_legacy/src/cpu/canon_cpu.cpp -o /dev/null -fopt-info-vec-all=/capstor/scratch/cscs/lhulsbergen/llr40_dace/vec/reports/tsvc_2_s252.canon_legacy.g++-13.bonsall.all
tsvc_2_s252,canon,legacy,g++-13,unsafe,True,1,canon_cpu.cpp:71,0,,,g++-13 -O3 -std=c++20 -fPIC -fno-math-errno -ffinite-math-only -fno-signaling-nans -fstrict-aliasing -faligned-new -fvect-cost-model=unlimited -fopenmp -funsafe-math-optimizations -I/capstor/scratch/cscs/lhulsbergen/venv_dace5cf/lib/python3.12/site-packages/dace/runtime/include -c /capstor/scratch/cscs/lhulsbergen/llr40_dace/emit/tsvc_2_s252/canon_legacy/src/cpu/canon_cpu.cpp -o /dev/null -fopt-info-vec-all=/capstor/scratch/cscs/lhulsbergen/llr40_dace/vec/reports/tsvc_2_s252.canon_legacy.g++-13.unsafe.all
tsvc_2_s252,canon,legacy,g++-13,harness,True,1,canon_cpu.cpp:71,1,canon_cpu.cpp:65,,g++-13 -march=native -fopenmp -fno-math-errno -fno-trapping-math -fno-signed-zeros -ffp-contract=fast -fstrict-aliasing -include /capstor/scratch/cscs/lhulsbergen/HPCAgent-Bench-dace/hpcagent_bench/envs/vecmath.h -Wall -Wextra -O3 -fPIC -fopenmp -std=c++20 -I/capstor/scratch/cscs/lhulsbergen/venv_dace5cf/lib/python3.12/site-packages/dace/runtime/include -c /capstor/scratch/cscs/lhulsbergen/llr40_dace/emit/tsvc_2_s252/canon_legacy/src/cpu/canon_cpu.cpp -o /dev/null -fopt-info-vec-all=/capstor/scratch/cscs/lhulsbergen/llr40_dace/vec/reports/tsvc_2_s252.canon_legacy.g++-13.harness.all
tsvc_2_s252,canon,legacy,g++-14,bonsall,True,1,canon_cpu.cpp:71,0,,,g++-14 -O3 -std=c++20 -fPIC -fno-math-errno -ffinite-math-only -fno-signaling-nans -fstrict-aliasing -faligned-new -fvect-cost-model=unlimited -fopenmp -I/capstor/scratch/cscs/lhulsbergen/venv_dace5cf/lib/python3.12/site-packages/dace/runtime/include -c /capstor/scratch/cscs/lhulsbergen/llr40_dace/emit/tsvc_2_s252/canon_legacy/src/cpu/canon_cpu.cpp -o /dev/null -fopt-info-vec-all=/capstor/scratch/cscs/lhulsbergen/llr40_dace/vec/reports/tsvc_2_s252.canon_legacy.g++-14.bonsall.all
tsvc_2_s252,canon,legacy,g++-14,unsafe,True,1,canon_cpu.cpp:71,0,,,g++-14 -O3 -std=c++20 -fPIC -fno-math-errno -ffinite-math-only -fno-signaling-nans -fstrict-aliasing -faligned-new -fvect-cost-model=unlimited -fopenmp -funsafe-math-optimizations -I/capstor/scratch/cscs/lhulsbergen/venv_dace5cf/lib/python3.12/site-packages/dace/runtime/include -c /capstor/scratch/cscs/lhulsbergen/llr40_dace/emit/tsvc_2_s252/canon_legacy/src/cpu/canon_cpu.cpp -o /dev/null -fopt-info-vec-all=/capstor/scratch/cscs/lhulsbergen/llr40_dace/vec/reports/tsvc_2_s252.canon_legacy.g++-14.unsafe.all
tsvc_2_s252,canon,legacy,g++-14,harness,True,1,canon_cpu.cpp:71,1,canon_cpu.cpp:65,,g++-14 -march=native -fopenmp -fno-math-errno -fno-trapping-math -fno-signed-zeros -ffp-contract=fast -fstrict-aliasing -include /capstor/scratch/cscs/lhulsbergen/HPCAgent-Bench-dace/hpcagent_bench/envs/vecmath.h -Wall -Wextra -O3 -fPIC -fopenmp -std=c++20 -I/capstor/scratch/cscs/lhulsbergen/venv_dace5cf/lib/python3.12/site-packages/dace/runtime/include -c /capstor/scratch/cscs/lhulsbergen/llr40_dace/emit/tsvc_2_s252/canon_legacy/src/cpu/canon_cpu.cpp -o /dev/null -fopt-info-vec-all=/capstor/scratch/cscs/lhulsbergen/llr40_dace/vec/reports/tsvc_2_s252.canon_legacy.g++-14.harness.all
tsvc_2_s252,canon,new,g++-13,bonsall,True,1,canon_cpu.cpp:38,0,,,g++-13 -O3 -std=c++20 -fPIC -fno-math-errno -ffinite-math-only -fno-signaling-nans -fstrict-aliasing -faligned-new -fvect-cost-model=unlimited -fopenmp -I/capstor/scratch/cscs/lhulsbergen/venv_dace5cf/lib/python3.12/site-packages/dace/runtime/include -c /capstor/scratch/cscs/lhulsbergen/llr40_dace/emit/tsvc_2_s252/canon_new/src/cpu/canon_cpu.cpp -o /dev/null -fopt-info-vec-all=/capstor/scratch/cscs/lhulsbergen/llr40_dace/vec/reports/tsvc_2_s252.canon_new.g++-13.bonsall.all
tsvc_2_s252,canon,new,g++-13,unsafe,True,1,canon_cpu.cpp:38,0,,,g++-13 -O3 -std=c++20 -fPIC -fno-math-errno -ffinite-math-only -fno-signaling-nans -fstrict-aliasing -faligned-new -fvect-cost-model=unlimited -fopenmp -funsafe-math-optimizations -I/capstor/scratch/cscs/lhulsbergen/venv_dace5cf/lib/python3.12/site-packages/dace/runtime/include -c /capstor/scratch/cscs/lhulsbergen/llr40_dace/emit/tsvc_2_s252/canon_new/src/cpu/canon_cpu.cpp -o /dev/null -fopt-info-vec-all=/capstor/scratch/cscs/lhulsbergen/llr40_dace/vec/reports/tsvc_2_s252.canon_new.g++-13.unsafe.all
tsvc_2_s252,canon,new,g++-13,harness,True,1,canon_cpu.cpp:38,1,canon_cpu.cpp:33,,g++-13 -march=native -fopenmp -fno-math-errno -fno-trapping-math -fno-signed-zeros -ffp-contract=fast -fstrict-aliasing -include /capstor/scratch/cscs/lhulsbergen/HPCAgent-Bench-dace/hpcagent_bench/envs/vecmath.h -Wall -Wextra -O3 -fPIC -fopenmp -std=c++20 -I/capstor/scratch/cscs/lhulsbergen/venv_dace5cf/lib/python3.12/site-packages/dace/runtime/include -c /capstor/scratch/cscs/lhulsbergen/llr40_dace/emit/tsvc_2_s252/canon_new/src/cpu/canon_cpu.cpp -o /dev/null -fopt-info-vec-all=/capstor/scratch/cscs/lhulsbergen/llr40_dace/vec/reports/tsvc_2_s252.canon_new.g++-13.harness.all
tsvc_2_s252,canon,new,g++-14,bonsall,True,1,canon_cpu.cpp:38,0,,,g++-14 -O3 -std=c++20 -fPIC -fno-math-errno -ffinite-math-only -fno-signaling-nans -fstrict-aliasing -faligned-new -fvect-cost-model=unlimited -fopenmp -I/capstor/scratch/cscs/lhulsbergen/venv_dace5cf/lib/python3.12/site-packages/dace/runtime/include -c /capstor/scratch/cscs/lhulsbergen/llr40_dace/emit/tsvc_2_s252/canon_new/src/cpu/canon_cpu.cpp -o /dev/null -fopt-info-vec-all=/capstor/scratch/cscs/lhulsbergen/llr40_dace/vec/reports/tsvc_2_s252.canon_new.g++-14.bonsall.all
tsvc_2_s252,canon,new,g++-14,unsafe,True,1,canon_cpu.cpp:38,0,,,g++-14 -O3 -std=c++20 -fPIC -fno-math-errno -ffinite-math-only -fno-signaling-nans -fstrict-aliasing -faligned-new -fvect-cost-model=unlimited -fopenmp -funsafe-math-optimizations -I/capstor/scratch/cscs/lhulsbergen/venv_dace5cf/lib/python3.12/site-packages/dace/runtime/include -c /capstor/scratch/cscs/lhulsbergen/llr40_dace/emit/tsvc_2_s252/canon_new/src/cpu/canon_cpu.cpp -o /dev/null -fopt-info-vec-all=/capstor/scratch/cscs/lhulsbergen/llr40_dace/vec/reports/tsvc_2_s252.canon_new.g++-14.unsafe.all
tsvc_2_s252,canon,new,g++-14,harness,True,1,canon_cpu.cpp:38,1,canon_cpu.cpp:33,,g++-14 -march=native -fopenmp -fno-math-errno -fno-trapping-math -fno-signed-zeros -ffp-contract=fast -fstrict-aliasing -include /capstor/scratch/cscs/lhulsbergen/HPCAgent-Bench-dace/hpcagent_bench/envs/vecmath.h -Wall -Wextra -O3 -fPIC -fopenmp -std=c++20 -I/capstor/scratch/cscs/lhulsbergen/venv_dace5cf/lib/python3.12/site-packages/dace/runtime/include -c /capstor/scratch/cscs/lhulsbergen/llr40_dace/emit/tsvc_2_s252/canon_new/src/cpu/canon_cpu.cpp -o /dev/null -fopt-info-vec-all=/capstor/scratch/cscs/lhulsbergen/llr40_dace/vec/reports/tsvc_2_s252.canon_new.g++-14.harness.all
tsvc_2_s252,canon,old,g++-13,bonsall,True,1,canon_cpu.cpp:71,0,,,g++-13 -O3 -std=c++20 -fPIC -fno-math-errno -ffinite-math-only -fno-signaling-nans -fstrict-aliasing -faligned-new -fvect-cost-model=unlimited -fopenmp -I/capstor/scratch/cscs/lhulsbergen/venv_dace5cf/lib/python3.12/site-packages/dace/runtime/include -c /capstor/scratch/cscs/lhulsbergen/llr40_dace/emit/tsvc_2_s252/canon_old/src/cpu/canon_cpu.cpp -o /dev/null -fopt-info-vec-all=/capstor/scratch/cscs/lhulsbergen/llr40_dace/vec/reports/tsvc_2_s252.canon_old.g++-13.bonsall.all
tsvc_2_s252,canon,old,g++-13,unsafe,True,1,canon_cpu.cpp:71,0,,,g++-13 -O3 -std=c++20 -fPIC -fno-math-errno -ffinite-math-only -fno-signaling-nans -fstrict-aliasing -faligned-new -fvect-cost-model=unlimited -fopenmp -funsafe-math-optimizations -I/capstor/scratch/cscs/lhulsbergen/venv_dace5cf/lib/python3.12/site-packages/dace/runtime/include -c /capstor/scratch/cscs/lhulsbergen/llr40_dace/emit/tsvc_2_s252/canon_old/src/cpu/canon_cpu.cpp -o /dev/null -fopt-info-vec-all=/capstor/scratch/cscs/lhulsbergen/llr40_dace/vec/reports/tsvc_2_s252.canon_old.g++-13.unsafe.all
tsvc_2_s252,canon,old,g++-13,harness,True,1,canon_cpu.cpp:71,1,canon_cpu.cpp:65,,g++-13 -march=native -fopenmp -fno-math-errno -fno-trapping-math -fno-signed-zeros -ffp-contract=fast -fstrict-aliasing -include /capstor/scratch/cscs/lhulsbergen/HPCAgent-Bench-dace/hpcagent_bench/envs/vecmath.h -Wall -Wextra -O3 -fPIC -fopenmp -std=c++20 -I/capstor/scratch/cscs/lhulsbergen/venv_dace5cf/lib/python3.12/site-packages/dace/runtime/include -c /capstor/scratch/cscs/lhulsbergen/llr40_dace/emit/tsvc_2_s252/canon_old/src/cpu/canon_cpu.cpp -o /dev/null -fopt-info-vec-all=/capstor/scratch/cscs/lhulsbergen/llr40_dace/vec/reports/tsvc_2_s252.canon_old.g++-13.harness.all
tsvc_2_s252,canon,old,g++-14,bonsall,True,1,canon_cpu.cpp:71,0,,,g++-14 -O3 -std=c++20 -fPIC -fno-math-errno -ffinite-math-only -fno-signaling-nans -fstrict-aliasing -faligned-new -fvect-cost-model=unlimited -fopenmp -I/capstor/scratch/cscs/lhulsbergen/venv_dace5cf/lib/python3.12/site-packages/dace/runtime/include -c /capstor/scratch/cscs/lhulsbergen/llr40_dace/emit/tsvc_2_s252/canon_old/src/cpu/canon_cpu.cpp -o /dev/null -fopt-info-vec-all=/capstor/scratch/cscs/lhulsbergen/llr40_dace/vec/reports/tsvc_2_s252.canon_old.g++-14.bonsall.all
tsvc_2_s252,canon,old,g++-14,unsafe,True,1,canon_cpu.cpp:71,0,,,g++-14 -O3 -std=c++20 -fPIC -fno-math-errno -ffinite-math-only -fno-signaling-nans -fstrict-aliasing -faligned-new -fvect-cost-model=unlimited -fopenmp -funsafe-math-optimizations -I/capstor/scratch/cscs/lhulsbergen/venv_dace5cf/lib/python3.12/site-packages/dace/runtime/include -c /capstor/scratch/cscs/lhulsbergen/llr40_dace/emit/tsvc_2_s252/canon_old/src/cpu/canon_cpu.cpp -o /dev/null -fopt-info-vec-all=/capstor/scratch/cscs/lhulsbergen/llr40_dace/vec/reports/tsvc_2_s252.canon_old.g++-14.unsafe.all
tsvc_2_s252,canon,old,g++-14,harness,True,1,canon_cpu.cpp:71,1,canon_cpu.cpp:65,,g++-14 -march=native -fopenmp -fno-math-errno -fno-trapping-math -fno-signed-zeros -ffp-contract=fast -fstrict-aliasing -include /capstor/scratch/cscs/lhulsbergen/HPCAgent-Bench-dace/hpcagent_bench/envs/vecmath.h -Wall -Wextra -O3 -fPIC -fopenmp -std=c++20 -I/capstor/scratch/cscs/lhulsbergen/venv_dace5cf/lib/python3.12/site-packages/dace/runtime/include -c /capstor/scratch/cscs/lhulsbergen/llr40_dace/emit/tsvc_2_s252/canon_old/src/cpu/canon_cpu.cpp -o /dev/null -fopt-info-vec-all=/capstor/scratch/cscs/lhulsbergen/llr40_dace/vec/reports/tsvc_2_s252.canon_old.g++-14.harness.all
tsvc_2_s252,none,legacy,g++-13,bonsall,True,0,,2,canon_cpu.cpp:34 canon_cpu.cpp:78,,g++-13 -O3 -std=c++20 -fPIC -fno-math-errno -ffinite-math-only -fno-signaling-nans -fstrict-aliasing -faligned-new -fvect-cost-model=unlimited -fopenmp -I/capstor/scratch/cscs/lhulsbergen/venv_dace5cf/lib/python3.12/site-packages/dace/runtime/include -c /capstor/scratch/cscs/lhulsbergen/llr40_dace/emit/tsvc_2_s252/none_legacy/src/cpu/canon_cpu.cpp -o /dev/null -fopt-info-vec-all=/capstor/scratch/cscs/lhulsbergen/llr40_dace/vec/reports/tsvc_2_s252.none_legacy.g++-13.bonsall.all
tsvc_2_s252,none,legacy,g++-13,unsafe,True,0,,1,canon_cpu.cpp:34,,g++-13 -O3 -std=c++20 -fPIC -fno-math-errno -ffinite-math-only -fno-signaling-nans -fstrict-aliasing -faligned-new -fvect-cost-model=unlimited -fopenmp -funsafe-math-optimizations -I/capstor/scratch/cscs/lhulsbergen/venv_dace5cf/lib/python3.12/site-packages/dace/runtime/include -c /capstor/scratch/cscs/lhulsbergen/llr40_dace/emit/tsvc_2_s252/none_legacy/src/cpu/canon_cpu.cpp -o /dev/null -fopt-info-vec-all=/capstor/scratch/cscs/lhulsbergen/llr40_dace/vec/reports/tsvc_2_s252.none_legacy.g++-13.unsafe.all
tsvc_2_s252,none,legacy,g++-13,harness,True,0,,2,canon_cpu.cpp:34 canon_cpu.cpp:9,,g++-13 -march=native -fopenmp -fno-math-errno -fno-trapping-math -fno-signed-zeros -ffp-contract=fast -fstrict-aliasing -include /capstor/scratch/cscs/lhulsbergen/HPCAgent-Bench-dace/hpcagent_bench/envs/vecmath.h -Wall -Wextra -O3 -fPIC -fopenmp -std=c++20 -I/capstor/scratch/cscs/lhulsbergen/venv_dace5cf/lib/python3.12/site-packages/dace/runtime/include -c /capstor/scratch/cscs/lhulsbergen/llr40_dace/emit/tsvc_2_s252/none_legacy/src/cpu/canon_cpu.cpp -o /dev/null -fopt-info-vec-all=/capstor/scratch/cscs/lhulsbergen/llr40_dace/vec/reports/tsvc_2_s252.none_legacy.g++-13.harness.all
tsvc_2_s252,none,legacy,g++-14,bonsall,True,0,,2,canon_cpu.cpp:34 canon_cpu.cpp:78,,g++-14 -O3 -std=c++20 -fPIC -fno-math-errno -ffinite-math-only -fno-signaling-nans -fstrict-aliasing -faligned-new -fvect-cost-model=unlimited -fopenmp -I/capstor/scratch/cscs/lhulsbergen/venv_dace5cf/lib/python3.12/site-packages/dace/runtime/include -c /capstor/scratch/cscs/lhulsbergen/llr40_dace/emit/tsvc_2_s252/none_legacy/src/cpu/canon_cpu.cpp -o /dev/null -fopt-info-vec-all=/capstor/scratch/cscs/lhulsbergen/llr40_dace/vec/reports/tsvc_2_s252.none_legacy.g++-14.bonsall.all
tsvc_2_s252,none,legacy,g++-14,unsafe,True,0,,1,canon_cpu.cpp:34,,g++-14 -O3 -std=c++20 -fPIC -fno-math-errno -ffinite-math-only -fno-signaling-nans -fstrict-aliasing -faligned-new -fvect-cost-model=unlimited -fopenmp -funsafe-math-optimizations -I/capstor/scratch/cscs/lhulsbergen/venv_dace5cf/lib/python3.12/site-packages/dace/runtime/include -c /capstor/scratch/cscs/lhulsbergen/llr40_dace/emit/tsvc_2_s252/none_legacy/src/cpu/canon_cpu.cpp -o /dev/null -fopt-info-vec-all=/capstor/scratch/cscs/lhulsbergen/llr40_dace/vec/reports/tsvc_2_s252.none_legacy.g++-14.unsafe.all
tsvc_2_s252,none,legacy,g++-14,harness,True,0,,2,canon_cpu.cpp:34 canon_cpu.cpp:9,,g++-14 -march=native -fopenmp -fno-math-errno -fno-trapping-math -fno-signed-zeros -ffp-contract=fast -fstrict-aliasing -include /capstor/scratch/cscs/lhulsbergen/HPCAgent-Bench-dace/hpcagent_bench/envs/vecmath.h -Wall -Wextra -O3 -fPIC -fopenmp -std=c++20 -I/capstor/scratch/cscs/lhulsbergen/venv_dace5cf/lib/python3.12/site-packages/dace/runtime/include -c /capstor/scratch/cscs/lhulsbergen/llr40_dace/emit/tsvc_2_s252/none_legacy/src/cpu/canon_cpu.cpp -o /dev/null -fopt-info-vec-all=/capstor/scratch/cscs/lhulsbergen/llr40_dace/vec/reports/tsvc_2_s252.none_legacy.g++-14.harness.all
tsvc_2_s252,none,new,g++-13,bonsall,True,0,,2,canon_cpu.cpp:27 canon_cpu.cpp:33,,g++-13 -O3 -std=c++20 -fPIC -fno-math-errno -ffinite-math-only -fno-signaling-nans -fstrict-aliasing -faligned-new -fvect-cost-model=unlimited -fopenmp -I/capstor/scratch/cscs/lhulsbergen/venv_dace5cf/lib/python3.12/site-packages/dace/runtime/include -c /capstor/scratch/cscs/lhulsbergen/llr40_dace/emit/tsvc_2_s252/none_new/src/cpu/canon_cpu.cpp -o /dev/null -fopt-info-vec-all=/capstor/scratch/cscs/lhulsbergen/llr40_dace/vec/reports/tsvc_2_s252.none_new.g++-13.bonsall.all
tsvc_2_s252,none,new,g++-13,unsafe,True,0,,1,canon_cpu.cpp:27,,g++-13 -O3 -std=c++20 -fPIC -fno-math-errno -ffinite-math-only -fno-signaling-nans -fstrict-aliasing -faligned-new -fvect-cost-model=unlimited -fopenmp -funsafe-math-optimizations -I/capstor/scratch/cscs/lhulsbergen/venv_dace5cf/lib/python3.12/site-packages/dace/runtime/include -c /capstor/scratch/cscs/lhulsbergen/llr40_dace/emit/tsvc_2_s252/none_new/src/cpu/canon_cpu.cpp -o /dev/null -fopt-info-vec-all=/capstor/scratch/cscs/lhulsbergen/llr40_dace/vec/reports/tsvc_2_s252.none_new.g++-13.unsafe.all
tsvc_2_s252,none,new,g++-13,harness,True,0,,2,canon_cpu.cpp:12 canon_cpu.cpp:27,,g++-13 -march=native -fopenmp -fno-math-errno -fno-trapping-math -fno-signed-zeros -ffp-contract=fast -fstrict-aliasing -include /capstor/scratch/cscs/lhulsbergen/HPCAgent-Bench-dace/hpcagent_bench/envs/vecmath.h -Wall -Wextra -O3 -fPIC -fopenmp -std=c++20 -I/capstor/scratch/cscs/lhulsbergen/venv_dace5cf/lib/python3.12/site-packages/dace/runtime/include -c /capstor/scratch/cscs/lhulsbergen/llr40_dace/emit/tsvc_2_s252/none_new/src/cpu/canon_cpu.cpp -o /dev/null -fopt-info-vec-all=/capstor/scratch/cscs/lhulsbergen/llr40_dace/vec/reports/tsvc_2_s252.none_new.g++-13.harness.all
tsvc_2_s252,none,new,g++-14,bonsall,True,0,,2,canon_cpu.cpp:27 canon_cpu.cpp:33,,g++-14 -O3 -std=c++20 -fPIC -fno-math-errno -ffinite-math-only -fno-signaling-nans -fstrict-aliasing -faligned-new -fvect-cost-model=unlimited -fopenmp -I/capstor/scratch/cscs/lhulsbergen/venv_dace5cf/lib/python3.12/site-packages/dace/runtime/include -c /capstor/scratch/cscs/lhulsbergen/llr40_dace/emit/tsvc_2_s252/none_new/src/cpu/canon_cpu.cpp -o /dev/null -fopt-info-vec-all=/capstor/scratch/cscs/lhulsbergen/llr40_dace/vec/reports/tsvc_2_s252.none_new.g++-14.bonsall.all
tsvc_2_s252,none,new,g++-14,unsafe,True,0,,1,canon_cpu.cpp:27,,g++-14 -O3 -std=c++20 -fPIC -fno-math-errno -ffinite-math-only -fno-signaling-nans -fstrict-aliasing -faligned-new -fvect-cost-model=unlimited -fopenmp -funsafe-math-optimizations -I/capstor/scratch/cscs/lhulsbergen/venv_dace5cf/lib/python3.12/site-packages/dace/runtime/include -c /capstor/scratch/cscs/lhulsbergen/llr40_dace/emit/tsvc_2_s252/none_new/src/cpu/canon_cpu.cpp -o /dev/null -fopt-info-vec-all=/capstor/scratch/cscs/lhulsbergen/llr40_dace/vec/reports/tsvc_2_s252.none_new.g++-14.unsafe.all
tsvc_2_s252,none,new,g++-14,harness,True,0,,2,canon_cpu.cpp:12 canon_cpu.cpp:27,,g++-14 -march=native -fopenmp -fno-math-errno -fno-trapping-math -fno-signed-zeros -ffp-contract=fast -fstrict-aliasing -include /capstor/scratch/cscs/lhulsbergen/HPCAgent-Bench-dace/hpcagent_bench/envs/vecmath.h -Wall -Wextra -O3 -fPIC -fopenmp -std=c++20 -I/capstor/scratch/cscs/lhulsbergen/venv_dace5cf/lib/python3.12/site-packages/dace/runtime/include -c /capstor/scratch/cscs/lhulsbergen/llr40_dace/emit/tsvc_2_s252/none_new/src/cpu/canon_cpu.cpp -o /dev/null -fopt-info-vec-all=/capstor/scratch/cscs/lhulsbergen/llr40_dace/vec/reports/tsvc_2_s252.none_new.g++-14.harness.all
tsvc_2_s252,none,old,g++-13,bonsall,True,0,,2,canon_cpu.cpp:34 canon_cpu.cpp:62,,g++-13 -O3 -std=c++20 -fPIC -fno-math-errno -ffinite-math-only -fno-signaling-nans -fstrict-aliasing -faligned-new -fvect-cost-model=unlimited -fopenmp -I/capstor/scratch/cscs/lhulsbergen/venv_dace5cf/lib/python3.12/site-packages/dace/runtime/include -c /capstor/scratch/cscs/lhulsbergen/llr40_dace/emit/tsvc_2_s252/none_old/src/cpu/canon_cpu.cpp -o /dev/null -fopt-info-vec-all=/capstor/scratch/cscs/lhulsbergen/llr40_dace/vec/reports/tsvc_2_s252.none_old.g++-13.bonsall.all
tsvc_2_s252,none,old,g++-13,unsafe,True,0,,1,canon_cpu.cpp:34,,g++-13 -O3 -std=c++20 -fPIC -fno-math-errno -ffinite-math-only -fno-signaling-nans -fstrict-aliasing -faligned-new -fvect-cost-model=unlimited -fopenmp -funsafe-math-optimizations -I/capstor/scratch/cscs/lhulsbergen/venv_dace5cf/lib/python3.12/site-packages/dace/runtime/include -c /capstor/scratch/cscs/lhulsbergen/llr40_dace/emit/tsvc_2_s252/none_old/src/cpu/canon_cpu.cpp -o /dev/null -fopt-info-vec-all=/capstor/scratch/cscs/lhulsbergen/llr40_dace/vec/reports/tsvc_2_s252.none_old.g++-13.unsafe.all
tsvc_2_s252,none,old,g++-13,harness,True,0,,2,canon_cpu.cpp:34 canon_cpu.cpp:9,,g++-13 -march=native -fopenmp -fno-math-errno -fno-trapping-math -fno-signed-zeros -ffp-contract=fast -fstrict-aliasing -include /capstor/scratch/cscs/lhulsbergen/HPCAgent-Bench-dace/hpcagent_bench/envs/vecmath.h -Wall -Wextra -O3 -fPIC -fopenmp -std=c++20 -I/capstor/scratch/cscs/lhulsbergen/venv_dace5cf/lib/python3.12/site-packages/dace/runtime/include -c /capstor/scratch/cscs/lhulsbergen/llr40_dace/emit/tsvc_2_s252/none_old/src/cpu/canon_cpu.cpp -o /dev/null -fopt-info-vec-all=/capstor/scratch/cscs/lhulsbergen/llr40_dace/vec/reports/tsvc_2_s252.none_old.g++-13.harness.all
tsvc_2_s252,none,old,g++-14,bonsall,True,0,,2,canon_cpu.cpp:34 canon_cpu.cpp:62,,g++-14 -O3 -std=c++20 -fPIC -fno-math-errno -ffinite-math-only -fno-signaling-nans -fstrict-aliasing -faligned-new -fvect-cost-model=unlimited -fopenmp -I/capstor/scratch/cscs/lhulsbergen/venv_dace5cf/lib/python3.12/site-packages/dace/runtime/include -c /capstor/scratch/cscs/lhulsbergen/llr40_dace/emit/tsvc_2_s252/none_old/src/cpu/canon_cpu.cpp -o /dev/null -fopt-info-vec-all=/capstor/scratch/cscs/lhulsbergen/llr40_dace/vec/reports/tsvc_2_s252.none_old.g++-14.bonsall.all
tsvc_2_s252,none,old,g++-14,unsafe,True,0,,1,canon_cpu.cpp:34,,g++-14 -O3 -std=c++20 -fPIC -fno-math-errno -ffinite-math-only -fno-signaling-nans -fstrict-aliasing -faligned-new -fvect-cost-model=unlimited -fopenmp -funsafe-math-optimizations -I/capstor/scratch/cscs/lhulsbergen/venv_dace5cf/lib/python3.12/site-packages/dace/runtime/include -c /capstor/scratch/cscs/lhulsbergen/llr40_dace/emit/tsvc_2_s252/none_old/src/cpu/canon_cpu.cpp -o /dev/null -fopt-info-vec-all=/capstor/scratch/cscs/lhulsbergen/llr40_dace/vec/reports/tsvc_2_s252.none_old.g++-14.unsafe.all
tsvc_2_s252,none,old,g++-14,harness,True,0,,2,canon_cpu.cpp:34 canon_cpu.cpp:9,,g++-14 -march=native -fopenmp -fno-math-errno -fno-trapping-math -fno-signed-zeros -ffp-contract=fast -fstrict-aliasing -include /capstor/scratch/cscs/lhulsbergen/HPCAgent-Bench-dace/hpcagent_bench/envs/vecmath.h -Wall -Wextra -O3 -fPIC -fopenmp -std=c++20 -I/capstor/scratch/cscs/lhulsbergen/venv_dace5cf/lib/python3.12/site-packages/dace/runtime/include -c /capstor/scratch/cscs/lhulsbergen/llr40_dace/emit/tsvc_2_s252/none_old/src/cpu/canon_cpu.cpp -o /dev/null -fopt-info-vec-all=/capstor/scratch/cscs/lhulsbergen/llr40_dace/vec/reports/tsvc_2_s252.none_old.g++-14.harness.all
tsvc_2_s255,canon,legacy,g++-13,bonsall,True,1,canon_cpu.cpp:166,0,,,g++-13 -O3 -std=c++20 -fPIC -fno-math-errno -ffinite-math-only -fno-signaling-nans -fstrict-aliasing -faligned-new -fvect-cost-model=unlimited -fopenmp -I/capstor/scratch/cscs/lhulsbergen/venv_dace5cf/lib/python3.12/site-packages/dace/runtime/include -c /capstor/scratch/cscs/lhulsbergen/llr40_dace/emit/tsvc_2_s255/canon_legacy/src/cpu/canon_cpu.cpp -o /dev/null -fopt-info-vec-all=/capstor/scratch/cscs/lhulsbergen/llr40_dace/vec/reports/tsvc_2_s255.canon_legacy.g++-13.bonsall.all
tsvc_2_s255,canon,legacy,g++-13,unsafe,True,1,canon_cpu.cpp:166,0,,,g++-13 -O3 -std=c++20 -fPIC -fno-math-errno -ffinite-math-only -fno-signaling-nans -fstrict-aliasing -faligned-new -fvect-cost-model=unlimited -fopenmp -funsafe-math-optimizations -I/capstor/scratch/cscs/lhulsbergen/venv_dace5cf/lib/python3.12/site-packages/dace/runtime/include -c /capstor/scratch/cscs/lhulsbergen/llr40_dace/emit/tsvc_2_s255/canon_legacy/src/cpu/canon_cpu.cpp -o /dev/null -fopt-info-vec-all=/capstor/scratch/cscs/lhulsbergen/llr40_dace/vec/reports/tsvc_2_s255.canon_legacy.g++-13.unsafe.all
tsvc_2_s255,canon,legacy,g++-13,harness,True,1,canon_cpu.cpp:166,1,canon_cpu.cpp:159,,g++-13 -march=native -fopenmp -fno-math-errno -fno-trapping-math -fno-signed-zeros -ffp-contract=fast -fstrict-aliasing -include /capstor/scratch/cscs/lhulsbergen/HPCAgent-Bench-dace/hpcagent_bench/envs/vecmath.h -Wall -Wextra -O3 -fPIC -fopenmp -std=c++20 -I/capstor/scratch/cscs/lhulsbergen/venv_dace5cf/lib/python3.12/site-packages/dace/runtime/include -c /capstor/scratch/cscs/lhulsbergen/llr40_dace/emit/tsvc_2_s255/canon_legacy/src/cpu/canon_cpu.cpp -o /dev/null -fopt-info-vec-all=/capstor/scratch/cscs/lhulsbergen/llr40_dace/vec/reports/tsvc_2_s255.canon_legacy.g++-13.harness.all
tsvc_2_s255,canon,legacy,g++-14,bonsall,True,1,canon_cpu.cpp:166,0,,,g++-14 -O3 -std=c++20 -fPIC -fno-math-errno -ffinite-math-only -fno-signaling-nans -fstrict-aliasing -faligned-new -fvect-cost-model=unlimited -fopenmp -I/capstor/scratch/cscs/lhulsbergen/venv_dace5cf/lib/python3.12/site-packages/dace/runtime/include -c /capstor/scratch/cscs/lhulsbergen/llr40_dace/emit/tsvc_2_s255/canon_legacy/src/cpu/canon_cpu.cpp -o /dev/null -fopt-info-vec-all=/capstor/scratch/cscs/lhulsbergen/llr40_dace/vec/reports/tsvc_2_s255.canon_legacy.g++-14.bonsall.all
tsvc_2_s255,canon,legacy,g++-14,unsafe,True,1,canon_cpu.cpp:166,0,,,g++-14 -O3 -std=c++20 -fPIC -fno-math-errno -ffinite-math-only -fno-signaling-nans -fstrict-aliasing -faligned-new -fvect-cost-model=unlimited -fopenmp -funsafe-math-optimizations -I/capstor/scratch/cscs/lhulsbergen/venv_dace5cf/lib/python3.12/site-packages/dace/runtime/include -c /capstor/scratch/cscs/lhulsbergen/llr40_dace/emit/tsvc_2_s255/canon_legacy/src/cpu/canon_cpu.cpp -o /dev/null -fopt-info-vec-all=/capstor/scratch/cscs/lhulsbergen/llr40_dace/vec/reports/tsvc_2_s255.canon_legacy.g++-14.unsafe.all
tsvc_2_s255,canon,legacy,g++-14,harness,True,1,canon_cpu.cpp:166,2,canon_cpu.cpp:159 canon_cpu.cpp:88,,g++-14 -march=native -fopenmp -fno-math-errno -fno-trapping-math -fno-signed-zeros -ffp-contract=fast -fstrict-aliasing -include /capstor/scratch/cscs/lhulsbergen/HPCAgent-Bench-dace/hpcagent_bench/envs/vecmath.h -Wall -Wextra -O3 -fPIC -fopenmp -std=c++20 -I/capstor/scratch/cscs/lhulsbergen/venv_dace5cf/lib/python3.12/site-packages/dace/runtime/include -c /capstor/scratch/cscs/lhulsbergen/llr40_dace/emit/tsvc_2_s255/canon_legacy/src/cpu/canon_cpu.cpp -o /dev/null -fopt-info-vec-all=/capstor/scratch/cscs/lhulsbergen/llr40_dace/vec/reports/tsvc_2_s255.canon_legacy.g++-14.harness.all
tsvc_2_s255,canon,new,g++-13,bonsall,True,1,canon_cpu.cpp:56,0,,,g++-13 -O3 -std=c++20 -fPIC -fno-math-errno -ffinite-math-only -fno-signaling-nans -fstrict-aliasing -faligned-new -fvect-cost-model=unlimited -fopenmp -I/capstor/scratch/cscs/lhulsbergen/venv_dace5cf/lib/python3.12/site-packages/dace/runtime/include -c /capstor/scratch/cscs/lhulsbergen/llr40_dace/emit/tsvc_2_s255/canon_new/src/cpu/canon_cpu.cpp -o /dev/null -fopt-info-vec-all=/capstor/scratch/cscs/lhulsbergen/llr40_dace/vec/reports/tsvc_2_s255.canon_new.g++-13.bonsall.all
tsvc_2_s255,canon,new,g++-13,unsafe,True,1,canon_cpu.cpp:56,0,,,g++-13 -O3 -std=c++20 -fPIC -fno-math-errno -ffinite-math-only -fno-signaling-nans -fstrict-aliasing -faligned-new -fvect-cost-model=unlimited -fopenmp -funsafe-math-optimizations -I/capstor/scratch/cscs/lhulsbergen/venv_dace5cf/lib/python3.12/site-packages/dace/runtime/include -c /capstor/scratch/cscs/lhulsbergen/llr40_dace/emit/tsvc_2_s255/canon_new/src/cpu/canon_cpu.cpp -o /dev/null -fopt-info-vec-all=/capstor/scratch/cscs/lhulsbergen/llr40_dace/vec/reports/tsvc_2_s255.canon_new.g++-13.unsafe.all
tsvc_2_s255,canon,new,g++-13,harness,True,1,canon_cpu.cpp:56,1,canon_cpu.cpp:50,,g++-13 -march=native -fopenmp -fno-math-errno -fno-trapping-math -fno-signed-zeros -ffp-contract=fast -fstrict-aliasing -include /capstor/scratch/cscs/lhulsbergen/HPCAgent-Bench-dace/hpcagent_bench/envs/vecmath.h -Wall -Wextra -O3 -fPIC -fopenmp -std=c++20 -I/capstor/scratch/cscs/lhulsbergen/venv_dace5cf/lib/python3.12/site-packages/dace/runtime/include -c /capstor/scratch/cscs/lhulsbergen/llr40_dace/emit/tsvc_2_s255/canon_new/src/cpu/canon_cpu.cpp -o /dev/null -fopt-info-vec-all=/capstor/scratch/cscs/lhulsbergen/llr40_dace/vec/reports/tsvc_2_s255.canon_new.g++-13.harness.all
tsvc_2_s255,canon,new,g++-14,bonsall,True,1,canon_cpu.cpp:56,0,,,g++-14 -O3 -std=c++20 -fPIC -fno-math-errno -ffinite-math-only -fno-signaling-nans -fstrict-aliasing -faligned-new -fvect-cost-model=unlimited -fopenmp -I/capstor/scratch/cscs/lhulsbergen/venv_dace5cf/lib/python3.12/site-packages/dace/runtime/include -c /capstor/scratch/cscs/lhulsbergen/llr40_dace/emit/tsvc_2_s255/canon_new/src/cpu/canon_cpu.cpp -o /dev/null -fopt-info-vec-all=/capstor/scratch/cscs/lhulsbergen/llr40_dace/vec/reports/tsvc_2_s255.canon_new.g++-14.bonsall.all
tsvc_2_s255,canon,new,g++-14,unsafe,True,1,canon_cpu.cpp:56,0,,,g++-14 -O3 -std=c++20 -fPIC -fno-math-errno -ffinite-math-only -fno-signaling-nans -fstrict-aliasing -faligned-new -fvect-cost-model=unlimited -fopenmp -funsafe-math-optimizations -I/capstor/scratch/cscs/lhulsbergen/venv_dace5cf/lib/python3.12/site-packages/dace/runtime/include -c /capstor/scratch/cscs/lhulsbergen/llr40_dace/emit/tsvc_2_s255/canon_new/src/cpu/canon_cpu.cpp -o /dev/null -fopt-info-vec-all=/capstor/scratch/cscs/lhulsbergen/llr40_dace/vec/reports/tsvc_2_s255.canon_new.g++-14.unsafe.all
tsvc_2_s255,canon,new,g++-14,harness,True,1,canon_cpu.cpp:56,2,canon_cpu.cpp:34 canon_cpu.cpp:50,,g++-14 -march=native -fopenmp -fno-math-errno -fno-trapping-math -fno-signed-zeros -ffp-contract=fast -fstrict-aliasing -include /capstor/scratch/cscs/lhulsbergen/HPCAgent-Bench-dace/hpcagent_bench/envs/vecmath.h -Wall -Wextra -O3 -fPIC -fopenmp -std=c++20 -I/capstor/scratch/cscs/lhulsbergen/venv_dace5cf/lib/python3.12/site-packages/dace/runtime/include -c /capstor/scratch/cscs/lhulsbergen/llr40_dace/emit/tsvc_2_s255/canon_new/src/cpu/canon_cpu.cpp -o /dev/null -fopt-info-vec-all=/capstor/scratch/cscs/lhulsbergen/llr40_dace/vec/reports/tsvc_2_s255.canon_new.g++-14.harness.all
tsvc_2_s255,canon,old,g++-13,bonsall,True,1,canon_cpu.cpp:166,0,,,g++-13 -O3 -std=c++20 -fPIC -fno-math-errno -ffinite-math-only -fno-signaling-nans -fstrict-aliasing -faligned-new -fvect-cost-model=unlimited -fopenmp -I/capstor/scratch/cscs/lhulsbergen/venv_dace5cf/lib/python3.12/site-packages/dace/runtime/include -c /capstor/scratch/cscs/lhulsbergen/llr40_dace/emit/tsvc_2_s255/canon_old/src/cpu/canon_cpu.cpp -o /dev/null -fopt-info-vec-all=/capstor/scratch/cscs/lhulsbergen/llr40_dace/vec/reports/tsvc_2_s255.canon_old.g++-13.bonsall.all
tsvc_2_s255,canon,old,g++-13,unsafe,True,1,canon_cpu.cpp:166,0,,,g++-13 -O3 -std=c++20 -fPIC -fno-math-errno -ffinite-math-only -fno-signaling-nans -fstrict-aliasing -faligned-new -fvect-cost-model=unlimited -fopenmp -funsafe-math-optimizations -I/capstor/scratch/cscs/lhulsbergen/venv_dace5cf/lib/python3.12/site-packages/dace/runtime/include -c /capstor/scratch/cscs/lhulsbergen/llr40_dace/emit/tsvc_2_s255/canon_old/src/cpu/canon_cpu.cpp -o /dev/null -fopt-info-vec-all=/capstor/scratch/cscs/lhulsbergen/llr40_dace/vec/reports/tsvc_2_s255.canon_old.g++-13.unsafe.all
tsvc_2_s255,canon,old,g++-13,harness,True,1,canon_cpu.cpp:166,1,canon_cpu.cpp:159,,g++-13 -march=native -fopenmp -fno-math-errno -fno-trapping-math -fno-signed-zeros -ffp-contract=fast -fstrict-aliasing -include /capstor/scratch/cscs/lhulsbergen/HPCAgent-Bench-dace/hpcagent_bench/envs/vecmath.h -Wall -Wextra -O3 -fPIC -fopenmp -std=c++20 -I/capstor/scratch/cscs/lhulsbergen/venv_dace5cf/lib/python3.12/site-packages/dace/runtime/include -c /capstor/scratch/cscs/lhulsbergen/llr40_dace/emit/tsvc_2_s255/canon_old/src/cpu/canon_cpu.cpp -o /dev/null -fopt-info-vec-all=/capstor/scratch/cscs/lhulsbergen/llr40_dace/vec/reports/tsvc_2_s255.canon_old.g++-13.harness.all
tsvc_2_s255,canon,old,g++-14,bonsall,True,1,canon_cpu.cpp:166,0,,,g++-14 -O3 -std=c++20 -fPIC -fno-math-errno -ffinite-math-only -fno-signaling-nans -fstrict-aliasing -faligned-new -fvect-cost-model=unlimited -fopenmp -I/capstor/scratch/cscs/lhulsbergen/venv_dace5cf/lib/python3.12/site-packages/dace/runtime/include -c /capstor/scratch/cscs/lhulsbergen/llr40_dace/emit/tsvc_2_s255/canon_old/src/cpu/canon_cpu.cpp -o /dev/null -fopt-info-vec-all=/capstor/scratch/cscs/lhulsbergen/llr40_dace/vec/reports/tsvc_2_s255.canon_old.g++-14.bonsall.all
tsvc_2_s255,canon,old,g++-14,unsafe,True,1,canon_cpu.cpp:166,0,,,g++-14 -O3 -std=c++20 -fPIC -fno-math-errno -ffinite-math-only -fno-signaling-nans -fstrict-aliasing -faligned-new -fvect-cost-model=unlimited -fopenmp -funsafe-math-optimizations -I/capstor/scratch/cscs/lhulsbergen/venv_dace5cf/lib/python3.12/site-packages/dace/runtime/include -c /capstor/scratch/cscs/lhulsbergen/llr40_dace/emit/tsvc_2_s255/canon_old/src/cpu/canon_cpu.cpp -o /dev/null -fopt-info-vec-all=/capstor/scratch/cscs/lhulsbergen/llr40_dace/vec/reports/tsvc_2_s255.canon_old.g++-14.unsafe.all
tsvc_2_s255,canon,old,g++-14,harness,True,1,canon_cpu.cpp:166,2,canon_cpu.cpp:159 canon_cpu.cpp:88,,g++-14 -march=native -fopenmp -fno-math-errno -fno-trapping-math -fno-signed-zeros -ffp-contract=fast -fstrict-aliasing -include /capstor/scratch/cscs/lhulsbergen/HPCAgent-Bench-dace/hpcagent_bench/envs/vecmath.h -Wall -Wextra -O3 -fPIC -fopenmp -std=c++20 -I/capstor/scratch/cscs/lhulsbergen/venv_dace5cf/lib/python3.12/site-packages/dace/runtime/include -c /capstor/scratch/cscs/lhulsbergen/llr40_dace/emit/tsvc_2_s255/canon_old/src/cpu/canon_cpu.cpp -o /dev/null -fopt-info-vec-all=/capstor/scratch/cscs/lhulsbergen/llr40_dace/vec/reports/tsvc_2_s255.canon_old.g++-14.harness.all
tsvc_2_s255,none,legacy,g++-13,bonsall,True,0,,2,canon_cpu.cpp:48 canon_cpu.cpp:81,,g++-13 -O3 -std=c++20 -fPIC -fno-math-errno -ffinite-math-only -fno-signaling-nans -fstrict-aliasing -faligned-new -fvect-cost-model=unlimited -fopenmp -I/capstor/scratch/cscs/lhulsbergen/venv_dace5cf/lib/python3.12/site-packages/dace/runtime/include -c /capstor/scratch/cscs/lhulsbergen/llr40_dace/emit/tsvc_2_s255/none_legacy/src/cpu/canon_cpu.cpp -o /dev/null -fopt-info-vec-all=/capstor/scratch/cscs/lhulsbergen/llr40_dace/vec/reports/tsvc_2_s255.none_legacy.g++-13.bonsall.all
tsvc_2_s255,none,legacy,g++-13,unsafe,True,0,,2,canon_cpu.cpp:48 canon_cpu.cpp:9,,g++-13 -O3 -std=c++20 -fPIC -fno-math-errno -ffinite-math-only -fno-signaling-nans -fstrict-aliasing -faligned-new -fvect-cost-model=unlimited -fopenmp -funsafe-math-optimizations -I/capstor/scratch/cscs/lhulsbergen/venv_dace5cf/lib/python3.12/site-packages/dace/runtime/include -c /capstor/scratch/cscs/lhulsbergen/llr40_dace/emit/tsvc_2_s255/none_legacy/src/cpu/canon_cpu.cpp -o /dev/null -fopt-info-vec-all=/capstor/scratch/cscs/lhulsbergen/llr40_dace/vec/reports/tsvc_2_s255.none_legacy.g++-13.unsafe.all
tsvc_2_s255,none,legacy,g++-13,harness,True,0,,2,canon_cpu.cpp:48 canon_cpu.cpp:81,,g++-13 -march=native -fopenmp -fno-math-errno -fno-trapping-math -fno-signed-zeros -ffp-contract=fast -fstrict-aliasing -include /capstor/scratch/cscs/lhulsbergen/HPCAgent-Bench-dace/hpcagent_bench/envs/vecmath.h -Wall -Wextra -O3 -fPIC -fopenmp -std=c++20 -I/capstor/scratch/cscs/lhulsbergen/venv_dace5cf/lib/python3.12/site-packages/dace/runtime/include -c /capstor/scratch/cscs/lhulsbergen/llr40_dace/emit/tsvc_2_s255/none_legacy/src/cpu/canon_cpu.cpp -o /dev/null -fopt-info-vec-all=/capstor/scratch/cscs/lhulsbergen/llr40_dace/vec/reports/tsvc_2_s255.none_legacy.g++-13.harness.all
tsvc_2_s255,none,legacy,g++-14,bonsall,True,0,,2,canon_cpu.cpp:48 canon_cpu.cpp:81,,g++-14 -O3 -std=c++20 -fPIC -fno-math-errno -ffinite-math-only -fno-signaling-nans -fstrict-aliasing -faligned-new -fvect-cost-model=unlimited -fopenmp -I/capstor/scratch/cscs/lhulsbergen/venv_dace5cf/lib/python3.12/site-packages/dace/runtime/include -c /capstor/scratch/cscs/lhulsbergen/llr40_dace/emit/tsvc_2_s255/none_legacy/src/cpu/canon_cpu.cpp -o /dev/null -fopt-info-vec-all=/capstor/scratch/cscs/lhulsbergen/llr40_dace/vec/reports/tsvc_2_s255.none_legacy.g++-14.bonsall.all
tsvc_2_s255,none,legacy,g++-14,unsafe,True,0,,2,canon_cpu.cpp:48 canon_cpu.cpp:9,,g++-14 -O3 -std=c++20 -fPIC -fno-math-errno -ffinite-math-only -fno-signaling-nans -fstrict-aliasing -faligned-new -fvect-cost-model=unlimited -fopenmp -funsafe-math-optimizations -I/capstor/scratch/cscs/lhulsbergen/venv_dace5cf/lib/python3.12/site-packages/dace/runtime/include -c /capstor/scratch/cscs/lhulsbergen/llr40_dace/emit/tsvc_2_s255/none_legacy/src/cpu/canon_cpu.cpp -o /dev/null -fopt-info-vec-all=/capstor/scratch/cscs/lhulsbergen/llr40_dace/vec/reports/tsvc_2_s255.none_legacy.g++-14.unsafe.all
tsvc_2_s255,none,legacy,g++-14,harness,True,0,,2,canon_cpu.cpp:48 canon_cpu.cpp:81,,g++-14 -march=native -fopenmp -fno-math-errno -fno-trapping-math -fno-signed-zeros -ffp-contract=fast -fstrict-aliasing -include /capstor/scratch/cscs/lhulsbergen/HPCAgent-Bench-dace/hpcagent_bench/envs/vecmath.h -Wall -Wextra -O3 -fPIC -fopenmp -std=c++20 -I/capstor/scratch/cscs/lhulsbergen/venv_dace5cf/lib/python3.12/site-packages/dace/runtime/include -c /capstor/scratch/cscs/lhulsbergen/llr40_dace/emit/tsvc_2_s255/none_legacy/src/cpu/canon_cpu.cpp -o /dev/null -fopt-info-vec-all=/capstor/scratch/cscs/lhulsbergen/llr40_dace/vec/reports/tsvc_2_s255.none_legacy.g++-14.harness.all
tsvc_2_s255,none,new,g++-13,bonsall,True,0,,2,canon_cpu.cpp:29 canon_cpu.cpp:34,,g++-13 -O3 -std=c++20 -fPIC -fno-math-errno -ffinite-math-only -fno-signaling-nans -fstrict-aliasing -faligned-new -fvect-cost-model=unlimited -fopenmp -I/capstor/scratch/cscs/lhulsbergen/venv_dace5cf/lib/python3.12/site-packages/dace/runtime/include -c /capstor/scratch/cscs/lhulsbergen/llr40_dace/emit/tsvc_2_s255/none_new/src/cpu/canon_cpu.cpp -o /dev/null -fopt-info-vec-all=/capstor/scratch/cscs/lhulsbergen/llr40_dace/vec/reports/tsvc_2_s255.none_new.g++-13.bonsall.all
tsvc_2_s255,none,new,g++-13,unsafe,True,0,,2,canon_cpu.cpp:11 canon_cpu.cpp:29,,g++-13 -O3 -std=c++20 -fPIC -fno-math-errno -ffinite-math-only -fno-signaling-nans -fstrict-aliasing -faligned-new -fvect-cost-model=unlimited -fopenmp -funsafe-math-optimizations -I/capstor/scratch/cscs/lhulsbergen/venv_dace5cf/lib/python3.12/site-packages/dace/runtime/include -c /capstor/scratch/cscs/lhulsbergen/llr40_dace/emit/tsvc_2_s255/none_new/src/cpu/canon_cpu.cpp -o /dev/null -fopt-info-vec-all=/capstor/scratch/cscs/lhulsbergen/llr40_dace/vec/reports/tsvc_2_s255.none_new.g++-13.unsafe.all
tsvc_2_s255,none,new,g++-13,harness,True,0,,2,canon_cpu.cpp:29 canon_cpu.cpp:34,,g++-13 -march=native -fopenmp -fno-math-errno -fno-trapping-math -fno-signed-zeros -ffp-contract=fast -fstrict-aliasing -include /capstor/scratch/cscs/lhulsbergen/HPCAgent-Bench-dace/hpcagent_bench/envs/vecmath.h -Wall -Wextra -O3 -fPIC -fopenmp -std=c++20 -I/capstor/scratch/cscs/lhulsbergen/venv_dace5cf/lib/python3.12/site-packages/dace/runtime/include -c /capstor/scratch/cscs/lhulsbergen/llr40_dace/emit/tsvc_2_s255/none_new/src/cpu/canon_cpu.cpp -o /dev/null -fopt-info-vec-all=/capstor/scratch/cscs/lhulsbergen/llr40_dace/vec/reports/tsvc_2_s255.none_new.g++-13.harness.all
tsvc_2_s255,none,new,g++-14,bonsall,True,0,,2,canon_cpu.cpp:29 canon_cpu.cpp:34,,g++-14 -O3 -std=c++20 -fPIC -fno-math-errno -ffinite-math-only -fno-signaling-nans -fstrict-aliasing -faligned-new -fvect-cost-model=unlimited -fopenmp -I/capstor/scratch/cscs/lhulsbergen/venv_dace5cf/lib/python3.12/site-packages/dace/runtime/include -c /capstor/scratch/cscs/lhulsbergen/llr40_dace/emit/tsvc_2_s255/none_new/src/cpu/canon_cpu.cpp -o /dev/null -fopt-info-vec-all=/capstor/scratch/cscs/lhulsbergen/llr40_dace/vec/reports/tsvc_2_s255.none_new.g++-14.bonsall.all
tsvc_2_s255,none,new,g++-14,unsafe,True,0,,2,canon_cpu.cpp:11 canon_cpu.cpp:29,,g++-14 -O3 -std=c++20 -fPIC -fno-math-errno -ffinite-math-only -fno-signaling-nans -fstrict-aliasing -faligned-new -fvect-cost-model=unlimited -fopenmp -funsafe-math-optimizations -I/capstor/scratch/cscs/lhulsbergen/venv_dace5cf/lib/python3.12/site-packages/dace/runtime/include -c /capstor/scratch/cscs/lhulsbergen/llr40_dace/emit/tsvc_2_s255/none_new/src/cpu/canon_cpu.cpp -o /dev/null -fopt-info-vec-all=/capstor/scratch/cscs/lhulsbergen/llr40_dace/vec/reports/tsvc_2_s255.none_new.g++-14.unsafe.all
tsvc_2_s255,none,new,g++-14,harness,True,0,,2,canon_cpu.cpp:29 canon_cpu.cpp:34,,g++-14 -march=native -fopenmp -fno-math-errno -fno-trapping-math -fno-signed-zeros -ffp-contract=fast -fstrict-aliasing -include /capstor/scratch/cscs/lhulsbergen/HPCAgent-Bench-dace/hpcagent_bench/envs/vecmath.h -Wall -Wextra -O3 -fPIC -fopenmp -std=c++20 -I/capstor/scratch/cscs/lhulsbergen/venv_dace5cf/lib/python3.12/site-packages/dace/runtime/include -c /capstor/scratch/cscs/lhulsbergen/llr40_dace/emit/tsvc_2_s255/none_new/src/cpu/canon_cpu.cpp -o /dev/null -fopt-info-vec-all=/capstor/scratch/cscs/lhulsbergen/llr40_dace/vec/reports/tsvc_2_s255.none_new.g++-14.harness.all
tsvc_2_s255,none,old,g++-13,bonsall,True,0,,2,canon_cpu.cpp:32 canon_cpu.cpp:57,,g++-13 -O3 -std=c++20 -fPIC -fno-math-errno -ffinite-math-only -fno-signaling-nans -fstrict-aliasing -faligned-new -fvect-cost-model=unlimited -fopenmp -I/capstor/scratch/cscs/lhulsbergen/venv_dace5cf/lib/python3.12/site-packages/dace/runtime/include -c /capstor/scratch/cscs/lhulsbergen/llr40_dace/emit/tsvc_2_s255/none_old/src/cpu/canon_cpu.cpp -o /dev/null -fopt-info-vec-all=/capstor/scratch/cscs/lhulsbergen/llr40_dace/vec/reports/tsvc_2_s255.none_old.g++-13.bonsall.all
tsvc_2_s255,none,old,g++-13,unsafe,True,0,,2,canon_cpu.cpp:32 canon_cpu.cpp:9,,g++-13 -O3 -std=c++20 -fPIC -fno-math-errno -ffinite-math-only -fno-signaling-nans -fstrict-aliasing -faligned-new -fvect-cost-model=unlimited -fopenmp -funsafe-math-optimizations -I/capstor/scratch/cscs/lhulsbergen/venv_dace5cf/lib/python3.12/site-packages/dace/runtime/include -c /capstor/scratch/cscs/lhulsbergen/llr40_dace/emit/tsvc_2_s255/none_old/src/cpu/canon_cpu.cpp -o /dev/null -fopt-info-vec-all=/capstor/scratch/cscs/lhulsbergen/llr40_dace/vec/reports/tsvc_2_s255.none_old.g++-13.unsafe.all
tsvc_2_s255,none,old,g++-13,harness,True,0,,2,canon_cpu.cpp:32 canon_cpu.cpp:57,,g++-13 -march=native -fopenmp -fno-math-errno -fno-trapping-math -fno-signed-zeros -ffp-contract=fast -fstrict-aliasing -include /capstor/scratch/cscs/lhulsbergen/HPCAgent-Bench-dace/hpcagent_bench/envs/vecmath.h -Wall -Wextra -O3 -fPIC -fopenmp -std=c++20 -I/capstor/scratch/cscs/lhulsbergen/venv_dace5cf/lib/python3.12/site-packages/dace/runtime/include -c /capstor/scratch/cscs/lhulsbergen/llr40_dace/emit/tsvc_2_s255/none_old/src/cpu/canon_cpu.cpp -o /dev/null -fopt-info-vec-all=/capstor/scratch/cscs/lhulsbergen/llr40_dace/vec/reports/tsvc_2_s255.none_old.g++-13.harness.all
tsvc_2_s255,none,old,g++-14,bonsall,True,0,,2,canon_cpu.cpp:32 canon_cpu.cpp:57,,g++-14 -O3 -std=c++20 -fPIC -fno-math-errno -ffinite-math-only -fno-signaling-nans -fstrict-aliasing -faligned-new -fvect-cost-model=unlimited -fopenmp -I/capstor/scratch/cscs/lhulsbergen/venv_dace5cf/lib/python3.12/site-packages/dace/runtime/include -c /capstor/scratch/cscs/lhulsbergen/llr40_dace/emit/tsvc_2_s255/none_old/src/cpu/canon_cpu.cpp -o /dev/null -fopt-info-vec-all=/capstor/scratch/cscs/lhulsbergen/llr40_dace/vec/reports/tsvc_2_s255.none_old.g++-14.bonsall.all
tsvc_2_s255,none,old,g++-14,unsafe,True,0,,2,canon_cpu.cpp:32 canon_cpu.cpp:9,,g++-14 -O3 -std=c++20 -fPIC -fno-math-errno -ffinite-math-only -fno-signaling-nans -fstrict-aliasing -faligned-new -fvect-cost-model=unlimited -fopenmp -funsafe-math-optimizations -I/capstor/scratch/cscs/lhulsbergen/venv_dace5cf/lib/python3.12/site-packages/dace/runtime/include -c /capstor/scratch/cscs/lhulsbergen/llr40_dace/emit/tsvc_2_s255/none_old/src/cpu/canon_cpu.cpp -o /dev/null -fopt-info-vec-all=/capstor/scratch/cscs/lhulsbergen/llr40_dace/vec/reports/tsvc_2_s255.none_old.g++-14.unsafe.all
tsvc_2_s255,none,old,g++-14,harness,True,0,,2,canon_cpu.cpp:32 canon_cpu.cpp:57,,g++-14 -march=native -fopenmp -fno-math-errno -fno-trapping-math -fno-signed-zeros -ffp-contract=fast -fstrict-aliasing -include /capstor/scratch/cscs/lhulsbergen/HPCAgent-Bench-dace/hpcagent_bench/envs/vecmath.h -Wall -Wextra -O3 -fPIC -fopenmp -std=c++20 -I/capstor/scratch/cscs/lhulsbergen/venv_dace5cf/lib/python3.12/site-packages/dace/runtime/include -c /capstor/scratch/cscs/lhulsbergen/llr40_dace/emit/tsvc_2_s255/none_old/src/cpu/canon_cpu.cpp -o /dev/null -fopt-info-vec-all=/capstor/scratch/cscs/lhulsbergen/llr40_dace/vec/reports/tsvc_2_s255.none_old.g++-14.harness.all
tsvc_2_s2710,canon,legacy,g++-13,bonsall,True,0,,1,canon_cpu.cpp:15,,g++-13 -O3 -std=c++20 -fPIC -fno-math-errno -ffinite-math-only -fno-signaling-nans -fstrict-aliasing -faligned-new -fvect-cost-model=unlimited -fopenmp -I/capstor/scratch/cscs/lhulsbergen/venv_dace5cf/lib/python3.12/site-packages/dace/runtime/include -c /capstor/scratch/cscs/lhulsbergen/llr40_dace/emit/tsvc_2_s2710/canon_legacy/src/cpu/canon_cpu.cpp -o /dev/null -fopt-info-vec-all=/capstor/scratch/cscs/lhulsbergen/llr40_dace/vec/reports/tsvc_2_s2710.canon_legacy.g++-13.bonsall.all
tsvc_2_s2710,canon,legacy,g++-13,unsafe,True,0,,1,canon_cpu.cpp:15,,g++-13 -O3 -std=c++20 -fPIC -fno-math-errno -ffinite-math-only -fno-signaling-nans -fstrict-aliasing -faligned-new -fvect-cost-model=unlimited -fopenmp -funsafe-math-optimizations -I/capstor/scratch/cscs/lhulsbergen/venv_dace5cf/lib/python3.12/site-packages/dace/runtime/include -c /capstor/scratch/cscs/lhulsbergen/llr40_dace/emit/tsvc_2_s2710/canon_legacy/src/cpu/canon_cpu.cpp -o /dev/null -fopt-info-vec-all=/capstor/scratch/cscs/lhulsbergen/llr40_dace/vec/reports/tsvc_2_s2710.canon_legacy.g++-13.unsafe.all
tsvc_2_s2710,canon,legacy,g++-13,harness,True,0,,2,canon_cpu.cpp:15 canon_cpu.cpp:259,,g++-13 -march=native -fopenmp -fno-math-errno -fno-trapping-math -fno-signed-zeros -ffp-contract=fast -fstrict-aliasing -include /capstor/scratch/cscs/lhulsbergen/HPCAgent-Bench-dace/hpcagent_bench/envs/vecmath.h -Wall -Wextra -O3 -fPIC -fopenmp -std=c++20 -I/capstor/scratch/cscs/lhulsbergen/venv_dace5cf/lib/python3.12/site-packages/dace/runtime/include -c /capstor/scratch/cscs/lhulsbergen/llr40_dace/emit/tsvc_2_s2710/canon_legacy/src/cpu/canon_cpu.cpp -o /dev/null -fopt-info-vec-all=/capstor/scratch/cscs/lhulsbergen/llr40_dace/vec/reports/tsvc_2_s2710.canon_legacy.g++-13.harness.all
tsvc_2_s2710,canon,legacy,g++-14,bonsall,True,0,,1,canon_cpu.cpp:15,,g++-14 -O3 -std=c++20 -fPIC -fno-math-errno -ffinite-math-only -fno-signaling-nans -fstrict-aliasing -faligned-new -fvect-cost-model=unlimited -fopenmp -I/capstor/scratch/cscs/lhulsbergen/venv_dace5cf/lib/python3.12/site-packages/dace/runtime/include -c /capstor/scratch/cscs/lhulsbergen/llr40_dace/emit/tsvc_2_s2710/canon_legacy/src/cpu/canon_cpu.cpp -o /dev/null -fopt-info-vec-all=/capstor/scratch/cscs/lhulsbergen/llr40_dace/vec/reports/tsvc_2_s2710.canon_legacy.g++-14.bonsall.all
tsvc_2_s2710,canon,legacy,g++-14,unsafe,True,0,,1,canon_cpu.cpp:15,,g++-14 -O3 -std=c++20 -fPIC -fno-math-errno -ffinite-math-only -fno-signaling-nans -fstrict-aliasing -faligned-new -fvect-cost-model=unlimited -fopenmp -funsafe-math-optimizations -I/capstor/scratch/cscs/lhulsbergen/venv_dace5cf/lib/python3.12/site-packages/dace/runtime/include -c /capstor/scratch/cscs/lhulsbergen/llr40_dace/emit/tsvc_2_s2710/canon_legacy/src/cpu/canon_cpu.cpp -o /dev/null -fopt-info-vec-all=/capstor/scratch/cscs/lhulsbergen/llr40_dace/vec/reports/tsvc_2_s2710.canon_legacy.g++-14.unsafe.all
tsvc_2_s2710,canon,legacy,g++-14,harness,True,0,,2,canon_cpu.cpp:15 canon_cpu.cpp:259,,g++-14 -march=native -fopenmp -fno-math-errno -fno-trapping-math -fno-signed-zeros -ffp-contract=fast -fstrict-aliasing -include /capstor/scratch/cscs/lhulsbergen/HPCAgent-Bench-dace/hpcagent_bench/envs/vecmath.h -Wall -Wextra -O3 -fPIC -fopenmp -std=c++20 -I/capstor/scratch/cscs/lhulsbergen/venv_dace5cf/lib/python3.12/site-packages/dace/runtime/include -c /capstor/scratch/cscs/lhulsbergen/llr40_dace/emit/tsvc_2_s2710/canon_legacy/src/cpu/canon_cpu.cpp -o /dev/null -fopt-info-vec-all=/capstor/scratch/cscs/lhulsbergen/llr40_dace/vec/reports/tsvc_2_s2710.canon_legacy.g++-14.harness.all
tsvc_2_s2710,canon,new,g++-13,bonsall,True,0,,1,canon_cpu.cpp:20,,g++-13 -O3 -std=c++20 -fPIC -fno-math-errno -ffinite-math-only -fno-signaling-nans -fstrict-aliasing -faligned-new -fvect-cost-model=unlimited -fopenmp -I/capstor/scratch/cscs/lhulsbergen/venv_dace5cf/lib/python3.12/site-packages/dace/runtime/include -c /capstor/scratch/cscs/lhulsbergen/llr40_dace/emit/tsvc_2_s2710/canon_new/src/cpu/canon_cpu.cpp -o /dev/null -fopt-info-vec-all=/capstor/scratch/cscs/lhulsbergen/llr40_dace/vec/reports/tsvc_2_s2710.canon_new.g++-13.bonsall.all
tsvc_2_s2710,canon,new,g++-13,unsafe,True,0,,1,canon_cpu.cpp:20,,g++-13 -O3 -std=c++20 -fPIC -fno-math-errno -ffinite-math-only -fno-signaling-nans -fstrict-aliasing -faligned-new -fvect-cost-model=unlimited -fopenmp -funsafe-math-optimizations -I/capstor/scratch/cscs/lhulsbergen/venv_dace5cf/lib/python3.12/site-packages/dace/runtime/include -c /capstor/scratch/cscs/lhulsbergen/llr40_dace/emit/tsvc_2_s2710/canon_new/src/cpu/canon_cpu.cpp -o /dev/null -fopt-info-vec-all=/capstor/scratch/cscs/lhulsbergen/llr40_dace/vec/reports/tsvc_2_s2710.canon_new.g++-13.unsafe.all
tsvc_2_s2710,canon,new,g++-13,harness,True,0,,2,canon_cpu.cpp:20 canon_cpu.cpp:96,,g++-13 -march=native -fopenmp -fno-math-errno -fno-trapping-math -fno-signed-zeros -ffp-contract=fast -fstrict-aliasing -include /capstor/scratch/cscs/lhulsbergen/HPCAgent-Bench-dace/hpcagent_bench/envs/vecmath.h -Wall -Wextra -O3 -fPIC -fopenmp -std=c++20 -I/capstor/scratch/cscs/lhulsbergen/venv_dace5cf/lib/python3.12/site-packages/dace/runtime/include -c /capstor/scratch/cscs/lhulsbergen/llr40_dace/emit/tsvc_2_s2710/canon_new/src/cpu/canon_cpu.cpp -o /dev/null -fopt-info-vec-all=/capstor/scratch/cscs/lhulsbergen/llr40_dace/vec/reports/tsvc_2_s2710.canon_new.g++-13.harness.all
tsvc_2_s2710,canon,new,g++-14,bonsall,True,0,,1,canon_cpu.cpp:20,,g++-14 -O3 -std=c++20 -fPIC -fno-math-errno -ffinite-math-only -fno-signaling-nans -fstrict-aliasing -faligned-new -fvect-cost-model=unlimited -fopenmp -I/capstor/scratch/cscs/lhulsbergen/venv_dace5cf/lib/python3.12/site-packages/dace/runtime/include -c /capstor/scratch/cscs/lhulsbergen/llr40_dace/emit/tsvc_2_s2710/canon_new/src/cpu/canon_cpu.cpp -o /dev/null -fopt-info-vec-all=/capstor/scratch/cscs/lhulsbergen/llr40_dace/vec/reports/tsvc_2_s2710.canon_new.g++-14.bonsall.all
tsvc_2_s2710,canon,new,g++-14,unsafe,True,0,,1,canon_cpu.cpp:20,,g++-14 -O3 -std=c++20 -fPIC -fno-math-errno -ffinite-math-only -fno-signaling-nans -fstrict-aliasing -faligned-new -fvect-cost-model=unlimited -fopenmp -funsafe-math-optimizations -I/capstor/scratch/cscs/lhulsbergen/venv_dace5cf/lib/python3.12/site-packages/dace/runtime/include -c /capstor/scratch/cscs/lhulsbergen/llr40_dace/emit/tsvc_2_s2710/canon_new/src/cpu/canon_cpu.cpp -o /dev/null -fopt-info-vec-all=/capstor/scratch/cscs/lhulsbergen/llr40_dace/vec/reports/tsvc_2_s2710.canon_new.g++-14.unsafe.all
tsvc_2_s2710,canon,new,g++-14,harness,True,0,,2,canon_cpu.cpp:20 canon_cpu.cpp:96,,g++-14 -march=native -fopenmp -fno-math-errno -fno-trapping-math -fno-signed-zeros -ffp-contract=fast -fstrict-aliasing -include /capstor/scratch/cscs/lhulsbergen/HPCAgent-Bench-dace/hpcagent_bench/envs/vecmath.h -Wall -Wextra -O3 -fPIC -fopenmp -std=c++20 -I/capstor/scratch/cscs/lhulsbergen/venv_dace5cf/lib/python3.12/site-packages/dace/runtime/include -c /capstor/scratch/cscs/lhulsbergen/llr40_dace/emit/tsvc_2_s2710/canon_new/src/cpu/canon_cpu.cpp -o /dev/null -fopt-info-vec-all=/capstor/scratch/cscs/lhulsbergen/llr40_dace/vec/reports/tsvc_2_s2710.canon_new.g++-14.harness.all
tsvc_2_s2710,canon,old,g++-13,bonsall,True,0,,1,canon_cpu.cpp:15,,g++-13 -O3 -std=c++20 -fPIC -fno-math-errno -ffinite-math-only -fno-signaling-nans -fstrict-aliasing -faligned-new -fvect-cost-model=unlimited -fopenmp -I/capstor/scratch/cscs/lhulsbergen/venv_dace5cf/lib/python3.12/site-packages/dace/runtime/include -c /capstor/scratch/cscs/lhulsbergen/llr40_dace/emit/tsvc_2_s2710/canon_old/src/cpu/canon_cpu.cpp -o /dev/null -fopt-info-vec-all=/capstor/scratch/cscs/lhulsbergen/llr40_dace/vec/reports/tsvc_2_s2710.canon_old.g++-13.bonsall.all
tsvc_2_s2710,canon,old,g++-13,unsafe,True,0,,1,canon_cpu.cpp:15,,g++-13 -O3 -std=c++20 -fPIC -fno-math-errno -ffinite-math-only -fno-signaling-nans -fstrict-aliasing -faligned-new -fvect-cost-model=unlimited -fopenmp -funsafe-math-optimizations -I/capstor/scratch/cscs/lhulsbergen/venv_dace5cf/lib/python3.12/site-packages/dace/runtime/include -c /capstor/scratch/cscs/lhulsbergen/llr40_dace/emit/tsvc_2_s2710/canon_old/src/cpu/canon_cpu.cpp -o /dev/null -fopt-info-vec-all=/capstor/scratch/cscs/lhulsbergen/llr40_dace/vec/reports/tsvc_2_s2710.canon_old.g++-13.unsafe.all
tsvc_2_s2710,canon,old,g++-13,harness,True,0,,2,canon_cpu.cpp:15 canon_cpu.cpp:259,,g++-13 -march=native -fopenmp -fno-math-errno -fno-trapping-math -fno-signed-zeros -ffp-contract=fast -fstrict-aliasing -include /capstor/scratch/cscs/lhulsbergen/HPCAgent-Bench-dace/hpcagent_bench/envs/vecmath.h -Wall -Wextra -O3 -fPIC -fopenmp -std=c++20 -I/capstor/scratch/cscs/lhulsbergen/venv_dace5cf/lib/python3.12/site-packages/dace/runtime/include -c /capstor/scratch/cscs/lhulsbergen/llr40_dace/emit/tsvc_2_s2710/canon_old/src/cpu/canon_cpu.cpp -o /dev/null -fopt-info-vec-all=/capstor/scratch/cscs/lhulsbergen/llr40_dace/vec/reports/tsvc_2_s2710.canon_old.g++-13.harness.all
tsvc_2_s2710,canon,old,g++-14,bonsall,True,0,,1,canon_cpu.cpp:15,,g++-14 -O3 -std=c++20 -fPIC -fno-math-errno -ffinite-math-only -fno-signaling-nans -fstrict-aliasing -faligned-new -fvect-cost-model=unlimited -fopenmp -I/capstor/scratch/cscs/lhulsbergen/venv_dace5cf/lib/python3.12/site-packages/dace/runtime/include -c /capstor/scratch/cscs/lhulsbergen/llr40_dace/emit/tsvc_2_s2710/canon_old/src/cpu/canon_cpu.cpp -o /dev/null -fopt-info-vec-all=/capstor/scratch/cscs/lhulsbergen/llr40_dace/vec/reports/tsvc_2_s2710.canon_old.g++-14.bonsall.all
tsvc_2_s2710,canon,old,g++-14,unsafe,True,0,,1,canon_cpu.cpp:15,,g++-14 -O3 -std=c++20 -fPIC -fno-math-errno -ffinite-math-only -fno-signaling-nans -fstrict-aliasing -faligned-new -fvect-cost-model=unlimited -fopenmp -funsafe-math-optimizations -I/capstor/scratch/cscs/lhulsbergen/venv_dace5cf/lib/python3.12/site-packages/dace/runtime/include -c /capstor/scratch/cscs/lhulsbergen/llr40_dace/emit/tsvc_2_s2710/canon_old/src/cpu/canon_cpu.cpp -o /dev/null -fopt-info-vec-all=/capstor/scratch/cscs/lhulsbergen/llr40_dace/vec/reports/tsvc_2_s2710.canon_old.g++-14.unsafe.all
tsvc_2_s2710,canon,old,g++-14,harness,True,0,,2,canon_cpu.cpp:15 canon_cpu.cpp:259,,g++-14 -march=native -fopenmp -fno-math-errno -fno-trapping-math -fno-signed-zeros -ffp-contract=fast -fstrict-aliasing -include /capstor/scratch/cscs/lhulsbergen/HPCAgent-Bench-dace/hpcagent_bench/envs/vecmath.h -Wall -Wextra -O3 -fPIC -fopenmp -std=c++20 -I/capstor/scratch/cscs/lhulsbergen/venv_dace5cf/lib/python3.12/site-packages/dace/runtime/include -c /capstor/scratch/cscs/lhulsbergen/llr40_dace/emit/tsvc_2_s2710/canon_old/src/cpu/canon_cpu.cpp -o /dev/null -fopt-info-vec-all=/capstor/scratch/cscs/lhulsbergen/llr40_dace/vec/reports/tsvc_2_s2710.canon_old.g++-14.harness.all
tsvc_2_s2710,none,legacy,g++-13,bonsall,True,0,,1,canon_cpu.cpp:46,,g++-13 -O3 -std=c++20 -fPIC -fno-math-errno -ffinite-math-only -fno-signaling-nans -fstrict-aliasing -faligned-new -fvect-cost-model=unlimited -fopenmp -I/capstor/scratch/cscs/lhulsbergen/venv_dace5cf/lib/python3.12/site-packages/dace/runtime/include -c /capstor/scratch/cscs/lhulsbergen/llr40_dace/emit/tsvc_2_s2710/none_legacy/src/cpu/canon_cpu.cpp -o /dev/null -fopt-info-vec-all=/capstor/scratch/cscs/lhulsbergen/llr40_dace/vec/reports/tsvc_2_s2710.none_legacy.g++-13.bonsall.all
tsvc_2_s2710,none,legacy,g++-13,unsafe,True,0,,1,canon_cpu.cpp:46,,g++-13 -O3 -std=c++20 -fPIC -fno-math-errno -ffinite-math-only -fno-signaling-nans -fstrict-aliasing -faligned-new -fvect-cost-model=unlimited -fopenmp -funsafe-math-optimizations -I/capstor/scratch/cscs/lhulsbergen/venv_dace5cf/lib/python3.12/site-packages/dace/runtime/include -c /capstor/scratch/cscs/lhulsbergen/llr40_dace/emit/tsvc_2_s2710/none_legacy/src/cpu/canon_cpu.cpp -o /dev/null -fopt-info-vec-all=/capstor/scratch/cscs/lhulsbergen/llr40_dace/vec/reports/tsvc_2_s2710.none_legacy.g++-13.unsafe.all
tsvc_2_s2710,none,legacy,g++-13,harness,True,0,,2,canon_cpu.cpp:263 canon_cpu.cpp:46,,g++-13 -march=native -fopenmp -fno-math-errno -fno-trapping-math -fno-signed-zeros -ffp-contract=fast -fstrict-aliasing -include /capstor/scratch/cscs/lhulsbergen/HPCAgent-Bench-dace/hpcagent_bench/envs/vecmath.h -Wall -Wextra -O3 -fPIC -fopenmp -std=c++20 -I/capstor/scratch/cscs/lhulsbergen/venv_dace5cf/lib/python3.12/site-packages/dace/runtime/include -c /capstor/scratch/cscs/lhulsbergen/llr40_dace/emit/tsvc_2_s2710/none_legacy/src/cpu/canon_cpu.cpp -o /dev/null -fopt-info-vec-all=/capstor/scratch/cscs/lhulsbergen/llr40_dace/vec/reports/tsvc_2_s2710.none_legacy.g++-13.harness.all
tsvc_2_s2710,none,legacy,g++-14,bonsall,True,0,,1,canon_cpu.cpp:46,,g++-14 -O3 -std=c++20 -fPIC -fno-math-errno -ffinite-math-only -fno-signaling-nans -fstrict-aliasing -faligned-new -fvect-cost-model=unlimited -fopenmp -I/capstor/scratch/cscs/lhulsbergen/venv_dace5cf/lib/python3.12/site-packages/dace/runtime/include -c /capstor/scratch/cscs/lhulsbergen/llr40_dace/emit/tsvc_2_s2710/none_legacy/src/cpu/canon_cpu.cpp -o /dev/null -fopt-info-vec-all=/capstor/scratch/cscs/lhulsbergen/llr40_dace/vec/reports/tsvc_2_s2710.none_legacy.g++-14.bonsall.all
tsvc_2_s2710,none,legacy,g++-14,unsafe,True,0,,1,canon_cpu.cpp:46,,g++-14 -O3 -std=c++20 -fPIC -fno-math-errno -ffinite-math-only -fno-signaling-nans -fstrict-aliasing -faligned-new -fvect-cost-model=unlimited -fopenmp -funsafe-math-optimizations -I/capstor/scratch/cscs/lhulsbergen/venv_dace5cf/lib/python3.12/site-packages/dace/runtime/include -c /capstor/scratch/cscs/lhulsbergen/llr40_dace/emit/tsvc_2_s2710/none_legacy/src/cpu/canon_cpu.cpp -o /dev/null -fopt-info-vec-all=/capstor/scratch/cscs/lhulsbergen/llr40_dace/vec/reports/tsvc_2_s2710.none_legacy.g++-14.unsafe.all
tsvc_2_s2710,none,legacy,g++-14,harness,True,0,,2,canon_cpu.cpp:263 canon_cpu.cpp:46,,g++-14 -march=native -fopenmp -fno-math-errno -fno-trapping-math -fno-signed-zeros -ffp-contract=fast -fstrict-aliasing -include /capstor/scratch/cscs/lhulsbergen/HPCAgent-Bench-dace/hpcagent_bench/envs/vecmath.h -Wall -Wextra -O3 -fPIC -fopenmp -std=c++20 -I/capstor/scratch/cscs/lhulsbergen/venv_dace5cf/lib/python3.12/site-packages/dace/runtime/include -c /capstor/scratch/cscs/lhulsbergen/llr40_dace/emit/tsvc_2_s2710/none_legacy/src/cpu/canon_cpu.cpp -o /dev/null -fopt-info-vec-all=/capstor/scratch/cscs/lhulsbergen/llr40_dace/vec/reports/tsvc_2_s2710.none_legacy.g++-14.harness.all
tsvc_2_s2710,none,new,g++-13,bonsall,True,0,,1,canon_cpu.cpp:50,,g++-13 -O3 -std=c++20 -fPIC -fno-math-errno -ffinite-math-only -fno-signaling-nans -fstrict-aliasing -faligned-new -fvect-cost-model=unlimited -fopenmp -I/capstor/scratch/cscs/lhulsbergen/venv_dace5cf/lib/python3.12/site-packages/dace/runtime/include -c /capstor/scratch/cscs/lhulsbergen/llr40_dace/emit/tsvc_2_s2710/none_new/src/cpu/canon_cpu.cpp -o /dev/null -fopt-info-vec-all=/capstor/scratch/cscs/lhulsbergen/llr40_dace/vec/reports/tsvc_2_s2710.none_new.g++-13.bonsall.all
tsvc_2_s2710,none,new,g++-13,unsafe,True,0,,1,canon_cpu.cpp:50,,g++-13 -O3 -std=c++20 -fPIC -fno-math-errno -ffinite-math-only -fno-signaling-nans -fstrict-aliasing -faligned-new -fvect-cost-model=unlimited -fopenmp -funsafe-math-optimizations -I/capstor/scratch/cscs/lhulsbergen/venv_dace5cf/lib/python3.12/site-packages/dace/runtime/include -c /capstor/scratch/cscs/lhulsbergen/llr40_dace/emit/tsvc_2_s2710/none_new/src/cpu/canon_cpu.cpp -o /dev/null -fopt-info-vec-all=/capstor/scratch/cscs/lhulsbergen/llr40_dace/vec/reports/tsvc_2_s2710.none_new.g++-13.unsafe.all
tsvc_2_s2710,none,new,g++-13,harness,True,0,,2,canon_cpu.cpp:50 canon_cpu.cpp:92,,g++-13 -march=native -fopenmp -fno-math-errno -fno-trapping-math -fno-signed-zeros -ffp-contract=fast -fstrict-aliasing -include /capstor/scratch/cscs/lhulsbergen/HPCAgent-Bench-dace/hpcagent_bench/envs/vecmath.h -Wall -Wextra -O3 -fPIC -fopenmp -std=c++20 -I/capstor/scratch/cscs/lhulsbergen/venv_dace5cf/lib/python3.12/site-packages/dace/runtime/include -c /capstor/scratch/cscs/lhulsbergen/llr40_dace/emit/tsvc_2_s2710/none_new/src/cpu/canon_cpu.cpp -o /dev/null -fopt-info-vec-all=/capstor/scratch/cscs/lhulsbergen/llr40_dace/vec/reports/tsvc_2_s2710.none_new.g++-13.harness.all
tsvc_2_s2710,none,new,g++-14,bonsall,True,0,,1,canon_cpu.cpp:50,,g++-14 -O3 -std=c++20 -fPIC -fno-math-errno -ffinite-math-only -fno-signaling-nans -fstrict-aliasing -faligned-new -fvect-cost-model=unlimited -fopenmp -I/capstor/scratch/cscs/lhulsbergen/venv_dace5cf/lib/python3.12/site-packages/dace/runtime/include -c /capstor/scratch/cscs/lhulsbergen/llr40_dace/emit/tsvc_2_s2710/none_new/src/cpu/canon_cpu.cpp -o /dev/null -fopt-info-vec-all=/capstor/scratch/cscs/lhulsbergen/llr40_dace/vec/reports/tsvc_2_s2710.none_new.g++-14.bonsall.all
tsvc_2_s2710,none,new,g++-14,unsafe,True,0,,1,canon_cpu.cpp:50,,g++-14 -O3 -std=c++20 -fPIC -fno-math-errno -ffinite-math-only -fno-signaling-nans -fstrict-aliasing -faligned-new -fvect-cost-model=unlimited -fopenmp -funsafe-math-optimizations -I/capstor/scratch/cscs/lhulsbergen/venv_dace5cf/lib/python3.12/site-packages/dace/runtime/include -c /capstor/scratch/cscs/lhulsbergen/llr40_dace/emit/tsvc_2_s2710/none_new/src/cpu/canon_cpu.cpp -o /dev/null -fopt-info-vec-all=/capstor/scratch/cscs/lhulsbergen/llr40_dace/vec/reports/tsvc_2_s2710.none_new.g++-14.unsafe.all
tsvc_2_s2710,none,new,g++-14,harness,True,0,,2,canon_cpu.cpp:50 canon_cpu.cpp:92,,g++-14 -march=native -fopenmp -fno-math-errno -fno-trapping-math -fno-signed-zeros -ffp-contract=fast -fstrict-aliasing -include /capstor/scratch/cscs/lhulsbergen/HPCAgent-Bench-dace/hpcagent_bench/envs/vecmath.h -Wall -Wextra -O3 -fPIC -fopenmp -std=c++20 -I/capstor/scratch/cscs/lhulsbergen/venv_dace5cf/lib/python3.12/site-packages/dace/runtime/include -c /capstor/scratch/cscs/lhulsbergen/llr40_dace/emit/tsvc_2_s2710/none_new/src/cpu/canon_cpu.cpp -o /dev/null -fopt-info-vec-all=/capstor/scratch/cscs/lhulsbergen/llr40_dace/vec/reports/tsvc_2_s2710.none_new.g++-14.harness.all
tsvc_2_s2710,none,old,g++-13,bonsall,True,0,,1,canon_cpu.cpp:46,,g++-13 -O3 -std=c++20 -fPIC -fno-math-errno -ffinite-math-only -fno-signaling-nans -fstrict-aliasing -faligned-new -fvect-cost-model=unlimited -fopenmp -I/capstor/scratch/cscs/lhulsbergen/venv_dace5cf/lib/python3.12/site-packages/dace/runtime/include -c /capstor/scratch/cscs/lhulsbergen/llr40_dace/emit/tsvc_2_s2710/none_old/src/cpu/canon_cpu.cpp -o /dev/null -fopt-info-vec-all=/capstor/scratch/cscs/lhulsbergen/llr40_dace/vec/reports/tsvc_2_s2710.none_old.g++-13.bonsall.all
tsvc_2_s2710,none,old,g++-13,unsafe,True,0,,1,canon_cpu.cpp:46,,g++-13 -O3 -std=c++20 -fPIC -fno-math-errno -ffinite-math-only -fno-signaling-nans -fstrict-aliasing -faligned-new -fvect-cost-model=unlimited -fopenmp -funsafe-math-optimizations -I/capstor/scratch/cscs/lhulsbergen/venv_dace5cf/lib/python3.12/site-packages/dace/runtime/include -c /capstor/scratch/cscs/lhulsbergen/llr40_dace/emit/tsvc_2_s2710/none_old/src/cpu/canon_cpu.cpp -o /dev/null -fopt-info-vec-all=/capstor/scratch/cscs/lhulsbergen/llr40_dace/vec/reports/tsvc_2_s2710.none_old.g++-13.unsafe.all
tsvc_2_s2710,none,old,g++-13,harness,True,0,,2,canon_cpu.cpp:199 canon_cpu.cpp:46,,g++-13 -march=native -fopenmp -fno-math-errno -fno-trapping-math -fno-signed-zeros -ffp-contract=fast -fstrict-aliasing -include /capstor/scratch/cscs/lhulsbergen/HPCAgent-Bench-dace/hpcagent_bench/envs/vecmath.h -Wall -Wextra -O3 -fPIC -fopenmp -std=c++20 -I/capstor/scratch/cscs/lhulsbergen/venv_dace5cf/lib/python3.12/site-packages/dace/runtime/include -c /capstor/scratch/cscs/lhulsbergen/llr40_dace/emit/tsvc_2_s2710/none_old/src/cpu/canon_cpu.cpp -o /dev/null -fopt-info-vec-all=/capstor/scratch/cscs/lhulsbergen/llr40_dace/vec/reports/tsvc_2_s2710.none_old.g++-13.harness.all
tsvc_2_s2710,none,old,g++-14,bonsall,True,0,,1,canon_cpu.cpp:46,,g++-14 -O3 -std=c++20 -fPIC -fno-math-errno -ffinite-math-only -fno-signaling-nans -fstrict-aliasing -faligned-new -fvect-cost-model=unlimited -fopenmp -I/capstor/scratch/cscs/lhulsbergen/venv_dace5cf/lib/python3.12/site-packages/dace/runtime/include -c /capstor/scratch/cscs/lhulsbergen/llr40_dace/emit/tsvc_2_s2710/none_old/src/cpu/canon_cpu.cpp -o /dev/null -fopt-info-vec-all=/capstor/scratch/cscs/lhulsbergen/llr40_dace/vec/reports/tsvc_2_s2710.none_old.g++-14.bonsall.all
tsvc_2_s2710,none,old,g++-14,unsafe,True,0,,1,canon_cpu.cpp:46,,g++-14 -O3 -std=c++20 -fPIC -fno-math-errno -ffinite-math-only -fno-signaling-nans -fstrict-aliasing -faligned-new -fvect-cost-model=unlimited -fopenmp -funsafe-math-optimizations -I/capstor/scratch/cscs/lhulsbergen/venv_dace5cf/lib/python3.12/site-packages/dace/runtime/include -c /capstor/scratch/cscs/lhulsbergen/llr40_dace/emit/tsvc_2_s2710/none_old/src/cpu/canon_cpu.cpp -o /dev/null -fopt-info-vec-all=/capstor/scratch/cscs/lhulsbergen/llr40_dace/vec/reports/tsvc_2_s2710.none_old.g++-14.unsafe.all
tsvc_2_s2710,none,old,g++-14,harness,True,0,,2,canon_cpu.cpp:199 canon_cpu.cpp:46,,g++-14 -march=native -fopenmp -fno-math-errno -fno-trapping-math -fno-signed-zeros -ffp-contract=fast -fstrict-aliasing -include /capstor/scratch/cscs/lhulsbergen/HPCAgent-Bench-dace/hpcagent_bench/envs/vecmath.h -Wall -Wextra -O3 -fPIC -fopenmp -std=c++20 -I/capstor/scratch/cscs/lhulsbergen/venv_dace5cf/lib/python3.12/site-packages/dace/runtime/include -c /capstor/scratch/cscs/lhulsbergen/llr40_dace/emit/tsvc_2_s2710/none_old/src/cpu/canon_cpu.cpp -o /dev/null -fopt-info-vec-all=/capstor/scratch/cscs/lhulsbergen/llr40_dace/vec/reports/tsvc_2_s2710.none_old.g++-14.harness.all
tsvc_2_s275,canon,legacy,g++-13,bonsall,True,0,,2,canon_cpu.cpp:77 canon_cpu.cpp:81,,g++-13 -O3 -std=c++20 -fPIC -fno-math-errno -ffinite-math-only -fno-signaling-nans -fstrict-aliasing -faligned-new -fvect-cost-model=unlimited -fopenmp -I/capstor/scratch/cscs/lhulsbergen/venv_dace5cf/lib/python3.12/site-packages/dace/runtime/include -c /capstor/scratch/cscs/lhulsbergen/llr40_dace/emit/tsvc_2_s275/canon_legacy/src/cpu/canon_cpu.cpp -o /dev/null -fopt-info-vec-all=/capstor/scratch/cscs/lhulsbergen/llr40_dace/vec/reports/tsvc_2_s275.canon_legacy.g++-13.bonsall.all
tsvc_2_s275,canon,legacy,g++-13,unsafe,True,0,,2,canon_cpu.cpp:77 canon_cpu.cpp:81,,g++-13 -O3 -std=c++20 -fPIC -fno-math-errno -ffinite-math-only -fno-signaling-nans -fstrict-aliasing -faligned-new -fvect-cost-model=unlimited -fopenmp -funsafe-math-optimizations -I/capstor/scratch/cscs/lhulsbergen/venv_dace5cf/lib/python3.12/site-packages/dace/runtime/include -c /capstor/scratch/cscs/lhulsbergen/llr40_dace/emit/tsvc_2_s275/canon_legacy/src/cpu/canon_cpu.cpp -o /dev/null -fopt-info-vec-all=/capstor/scratch/cscs/lhulsbergen/llr40_dace/vec/reports/tsvc_2_s275.canon_legacy.g++-13.unsafe.all
tsvc_2_s275,canon,legacy,g++-13,harness,True,1,canon_cpu.cpp:81,2,canon_cpu.cpp:116 canon_cpu.cpp:77,,g++-13 -march=native -fopenmp -fno-math-errno -fno-trapping-math -fno-signed-zeros -ffp-contract=fast -fstrict-aliasing -include /capstor/scratch/cscs/lhulsbergen/HPCAgent-Bench-dace/hpcagent_bench/envs/vecmath.h -Wall -Wextra -O3 -fPIC -fopenmp -std=c++20 -I/capstor/scratch/cscs/lhulsbergen/venv_dace5cf/lib/python3.12/site-packages/dace/runtime/include -c /capstor/scratch/cscs/lhulsbergen/llr40_dace/emit/tsvc_2_s275/canon_legacy/src/cpu/canon_cpu.cpp -o /dev/null -fopt-info-vec-all=/capstor/scratch/cscs/lhulsbergen/llr40_dace/vec/reports/tsvc_2_s275.canon_legacy.g++-13.harness.all
tsvc_2_s275,canon,legacy,g++-14,bonsall,True,0,,2,canon_cpu.cpp:77 canon_cpu.cpp:81,,g++-14 -O3 -std=c++20 -fPIC -fno-math-errno -ffinite-math-only -fno-signaling-nans -fstrict-aliasing -faligned-new -fvect-cost-model=unlimited -fopenmp -I/capstor/scratch/cscs/lhulsbergen/venv_dace5cf/lib/python3.12/site-packages/dace/runtime/include -c /capstor/scratch/cscs/lhulsbergen/llr40_dace/emit/tsvc_2_s275/canon_legacy/src/cpu/canon_cpu.cpp -o /dev/null -fopt-info-vec-all=/capstor/scratch/cscs/lhulsbergen/llr40_dace/vec/reports/tsvc_2_s275.canon_legacy.g++-14.bonsall.all
tsvc_2_s275,canon,legacy,g++-14,unsafe,True,0,,2,canon_cpu.cpp:77 canon_cpu.cpp:81,,g++-14 -O3 -std=c++20 -fPIC -fno-math-errno -ffinite-math-only -fno-signaling-nans -fstrict-aliasing -faligned-new -fvect-cost-model=unlimited -fopenmp -funsafe-math-optimizations -I/capstor/scratch/cscs/lhulsbergen/venv_dace5cf/lib/python3.12/site-packages/dace/runtime/include -c /capstor/scratch/cscs/lhulsbergen/llr40_dace/emit/tsvc_2_s275/canon_legacy/src/cpu/canon_cpu.cpp -o /dev/null -fopt-info-vec-all=/capstor/scratch/cscs/lhulsbergen/llr40_dace/vec/reports/tsvc_2_s275.canon_legacy.g++-14.unsafe.all
tsvc_2_s275,canon,legacy,g++-14,harness,True,1,canon_cpu.cpp:81,2,canon_cpu.cpp:116 canon_cpu.cpp:77,,g++-14 -march=native -fopenmp -fno-math-errno -fno-trapping-math -fno-signed-zeros -ffp-contract=fast -fstrict-aliasing -include /capstor/scratch/cscs/lhulsbergen/HPCAgent-Bench-dace/hpcagent_bench/envs/vecmath.h -Wall -Wextra -O3 -fPIC -fopenmp -std=c++20 -I/capstor/scratch/cscs/lhulsbergen/venv_dace5cf/lib/python3.12/site-packages/dace/runtime/include -c /capstor/scratch/cscs/lhulsbergen/llr40_dace/emit/tsvc_2_s275/canon_legacy/src/cpu/canon_cpu.cpp -o /dev/null -fopt-info-vec-all=/capstor/scratch/cscs/lhulsbergen/llr40_dace/vec/reports/tsvc_2_s275.canon_legacy.g++-14.harness.all
tsvc_2_s275,canon,new,g++-13,bonsall,True,0,,2,canon_cpu.cpp:37 canon_cpu.cpp:39,,g++-13 -O3 -std=c++20 -fPIC -fno-math-errno -ffinite-math-only -fno-signaling-nans -fstrict-aliasing -faligned-new -fvect-cost-model=unlimited -fopenmp -I/capstor/scratch/cscs/lhulsbergen/venv_dace5cf/lib/python3.12/site-packages/dace/runtime/include -c /capstor/scratch/cscs/lhulsbergen/llr40_dace/emit/tsvc_2_s275/canon_new/src/cpu/canon_cpu.cpp -o /dev/null -fopt-info-vec-all=/capstor/scratch/cscs/lhulsbergen/llr40_dace/vec/reports/tsvc_2_s275.canon_new.g++-13.bonsall.all
tsvc_2_s275,canon,new,g++-13,unsafe,True,0,,2,canon_cpu.cpp:37 canon_cpu.cpp:39,,g++-13 -O3 -std=c++20 -fPIC -fno-math-errno -ffinite-math-only -fno-signaling-nans -fstrict-aliasing -faligned-new -fvect-cost-model=unlimited -fopenmp -funsafe-math-optimizations -I/capstor/scratch/cscs/lhulsbergen/venv_dace5cf/lib/python3.12/site-packages/dace/runtime/include -c /capstor/scratch/cscs/lhulsbergen/llr40_dace/emit/tsvc_2_s275/canon_new/src/cpu/canon_cpu.cpp -o /dev/null -fopt-info-vec-all=/capstor/scratch/cscs/lhulsbergen/llr40_dace/vec/reports/tsvc_2_s275.canon_new.g++-13.unsafe.all
tsvc_2_s275,canon,new,g++-13,harness,True,1,canon_cpu.cpp:39,2,canon_cpu.cpp:37 canon_cpu.cpp:64,,g++-13 -march=native -fopenmp -fno-math-errno -fno-trapping-math -fno-signed-zeros -ffp-contract=fast -fstrict-aliasing -include /capstor/scratch/cscs/lhulsbergen/HPCAgent-Bench-dace/hpcagent_bench/envs/vecmath.h -Wall -Wextra -O3 -fPIC -fopenmp -std=c++20 -I/capstor/scratch/cscs/lhulsbergen/venv_dace5cf/lib/python3.12/site-packages/dace/runtime/include -c /capstor/scratch/cscs/lhulsbergen/llr40_dace/emit/tsvc_2_s275/canon_new/src/cpu/canon_cpu.cpp -o /dev/null -fopt-info-vec-all=/capstor/scratch/cscs/lhulsbergen/llr40_dace/vec/reports/tsvc_2_s275.canon_new.g++-13.harness.all
tsvc_2_s275,canon,new,g++-14,bonsall,True,0,,2,canon_cpu.cpp:37 canon_cpu.cpp:39,,g++-14 -O3 -std=c++20 -fPIC -fno-math-errno -ffinite-math-only -fno-signaling-nans -fstrict-aliasing -faligned-new -fvect-cost-model=unlimited -fopenmp -I/capstor/scratch/cscs/lhulsbergen/venv_dace5cf/lib/python3.12/site-packages/dace/runtime/include -c /capstor/scratch/cscs/lhulsbergen/llr40_dace/emit/tsvc_2_s275/canon_new/src/cpu/canon_cpu.cpp -o /dev/null -fopt-info-vec-all=/capstor/scratch/cscs/lhulsbergen/llr40_dace/vec/reports/tsvc_2_s275.canon_new.g++-14.bonsall.all
tsvc_2_s275,canon,new,g++-14,unsafe,True,0,,2,canon_cpu.cpp:37 canon_cpu.cpp:39,,g++-14 -O3 -std=c++20 -fPIC -fno-math-errno -ffinite-math-only -fno-signaling-nans -fstrict-aliasing -faligned-new -fvect-cost-model=unlimited -fopenmp -funsafe-math-optimizations -I/capstor/scratch/cscs/lhulsbergen/venv_dace5cf/lib/python3.12/site-packages/dace/runtime/include -c /capstor/scratch/cscs/lhulsbergen/llr40_dace/emit/tsvc_2_s275/canon_new/src/cpu/canon_cpu.cpp -o /dev/null -fopt-info-vec-all=/capstor/scratch/cscs/lhulsbergen/llr40_dace/vec/reports/tsvc_2_s275.canon_new.g++-14.unsafe.all
tsvc_2_s275,canon,new,g++-14,harness,True,1,canon_cpu.cpp:39,2,canon_cpu.cpp:37 canon_cpu.cpp:64,,g++-14 -march=native -fopenmp -fno-math-errno -fno-trapping-math -fno-signed-zeros -ffp-contract=fast -fstrict-aliasing -include /capstor/scratch/cscs/lhulsbergen/HPCAgent-Bench-dace/hpcagent_bench/envs/vecmath.h -Wall -Wextra -O3 -fPIC -fopenmp -std=c++20 -I/capstor/scratch/cscs/lhulsbergen/venv_dace5cf/lib/python3.12/site-packages/dace/runtime/include -c /capstor/scratch/cscs/lhulsbergen/llr40_dace/emit/tsvc_2_s275/canon_new/src/cpu/canon_cpu.cpp -o /dev/null -fopt-info-vec-all=/capstor/scratch/cscs/lhulsbergen/llr40_dace/vec/reports/tsvc_2_s275.canon_new.g++-14.harness.all
tsvc_2_s275,canon,old,g++-13,bonsall,True,0,,2,canon_cpu.cpp:77 canon_cpu.cpp:81,,g++-13 -O3 -std=c++20 -fPIC -fno-math-errno -ffinite-math-only -fno-signaling-nans -fstrict-aliasing -faligned-new -fvect-cost-model=unlimited -fopenmp -I/capstor/scratch/cscs/lhulsbergen/venv_dace5cf/lib/python3.12/site-packages/dace/runtime/include -c /capstor/scratch/cscs/lhulsbergen/llr40_dace/emit/tsvc_2_s275/canon_old/src/cpu/canon_cpu.cpp -o /dev/null -fopt-info-vec-all=/capstor/scratch/cscs/lhulsbergen/llr40_dace/vec/reports/tsvc_2_s275.canon_old.g++-13.bonsall.all
tsvc_2_s275,canon,old,g++-13,unsafe,True,0,,2,canon_cpu.cpp:77 canon_cpu.cpp:81,,g++-13 -O3 -std=c++20 -fPIC -fno-math-errno -ffinite-math-only -fno-signaling-nans -fstrict-aliasing -faligned-new -fvect-cost-model=unlimited -fopenmp -funsafe-math-optimizations -I/capstor/scratch/cscs/lhulsbergen/venv_dace5cf/lib/python3.12/site-packages/dace/runtime/include -c /capstor/scratch/cscs/lhulsbergen/llr40_dace/emit/tsvc_2_s275/canon_old/src/cpu/canon_cpu.cpp -o /dev/null -fopt-info-vec-all=/capstor/scratch/cscs/lhulsbergen/llr40_dace/vec/reports/tsvc_2_s275.canon_old.g++-13.unsafe.all
tsvc_2_s275,canon,old,g++-13,harness,True,1,canon_cpu.cpp:81,2,canon_cpu.cpp:116 canon_cpu.cpp:77,,g++-13 -march=native -fopenmp -fno-math-errno -fno-trapping-math -fno-signed-zeros -ffp-contract=fast -fstrict-aliasing -include /capstor/scratch/cscs/lhulsbergen/HPCAgent-Bench-dace/hpcagent_bench/envs/vecmath.h -Wall -Wextra -O3 -fPIC -fopenmp -std=c++20 -I/capstor/scratch/cscs/lhulsbergen/venv_dace5cf/lib/python3.12/site-packages/dace/runtime/include -c /capstor/scratch/cscs/lhulsbergen/llr40_dace/emit/tsvc_2_s275/canon_old/src/cpu/canon_cpu.cpp -o /dev/null -fopt-info-vec-all=/capstor/scratch/cscs/lhulsbergen/llr40_dace/vec/reports/tsvc_2_s275.canon_old.g++-13.harness.all
tsvc_2_s275,canon,old,g++-14,bonsall,True,0,,2,canon_cpu.cpp:77 canon_cpu.cpp:81,,g++-14 -O3 -std=c++20 -fPIC -fno-math-errno -ffinite-math-only -fno-signaling-nans -fstrict-aliasing -faligned-new -fvect-cost-model=unlimited -fopenmp -I/capstor/scratch/cscs/lhulsbergen/venv_dace5cf/lib/python3.12/site-packages/dace/runtime/include -c /capstor/scratch/cscs/lhulsbergen/llr40_dace/emit/tsvc_2_s275/canon_old/src/cpu/canon_cpu.cpp -o /dev/null -fopt-info-vec-all=/capstor/scratch/cscs/lhulsbergen/llr40_dace/vec/reports/tsvc_2_s275.canon_old.g++-14.bonsall.all
tsvc_2_s275,canon,old,g++-14,unsafe,True,0,,2,canon_cpu.cpp:77 canon_cpu.cpp:81,,g++-14 -O3 -std=c++20 -fPIC -fno-math-errno -ffinite-math-only -fno-signaling-nans -fstrict-aliasing -faligned-new -fvect-cost-model=unlimited -fopenmp -funsafe-math-optimizations -I/capstor/scratch/cscs/lhulsbergen/venv_dace5cf/lib/python3.12/site-packages/dace/runtime/include -c /capstor/scratch/cscs/lhulsbergen/llr40_dace/emit/tsvc_2_s275/canon_old/src/cpu/canon_cpu.cpp -o /dev/null -fopt-info-vec-all=/capstor/scratch/cscs/lhulsbergen/llr40_dace/vec/reports/tsvc_2_s275.canon_old.g++-14.unsafe.all
tsvc_2_s275,canon,old,g++-14,harness,True,1,canon_cpu.cpp:81,2,canon_cpu.cpp:116 canon_cpu.cpp:77,,g++-14 -march=native -fopenmp -fno-math-errno -fno-trapping-math -fno-signed-zeros -ffp-contract=fast -fstrict-aliasing -include /capstor/scratch/cscs/lhulsbergen/HPCAgent-Bench-dace/hpcagent_bench/envs/vecmath.h -Wall -Wextra -O3 -fPIC -fopenmp -std=c++20 -I/capstor/scratch/cscs/lhulsbergen/venv_dace5cf/lib/python3.12/site-packages/dace/runtime/include -c /capstor/scratch/cscs/lhulsbergen/llr40_dace/emit/tsvc_2_s275/canon_old/src/cpu/canon_cpu.cpp -o /dev/null -fopt-info-vec-all=/capstor/scratch/cscs/lhulsbergen/llr40_dace/vec/reports/tsvc_2_s275.canon_old.g++-14.harness.all
tsvc_2_s275,none,legacy,g++-13,bonsall,True,1,canon_cpu.cpp:27,1,canon_cpu.cpp:23,,g++-13 -O3 -std=c++20 -fPIC -fno-math-errno -ffinite-math-only -fno-signaling-nans -fstrict-aliasing -faligned-new -fvect-cost-model=unlimited -fopenmp -I/capstor/scratch/cscs/lhulsbergen/venv_dace5cf/lib/python3.12/site-packages/dace/runtime/include -c /capstor/scratch/cscs/lhulsbergen/llr40_dace/emit/tsvc_2_s275/none_legacy/src/cpu/canon_cpu.cpp -o /dev/null -fopt-info-vec-all=/capstor/scratch/cscs/lhulsbergen/llr40_dace/vec/reports/tsvc_2_s275.none_legacy.g++-13.bonsall.all
tsvc_2_s275,none,legacy,g++-13,unsafe,True,1,canon_cpu.cpp:27,1,canon_cpu.cpp:23,,g++-13 -O3 -std=c++20 -fPIC -fno-math-errno -ffinite-math-only -fno-signaling-nans -fstrict-aliasing -faligned-new -fvect-cost-model=unlimited -fopenmp -funsafe-math-optimizations -I/capstor/scratch/cscs/lhulsbergen/venv_dace5cf/lib/python3.12/site-packages/dace/runtime/include -c /capstor/scratch/cscs/lhulsbergen/llr40_dace/emit/tsvc_2_s275/none_legacy/src/cpu/canon_cpu.cpp -o /dev/null -fopt-info-vec-all=/capstor/scratch/cscs/lhulsbergen/llr40_dace/vec/reports/tsvc_2_s275.none_legacy.g++-13.unsafe.all
tsvc_2_s275,none,legacy,g++-13,harness,True,0,,2,canon_cpu.cpp:23 canon_cpu.cpp:27,,g++-13 -march=native -fopenmp -fno-math-errno -fno-trapping-math -fno-signed-zeros -ffp-contract=fast -fstrict-aliasing -include /capstor/scratch/cscs/lhulsbergen/HPCAgent-Bench-dace/hpcagent_bench/envs/vecmath.h -Wall -Wextra -O3 -fPIC -fopenmp -std=c++20 -I/capstor/scratch/cscs/lhulsbergen/venv_dace5cf/lib/python3.12/site-packages/dace/runtime/include -c /capstor/scratch/cscs/lhulsbergen/llr40_dace/emit/tsvc_2_s275/none_legacy/src/cpu/canon_cpu.cpp -o /dev/null -fopt-info-vec-all=/capstor/scratch/cscs/lhulsbergen/llr40_dace/vec/reports/tsvc_2_s275.none_legacy.g++-13.harness.all
tsvc_2_s275,none,legacy,g++-14,bonsall,True,1,canon_cpu.cpp:27,1,canon_cpu.cpp:21,,g++-14 -O3 -std=c++20 -fPIC -fno-math-errno -ffinite-math-only -fno-signaling-nans -fstrict-aliasing -faligned-new -fvect-cost-model=unlimited -fopenmp -I/capstor/scratch/cscs/lhulsbergen/venv_dace5cf/lib/python3.12/site-packages/dace/runtime/include -c /capstor/scratch/cscs/lhulsbergen/llr40_dace/emit/tsvc_2_s275/none_legacy/src/cpu/canon_cpu.cpp -o /dev/null -fopt-info-vec-all=/capstor/scratch/cscs/lhulsbergen/llr40_dace/vec/reports/tsvc_2_s275.none_legacy.g++-14.bonsall.all
tsvc_2_s275,none,legacy,g++-14,unsafe,True,1,canon_cpu.cpp:27,1,canon_cpu.cpp:21,,g++-14 -O3 -std=c++20 -fPIC -fno-math-errno -ffinite-math-only -fno-signaling-nans -fstrict-aliasing -faligned-new -fvect-cost-model=unlimited -fopenmp -funsafe-math-optimizations -I/capstor/scratch/cscs/lhulsbergen/venv_dace5cf/lib/python3.12/site-packages/dace/runtime/include -c /capstor/scratch/cscs/lhulsbergen/llr40_dace/emit/tsvc_2_s275/none_legacy/src/cpu/canon_cpu.cpp -o /dev/null -fopt-info-vec-all=/capstor/scratch/cscs/lhulsbergen/llr40_dace/vec/reports/tsvc_2_s275.none_legacy.g++-14.unsafe.all
tsvc_2_s275,none,legacy,g++-14,harness,True,0,,2,canon_cpu.cpp:21 canon_cpu.cpp:27,,g++-14 -march=native -fopenmp -fno-math-errno -fno-trapping-math -fno-signed-zeros -ffp-contract=fast -fstrict-aliasing -include /capstor/scratch/cscs/lhulsbergen/HPCAgent-Bench-dace/hpcagent_bench/envs/vecmath.h -Wall -Wextra -O3 -fPIC -fopenmp -std=c++20 -I/capstor/scratch/cscs/lhulsbergen/venv_dace5cf/lib/python3.12/site-packages/dace/runtime/include -c /capstor/scratch/cscs/lhulsbergen/llr40_dace/emit/tsvc_2_s275/none_legacy/src/cpu/canon_cpu.cpp -o /dev/null -fopt-info-vec-all=/capstor/scratch/cscs/lhulsbergen/llr40_dace/vec/reports/tsvc_2_s275.none_legacy.g++-14.harness.all
tsvc_2_s275,none,new,g++-13,bonsall,True,1,canon_cpu.cpp:28,1,canon_cpu.cpp:24,,g++-13 -O3 -std=c++20 -fPIC -fno-math-errno -ffinite-math-only -fno-signaling-nans -fstrict-aliasing -faligned-new -fvect-cost-model=unlimited -fopenmp -I/capstor/scratch/cscs/lhulsbergen/venv_dace5cf/lib/python3.12/site-packages/dace/runtime/include -c /capstor/scratch/cscs/lhulsbergen/llr40_dace/emit/tsvc_2_s275/none_new/src/cpu/canon_cpu.cpp -o /dev/null -fopt-info-vec-all=/capstor/scratch/cscs/lhulsbergen/llr40_dace/vec/reports/tsvc_2_s275.none_new.g++-13.bonsall.all
tsvc_2_s275,none,new,g++-13,unsafe,True,1,canon_cpu.cpp:28,1,canon_cpu.cpp:24,,g++-13 -O3 -std=c++20 -fPIC -fno-math-errno -ffinite-math-only -fno-signaling-nans -fstrict-aliasing -faligned-new -fvect-cost-model=unlimited -fopenmp -funsafe-math-optimizations -I/capstor/scratch/cscs/lhulsbergen/venv_dace5cf/lib/python3.12/site-packages/dace/runtime/include -c /capstor/scratch/cscs/lhulsbergen/llr40_dace/emit/tsvc_2_s275/none_new/src/cpu/canon_cpu.cpp -o /dev/null -fopt-info-vec-all=/capstor/scratch/cscs/lhulsbergen/llr40_dace/vec/reports/tsvc_2_s275.none_new.g++-13.unsafe.all
tsvc_2_s275,none,new,g++-13,harness,True,0,,2,canon_cpu.cpp:24 canon_cpu.cpp:28,,g++-13 -march=native -fopenmp -fno-math-errno -fno-trapping-math -fno-signed-zeros -ffp-contract=fast -fstrict-aliasing -include /capstor/scratch/cscs/lhulsbergen/HPCAgent-Bench-dace/hpcagent_bench/envs/vecmath.h -Wall -Wextra -O3 -fPIC -fopenmp -std=c++20 -I/capstor/scratch/cscs/lhulsbergen/venv_dace5cf/lib/python3.12/site-packages/dace/runtime/include -c /capstor/scratch/cscs/lhulsbergen/llr40_dace/emit/tsvc_2_s275/none_new/src/cpu/canon_cpu.cpp -o /dev/null -fopt-info-vec-all=/capstor/scratch/cscs/lhulsbergen/llr40_dace/vec/reports/tsvc_2_s275.none_new.g++-13.harness.all
tsvc_2_s275,none,new,g++-14,bonsall,True,1,canon_cpu.cpp:28,1,canon_cpu.cpp:22,,g++-14 -O3 -std=c++20 -fPIC -fno-math-errno -ffinite-math-only -fno-signaling-nans -fstrict-aliasing -faligned-new -fvect-cost-model=unlimited -fopenmp -I/capstor/scratch/cscs/lhulsbergen/venv_dace5cf/lib/python3.12/site-packages/dace/runtime/include -c /capstor/scratch/cscs/lhulsbergen/llr40_dace/emit/tsvc_2_s275/none_new/src/cpu/canon_cpu.cpp -o /dev/null -fopt-info-vec-all=/capstor/scratch/cscs/lhulsbergen/llr40_dace/vec/reports/tsvc_2_s275.none_new.g++-14.bonsall.all
tsvc_2_s275,none,new,g++-14,unsafe,True,1,canon_cpu.cpp:28,1,canon_cpu.cpp:22,,g++-14 -O3 -std=c++20 -fPIC -fno-math-errno -ffinite-math-only -fno-signaling-nans -fstrict-aliasing -faligned-new -fvect-cost-model=unlimited -fopenmp -funsafe-math-optimizations -I/capstor/scratch/cscs/lhulsbergen/venv_dace5cf/lib/python3.12/site-packages/dace/runtime/include -c /capstor/scratch/cscs/lhulsbergen/llr40_dace/emit/tsvc_2_s275/none_new/src/cpu/canon_cpu.cpp -o /dev/null -fopt-info-vec-all=/capstor/scratch/cscs/lhulsbergen/llr40_dace/vec/reports/tsvc_2_s275.none_new.g++-14.unsafe.all
tsvc_2_s275,none,new,g++-14,harness,True,0,,2,canon_cpu.cpp:22 canon_cpu.cpp:28,,g++-14 -march=native -fopenmp -fno-math-errno -fno-trapping-math -fno-signed-zeros -ffp-contract=fast -fstrict-aliasing -include /capstor/scratch/cscs/lhulsbergen/HPCAgent-Bench-dace/hpcagent_bench/envs/vecmath.h -Wall -Wextra -O3 -fPIC -fopenmp -std=c++20 -I/capstor/scratch/cscs/lhulsbergen/venv_dace5cf/lib/python3.12/site-packages/dace/runtime/include -c /capstor/scratch/cscs/lhulsbergen/llr40_dace/emit/tsvc_2_s275/none_new/src/cpu/canon_cpu.cpp -o /dev/null -fopt-info-vec-all=/capstor/scratch/cscs/lhulsbergen/llr40_dace/vec/reports/tsvc_2_s275.none_new.g++-14.harness.all
tsvc_2_s275,none,old,g++-13,bonsall,True,1,canon_cpu.cpp:27,1,canon_cpu.cpp:23,,g++-13 -O3 -std=c++20 -fPIC -fno-math-errno -ffinite-math-only -fno-signaling-nans -fstrict-aliasing -faligned-new -fvect-cost-model=unlimited -fopenmp -I/capstor/scratch/cscs/lhulsbergen/venv_dace5cf/lib/python3.12/site-packages/dace/runtime/include -c /capstor/scratch/cscs/lhulsbergen/llr40_dace/emit/tsvc_2_s275/none_old/src/cpu/canon_cpu.cpp -o /dev/null -fopt-info-vec-all=/capstor/scratch/cscs/lhulsbergen/llr40_dace/vec/reports/tsvc_2_s275.none_old.g++-13.bonsall.all
tsvc_2_s275,none,old,g++-13,unsafe,True,1,canon_cpu.cpp:27,1,canon_cpu.cpp:23,,g++-13 -O3 -std=c++20 -fPIC -fno-math-errno -ffinite-math-only -fno-signaling-nans -fstrict-aliasing -faligned-new -fvect-cost-model=unlimited -fopenmp -funsafe-math-optimizations -I/capstor/scratch/cscs/lhulsbergen/venv_dace5cf/lib/python3.12/site-packages/dace/runtime/include -c /capstor/scratch/cscs/lhulsbergen/llr40_dace/emit/tsvc_2_s275/none_old/src/cpu/canon_cpu.cpp -o /dev/null -fopt-info-vec-all=/capstor/scratch/cscs/lhulsbergen/llr40_dace/vec/reports/tsvc_2_s275.none_old.g++-13.unsafe.all
tsvc_2_s275,none,old,g++-13,harness,True,0,,2,canon_cpu.cpp:23 canon_cpu.cpp:27,,g++-13 -march=native -fopenmp -fno-math-errno -fno-trapping-math -fno-signed-zeros -ffp-contract=fast -fstrict-aliasing -include /capstor/scratch/cscs/lhulsbergen/HPCAgent-Bench-dace/hpcagent_bench/envs/vecmath.h -Wall -Wextra -O3 -fPIC -fopenmp -std=c++20 -I/capstor/scratch/cscs/lhulsbergen/venv_dace5cf/lib/python3.12/site-packages/dace/runtime/include -c /capstor/scratch/cscs/lhulsbergen/llr40_dace/emit/tsvc_2_s275/none_old/src/cpu/canon_cpu.cpp -o /dev/null -fopt-info-vec-all=/capstor/scratch/cscs/lhulsbergen/llr40_dace/vec/reports/tsvc_2_s275.none_old.g++-13.harness.all
tsvc_2_s275,none,old,g++-14,bonsall,True,1,canon_cpu.cpp:27,1,canon_cpu.cpp:21,,g++-14 -O3 -std=c++20 -fPIC -fno-math-errno -ffinite-math-only -fno-signaling-nans -fstrict-aliasing -faligned-new -fvect-cost-model=unlimited -fopenmp -I/capstor/scratch/cscs/lhulsbergen/venv_dace5cf/lib/python3.12/site-packages/dace/runtime/include -c /capstor/scratch/cscs/lhulsbergen/llr40_dace/emit/tsvc_2_s275/none_old/src/cpu/canon_cpu.cpp -o /dev/null -fopt-info-vec-all=/capstor/scratch/cscs/lhulsbergen/llr40_dace/vec/reports/tsvc_2_s275.none_old.g++-14.bonsall.all
tsvc_2_s275,none,old,g++-14,unsafe,True,1,canon_cpu.cpp:27,1,canon_cpu.cpp:21,,g++-14 -O3 -std=c++20 -fPIC -fno-math-errno -ffinite-math-only -fno-signaling-nans -fstrict-aliasing -faligned-new -fvect-cost-model=unlimited -fopenmp -funsafe-math-optimizations -I/capstor/scratch/cscs/lhulsbergen/venv_dace5cf/lib/python3.12/site-packages/dace/runtime/include -c /capstor/scratch/cscs/lhulsbergen/llr40_dace/emit/tsvc_2_s275/none_old/src/cpu/canon_cpu.cpp -o /dev/null -fopt-info-vec-all=/capstor/scratch/cscs/lhulsbergen/llr40_dace/vec/reports/tsvc_2_s275.none_old.g++-14.unsafe.all
tsvc_2_s275,none,old,g++-14,harness,True,0,,2,canon_cpu.cpp:21 canon_cpu.cpp:27,,g++-14 -march=native -fopenmp -fno-math-errno -fno-trapping-math -fno-signed-zeros -ffp-contract=fast -fstrict-aliasing -include /capstor/scratch/cscs/lhulsbergen/HPCAgent-Bench-dace/hpcagent_bench/envs/vecmath.h -Wall -Wextra -O3 -fPIC -fopenmp -std=c++20 -I/capstor/scratch/cscs/lhulsbergen/venv_dace5cf/lib/python3.12/site-packages/dace/runtime/include -c /capstor/scratch/cscs/lhulsbergen/llr40_dace/emit/tsvc_2_s275/none_old/src/cpu/canon_cpu.cpp -o /dev/null -fopt-info-vec-all=/capstor/scratch/cscs/lhulsbergen/llr40_dace/vec/reports/tsvc_2_s275.none_old.g++-14.harness.all
tsvc_2_s311,canon,legacy,g++-13,bonsall,True,1,reduction.h:971,1,reduction.h:970,,g++-13 -O3 -std=c++20 -fPIC -fno-math-errno -ffinite-math-only -fno-signaling-nans -fstrict-aliasing -faligned-new -fvect-cost-model=unlimited -fopenmp -I/capstor/scratch/cscs/lhulsbergen/venv_dace5cf/lib/python3.12/site-packages/dace/runtime/include -c /capstor/scratch/cscs/lhulsbergen/llr40_dace/emit/tsvc_2_s311/canon_legacy/src/cpu/canon_cpu.cpp -o /dev/null -fopt-info-vec-all=/capstor/scratch/cscs/lhulsbergen/llr40_dace/vec/reports/tsvc_2_s311.canon_legacy.g++-13.bonsall.all
tsvc_2_s311,canon,legacy,g++-13,unsafe,True,1,reduction.h:971,1,reduction.h:970,,g++-13 -O3 -std=c++20 -fPIC -fno-math-errno -ffinite-math-only -fno-signaling-nans -fstrict-aliasing -faligned-new -fvect-cost-model=unlimited -fopenmp -funsafe-math-optimizations -I/capstor/scratch/cscs/lhulsbergen/venv_dace5cf/lib/python3.12/site-packages/dace/runtime/include -c /capstor/scratch/cscs/lhulsbergen/llr40_dace/emit/tsvc_2_s311/canon_legacy/src/cpu/canon_cpu.cpp -o /dev/null -fopt-info-vec-all=/capstor/scratch/cscs/lhulsbergen/llr40_dace/vec/reports/tsvc_2_s311.canon_legacy.g++-13.unsafe.all
tsvc_2_s311,canon,legacy,g++-13,harness,True,1,reduction.h:971,1,reduction.h:970,,g++-13 -march=native -fopenmp -fno-math-errno -fno-trapping-math -fno-signed-zeros -ffp-contract=fast -fstrict-aliasing -include /capstor/scratch/cscs/lhulsbergen/HPCAgent-Bench-dace/hpcagent_bench/envs/vecmath.h -Wall -Wextra -O3 -fPIC -fopenmp -std=c++20 -I/capstor/scratch/cscs/lhulsbergen/venv_dace5cf/lib/python3.12/site-packages/dace/runtime/include -c /capstor/scratch/cscs/lhulsbergen/llr40_dace/emit/tsvc_2_s311/canon_legacy/src/cpu/canon_cpu.cpp -o /dev/null -fopt-info-vec-all=/capstor/scratch/cscs/lhulsbergen/llr40_dace/vec/reports/tsvc_2_s311.canon_legacy.g++-13.harness.all
tsvc_2_s311,canon,legacy,g++-14,bonsall,True,1,reduction.h:971,1,reduction.h:970,,g++-14 -O3 -std=c++20 -fPIC -fno-math-errno -ffinite-math-only -fno-signaling-nans -fstrict-aliasing -faligned-new -fvect-cost-model=unlimited -fopenmp -I/capstor/scratch/cscs/lhulsbergen/venv_dace5cf/lib/python3.12/site-packages/dace/runtime/include -c /capstor/scratch/cscs/lhulsbergen/llr40_dace/emit/tsvc_2_s311/canon_legacy/src/cpu/canon_cpu.cpp -o /dev/null -fopt-info-vec-all=/capstor/scratch/cscs/lhulsbergen/llr40_dace/vec/reports/tsvc_2_s311.canon_legacy.g++-14.bonsall.all
tsvc_2_s311,canon,legacy,g++-14,unsafe,True,1,reduction.h:971,1,reduction.h:970,,g++-14 -O3 -std=c++20 -fPIC -fno-math-errno -ffinite-math-only -fno-signaling-nans -fstrict-aliasing -faligned-new -fvect-cost-model=unlimited -fopenmp -funsafe-math-optimizations -I/capstor/scratch/cscs/lhulsbergen/venv_dace5cf/lib/python3.12/site-packages/dace/runtime/include -c /capstor/scratch/cscs/lhulsbergen/llr40_dace/emit/tsvc_2_s311/canon_legacy/src/cpu/canon_cpu.cpp -o /dev/null -fopt-info-vec-all=/capstor/scratch/cscs/lhulsbergen/llr40_dace/vec/reports/tsvc_2_s311.canon_legacy.g++-14.unsafe.all
tsvc_2_s311,canon,legacy,g++-14,harness,True,1,reduction.h:971,1,reduction.h:970,,g++-14 -march=native -fopenmp -fno-math-errno -fno-trapping-math -fno-signed-zeros -ffp-contract=fast -fstrict-aliasing -include /capstor/scratch/cscs/lhulsbergen/HPCAgent-Bench-dace/hpcagent_bench/envs/vecmath.h -Wall -Wextra -O3 -fPIC -fopenmp -std=c++20 -I/capstor/scratch/cscs/lhulsbergen/venv_dace5cf/lib/python3.12/site-packages/dace/runtime/include -c /capstor/scratch/cscs/lhulsbergen/llr40_dace/emit/tsvc_2_s311/canon_legacy/src/cpu/canon_cpu.cpp -o /dev/null -fopt-info-vec-all=/capstor/scratch/cscs/lhulsbergen/llr40_dace/vec/reports/tsvc_2_s311.canon_legacy.g++-14.harness.all
tsvc_2_s311,canon,new,g++-13,bonsall,True,1,reduction.h:971,1,reduction.h:970,,g++-13 -O3 -std=c++20 -fPIC -fno-math-errno -ffinite-math-only -fno-signaling-nans -fstrict-aliasing -faligned-new -fvect-cost-model=unlimited -fopenmp -I/capstor/scratch/cscs/lhulsbergen/venv_dace5cf/lib/python3.12/site-packages/dace/runtime/include -c /capstor/scratch/cscs/lhulsbergen/llr40_dace/emit/tsvc_2_s311/canon_new/src/cpu/canon_cpu.cpp -o /dev/null -fopt-info-vec-all=/capstor/scratch/cscs/lhulsbergen/llr40_dace/vec/reports/tsvc_2_s311.canon_new.g++-13.bonsall.all
tsvc_2_s311,canon,new,g++-13,unsafe,True,1,reduction.h:971,1,reduction.h:970,,g++-13 -O3 -std=c++20 -fPIC -fno-math-errno -ffinite-math-only -fno-signaling-nans -fstrict-aliasing -faligned-new -fvect-cost-model=unlimited -fopenmp -funsafe-math-optimizations -I/capstor/scratch/cscs/lhulsbergen/venv_dace5cf/lib/python3.12/site-packages/dace/runtime/include -c /capstor/scratch/cscs/lhulsbergen/llr40_dace/emit/tsvc_2_s311/canon_new/src/cpu/canon_cpu.cpp -o /dev/null -fopt-info-vec-all=/capstor/scratch/cscs/lhulsbergen/llr40_dace/vec/reports/tsvc_2_s311.canon_new.g++-13.unsafe.all
tsvc_2_s311,canon,new,g++-13,harness,True,1,reduction.h:971,1,reduction.h:970,,g++-13 -march=native -fopenmp -fno-math-errno -fno-trapping-math -fno-signed-zeros -ffp-contract=fast -fstrict-aliasing -include /capstor/scratch/cscs/lhulsbergen/HPCAgent-Bench-dace/hpcagent_bench/envs/vecmath.h -Wall -Wextra -O3 -fPIC -fopenmp -std=c++20 -I/capstor/scratch/cscs/lhulsbergen/venv_dace5cf/lib/python3.12/site-packages/dace/runtime/include -c /capstor/scratch/cscs/lhulsbergen/llr40_dace/emit/tsvc_2_s311/canon_new/src/cpu/canon_cpu.cpp -o /dev/null -fopt-info-vec-all=/capstor/scratch/cscs/lhulsbergen/llr40_dace/vec/reports/tsvc_2_s311.canon_new.g++-13.harness.all
tsvc_2_s311,canon,new,g++-14,bonsall,True,1,reduction.h:971,1,reduction.h:970,,g++-14 -O3 -std=c++20 -fPIC -fno-math-errno -ffinite-math-only -fno-signaling-nans -fstrict-aliasing -faligned-new -fvect-cost-model=unlimited -fopenmp -I/capstor/scratch/cscs/lhulsbergen/venv_dace5cf/lib/python3.12/site-packages/dace/runtime/include -c /capstor/scratch/cscs/lhulsbergen/llr40_dace/emit/tsvc_2_s311/canon_new/src/cpu/canon_cpu.cpp -o /dev/null -fopt-info-vec-all=/capstor/scratch/cscs/lhulsbergen/llr40_dace/vec/reports/tsvc_2_s311.canon_new.g++-14.bonsall.all
tsvc_2_s311,canon,new,g++-14,unsafe,True,1,reduction.h:971,1,reduction.h:970,,g++-14 -O3 -std=c++20 -fPIC -fno-math-errno -ffinite-math-only -fno-signaling-nans -fstrict-aliasing -faligned-new -fvect-cost-model=unlimited -fopenmp -funsafe-math-optimizations -I/capstor/scratch/cscs/lhulsbergen/venv_dace5cf/lib/python3.12/site-packages/dace/runtime/include -c /capstor/scratch/cscs/lhulsbergen/llr40_dace/emit/tsvc_2_s311/canon_new/src/cpu/canon_cpu.cpp -o /dev/null -fopt-info-vec-all=/capstor/scratch/cscs/lhulsbergen/llr40_dace/vec/reports/tsvc_2_s311.canon_new.g++-14.unsafe.all
tsvc_2_s311,canon,new,g++-14,harness,True,1,reduction.h:971,1,reduction.h:970,,g++-14 -march=native -fopenmp -fno-math-errno -fno-trapping-math -fno-signed-zeros -ffp-contract=fast -fstrict-aliasing -include /capstor/scratch/cscs/lhulsbergen/HPCAgent-Bench-dace/hpcagent_bench/envs/vecmath.h -Wall -Wextra -O3 -fPIC -fopenmp -std=c++20 -I/capstor/scratch/cscs/lhulsbergen/venv_dace5cf/lib/python3.12/site-packages/dace/runtime/include -c /capstor/scratch/cscs/lhulsbergen/llr40_dace/emit/tsvc_2_s311/canon_new/src/cpu/canon_cpu.cpp -o /dev/null -fopt-info-vec-all=/capstor/scratch/cscs/lhulsbergen/llr40_dace/vec/reports/tsvc_2_s311.canon_new.g++-14.harness.all
tsvc_2_s311,canon,old,g++-13,bonsall,True,1,reduction.h:971,1,reduction.h:970,,g++-13 -O3 -std=c++20 -fPIC -fno-math-errno -ffinite-math-only -fno-signaling-nans -fstrict-aliasing -faligned-new -fvect-cost-model=unlimited -fopenmp -I/capstor/scratch/cscs/lhulsbergen/venv_dace5cf/lib/python3.12/site-packages/dace/runtime/include -c /capstor/scratch/cscs/lhulsbergen/llr40_dace/emit/tsvc_2_s311/canon_old/src/cpu/canon_cpu.cpp -o /dev/null -fopt-info-vec-all=/capstor/scratch/cscs/lhulsbergen/llr40_dace/vec/reports/tsvc_2_s311.canon_old.g++-13.bonsall.all
tsvc_2_s311,canon,old,g++-13,unsafe,True,1,reduction.h:971,1,reduction.h:970,,g++-13 -O3 -std=c++20 -fPIC -fno-math-errno -ffinite-math-only -fno-signaling-nans -fstrict-aliasing -faligned-new -fvect-cost-model=unlimited -fopenmp -funsafe-math-optimizations -I/capstor/scratch/cscs/lhulsbergen/venv_dace5cf/lib/python3.12/site-packages/dace/runtime/include -c /capstor/scratch/cscs/lhulsbergen/llr40_dace/emit/tsvc_2_s311/canon_old/src/cpu/canon_cpu.cpp -o /dev/null -fopt-info-vec-all=/capstor/scratch/cscs/lhulsbergen/llr40_dace/vec/reports/tsvc_2_s311.canon_old.g++-13.unsafe.all
tsvc_2_s311,canon,old,g++-13,harness,True,1,reduction.h:971,1,reduction.h:970,,g++-13 -march=native -fopenmp -fno-math-errno -fno-trapping-math -fno-signed-zeros -ffp-contract=fast -fstrict-aliasing -include /capstor/scratch/cscs/lhulsbergen/HPCAgent-Bench-dace/hpcagent_bench/envs/vecmath.h -Wall -Wextra -O3 -fPIC -fopenmp -std=c++20 -I/capstor/scratch/cscs/lhulsbergen/venv_dace5cf/lib/python3.12/site-packages/dace/runtime/include -c /capstor/scratch/cscs/lhulsbergen/llr40_dace/emit/tsvc_2_s311/canon_old/src/cpu/canon_cpu.cpp -o /dev/null -fopt-info-vec-all=/capstor/scratch/cscs/lhulsbergen/llr40_dace/vec/reports/tsvc_2_s311.canon_old.g++-13.harness.all
tsvc_2_s311,canon,old,g++-14,bonsall,True,1,reduction.h:971,1,reduction.h:970,,g++-14 -O3 -std=c++20 -fPIC -fno-math-errno -ffinite-math-only -fno-signaling-nans -fstrict-aliasing -faligned-new -fvect-cost-model=unlimited -fopenmp -I/capstor/scratch/cscs/lhulsbergen/venv_dace5cf/lib/python3.12/site-packages/dace/runtime/include -c /capstor/scratch/cscs/lhulsbergen/llr40_dace/emit/tsvc_2_s311/canon_old/src/cpu/canon_cpu.cpp -o /dev/null -fopt-info-vec-all=/capstor/scratch/cscs/lhulsbergen/llr40_dace/vec/reports/tsvc_2_s311.canon_old.g++-14.bonsall.all
tsvc_2_s311,canon,old,g++-14,unsafe,True,1,reduction.h:971,1,reduction.h:970,,g++-14 -O3 -std=c++20 -fPIC -fno-math-errno -ffinite-math-only -fno-signaling-nans -fstrict-aliasing -faligned-new -fvect-cost-model=unlimited -fopenmp -funsafe-math-optimizations -I/capstor/scratch/cscs/lhulsbergen/venv_dace5cf/lib/python3.12/site-packages/dace/runtime/include -c /capstor/scratch/cscs/lhulsbergen/llr40_dace/emit/tsvc_2_s311/canon_old/src/cpu/canon_cpu.cpp -o /dev/null -fopt-info-vec-all=/capstor/scratch/cscs/lhulsbergen/llr40_dace/vec/reports/tsvc_2_s311.canon_old.g++-14.unsafe.all
tsvc_2_s311,canon,old,g++-14,harness,True,1,reduction.h:971,1,reduction.h:970,,g++-14 -march=native -fopenmp -fno-math-errno -fno-trapping-math -fno-signed-zeros -ffp-contract=fast -fstrict-aliasing -include /capstor/scratch/cscs/lhulsbergen/HPCAgent-Bench-dace/hpcagent_bench/envs/vecmath.h -Wall -Wextra -O3 -fPIC -fopenmp -std=c++20 -I/capstor/scratch/cscs/lhulsbergen/venv_dace5cf/lib/python3.12/site-packages/dace/runtime/include -c /capstor/scratch/cscs/lhulsbergen/llr40_dace/emit/tsvc_2_s311/canon_old/src/cpu/canon_cpu.cpp -o /dev/null -fopt-info-vec-all=/capstor/scratch/cscs/lhulsbergen/llr40_dace/vec/reports/tsvc_2_s311.canon_old.g++-14.harness.all
tsvc_2_s311,none,legacy,g++-13,bonsall,True,1,canon_cpu.cpp:31,0,,,g++-13 -O3 -std=c++20 -fPIC -fno-math-errno -ffinite-math-only -fno-signaling-nans -fstrict-aliasing -faligned-new -fvect-cost-model=unlimited -fopenmp -I/capstor/scratch/cscs/lhulsbergen/venv_dace5cf/lib/python3.12/site-packages/dace/runtime/include -c /capstor/scratch/cscs/lhulsbergen/llr40_dace/emit/tsvc_2_s311/none_legacy/src/cpu/canon_cpu.cpp -o /dev/null -fopt-info-vec-all=/capstor/scratch/cscs/lhulsbergen/llr40_dace/vec/reports/tsvc_2_s311.none_legacy.g++-13.bonsall.all
tsvc_2_s311,none,legacy,g++-13,unsafe,True,1,canon_cpu.cpp:31,0,,,g++-13 -O3 -std=c++20 -fPIC -fno-math-errno -ffinite-math-only -fno-signaling-nans -fstrict-aliasing -faligned-new -fvect-cost-model=unlimited -fopenmp -funsafe-math-optimizations -I/capstor/scratch/cscs/lhulsbergen/venv_dace5cf/lib/python3.12/site-packages/dace/runtime/include -c /capstor/scratch/cscs/lhulsbergen/llr40_dace/emit/tsvc_2_s311/none_legacy/src/cpu/canon_cpu.cpp -o /dev/null -fopt-info-vec-all=/capstor/scratch/cscs/lhulsbergen/llr40_dace/vec/reports/tsvc_2_s311.none_legacy.g++-13.unsafe.all
tsvc_2_s311,none,legacy,g++-13,harness,True,1,canon_cpu.cpp:31,0,,,g++-13 -march=native -fopenmp -fno-math-errno -fno-trapping-math -fno-signed-zeros -ffp-contract=fast -fstrict-aliasing -include /capstor/scratch/cscs/lhulsbergen/HPCAgent-Bench-dace/hpcagent_bench/envs/vecmath.h -Wall -Wextra -O3 -fPIC -fopenmp -std=c++20 -I/capstor/scratch/cscs/lhulsbergen/venv_dace5cf/lib/python3.12/site-packages/dace/runtime/include -c /capstor/scratch/cscs/lhulsbergen/llr40_dace/emit/tsvc_2_s311/none_legacy/src/cpu/canon_cpu.cpp -o /dev/null -fopt-info-vec-all=/capstor/scratch/cscs/lhulsbergen/llr40_dace/vec/reports/tsvc_2_s311.none_legacy.g++-13.harness.all
tsvc_2_s311,none,legacy,g++-14,bonsall,True,1,canon_cpu.cpp:31,0,,,g++-14 -O3 -std=c++20 -fPIC -fno-math-errno -ffinite-math-only -fno-signaling-nans -fstrict-aliasing -faligned-new -fvect-cost-model=unlimited -fopenmp -I/capstor/scratch/cscs/lhulsbergen/venv_dace5cf/lib/python3.12/site-packages/dace/runtime/include -c /capstor/scratch/cscs/lhulsbergen/llr40_dace/emit/tsvc_2_s311/none_legacy/src/cpu/canon_cpu.cpp -o /dev/null -fopt-info-vec-all=/capstor/scratch/cscs/lhulsbergen/llr40_dace/vec/reports/tsvc_2_s311.none_legacy.g++-14.bonsall.all
tsvc_2_s311,none,legacy,g++-14,unsafe,True,1,canon_cpu.cpp:31,0,,,g++-14 -O3 -std=c++20 -fPIC -fno-math-errno -ffinite-math-only -fno-signaling-nans -fstrict-aliasing -faligned-new -fvect-cost-model=unlimited -fopenmp -funsafe-math-optimizations -I/capstor/scratch/cscs/lhulsbergen/venv_dace5cf/lib/python3.12/site-packages/dace/runtime/include -c /capstor/scratch/cscs/lhulsbergen/llr40_dace/emit/tsvc_2_s311/none_legacy/src/cpu/canon_cpu.cpp -o /dev/null -fopt-info-vec-all=/capstor/scratch/cscs/lhulsbergen/llr40_dace/vec/reports/tsvc_2_s311.none_legacy.g++-14.unsafe.all
tsvc_2_s311,none,legacy,g++-14,harness,True,1,canon_cpu.cpp:31,0,,,g++-14 -march=native -fopenmp -fno-math-errno -fno-trapping-math -fno-signed-zeros -ffp-contract=fast -fstrict-aliasing -include /capstor/scratch/cscs/lhulsbergen/HPCAgent-Bench-dace/hpcagent_bench/envs/vecmath.h -Wall -Wextra -O3 -fPIC -fopenmp -std=c++20 -I/capstor/scratch/cscs/lhulsbergen/venv_dace5cf/lib/python3.12/site-packages/dace/runtime/include -c /capstor/scratch/cscs/lhulsbergen/llr40_dace/emit/tsvc_2_s311/none_legacy/src/cpu/canon_cpu.cpp -o /dev/null -fopt-info-vec-all=/capstor/scratch/cscs/lhulsbergen/llr40_dace/vec/reports/tsvc_2_s311.none_legacy.g++-14.harness.all
tsvc_2_s311,none,new,g++-13,bonsall,True,1,canon_cpu.cpp:23,0,,,g++-13 -O3 -std=c++20 -fPIC -fno-math-errno -ffinite-math-only -fno-signaling-nans -fstrict-aliasing -faligned-new -fvect-cost-model=unlimited -fopenmp -I/capstor/scratch/cscs/lhulsbergen/venv_dace5cf/lib/python3.12/site-packages/dace/runtime/include -c /capstor/scratch/cscs/lhulsbergen/llr40_dace/emit/tsvc_2_s311/none_new/src/cpu/canon_cpu.cpp -o /dev/null -fopt-info-vec-all=/capstor/scratch/cscs/lhulsbergen/llr40_dace/vec/reports/tsvc_2_s311.none_new.g++-13.bonsall.all
tsvc_2_s311,none,new,g++-13,unsafe,True,1,canon_cpu.cpp:23,0,,,g++-13 -O3 -std=c++20 -fPIC -fno-math-errno -ffinite-math-only -fno-signaling-nans -fstrict-aliasing -faligned-new -fvect-cost-model=unlimited -fopenmp -funsafe-math-optimizations -I/capstor/scratch/cscs/lhulsbergen/venv_dace5cf/lib/python3.12/site-packages/dace/runtime/include -c /capstor/scratch/cscs/lhulsbergen/llr40_dace/emit/tsvc_2_s311/none_new/src/cpu/canon_cpu.cpp -o /dev/null -fopt-info-vec-all=/capstor/scratch/cscs/lhulsbergen/llr40_dace/vec/reports/tsvc_2_s311.none_new.g++-13.unsafe.all
tsvc_2_s311,none,new,g++-13,harness,True,1,canon_cpu.cpp:23,0,,,g++-13 -march=native -fopenmp -fno-math-errno -fno-trapping-math -fno-signed-zeros -ffp-contract=fast -fstrict-aliasing -include /capstor/scratch/cscs/lhulsbergen/HPCAgent-Bench-dace/hpcagent_bench/envs/vecmath.h -Wall -Wextra -O3 -fPIC -fopenmp -std=c++20 -I/capstor/scratch/cscs/lhulsbergen/venv_dace5cf/lib/python3.12/site-packages/dace/runtime/include -c /capstor/scratch/cscs/lhulsbergen/llr40_dace/emit/tsvc_2_s311/none_new/src/cpu/canon_cpu.cpp -o /dev/null -fopt-info-vec-all=/capstor/scratch/cscs/lhulsbergen/llr40_dace/vec/reports/tsvc_2_s311.none_new.g++-13.harness.all
tsvc_2_s311,none,new,g++-14,bonsall,True,1,canon_cpu.cpp:23,0,,,g++-14 -O3 -std=c++20 -fPIC -fno-math-errno -ffinite-math-only -fno-signaling-nans -fstrict-aliasing -faligned-new -fvect-cost-model=unlimited -fopenmp -I/capstor/scratch/cscs/lhulsbergen/venv_dace5cf/lib/python3.12/site-packages/dace/runtime/include -c /capstor/scratch/cscs/lhulsbergen/llr40_dace/emit/tsvc_2_s311/none_new/src/cpu/canon_cpu.cpp -o /dev/null -fopt-info-vec-all=/capstor/scratch/cscs/lhulsbergen/llr40_dace/vec/reports/tsvc_2_s311.none_new.g++-14.bonsall.all
tsvc_2_s311,none,new,g++-14,unsafe,True,1,canon_cpu.cpp:23,0,,,g++-14 -O3 -std=c++20 -fPIC -fno-math-errno -ffinite-math-only -fno-signaling-nans -fstrict-aliasing -faligned-new -fvect-cost-model=unlimited -fopenmp -funsafe-math-optimizations -I/capstor/scratch/cscs/lhulsbergen/venv_dace5cf/lib/python3.12/site-packages/dace/runtime/include -c /capstor/scratch/cscs/lhulsbergen/llr40_dace/emit/tsvc_2_s311/none_new/src/cpu/canon_cpu.cpp -o /dev/null -fopt-info-vec-all=/capstor/scratch/cscs/lhulsbergen/llr40_dace/vec/reports/tsvc_2_s311.none_new.g++-14.unsafe.all
tsvc_2_s311,none,new,g++-14,harness,True,1,canon_cpu.cpp:23,0,,,g++-14 -march=native -fopenmp -fno-math-errno -fno-trapping-math -fno-signed-zeros -ffp-contract=fast -fstrict-aliasing -include /capstor/scratch/cscs/lhulsbergen/HPCAgent-Bench-dace/hpcagent_bench/envs/vecmath.h -Wall -Wextra -O3 -fPIC -fopenmp -std=c++20 -I/capstor/scratch/cscs/lhulsbergen/venv_dace5cf/lib/python3.12/site-packages/dace/runtime/include -c /capstor/scratch/cscs/lhulsbergen/llr40_dace/emit/tsvc_2_s311/none_new/src/cpu/canon_cpu.cpp -o /dev/null -fopt-info-vec-all=/capstor/scratch/cscs/lhulsbergen/llr40_dace/vec/reports/tsvc_2_s311.none_new.g++-14.harness.all
tsvc_2_s311,none,old,g++-13,bonsall,True,0,,2,canon_cpu.cpp:31 canon_cpu.cpp:61,,g++-13 -O3 -std=c++20 -fPIC -fno-math-errno -ffinite-math-only -fno-signaling-nans -fstrict-aliasing -faligned-new -fvect-cost-model=unlimited -fopenmp -I/capstor/scratch/cscs/lhulsbergen/venv_dace5cf/lib/python3.12/site-packages/dace/runtime/include -c /capstor/scratch/cscs/lhulsbergen/llr40_dace/emit/tsvc_2_s311/none_old/src/cpu/canon_cpu.cpp -o /dev/null -fopt-info-vec-all=/capstor/scratch/cscs/lhulsbergen/llr40_dace/vec/reports/tsvc_2_s311.none_old.g++-13.bonsall.all
tsvc_2_s311,none,old,g++-13,unsafe,True,0,,2,canon_cpu.cpp:31 canon_cpu.cpp:61,,g++-13 -O3 -std=c++20 -fPIC -fno-math-errno -ffinite-math-only -fno-signaling-nans -fstrict-aliasing -faligned-new -fvect-cost-model=unlimited -fopenmp -funsafe-math-optimizations -I/capstor/scratch/cscs/lhulsbergen/venv_dace5cf/lib/python3.12/site-packages/dace/runtime/include -c /capstor/scratch/cscs/lhulsbergen/llr40_dace/emit/tsvc_2_s311/none_old/src/cpu/canon_cpu.cpp -o /dev/null -fopt-info-vec-all=/capstor/scratch/cscs/lhulsbergen/llr40_dace/vec/reports/tsvc_2_s311.none_old.g++-13.unsafe.all
tsvc_2_s311,none,old,g++-13,harness,True,0,,2,canon_cpu.cpp:31 canon_cpu.cpp:61,,g++-13 -march=native -fopenmp -fno-math-errno -fno-trapping-math -fno-signed-zeros -ffp-contract=fast -fstrict-aliasing -include /capstor/scratch/cscs/lhulsbergen/HPCAgent-Bench-dace/hpcagent_bench/envs/vecmath.h -Wall -Wextra -O3 -fPIC -fopenmp -std=c++20 -I/capstor/scratch/cscs/lhulsbergen/venv_dace5cf/lib/python3.12/site-packages/dace/runtime/include -c /capstor/scratch/cscs/lhulsbergen/llr40_dace/emit/tsvc_2_s311/none_old/src/cpu/canon_cpu.cpp -o /dev/null -fopt-info-vec-all=/capstor/scratch/cscs/lhulsbergen/llr40_dace/vec/reports/tsvc_2_s311.none_old.g++-13.harness.all
tsvc_2_s311,none,old,g++-14,bonsall,True,0,,2,canon_cpu.cpp:31 canon_cpu.cpp:61,,g++-14 -O3 -std=c++20 -fPIC -fno-math-errno -ffinite-math-only -fno-signaling-nans -fstrict-aliasing -faligned-new -fvect-cost-model=unlimited -fopenmp -I/capstor/scratch/cscs/lhulsbergen/venv_dace5cf/lib/python3.12/site-packages/dace/runtime/include -c /capstor/scratch/cscs/lhulsbergen/llr40_dace/emit/tsvc_2_s311/none_old/src/cpu/canon_cpu.cpp -o /dev/null -fopt-info-vec-all=/capstor/scratch/cscs/lhulsbergen/llr40_dace/vec/reports/tsvc_2_s311.none_old.g++-14.bonsall.all
tsvc_2_s311,none,old,g++-14,unsafe,True,0,,2,canon_cpu.cpp:31 canon_cpu.cpp:61,,g++-14 -O3 -std=c++20 -fPIC -fno-math-errno -ffinite-math-only -fno-signaling-nans -fstrict-aliasing -faligned-new -fvect-cost-model=unlimited -fopenmp -funsafe-math-optimizations -I/capstor/scratch/cscs/lhulsbergen/venv_dace5cf/lib/python3.12/site-packages/dace/runtime/include -c /capstor/scratch/cscs/lhulsbergen/llr40_dace/emit/tsvc_2_s311/none_old/src/cpu/canon_cpu.cpp -o /dev/null -fopt-info-vec-all=/capstor/scratch/cscs/lhulsbergen/llr40_dace/vec/reports/tsvc_2_s311.none_old.g++-14.unsafe.all
tsvc_2_s311,none,old,g++-14,harness,True,0,,2,canon_cpu.cpp:31 canon_cpu.cpp:61,,g++-14 -march=native -fopenmp -fno-math-errno -fno-trapping-math -fno-signed-zeros -ffp-contract=fast -fstrict-aliasing -include /capstor/scratch/cscs/lhulsbergen/HPCAgent-Bench-dace/hpcagent_bench/envs/vecmath.h -Wall -Wextra -O3 -fPIC -fopenmp -std=c++20 -I/capstor/scratch/cscs/lhulsbergen/venv_dace5cf/lib/python3.12/site-packages/dace/runtime/include -c /capstor/scratch/cscs/lhulsbergen/llr40_dace/emit/tsvc_2_s311/none_old/src/cpu/canon_cpu.cpp -o /dev/null -fopt-info-vec-all=/capstor/scratch/cscs/lhulsbergen/llr40_dace/vec/reports/tsvc_2_s311.none_old.g++-14.harness.all
tsvc_2_s3110,canon,legacy,g++-13,bonsall,True,0,,4,canon_cpu.cpp:41 canon_cpu.cpp:42 canon_cpu.cpp:47 canon_cpu.cpp:48,,g++-13 -O3 -std=c++20 -fPIC -fno-math-errno -ffinite-math-only -fno-signaling-nans -fstrict-aliasing -faligned-new -fvect-cost-model=unlimited -fopenmp -I/capstor/scratch/cscs/lhulsbergen/venv_dace5cf/lib/python3.12/site-packages/dace/runtime/include -c /capstor/scratch/cscs/lhulsbergen/llr40_dace/emit/tsvc_2_s3110/canon_legacy/src/cpu/canon_cpu.cpp -o /dev/null -fopt-info-vec-all=/capstor/scratch/cscs/lhulsbergen/llr40_dace/vec/reports/tsvc_2_s3110.canon_legacy.g++-13.bonsall.all
tsvc_2_s3110,canon,legacy,g++-13,unsafe,True,0,,4,canon_cpu.cpp:41 canon_cpu.cpp:42 canon_cpu.cpp:47 canon_cpu.cpp:48,,g++-13 -O3 -std=c++20 -fPIC -fno-math-errno -ffinite-math-only -fno-signaling-nans -fstrict-aliasing -faligned-new -fvect-cost-model=unlimited -fopenmp -funsafe-math-optimizations -I/capstor/scratch/cscs/lhulsbergen/venv_dace5cf/lib/python3.12/site-packages/dace/runtime/include -c /capstor/scratch/cscs/lhulsbergen/llr40_dace/emit/tsvc_2_s3110/canon_legacy/src/cpu/canon_cpu.cpp -o /dev/null -fopt-info-vec-all=/capstor/scratch/cscs/lhulsbergen/llr40_dace/vec/reports/tsvc_2_s3110.canon_legacy.g++-13.unsafe.all
tsvc_2_s3110,canon,legacy,g++-13,harness,True,0,,4,canon_cpu.cpp:41 canon_cpu.cpp:42 canon_cpu.cpp:47 canon_cpu.cpp:48,,g++-13 -march=native -fopenmp -fno-math-errno -fno-trapping-math -fno-signed-zeros -ffp-contract=fast -fstrict-aliasing -include /capstor/scratch/cscs/lhulsbergen/HPCAgent-Bench-dace/hpcagent_bench/envs/vecmath.h -Wall -Wextra -O3 -fPIC -fopenmp -std=c++20 -I/capstor/scratch/cscs/lhulsbergen/venv_dace5cf/lib/python3.12/site-packages/dace/runtime/include -c /capstor/scratch/cscs/lhulsbergen/llr40_dace/emit/tsvc_2_s3110/canon_legacy/src/cpu/canon_cpu.cpp -o /dev/null -fopt-info-vec-all=/capstor/scratch/cscs/lhulsbergen/llr40_dace/vec/reports/tsvc_2_s3110.canon_legacy.g++-13.harness.all
tsvc_2_s3110,canon,legacy,g++-14,bonsall,True,0,,4,canon_cpu.cpp:41 canon_cpu.cpp:42 canon_cpu.cpp:47 canon_cpu.cpp:48,,g++-14 -O3 -std=c++20 -fPIC -fno-math-errno -ffinite-math-only -fno-signaling-nans -fstrict-aliasing -faligned-new -fvect-cost-model=unlimited -fopenmp -I/capstor/scratch/cscs/lhulsbergen/venv_dace5cf/lib/python3.12/site-packages/dace/runtime/include -c /capstor/scratch/cscs/lhulsbergen/llr40_dace/emit/tsvc_2_s3110/canon_legacy/src/cpu/canon_cpu.cpp -o /dev/null -fopt-info-vec-all=/capstor/scratch/cscs/lhulsbergen/llr40_dace/vec/reports/tsvc_2_s3110.canon_legacy.g++-14.bonsall.all
tsvc_2_s3110,canon,legacy,g++-14,unsafe,True,0,,4,canon_cpu.cpp:41 canon_cpu.cpp:42 canon_cpu.cpp:47 canon_cpu.cpp:48,,g++-14 -O3 -std=c++20 -fPIC -fno-math-errno -ffinite-math-only -fno-signaling-nans -fstrict-aliasing -faligned-new -fvect-cost-model=unlimited -fopenmp -funsafe-math-optimizations -I/capstor/scratch/cscs/lhulsbergen/venv_dace5cf/lib/python3.12/site-packages/dace/runtime/include -c /capstor/scratch/cscs/lhulsbergen/llr40_dace/emit/tsvc_2_s3110/canon_legacy/src/cpu/canon_cpu.cpp -o /dev/null -fopt-info-vec-all=/capstor/scratch/cscs/lhulsbergen/llr40_dace/vec/reports/tsvc_2_s3110.canon_legacy.g++-14.unsafe.all
tsvc_2_s3110,canon,legacy,g++-14,harness,True,0,,4,canon_cpu.cpp:41 canon_cpu.cpp:42 canon_cpu.cpp:47 canon_cpu.cpp:48,,g++-14 -march=native -fopenmp -fno-math-errno -fno-trapping-math -fno-signed-zeros -ffp-contract=fast -fstrict-aliasing -include /capstor/scratch/cscs/lhulsbergen/HPCAgent-Bench-dace/hpcagent_bench/envs/vecmath.h -Wall -Wextra -O3 -fPIC -fopenmp -std=c++20 -I/capstor/scratch/cscs/lhulsbergen/venv_dace5cf/lib/python3.12/site-packages/dace/runtime/include -c /capstor/scratch/cscs/lhulsbergen/llr40_dace/emit/tsvc_2_s3110/canon_legacy/src/cpu/canon_cpu.cpp -o /dev/null -fopt-info-vec-all=/capstor/scratch/cscs/lhulsbergen/llr40_dace/vec/reports/tsvc_2_s3110.canon_legacy.g++-14.harness.all
tsvc_2_s3110,canon,new,g++-13,bonsall,True,0,,4,canon_cpu.cpp:35 canon_cpu.cpp:36 canon_cpu.cpp:41 canon_cpu.cpp:42,,g++-13 -O3 -std=c++20 -fPIC -fno-math-errno -ffinite-math-only -fno-signaling-nans -fstrict-aliasing -faligned-new -fvect-cost-model=unlimited -fopenmp -I/capstor/scratch/cscs/lhulsbergen/venv_dace5cf/lib/python3.12/site-packages/dace/runtime/include -c /capstor/scratch/cscs/lhulsbergen/llr40_dace/emit/tsvc_2_s3110/canon_new/src/cpu/canon_cpu.cpp -o /dev/null -fopt-info-vec-all=/capstor/scratch/cscs/lhulsbergen/llr40_dace/vec/reports/tsvc_2_s3110.canon_new.g++-13.bonsall.all
tsvc_2_s3110,canon,new,g++-13,unsafe,True,0,,4,canon_cpu.cpp:35 canon_cpu.cpp:36 canon_cpu.cpp:41 canon_cpu.cpp:42,,g++-13 -O3 -std=c++20 -fPIC -fno-math-errno -ffinite-math-only -fno-signaling-nans -fstrict-aliasing -faligned-new -fvect-cost-model=unlimited -fopenmp -funsafe-math-optimizations -I/capstor/scratch/cscs/lhulsbergen/venv_dace5cf/lib/python3.12/site-packages/dace/runtime/include -c /capstor/scratch/cscs/lhulsbergen/llr40_dace/emit/tsvc_2_s3110/canon_new/src/cpu/canon_cpu.cpp -o /dev/null -fopt-info-vec-all=/capstor/scratch/cscs/lhulsbergen/llr40_dace/vec/reports/tsvc_2_s3110.canon_new.g++-13.unsafe.all
tsvc_2_s3110,canon,new,g++-13,harness,True,0,,4,canon_cpu.cpp:35 canon_cpu.cpp:36 canon_cpu.cpp:41 canon_cpu.cpp:42,,g++-13 -march=native -fopenmp -fno-math-errno -fno-trapping-math -fno-signed-zeros -ffp-contract=fast -fstrict-aliasing -include /capstor/scratch/cscs/lhulsbergen/HPCAgent-Bench-dace/hpcagent_bench/envs/vecmath.h -Wall -Wextra -O3 -fPIC -fopenmp -std=c++20 -I/capstor/scratch/cscs/lhulsbergen/venv_dace5cf/lib/python3.12/site-packages/dace/runtime/include -c /capstor/scratch/cscs/lhulsbergen/llr40_dace/emit/tsvc_2_s3110/canon_new/src/cpu/canon_cpu.cpp -o /dev/null -fopt-info-vec-all=/capstor/scratch/cscs/lhulsbergen/llr40_dace/vec/reports/tsvc_2_s3110.canon_new.g++-13.harness.all
tsvc_2_s3110,canon,new,g++-14,bonsall,True,0,,4,canon_cpu.cpp:35 canon_cpu.cpp:36 canon_cpu.cpp:41 canon_cpu.cpp:42,,g++-14 -O3 -std=c++20 -fPIC -fno-math-errno -ffinite-math-only -fno-signaling-nans -fstrict-aliasing -faligned-new -fvect-cost-model=unlimited -fopenmp -I/capstor/scratch/cscs/lhulsbergen/venv_dace5cf/lib/python3.12/site-packages/dace/runtime/include -c /capstor/scratch/cscs/lhulsbergen/llr40_dace/emit/tsvc_2_s3110/canon_new/src/cpu/canon_cpu.cpp -o /dev/null -fopt-info-vec-all=/capstor/scratch/cscs/lhulsbergen/llr40_dace/vec/reports/tsvc_2_s3110.canon_new.g++-14.bonsall.all
tsvc_2_s3110,canon,new,g++-14,unsafe,True,0,,4,canon_cpu.cpp:35 canon_cpu.cpp:36 canon_cpu.cpp:41 canon_cpu.cpp:42,,g++-14 -O3 -std=c++20 -fPIC -fno-math-errno -ffinite-math-only -fno-signaling-nans -fstrict-aliasing -faligned-new -fvect-cost-model=unlimited -fopenmp -funsafe-math-optimizations -I/capstor/scratch/cscs/lhulsbergen/venv_dace5cf/lib/python3.12/site-packages/dace/runtime/include -c /capstor/scratch/cscs/lhulsbergen/llr40_dace/emit/tsvc_2_s3110/canon_new/src/cpu/canon_cpu.cpp -o /dev/null -fopt-info-vec-all=/capstor/scratch/cscs/lhulsbergen/llr40_dace/vec/reports/tsvc_2_s3110.canon_new.g++-14.unsafe.all
tsvc_2_s3110,canon,new,g++-14,harness,True,0,,4,canon_cpu.cpp:35 canon_cpu.cpp:36 canon_cpu.cpp:41 canon_cpu.cpp:42,,g++-14 -march=native -fopenmp -fno-math-errno -fno-trapping-math -fno-signed-zeros -ffp-contract=fast -fstrict-aliasing -include /capstor/scratch/cscs/lhulsbergen/HPCAgent-Bench-dace/hpcagent_bench/envs/vecmath.h -Wall -Wextra -O3 -fPIC -fopenmp -std=c++20 -I/capstor/scratch/cscs/lhulsbergen/venv_dace5cf/lib/python3.12/site-packages/dace/runtime/include -c /capstor/scratch/cscs/lhulsbergen/llr40_dace/emit/tsvc_2_s3110/canon_new/src/cpu/canon_cpu.cpp -o /dev/null -fopt-info-vec-all=/capstor/scratch/cscs/lhulsbergen/llr40_dace/vec/reports/tsvc_2_s3110.canon_new.g++-14.harness.all
tsvc_2_s3110,canon,old,g++-13,bonsall,True,0,,4,canon_cpu.cpp:41 canon_cpu.cpp:42 canon_cpu.cpp:47 canon_cpu.cpp:48,,g++-13 -O3 -std=c++20 -fPIC -fno-math-errno -ffinite-math-only -fno-signaling-nans -fstrict-aliasing -faligned-new -fvect-cost-model=unlimited -fopenmp -I/capstor/scratch/cscs/lhulsbergen/venv_dace5cf/lib/python3.12/site-packages/dace/runtime/include -c /capstor/scratch/cscs/lhulsbergen/llr40_dace/emit/tsvc_2_s3110/canon_old/src/cpu/canon_cpu.cpp -o /dev/null -fopt-info-vec-all=/capstor/scratch/cscs/lhulsbergen/llr40_dace/vec/reports/tsvc_2_s3110.canon_old.g++-13.bonsall.all
tsvc_2_s3110,canon,old,g++-13,unsafe,True,0,,4,canon_cpu.cpp:41 canon_cpu.cpp:42 canon_cpu.cpp:47 canon_cpu.cpp:48,,g++-13 -O3 -std=c++20 -fPIC -fno-math-errno -ffinite-math-only -fno-signaling-nans -fstrict-aliasing -faligned-new -fvect-cost-model=unlimited -fopenmp -funsafe-math-optimizations -I/capstor/scratch/cscs/lhulsbergen/venv_dace5cf/lib/python3.12/site-packages/dace/runtime/include -c /capstor/scratch/cscs/lhulsbergen/llr40_dace/emit/tsvc_2_s3110/canon_old/src/cpu/canon_cpu.cpp -o /dev/null -fopt-info-vec-all=/capstor/scratch/cscs/lhulsbergen/llr40_dace/vec/reports/tsvc_2_s3110.canon_old.g++-13.unsafe.all
tsvc_2_s3110,canon,old,g++-13,harness,True,0,,4,canon_cpu.cpp:41 canon_cpu.cpp:42 canon_cpu.cpp:47 canon_cpu.cpp:48,,g++-13 -march=native -fopenmp -fno-math-errno -fno-trapping-math -fno-signed-zeros -ffp-contract=fast -fstrict-aliasing -include /capstor/scratch/cscs/lhulsbergen/HPCAgent-Bench-dace/hpcagent_bench/envs/vecmath.h -Wall -Wextra -O3 -fPIC -fopenmp -std=c++20 -I/capstor/scratch/cscs/lhulsbergen/venv_dace5cf/lib/python3.12/site-packages/dace/runtime/include -c /capstor/scratch/cscs/lhulsbergen/llr40_dace/emit/tsvc_2_s3110/canon_old/src/cpu/canon_cpu.cpp -o /dev/null -fopt-info-vec-all=/capstor/scratch/cscs/lhulsbergen/llr40_dace/vec/reports/tsvc_2_s3110.canon_old.g++-13.harness.all
tsvc_2_s3110,canon,old,g++-14,bonsall,True,0,,4,canon_cpu.cpp:41 canon_cpu.cpp:42 canon_cpu.cpp:47 canon_cpu.cpp:48,,g++-14 -O3 -std=c++20 -fPIC -fno-math-errno -ffinite-math-only -fno-signaling-nans -fstrict-aliasing -faligned-new -fvect-cost-model=unlimited -fopenmp -I/capstor/scratch/cscs/lhulsbergen/venv_dace5cf/lib/python3.12/site-packages/dace/runtime/include -c /capstor/scratch/cscs/lhulsbergen/llr40_dace/emit/tsvc_2_s3110/canon_old/src/cpu/canon_cpu.cpp -o /dev/null -fopt-info-vec-all=/capstor/scratch/cscs/lhulsbergen/llr40_dace/vec/reports/tsvc_2_s3110.canon_old.g++-14.bonsall.all
tsvc_2_s3110,canon,old,g++-14,unsafe,True,0,,4,canon_cpu.cpp:41 canon_cpu.cpp:42 canon_cpu.cpp:47 canon_cpu.cpp:48,,g++-14 -O3 -std=c++20 -fPIC -fno-math-errno -ffinite-math-only -fno-signaling-nans -fstrict-aliasing -faligned-new -fvect-cost-model=unlimited -fopenmp -funsafe-math-optimizations -I/capstor/scratch/cscs/lhulsbergen/venv_dace5cf/lib/python3.12/site-packages/dace/runtime/include -c /capstor/scratch/cscs/lhulsbergen/llr40_dace/emit/tsvc_2_s3110/canon_old/src/cpu/canon_cpu.cpp -o /dev/null -fopt-info-vec-all=/capstor/scratch/cscs/lhulsbergen/llr40_dace/vec/reports/tsvc_2_s3110.canon_old.g++-14.unsafe.all
tsvc_2_s3110,canon,old,g++-14,harness,True,0,,4,canon_cpu.cpp:41 canon_cpu.cpp:42 canon_cpu.cpp:47 canon_cpu.cpp:48,,g++-14 -march=native -fopenmp -fno-math-errno -fno-trapping-math -fno-signed-zeros -ffp-contract=fast -fstrict-aliasing -include /capstor/scratch/cscs/lhulsbergen/HPCAgent-Bench-dace/hpcagent_bench/envs/vecmath.h -Wall -Wextra -O3 -fPIC -fopenmp -std=c++20 -I/capstor/scratch/cscs/lhulsbergen/venv_dace5cf/lib/python3.12/site-packages/dace/runtime/include -c /capstor/scratch/cscs/lhulsbergen/llr40_dace/emit/tsvc_2_s3110/canon_old/src/cpu/canon_cpu.cpp -o /dev/null -fopt-info-vec-all=/capstor/scratch/cscs/lhulsbergen/llr40_dace/vec/reports/tsvc_2_s3110.canon_old.g++-14.harness.all
tsvc_2_s3110,none,legacy,g++-13,bonsall,True,0,,4,canon_cpu.cpp:38 canon_cpu.cpp:40 canon_cpu.cpp:42 canon_cpu.cpp:46,,g++-13 -O3 -std=c++20 -fPIC -fno-math-errno -ffinite-math-only -fno-signaling-nans -fstrict-aliasing -faligned-new -fvect-cost-model=unlimited -fopenmp -I/capstor/scratch/cscs/lhulsbergen/venv_dace5cf/lib/python3.12/site-packages/dace/runtime/include -c /capstor/scratch/cscs/lhulsbergen/llr40_dace/emit/tsvc_2_s3110/none_legacy/src/cpu/canon_cpu.cpp -o /dev/null -fopt-info-vec-all=/capstor/scratch/cscs/lhulsbergen/llr40_dace/vec/reports/tsvc_2_s3110.none_legacy.g++-13.bonsall.all
tsvc_2_s3110,none,legacy,g++-13,unsafe,True,0,,4,canon_cpu.cpp:38 canon_cpu.cpp:40 canon_cpu.cpp:42 canon_cpu.cpp:46,,g++-13 -O3 -std=c++20 -fPIC -fno-math-errno -ffinite-math-only -fno-signaling-nans -fstrict-aliasing -faligned-new -fvect-cost-model=unlimited -fopenmp -funsafe-math-optimizations -I/capstor/scratch/cscs/lhulsbergen/venv_dace5cf/lib/python3.12/site-packages/dace/runtime/include -c /capstor/scratch/cscs/lhulsbergen/llr40_dace/emit/tsvc_2_s3110/none_legacy/src/cpu/canon_cpu.cpp -o /dev/null -fopt-info-vec-all=/capstor/scratch/cscs/lhulsbergen/llr40_dace/vec/reports/tsvc_2_s3110.none_legacy.g++-13.unsafe.all
tsvc_2_s3110,none,legacy,g++-13,harness,True,0,,4,canon_cpu.cpp:38 canon_cpu.cpp:40 canon_cpu.cpp:42 canon_cpu.cpp:46,,g++-13 -march=native -fopenmp -fno-math-errno -fno-trapping-math -fno-signed-zeros -ffp-contract=fast -fstrict-aliasing -include /capstor/scratch/cscs/lhulsbergen/HPCAgent-Bench-dace/hpcagent_bench/envs/vecmath.h -Wall -Wextra -O3 -fPIC -fopenmp -std=c++20 -I/capstor/scratch/cscs/lhulsbergen/venv_dace5cf/lib/python3.12/site-packages/dace/runtime/include -c /capstor/scratch/cscs/lhulsbergen/llr40_dace/emit/tsvc_2_s3110/none_legacy/src/cpu/canon_cpu.cpp -o /dev/null -fopt-info-vec-all=/capstor/scratch/cscs/lhulsbergen/llr40_dace/vec/reports/tsvc_2_s3110.none_legacy.g++-13.harness.all
tsvc_2_s3110,none,legacy,g++-14,bonsall,True,0,,4,canon_cpu.cpp:38 canon_cpu.cpp:40 canon_cpu.cpp:42 canon_cpu.cpp:46,,g++-14 -O3 -std=c++20 -fPIC -fno-math-errno -ffinite-math-only -fno-signaling-nans -fstrict-aliasing -faligned-new -fvect-cost-model=unlimited -fopenmp -I/capstor/scratch/cscs/lhulsbergen/venv_dace5cf/lib/python3.12/site-packages/dace/runtime/include -c /capstor/scratch/cscs/lhulsbergen/llr40_dace/emit/tsvc_2_s3110/none_legacy/src/cpu/canon_cpu.cpp -o /dev/null -fopt-info-vec-all=/capstor/scratch/cscs/lhulsbergen/llr40_dace/vec/reports/tsvc_2_s3110.none_legacy.g++-14.bonsall.all
tsvc_2_s3110,none,legacy,g++-14,unsafe,True,0,,4,canon_cpu.cpp:38 canon_cpu.cpp:40 canon_cpu.cpp:42 canon_cpu.cpp:46,,g++-14 -O3 -std=c++20 -fPIC -fno-math-errno -ffinite-math-only -fno-signaling-nans -fstrict-aliasing -faligned-new -fvect-cost-model=unlimited -fopenmp -funsafe-math-optimizations -I/capstor/scratch/cscs/lhulsbergen/venv_dace5cf/lib/python3.12/site-packages/dace/runtime/include -c /capstor/scratch/cscs/lhulsbergen/llr40_dace/emit/tsvc_2_s3110/none_legacy/src/cpu/canon_cpu.cpp -o /dev/null -fopt-info-vec-all=/capstor/scratch/cscs/lhulsbergen/llr40_dace/vec/reports/tsvc_2_s3110.none_legacy.g++-14.unsafe.all
tsvc_2_s3110,none,legacy,g++-14,harness,True,0,,4,canon_cpu.cpp:38 canon_cpu.cpp:40 canon_cpu.cpp:42 canon_cpu.cpp:46,,g++-14 -march=native -fopenmp -fno-math-errno -fno-trapping-math -fno-signed-zeros -ffp-contract=fast -fstrict-aliasing -include /capstor/scratch/cscs/lhulsbergen/HPCAgent-Bench-dace/hpcagent_bench/envs/vecmath.h -Wall -Wextra -O3 -fPIC -fopenmp -std=c++20 -I/capstor/scratch/cscs/lhulsbergen/venv_dace5cf/lib/python3.12/site-packages/dace/runtime/include -c /capstor/scratch/cscs/lhulsbergen/llr40_dace/emit/tsvc_2_s3110/none_legacy/src/cpu/canon_cpu.cpp -o /dev/null -fopt-info-vec-all=/capstor/scratch/cscs/lhulsbergen/llr40_dace/vec/reports/tsvc_2_s3110.none_legacy.g++-14.harness.all
tsvc_2_s3110,none,new,g++-13,bonsall,True,0,,4,canon_cpu.cpp:28 canon_cpu.cpp:30 canon_cpu.cpp:32 canon_cpu.cpp:36,,g++-13 -O3 -std=c++20 -fPIC -fno-math-errno -ffinite-math-only -fno-signaling-nans -fstrict-aliasing -faligned-new -fvect-cost-model=unlimited -fopenmp -I/capstor/scratch/cscs/lhulsbergen/venv_dace5cf/lib/python3.12/site-packages/dace/runtime/include -c /capstor/scratch/cscs/lhulsbergen/llr40_dace/emit/tsvc_2_s3110/none_new/src/cpu/canon_cpu.cpp -o /dev/null -fopt-info-vec-all=/capstor/scratch/cscs/lhulsbergen/llr40_dace/vec/reports/tsvc_2_s3110.none_new.g++-13.bonsall.all
tsvc_2_s3110,none,new,g++-13,unsafe,True,0,,4,canon_cpu.cpp:28 canon_cpu.cpp:30 canon_cpu.cpp:32 canon_cpu.cpp:36,,g++-13 -O3 -std=c++20 -fPIC -fno-math-errno -ffinite-math-only -fno-signaling-nans -fstrict-aliasing -faligned-new -fvect-cost-model=unlimited -fopenmp -funsafe-math-optimizations -I/capstor/scratch/cscs/lhulsbergen/venv_dace5cf/lib/python3.12/site-packages/dace/runtime/include -c /capstor/scratch/cscs/lhulsbergen/llr40_dace/emit/tsvc_2_s3110/none_new/src/cpu/canon_cpu.cpp -o /dev/null -fopt-info-vec-all=/capstor/scratch/cscs/lhulsbergen/llr40_dace/vec/reports/tsvc_2_s3110.none_new.g++-13.unsafe.all
tsvc_2_s3110,none,new,g++-13,harness,True,0,,4,canon_cpu.cpp:28 canon_cpu.cpp:30 canon_cpu.cpp:32 canon_cpu.cpp:36,,g++-13 -march=native -fopenmp -fno-math-errno -fno-trapping-math -fno-signed-zeros -ffp-contract=fast -fstrict-aliasing -include /capstor/scratch/cscs/lhulsbergen/HPCAgent-Bench-dace/hpcagent_bench/envs/vecmath.h -Wall -Wextra -O3 -fPIC -fopenmp -std=c++20 -I/capstor/scratch/cscs/lhulsbergen/venv_dace5cf/lib/python3.12/site-packages/dace/runtime/include -c /capstor/scratch/cscs/lhulsbergen/llr40_dace/emit/tsvc_2_s3110/none_new/src/cpu/canon_cpu.cpp -o /dev/null -fopt-info-vec-all=/capstor/scratch/cscs/lhulsbergen/llr40_dace/vec/reports/tsvc_2_s3110.none_new.g++-13.harness.all
tsvc_2_s3110,none,new,g++-14,bonsall,True,0,,4,canon_cpu.cpp:28 canon_cpu.cpp:30 canon_cpu.cpp:32 canon_cpu.cpp:36,,g++-14 -O3 -std=c++20 -fPIC -fno-math-errno -ffinite-math-only -fno-signaling-nans -fstrict-aliasing -faligned-new -fvect-cost-model=unlimited -fopenmp -I/capstor/scratch/cscs/lhulsbergen/venv_dace5cf/lib/python3.12/site-packages/dace/runtime/include -c /capstor/scratch/cscs/lhulsbergen/llr40_dace/emit/tsvc_2_s3110/none_new/src/cpu/canon_cpu.cpp -o /dev/null -fopt-info-vec-all=/capstor/scratch/cscs/lhulsbergen/llr40_dace/vec/reports/tsvc_2_s3110.none_new.g++-14.bonsall.all
tsvc_2_s3110,none,new,g++-14,unsafe,True,0,,4,canon_cpu.cpp:28 canon_cpu.cpp:30 canon_cpu.cpp:32 canon_cpu.cpp:36,,g++-14 -O3 -std=c++20 -fPIC -fno-math-errno -ffinite-math-only -fno-signaling-nans -fstrict-aliasing -faligned-new -fvect-cost-model=unlimited -fopenmp -funsafe-math-optimizations -I/capstor/scratch/cscs/lhulsbergen/venv_dace5cf/lib/python3.12/site-packages/dace/runtime/include -c /capstor/scratch/cscs/lhulsbergen/llr40_dace/emit/tsvc_2_s3110/none_new/src/cpu/canon_cpu.cpp -o /dev/null -fopt-info-vec-all=/capstor/scratch/cscs/lhulsbergen/llr40_dace/vec/reports/tsvc_2_s3110.none_new.g++-14.unsafe.all
tsvc_2_s3110,none,new,g++-14,harness,True,0,,4,canon_cpu.cpp:28 canon_cpu.cpp:30 canon_cpu.cpp:32 canon_cpu.cpp:36,,g++-14 -march=native -fopenmp -fno-math-errno -fno-trapping-math -fno-signed-zeros -ffp-contract=fast -fstrict-aliasing -include /capstor/scratch/cscs/lhulsbergen/HPCAgent-Bench-dace/hpcagent_bench/envs/vecmath.h -Wall -Wextra -O3 -fPIC -fopenmp -std=c++20 -I/capstor/scratch/cscs/lhulsbergen/venv_dace5cf/lib/python3.12/site-packages/dace/runtime/include -c /capstor/scratch/cscs/lhulsbergen/llr40_dace/emit/tsvc_2_s3110/none_new/src/cpu/canon_cpu.cpp -o /dev/null -fopt-info-vec-all=/capstor/scratch/cscs/lhulsbergen/llr40_dace/vec/reports/tsvc_2_s3110.none_new.g++-14.harness.all
tsvc_2_s3110,none,old,g++-13,bonsall,True,0,,4,canon_cpu.cpp:30 canon_cpu.cpp:32 canon_cpu.cpp:34 canon_cpu.cpp:9,,g++-13 -O3 -std=c++20 -fPIC -fno-math-errno -ffinite-math-only -fno-signaling-nans -fstrict-aliasing -faligned-new -fvect-cost-model=unlimited -fopenmp -I/capstor/scratch/cscs/lhulsbergen/venv_dace5cf/lib/python3.12/site-packages/dace/runtime/include -c /capstor/scratch/cscs/lhulsbergen/llr40_dace/emit/tsvc_2_s3110/none_old/src/cpu/canon_cpu.cpp -o /dev/null -fopt-info-vec-all=/capstor/scratch/cscs/lhulsbergen/llr40_dace/vec/reports/tsvc_2_s3110.none_old.g++-13.bonsall.all
tsvc_2_s3110,none,old,g++-13,unsafe,True,0,,4,canon_cpu.cpp:30 canon_cpu.cpp:32 canon_cpu.cpp:34 canon_cpu.cpp:9,,g++-13 -O3 -std=c++20 -fPIC -fno-math-errno -ffinite-math-only -fno-signaling-nans -fstrict-aliasing -faligned-new -fvect-cost-model=unlimited -fopenmp -funsafe-math-optimizations -I/capstor/scratch/cscs/lhulsbergen/venv_dace5cf/lib/python3.12/site-packages/dace/runtime/include -c /capstor/scratch/cscs/lhulsbergen/llr40_dace/emit/tsvc_2_s3110/none_old/src/cpu/canon_cpu.cpp -o /dev/null -fopt-info-vec-all=/capstor/scratch/cscs/lhulsbergen/llr40_dace/vec/reports/tsvc_2_s3110.none_old.g++-13.unsafe.all
tsvc_2_s3110,none,old,g++-13,harness,True,0,,4,canon_cpu.cpp:30 canon_cpu.cpp:32 canon_cpu.cpp:34 canon_cpu.cpp:9,,g++-13 -march=native -fopenmp -fno-math-errno -fno-trapping-math -fno-signed-zeros -ffp-contract=fast -fstrict-aliasing -include /capstor/scratch/cscs/lhulsbergen/HPCAgent-Bench-dace/hpcagent_bench/envs/vecmath.h -Wall -Wextra -O3 -fPIC -fopenmp -std=c++20 -I/capstor/scratch/cscs/lhulsbergen/venv_dace5cf/lib/python3.12/site-packages/dace/runtime/include -c /capstor/scratch/cscs/lhulsbergen/llr40_dace/emit/tsvc_2_s3110/none_old/src/cpu/canon_cpu.cpp -o /dev/null -fopt-info-vec-all=/capstor/scratch/cscs/lhulsbergen/llr40_dace/vec/reports/tsvc_2_s3110.none_old.g++-13.harness.all
tsvc_2_s3110,none,old,g++-14,bonsall,True,0,,4,canon_cpu.cpp:30 canon_cpu.cpp:32 canon_cpu.cpp:34 canon_cpu.cpp:9,,g++-14 -O3 -std=c++20 -fPIC -fno-math-errno -ffinite-math-only -fno-signaling-nans -fstrict-aliasing -faligned-new -fvect-cost-model=unlimited -fopenmp -I/capstor/scratch/cscs/lhulsbergen/venv_dace5cf/lib/python3.12/site-packages/dace/runtime/include -c /capstor/scratch/cscs/lhulsbergen/llr40_dace/emit/tsvc_2_s3110/none_old/src/cpu/canon_cpu.cpp -o /dev/null -fopt-info-vec-all=/capstor/scratch/cscs/lhulsbergen/llr40_dace/vec/reports/tsvc_2_s3110.none_old.g++-14.bonsall.all
tsvc_2_s3110,none,old,g++-14,unsafe,True,0,,4,canon_cpu.cpp:30 canon_cpu.cpp:32 canon_cpu.cpp:34 canon_cpu.cpp:9,,g++-14 -O3 -std=c++20 -fPIC -fno-math-errno -ffinite-math-only -fno-signaling-nans -fstrict-aliasing -faligned-new -fvect-cost-model=unlimited -fopenmp -funsafe-math-optimizations -I/capstor/scratch/cscs/lhulsbergen/venv_dace5cf/lib/python3.12/site-packages/dace/runtime/include -c /capstor/scratch/cscs/lhulsbergen/llr40_dace/emit/tsvc_2_s3110/none_old/src/cpu/canon_cpu.cpp -o /dev/null -fopt-info-vec-all=/capstor/scratch/cscs/lhulsbergen/llr40_dace/vec/reports/tsvc_2_s3110.none_old.g++-14.unsafe.all
tsvc_2_s3110,none,old,g++-14,harness,True,0,,4,canon_cpu.cpp:30 canon_cpu.cpp:32 canon_cpu.cpp:34 canon_cpu.cpp:9,,g++-14 -march=native -fopenmp -fno-math-errno -fno-trapping-math -fno-signed-zeros -ffp-contract=fast -fstrict-aliasing -include /capstor/scratch/cscs/lhulsbergen/HPCAgent-Bench-dace/hpcagent_bench/envs/vecmath.h -Wall -Wextra -O3 -fPIC -fopenmp -std=c++20 -I/capstor/scratch/cscs/lhulsbergen/venv_dace5cf/lib/python3.12/site-packages/dace/runtime/include -c /capstor/scratch/cscs/lhulsbergen/llr40_dace/emit/tsvc_2_s3110/none_old/src/cpu/canon_cpu.cpp -o /dev/null -fopt-info-vec-all=/capstor/scratch/cscs/lhulsbergen/llr40_dace/vec/reports/tsvc_2_s3110.none_old.g++-14.harness.all
tsvc_2_s3111,canon,legacy,g++-13,bonsall,True,1,canon_cpu.cpp:50,1,canon_cpu.cpp:44,,g++-13 -O3 -std=c++20 -fPIC -fno-math-errno -ffinite-math-only -fno-signaling-nans -fstrict-aliasing -faligned-new -fvect-cost-model=unlimited -fopenmp -I/capstor/scratch/cscs/lhulsbergen/venv_dace5cf/lib/python3.12/site-packages/dace/runtime/include -c /capstor/scratch/cscs/lhulsbergen/llr40_dace/emit/tsvc_2_s3111/canon_legacy/src/cpu/canon_cpu.cpp -o /dev/null -fopt-info-vec-all=/capstor/scratch/cscs/lhulsbergen/llr40_dace/vec/reports/tsvc_2_s3111.canon_legacy.g++-13.bonsall.all
tsvc_2_s3111,canon,legacy,g++-13,unsafe,True,1,canon_cpu.cpp:50,1,canon_cpu.cpp:44,,g++-13 -O3 -std=c++20 -fPIC -fno-math-errno -ffinite-math-only -fno-signaling-nans -fstrict-aliasing -faligned-new -fvect-cost-model=unlimited -fopenmp -funsafe-math-optimizations -I/capstor/scratch/cscs/lhulsbergen/venv_dace5cf/lib/python3.12/site-packages/dace/runtime/include -c /capstor/scratch/cscs/lhulsbergen/llr40_dace/emit/tsvc_2_s3111/canon_legacy/src/cpu/canon_cpu.cpp -o /dev/null -fopt-info-vec-all=/capstor/scratch/cscs/lhulsbergen/llr40_dace/vec/reports/tsvc_2_s3111.canon_legacy.g++-13.unsafe.all
tsvc_2_s3111,canon,legacy,g++-13,harness,True,1,canon_cpu.cpp:50,1,canon_cpu.cpp:44,,g++-13 -march=native -fopenmp -fno-math-errno -fno-trapping-math -fno-signed-zeros -ffp-contract=fast -fstrict-aliasing -include /capstor/scratch/cscs/lhulsbergen/HPCAgent-Bench-dace/hpcagent_bench/envs/vecmath.h -Wall -Wextra -O3 -fPIC -fopenmp -std=c++20 -I/capstor/scratch/cscs/lhulsbergen/venv_dace5cf/lib/python3.12/site-packages/dace/runtime/include -c /capstor/scratch/cscs/lhulsbergen/llr40_dace/emit/tsvc_2_s3111/canon_legacy/src/cpu/canon_cpu.cpp -o /dev/null -fopt-info-vec-all=/capstor/scratch/cscs/lhulsbergen/llr40_dace/vec/reports/tsvc_2_s3111.canon_legacy.g++-13.harness.all
tsvc_2_s3111,canon,legacy,g++-14,bonsall,True,1,canon_cpu.cpp:50,1,canon_cpu.cpp:44,,g++-14 -O3 -std=c++20 -fPIC -fno-math-errno -ffinite-math-only -fno-signaling-nans -fstrict-aliasing -faligned-new -fvect-cost-model=unlimited -fopenmp -I/capstor/scratch/cscs/lhulsbergen/venv_dace5cf/lib/python3.12/site-packages/dace/runtime/include -c /capstor/scratch/cscs/lhulsbergen/llr40_dace/emit/tsvc_2_s3111/canon_legacy/src/cpu/canon_cpu.cpp -o /dev/null -fopt-info-vec-all=/capstor/scratch/cscs/lhulsbergen/llr40_dace/vec/reports/tsvc_2_s3111.canon_legacy.g++-14.bonsall.all
tsvc_2_s3111,canon,legacy,g++-14,unsafe,True,1,canon_cpu.cpp:50,1,canon_cpu.cpp:44,,g++-14 -O3 -std=c++20 -fPIC -fno-math-errno -ffinite-math-only -fno-signaling-nans -fstrict-aliasing -faligned-new -fvect-cost-model=unlimited -fopenmp -funsafe-math-optimizations -I/capstor/scratch/cscs/lhulsbergen/venv_dace5cf/lib/python3.12/site-packages/dace/runtime/include -c /capstor/scratch/cscs/lhulsbergen/llr40_dace/emit/tsvc_2_s3111/canon_legacy/src/cpu/canon_cpu.cpp -o /dev/null -fopt-info-vec-all=/capstor/scratch/cscs/lhulsbergen/llr40_dace/vec/reports/tsvc_2_s3111.canon_legacy.g++-14.unsafe.all
tsvc_2_s3111,canon,legacy,g++-14,harness,True,1,canon_cpu.cpp:50,1,canon_cpu.cpp:44,,g++-14 -march=native -fopenmp -fno-math-errno -fno-trapping-math -fno-signed-zeros -ffp-contract=fast -fstrict-aliasing -include /capstor/scratch/cscs/lhulsbergen/HPCAgent-Bench-dace/hpcagent_bench/envs/vecmath.h -Wall -Wextra -O3 -fPIC -fopenmp -std=c++20 -I/capstor/scratch/cscs/lhulsbergen/venv_dace5cf/lib/python3.12/site-packages/dace/runtime/include -c /capstor/scratch/cscs/lhulsbergen/llr40_dace/emit/tsvc_2_s3111/canon_legacy/src/cpu/canon_cpu.cpp -o /dev/null -fopt-info-vec-all=/capstor/scratch/cscs/lhulsbergen/llr40_dace/vec/reports/tsvc_2_s3111.canon_legacy.g++-14.harness.all
tsvc_2_s3111,canon,new,g++-13,bonsall,True,1,canon_cpu.cpp:40,1,canon_cpu.cpp:35,,g++-13 -O3 -std=c++20 -fPIC -fno-math-errno -ffinite-math-only -fno-signaling-nans -fstrict-aliasing -faligned-new -fvect-cost-model=unlimited -fopenmp -I/capstor/scratch/cscs/lhulsbergen/venv_dace5cf/lib/python3.12/site-packages/dace/runtime/include -c /capstor/scratch/cscs/lhulsbergen/llr40_dace/emit/tsvc_2_s3111/canon_new/src/cpu/canon_cpu.cpp -o /dev/null -fopt-info-vec-all=/capstor/scratch/cscs/lhulsbergen/llr40_dace/vec/reports/tsvc_2_s3111.canon_new.g++-13.bonsall.all
tsvc_2_s3111,canon,new,g++-13,unsafe,True,1,canon_cpu.cpp:40,1,canon_cpu.cpp:35,,g++-13 -O3 -std=c++20 -fPIC -fno-math-errno -ffinite-math-only -fno-signaling-nans -fstrict-aliasing -faligned-new -fvect-cost-model=unlimited -fopenmp -funsafe-math-optimizations -I/capstor/scratch/cscs/lhulsbergen/venv_dace5cf/lib/python3.12/site-packages/dace/runtime/include -c /capstor/scratch/cscs/lhulsbergen/llr40_dace/emit/tsvc_2_s3111/canon_new/src/cpu/canon_cpu.cpp -o /dev/null -fopt-info-vec-all=/capstor/scratch/cscs/lhulsbergen/llr40_dace/vec/reports/tsvc_2_s3111.canon_new.g++-13.unsafe.all
tsvc_2_s3111,canon,new,g++-13,harness,True,1,canon_cpu.cpp:40,1,canon_cpu.cpp:35,,g++-13 -march=native -fopenmp -fno-math-errno -fno-trapping-math -fno-signed-zeros -ffp-contract=fast -fstrict-aliasing -include /capstor/scratch/cscs/lhulsbergen/HPCAgent-Bench-dace/hpcagent_bench/envs/vecmath.h -Wall -Wextra -O3 -fPIC -fopenmp -std=c++20 -I/capstor/scratch/cscs/lhulsbergen/venv_dace5cf/lib/python3.12/site-packages/dace/runtime/include -c /capstor/scratch/cscs/lhulsbergen/llr40_dace/emit/tsvc_2_s3111/canon_new/src/cpu/canon_cpu.cpp -o /dev/null -fopt-info-vec-all=/capstor/scratch/cscs/lhulsbergen/llr40_dace/vec/reports/tsvc_2_s3111.canon_new.g++-13.harness.all
tsvc_2_s3111,canon,new,g++-14,bonsall,True,1,canon_cpu.cpp:40,1,canon_cpu.cpp:35,,g++-14 -O3 -std=c++20 -fPIC -fno-math-errno -ffinite-math-only -fno-signaling-nans -fstrict-aliasing -faligned-new -fvect-cost-model=unlimited -fopenmp -I/capstor/scratch/cscs/lhulsbergen/venv_dace5cf/lib/python3.12/site-packages/dace/runtime/include -c /capstor/scratch/cscs/lhulsbergen/llr40_dace/emit/tsvc_2_s3111/canon_new/src/cpu/canon_cpu.cpp -o /dev/null -fopt-info-vec-all=/capstor/scratch/cscs/lhulsbergen/llr40_dace/vec/reports/tsvc_2_s3111.canon_new.g++-14.bonsall.all
tsvc_2_s3111,canon,new,g++-14,unsafe,True,1,canon_cpu.cpp:40,1,canon_cpu.cpp:35,,g++-14 -O3 -std=c++20 -fPIC -fno-math-errno -ffinite-math-only -fno-signaling-nans -fstrict-aliasing -faligned-new -fvect-cost-model=unlimited -fopenmp -funsafe-math-optimizations -I/capstor/scratch/cscs/lhulsbergen/venv_dace5cf/lib/python3.12/site-packages/dace/runtime/include -c /capstor/scratch/cscs/lhulsbergen/llr40_dace/emit/tsvc_2_s3111/canon_new/src/cpu/canon_cpu.cpp -o /dev/null -fopt-info-vec-all=/capstor/scratch/cscs/lhulsbergen/llr40_dace/vec/reports/tsvc_2_s3111.canon_new.g++-14.unsafe.all
tsvc_2_s3111,canon,new,g++-14,harness,True,1,canon_cpu.cpp:40,1,canon_cpu.cpp:35,,g++-14 -march=native -fopenmp -fno-math-errno -fno-trapping-math -fno-signed-zeros -ffp-contract=fast -fstrict-aliasing -include /capstor/scratch/cscs/lhulsbergen/HPCAgent-Bench-dace/hpcagent_bench/envs/vecmath.h -Wall -Wextra -O3 -fPIC -fopenmp -std=c++20 -I/capstor/scratch/cscs/lhulsbergen/venv_dace5cf/lib/python3.12/site-packages/dace/runtime/include -c /capstor/scratch/cscs/lhulsbergen/llr40_dace/emit/tsvc_2_s3111/canon_new/src/cpu/canon_cpu.cpp -o /dev/null -fopt-info-vec-all=/capstor/scratch/cscs/lhulsbergen/llr40_dace/vec/reports/tsvc_2_s3111.canon_new.g++-14.harness.all
tsvc_2_s3111,canon,old,g++-13,bonsall,True,0,,3,canon_cpu.cpp:44 canon_cpu.cpp:50 reduction.h:216,,g++-13 -O3 -std=c++20 -fPIC -fno-math-errno -ffinite-math-only -fno-signaling-nans -fstrict-aliasing -faligned-new -fvect-cost-model=unlimited -fopenmp -I/capstor/scratch/cscs/lhulsbergen/venv_dace5cf/lib/python3.12/site-packages/dace/runtime/include -c /capstor/scratch/cscs/lhulsbergen/llr40_dace/emit/tsvc_2_s3111/canon_old/src/cpu/canon_cpu.cpp -o /dev/null -fopt-info-vec-all=/capstor/scratch/cscs/lhulsbergen/llr40_dace/vec/reports/tsvc_2_s3111.canon_old.g++-13.bonsall.all
tsvc_2_s3111,canon,old,g++-13,unsafe,True,0,,3,canon_cpu.cpp:44 canon_cpu.cpp:50 reduction.h:216,,g++-13 -O3 -std=c++20 -fPIC -fno-math-errno -ffinite-math-only -fno-signaling-nans -fstrict-aliasing -faligned-new -fvect-cost-model=unlimited -fopenmp -funsafe-math-optimizations -I/capstor/scratch/cscs/lhulsbergen/venv_dace5cf/lib/python3.12/site-packages/dace/runtime/include -c /capstor/scratch/cscs/lhulsbergen/llr40_dace/emit/tsvc_2_s3111/canon_old/src/cpu/canon_cpu.cpp -o /dev/null -fopt-info-vec-all=/capstor/scratch/cscs/lhulsbergen/llr40_dace/vec/reports/tsvc_2_s3111.canon_old.g++-13.unsafe.all
tsvc_2_s3111,canon,old,g++-13,harness,True,0,,3,canon_cpu.cpp:44 canon_cpu.cpp:50 reduction.h:216,,g++-13 -march=native -fopenmp -fno-math-errno -fno-trapping-math -fno-signed-zeros -ffp-contract=fast -fstrict-aliasing -include /capstor/scratch/cscs/lhulsbergen/HPCAgent-Bench-dace/hpcagent_bench/envs/vecmath.h -Wall -Wextra -O3 -fPIC -fopenmp -std=c++20 -I/capstor/scratch/cscs/lhulsbergen/venv_dace5cf/lib/python3.12/site-packages/dace/runtime/include -c /capstor/scratch/cscs/lhulsbergen/llr40_dace/emit/tsvc_2_s3111/canon_old/src/cpu/canon_cpu.cpp -o /dev/null -fopt-info-vec-all=/capstor/scratch/cscs/lhulsbergen/llr40_dace/vec/reports/tsvc_2_s3111.canon_old.g++-13.harness.all
tsvc_2_s3111,canon,old,g++-14,bonsall,True,0,,3,canon_cpu.cpp:44 canon_cpu.cpp:50 reduction.h:216,,g++-14 -O3 -std=c++20 -fPIC -fno-math-errno -ffinite-math-only -fno-signaling-nans -fstrict-aliasing -faligned-new -fvect-cost-model=unlimited -fopenmp -I/capstor/scratch/cscs/lhulsbergen/venv_dace5cf/lib/python3.12/site-packages/dace/runtime/include -c /capstor/scratch/cscs/lhulsbergen/llr40_dace/emit/tsvc_2_s3111/canon_old/src/cpu/canon_cpu.cpp -o /dev/null -fopt-info-vec-all=/capstor/scratch/cscs/lhulsbergen/llr40_dace/vec/reports/tsvc_2_s3111.canon_old.g++-14.bonsall.all
tsvc_2_s3111,canon,old,g++-14,unsafe,True,0,,3,canon_cpu.cpp:44 canon_cpu.cpp:50 reduction.h:216,,g++-14 -O3 -std=c++20 -fPIC -fno-math-errno -ffinite-math-only -fno-signaling-nans -fstrict-aliasing -faligned-new -fvect-cost-model=unlimited -fopenmp -funsafe-math-optimizations -I/capstor/scratch/cscs/lhulsbergen/venv_dace5cf/lib/python3.12/site-packages/dace/runtime/include -c /capstor/scratch/cscs/lhulsbergen/llr40_dace/emit/tsvc_2_s3111/canon_old/src/cpu/canon_cpu.cpp -o /dev/null -fopt-info-vec-all=/capstor/scratch/cscs/lhulsbergen/llr40_dace/vec/reports/tsvc_2_s3111.canon_old.g++-14.unsafe.all
tsvc_2_s3111,canon,old,g++-14,harness,True,0,,3,canon_cpu.cpp:44 canon_cpu.cpp:50 reduction.h:216,,g++-14 -march=native -fopenmp -fno-math-errno -fno-trapping-math -fno-signed-zeros -ffp-contract=fast -fstrict-aliasing -include /capstor/scratch/cscs/lhulsbergen/HPCAgent-Bench-dace/hpcagent_bench/envs/vecmath.h -Wall -Wextra -O3 -fPIC -fopenmp -std=c++20 -I/capstor/scratch/cscs/lhulsbergen/venv_dace5cf/lib/python3.12/site-packages/dace/runtime/include -c /capstor/scratch/cscs/lhulsbergen/llr40_dace/emit/tsvc_2_s3111/canon_old/src/cpu/canon_cpu.cpp -o /dev/null -fopt-info-vec-all=/capstor/scratch/cscs/lhulsbergen/llr40_dace/vec/reports/tsvc_2_s3111.canon_old.g++-14.harness.all
tsvc_2_s3111,none,legacy,g++-13,bonsall,True,0,,1,canon_cpu.cpp:32,,g++-13 -O3 -std=c++20 -fPIC -fno-math-errno -ffinite-math-only -fno-signaling-nans -fstrict-aliasing -faligned-new -fvect-cost-model=unlimited -fopenmp -I/capstor/scratch/cscs/lhulsbergen/venv_dace5cf/lib/python3.12/site-packages/dace/runtime/include -c /capstor/scratch/cscs/lhulsbergen/llr40_dace/emit/tsvc_2_s3111/none_legacy/src/cpu/canon_cpu.cpp -o /dev/null -fopt-info-vec-all=/capstor/scratch/cscs/lhulsbergen/llr40_dace/vec/reports/tsvc_2_s3111.none_legacy.g++-13.bonsall.all
tsvc_2_s3111,none,legacy,g++-13,unsafe,True,1,canon_cpu.cpp:32,0,,,g++-13 -O3 -std=c++20 -fPIC -fno-math-errno -ffinite-math-only -fno-signaling-nans -fstrict-aliasing -faligned-new -fvect-cost-model=unlimited -fopenmp -funsafe-math-optimizations -I/capstor/scratch/cscs/lhulsbergen/venv_dace5cf/lib/python3.12/site-packages/dace/runtime/include -c /capstor/scratch/cscs/lhulsbergen/llr40_dace/emit/tsvc_2_s3111/none_legacy/src/cpu/canon_cpu.cpp -o /dev/null -fopt-info-vec-all=/capstor/scratch/cscs/lhulsbergen/llr40_dace/vec/reports/tsvc_2_s3111.none_legacy.g++-13.unsafe.all
tsvc_2_s3111,none,legacy,g++-13,harness,True,1,canon_cpu.cpp:32,0,,,g++-13 -march=native -fopenmp -fno-math-errno -fno-trapping-math -fno-signed-zeros -ffp-contract=fast -fstrict-aliasing -include /capstor/scratch/cscs/lhulsbergen/HPCAgent-Bench-dace/hpcagent_bench/envs/vecmath.h -Wall -Wextra -O3 -fPIC -fopenmp -std=c++20 -I/capstor/scratch/cscs/lhulsbergen/venv_dace5cf/lib/python3.12/site-packages/dace/runtime/include -c /capstor/scratch/cscs/lhulsbergen/llr40_dace/emit/tsvc_2_s3111/none_legacy/src/cpu/canon_cpu.cpp -o /dev/null -fopt-info-vec-all=/capstor/scratch/cscs/lhulsbergen/llr40_dace/vec/reports/tsvc_2_s3111.none_legacy.g++-13.harness.all
tsvc_2_s3111,none,legacy,g++-14,bonsall,True,0,,1,canon_cpu.cpp:32,,g++-14 -O3 -std=c++20 -fPIC -fno-math-errno -ffinite-math-only -fno-signaling-nans -fstrict-aliasing -faligned-new -fvect-cost-model=unlimited -fopenmp -I/capstor/scratch/cscs/lhulsbergen/venv_dace5cf/lib/python3.12/site-packages/dace/runtime/include -c /capstor/scratch/cscs/lhulsbergen/llr40_dace/emit/tsvc_2_s3111/none_legacy/src/cpu/canon_cpu.cpp -o /dev/null -fopt-info-vec-all=/capstor/scratch/cscs/lhulsbergen/llr40_dace/vec/reports/tsvc_2_s3111.none_legacy.g++-14.bonsall.all
tsvc_2_s3111,none,legacy,g++-14,unsafe,True,1,canon_cpu.cpp:32,0,,,g++-14 -O3 -std=c++20 -fPIC -fno-math-errno -ffinite-math-only -fno-signaling-nans -fstrict-aliasing -faligned-new -fvect-cost-model=unlimited -fopenmp -funsafe-math-optimizations -I/capstor/scratch/cscs/lhulsbergen/venv_dace5cf/lib/python3.12/site-packages/dace/runtime/include -c /capstor/scratch/cscs/lhulsbergen/llr40_dace/emit/tsvc_2_s3111/none_legacy/src/cpu/canon_cpu.cpp -o /dev/null -fopt-info-vec-all=/capstor/scratch/cscs/lhulsbergen/llr40_dace/vec/reports/tsvc_2_s3111.none_legacy.g++-14.unsafe.all
tsvc_2_s3111,none,legacy,g++-14,harness,True,1,canon_cpu.cpp:32,0,,,g++-14 -march=native -fopenmp -fno-math-errno -fno-trapping-math -fno-signed-zeros -ffp-contract=fast -fstrict-aliasing -include /capstor/scratch/cscs/lhulsbergen/HPCAgent-Bench-dace/hpcagent_bench/envs/vecmath.h -Wall -Wextra -O3 -fPIC -fopenmp -std=c++20 -I/capstor/scratch/cscs/lhulsbergen/venv_dace5cf/lib/python3.12/site-packages/dace/runtime/include -c /capstor/scratch/cscs/lhulsbergen/llr40_dace/emit/tsvc_2_s3111/none_legacy/src/cpu/canon_cpu.cpp -o /dev/null -fopt-info-vec-all=/capstor/scratch/cscs/lhulsbergen/llr40_dace/vec/reports/tsvc_2_s3111.none_legacy.g++-14.harness.all
tsvc_2_s3111,none,new,g++-13,bonsall,True,0,,1,canon_cpu.cpp:24,,g++-13 -O3 -std=c++20 -fPIC -fno-math-errno -ffinite-math-only -fno-signaling-nans -fstrict-aliasing -faligned-new -fvect-cost-model=unlimited -fopenmp -I/capstor/scratch/cscs/lhulsbergen/venv_dace5cf/lib/python3.12/site-packages/dace/runtime/include -c /capstor/scratch/cscs/lhulsbergen/llr40_dace/emit/tsvc_2_s3111/none_new/src/cpu/canon_cpu.cpp -o /dev/null -fopt-info-vec-all=/capstor/scratch/cscs/lhulsbergen/llr40_dace/vec/reports/tsvc_2_s3111.none_new.g++-13.bonsall.all
tsvc_2_s3111,none,new,g++-13,unsafe,True,1,canon_cpu.cpp:24,0,,,g++-13 -O3 -std=c++20 -fPIC -fno-math-errno -ffinite-math-only -fno-signaling-nans -fstrict-aliasing -faligned-new -fvect-cost-model=unlimited -fopenmp -funsafe-math-optimizations -I/capstor/scratch/cscs/lhulsbergen/venv_dace5cf/lib/python3.12/site-packages/dace/runtime/include -c /capstor/scratch/cscs/lhulsbergen/llr40_dace/emit/tsvc_2_s3111/none_new/src/cpu/canon_cpu.cpp -o /dev/null -fopt-info-vec-all=/capstor/scratch/cscs/lhulsbergen/llr40_dace/vec/reports/tsvc_2_s3111.none_new.g++-13.unsafe.all
tsvc_2_s3111,none,new,g++-13,harness,True,1,canon_cpu.cpp:24,0,,,g++-13 -march=native -fopenmp -fno-math-errno -fno-trapping-math -fno-signed-zeros -ffp-contract=fast -fstrict-aliasing -include /capstor/scratch/cscs/lhulsbergen/HPCAgent-Bench-dace/hpcagent_bench/envs/vecmath.h -Wall -Wextra -O3 -fPIC -fopenmp -std=c++20 -I/capstor/scratch/cscs/lhulsbergen/venv_dace5cf/lib/python3.12/site-packages/dace/runtime/include -c /capstor/scratch/cscs/lhulsbergen/llr40_dace/emit/tsvc_2_s3111/none_new/src/cpu/canon_cpu.cpp -o /dev/null -fopt-info-vec-all=/capstor/scratch/cscs/lhulsbergen/llr40_dace/vec/reports/tsvc_2_s3111.none_new.g++-13.harness.all
tsvc_2_s3111,none,new,g++-14,bonsall,True,0,,1,canon_cpu.cpp:24,,g++-14 -O3 -std=c++20 -fPIC -fno-math-errno -ffinite-math-only -fno-signaling-nans -fstrict-aliasing -faligned-new -fvect-cost-model=unlimited -fopenmp -I/capstor/scratch/cscs/lhulsbergen/venv_dace5cf/lib/python3.12/site-packages/dace/runtime/include -c /capstor/scratch/cscs/lhulsbergen/llr40_dace/emit/tsvc_2_s3111/none_new/src/cpu/canon_cpu.cpp -o /dev/null -fopt-info-vec-all=/capstor/scratch/cscs/lhulsbergen/llr40_dace/vec/reports/tsvc_2_s3111.none_new.g++-14.bonsall.all
tsvc_2_s3111,none,new,g++-14,unsafe,True,1,canon_cpu.cpp:24,0,,,g++-14 -O3 -std=c++20 -fPIC -fno-math-errno -ffinite-math-only -fno-signaling-nans -fstrict-aliasing -faligned-new -fvect-cost-model=unlimited -fopenmp -funsafe-math-optimizations -I/capstor/scratch/cscs/lhulsbergen/venv_dace5cf/lib/python3.12/site-packages/dace/runtime/include -c /capstor/scratch/cscs/lhulsbergen/llr40_dace/emit/tsvc_2_s3111/none_new/src/cpu/canon_cpu.cpp -o /dev/null -fopt-info-vec-all=/capstor/scratch/cscs/lhulsbergen/llr40_dace/vec/reports/tsvc_2_s3111.none_new.g++-14.unsafe.all
tsvc_2_s3111,none,new,g++-14,harness,True,1,canon_cpu.cpp:24,0,,,g++-14 -march=native -fopenmp -fno-math-errno -fno-trapping-math -fno-signed-zeros -ffp-contract=fast -fstrict-aliasing -include /capstor/scratch/cscs/lhulsbergen/HPCAgent-Bench-dace/hpcagent_bench/envs/vecmath.h -Wall -Wextra -O3 -fPIC -fopenmp -std=c++20 -I/capstor/scratch/cscs/lhulsbergen/venv_dace5cf/lib/python3.12/site-packages/dace/runtime/include -c /capstor/scratch/cscs/lhulsbergen/llr40_dace/emit/tsvc_2_s3111/none_new/src/cpu/canon_cpu.cpp -o /dev/null -fopt-info-vec-all=/capstor/scratch/cscs/lhulsbergen/llr40_dace/vec/reports/tsvc_2_s3111.none_new.g++-14.harness.all
tsvc_2_s3111,none,old,g++-13,bonsall,True,0,,1,canon_cpu.cpp:32,,g++-13 -O3 -std=c++20 -fPIC -fno-math-errno -ffinite-math-only -fno-signaling-nans -fstrict-aliasing -faligned-new -fvect-cost-model=unlimited -fopenmp -I/capstor/scratch/cscs/lhulsbergen/venv_dace5cf/lib/python3.12/site-packages/dace/runtime/include -c /capstor/scratch/cscs/lhulsbergen/llr40_dace/emit/tsvc_2_s3111/none_old/src/cpu/canon_cpu.cpp -o /dev/null -fopt-info-vec-all=/capstor/scratch/cscs/lhulsbergen/llr40_dace/vec/reports/tsvc_2_s3111.none_old.g++-13.bonsall.all
tsvc_2_s3111,none,old,g++-13,unsafe,True,1,canon_cpu.cpp:32,0,,,g++-13 -O3 -std=c++20 -fPIC -fno-math-errno -ffinite-math-only -fno-signaling-nans -fstrict-aliasing -faligned-new -fvect-cost-model=unlimited -fopenmp -funsafe-math-optimizations -I/capstor/scratch/cscs/lhulsbergen/venv_dace5cf/lib/python3.12/site-packages/dace/runtime/include -c /capstor/scratch/cscs/lhulsbergen/llr40_dace/emit/tsvc_2_s3111/none_old/src/cpu/canon_cpu.cpp -o /dev/null -fopt-info-vec-all=/capstor/scratch/cscs/lhulsbergen/llr40_dace/vec/reports/tsvc_2_s3111.none_old.g++-13.unsafe.all
tsvc_2_s3111,none,old,g++-13,harness,True,1,canon_cpu.cpp:32,0,,,g++-13 -march=native -fopenmp -fno-math-errno -fno-trapping-math -fno-signed-zeros -ffp-contract=fast -fstrict-aliasing -include /capstor/scratch/cscs/lhulsbergen/HPCAgent-Bench-dace/hpcagent_bench/envs/vecmath.h -Wall -Wextra -O3 -fPIC -fopenmp -std=c++20 -I/capstor/scratch/cscs/lhulsbergen/venv_dace5cf/lib/python3.12/site-packages/dace/runtime/include -c /capstor/scratch/cscs/lhulsbergen/llr40_dace/emit/tsvc_2_s3111/none_old/src/cpu/canon_cpu.cpp -o /dev/null -fopt-info-vec-all=/capstor/scratch/cscs/lhulsbergen/llr40_dace/vec/reports/tsvc_2_s3111.none_old.g++-13.harness.all
tsvc_2_s3111,none,old,g++-14,bonsall,True,0,,1,canon_cpu.cpp:32,,g++-14 -O3 -std=c++20 -fPIC -fno-math-errno -ffinite-math-only -fno-signaling-nans -fstrict-aliasing -faligned-new -fvect-cost-model=unlimited -fopenmp -I/capstor/scratch/cscs/lhulsbergen/venv_dace5cf/lib/python3.12/site-packages/dace/runtime/include -c /capstor/scratch/cscs/lhulsbergen/llr40_dace/emit/tsvc_2_s3111/none_old/src/cpu/canon_cpu.cpp -o /dev/null -fopt-info-vec-all=/capstor/scratch/cscs/lhulsbergen/llr40_dace/vec/reports/tsvc_2_s3111.none_old.g++-14.bonsall.all
tsvc_2_s3111,none,old,g++-14,unsafe,True,1,canon_cpu.cpp:32,0,,,g++-14 -O3 -std=c++20 -fPIC -fno-math-errno -ffinite-math-only -fno-signaling-nans -fstrict-aliasing -faligned-new -fvect-cost-model=unlimited -fopenmp -funsafe-math-optimizations -I/capstor/scratch/cscs/lhulsbergen/venv_dace5cf/lib/python3.12/site-packages/dace/runtime/include -c /capstor/scratch/cscs/lhulsbergen/llr40_dace/emit/tsvc_2_s3111/none_old/src/cpu/canon_cpu.cpp -o /dev/null -fopt-info-vec-all=/capstor/scratch/cscs/lhulsbergen/llr40_dace/vec/reports/tsvc_2_s3111.none_old.g++-14.unsafe.all
tsvc_2_s3111,none,old,g++-14,harness,True,1,canon_cpu.cpp:32,0,,,g++-14 -march=native -fopenmp -fno-math-errno -fno-trapping-math -fno-signed-zeros -ffp-contract=fast -fstrict-aliasing -include /capstor/scratch/cscs/lhulsbergen/HPCAgent-Bench-dace/hpcagent_bench/envs/vecmath.h -Wall -Wextra -O3 -fPIC -fopenmp -std=c++20 -I/capstor/scratch/cscs/lhulsbergen/venv_dace5cf/lib/python3.12/site-packages/dace/runtime/include -c /capstor/scratch/cscs/lhulsbergen/llr40_dace/emit/tsvc_2_s3111/none_old/src/cpu/canon_cpu.cpp -o /dev/null -fopt-info-vec-all=/capstor/scratch/cscs/lhulsbergen/llr40_dace/vec/reports/tsvc_2_s3111.none_old.g++-14.harness.all
tsvc_2_s3112,canon,legacy,g++-13,bonsall,True,4,scan.hpp:149 scan.hpp:150 scan.hpp:181 scan.hpp:183,3,scan.hpp:284 scan.hpp:292 scan.hpp:364,,g++-13 -O3 -std=c++20 -fPIC -fno-math-errno -ffinite-math-only -fno-signaling-nans -fstrict-aliasing -faligned-new -fvect-cost-model=unlimited -fopenmp -I/capstor/scratch/cscs/lhulsbergen/venv_dace5cf/lib/python3.12/site-packages/dace/runtime/include -c /capstor/scratch/cscs/lhulsbergen/llr40_dace/emit/tsvc_2_s3112/canon_legacy/src/cpu/canon_cpu.cpp -o /dev/null -fopt-info-vec-all=/capstor/scratch/cscs/lhulsbergen/llr40_dace/vec/reports/tsvc_2_s3112.canon_legacy.g++-13.bonsall.all
tsvc_2_s3112,canon,legacy,g++-13,unsafe,True,4,scan.hpp:149 scan.hpp:150 scan.hpp:181 scan.hpp:183,3,scan.hpp:284 scan.hpp:292 scan.hpp:364,,g++-13 -O3 -std=c++20 -fPIC -fno-math-errno -ffinite-math-only -fno-signaling-nans -fstrict-aliasing -faligned-new -fvect-cost-model=unlimited -fopenmp -funsafe-math-optimizations -I/capstor/scratch/cscs/lhulsbergen/venv_dace5cf/lib/python3.12/site-packages/dace/runtime/include -c /capstor/scratch/cscs/lhulsbergen/llr40_dace/emit/tsvc_2_s3112/canon_legacy/src/cpu/canon_cpu.cpp -o /dev/null -fopt-info-vec-all=/capstor/scratch/cscs/lhulsbergen/llr40_dace/vec/reports/tsvc_2_s3112.canon_legacy.g++-13.unsafe.all
tsvc_2_s3112,canon,legacy,g++-13,harness,True,4,scan.hpp:149 scan.hpp:150 scan.hpp:181 scan.hpp:183,5,scan.hpp:277 scan.hpp:284 scan.hpp:292 scan.hpp:360 scan.hpp:364,,g++-13 -march=native -fopenmp -fno-math-errno -fno-trapping-math -fno-signed-zeros -ffp-contract=fast -fstrict-aliasing -include /capstor/scratch/cscs/lhulsbergen/HPCAgent-Bench-dace/hpcagent_bench/envs/vecmath.h -Wall -Wextra -O3 -fPIC -fopenmp -std=c++20 -I/capstor/scratch/cscs/lhulsbergen/venv_dace5cf/lib/python3.12/site-packages/dace/runtime/include -c /capstor/scratch/cscs/lhulsbergen/llr40_dace/emit/tsvc_2_s3112/canon_legacy/src/cpu/canon_cpu.cpp -o /dev/null -fopt-info-vec-all=/capstor/scratch/cscs/lhulsbergen/llr40_dace/vec/reports/tsvc_2_s3112.canon_legacy.g++-13.harness.all
tsvc_2_s3112,canon,legacy,g++-14,bonsall,True,4,scan.hpp:149 scan.hpp:150 scan.hpp:181 scan.hpp:183,3,scan.hpp:284 scan.hpp:292 scan.hpp:364,,g++-14 -O3 -std=c++20 -fPIC -fno-math-errno -ffinite-math-only -fno-signaling-nans -fstrict-aliasing -faligned-new -fvect-cost-model=unlimited -fopenmp -I/capstor/scratch/cscs/lhulsbergen/venv_dace5cf/lib/python3.12/site-packages/dace/runtime/include -c /capstor/scratch/cscs/lhulsbergen/llr40_dace/emit/tsvc_2_s3112/canon_legacy/src/cpu/canon_cpu.cpp -o /dev/null -fopt-info-vec-all=/capstor/scratch/cscs/lhulsbergen/llr40_dace/vec/reports/tsvc_2_s3112.canon_legacy.g++-14.bonsall.all
tsvc_2_s3112,canon,legacy,g++-14,unsafe,True,4,scan.hpp:149 scan.hpp:150 scan.hpp:181 scan.hpp:183,3,scan.hpp:284 scan.hpp:292 scan.hpp:364,,g++-14 -O3 -std=c++20 -fPIC -fno-math-errno -ffinite-math-only -fno-signaling-nans -fstrict-aliasing -faligned-new -fvect-cost-model=unlimited -fopenmp -funsafe-math-optimizations -I/capstor/scratch/cscs/lhulsbergen/venv_dace5cf/lib/python3.12/site-packages/dace/runtime/include -c /capstor/scratch/cscs/lhulsbergen/llr40_dace/emit/tsvc_2_s3112/canon_legacy/src/cpu/canon_cpu.cpp -o /dev/null -fopt-info-vec-all=/capstor/scratch/cscs/lhulsbergen/llr40_dace/vec/reports/tsvc_2_s3112.canon_legacy.g++-14.unsafe.all
tsvc_2_s3112,canon,legacy,g++-14,harness,True,4,scan.hpp:149 scan.hpp:150 scan.hpp:181 scan.hpp:183,5,scan.hpp:277 scan.hpp:284 scan.hpp:292 scan.hpp:360 scan.hpp:364,,g++-14 -march=native -fopenmp -fno-math-errno -fno-trapping-math -fno-signed-zeros -ffp-contract=fast -fstrict-aliasing -include /capstor/scratch/cscs/lhulsbergen/HPCAgent-Bench-dace/hpcagent_bench/envs/vecmath.h -Wall -Wextra -O3 -fPIC -fopenmp -std=c++20 -I/capstor/scratch/cscs/lhulsbergen/venv_dace5cf/lib/python3.12/site-packages/dace/runtime/include -c /capstor/scratch/cscs/lhulsbergen/llr40_dace/emit/tsvc_2_s3112/canon_legacy/src/cpu/canon_cpu.cpp -o /dev/null -fopt-info-vec-all=/capstor/scratch/cscs/lhulsbergen/llr40_dace/vec/reports/tsvc_2_s3112.canon_legacy.g++-14.harness.all
tsvc_2_s3112,canon,new,g++-13,bonsall,True,4,scan.hpp:149 scan.hpp:150 scan.hpp:181 scan.hpp:183,3,scan.hpp:284 scan.hpp:292 scan.hpp:364,,g++-13 -O3 -std=c++20 -fPIC -fno-math-errno -ffinite-math-only -fno-signaling-nans -fstrict-aliasing -faligned-new -fvect-cost-model=unlimited -fopenmp -I/capstor/scratch/cscs/lhulsbergen/venv_dace5cf/lib/python3.12/site-packages/dace/runtime/include -c /capstor/scratch/cscs/lhulsbergen/llr40_dace/emit/tsvc_2_s3112/canon_new/src/cpu/canon_cpu.cpp -o /dev/null -fopt-info-vec-all=/capstor/scratch/cscs/lhulsbergen/llr40_dace/vec/reports/tsvc_2_s3112.canon_new.g++-13.bonsall.all
tsvc_2_s3112,canon,new,g++-13,unsafe,True,4,scan.hpp:149 scan.hpp:150 scan.hpp:181 scan.hpp:183,3,scan.hpp:284 scan.hpp:292 scan.hpp:364,,g++-13 -O3 -std=c++20 -fPIC -fno-math-errno -ffinite-math-only -fno-signaling-nans -fstrict-aliasing -faligned-new -fvect-cost-model=unlimited -fopenmp -funsafe-math-optimizations -I/capstor/scratch/cscs/lhulsbergen/venv_dace5cf/lib/python3.12/site-packages/dace/runtime/include -c /capstor/scratch/cscs/lhulsbergen/llr40_dace/emit/tsvc_2_s3112/canon_new/src/cpu/canon_cpu.cpp -o /dev/null -fopt-info-vec-all=/capstor/scratch/cscs/lhulsbergen/llr40_dace/vec/reports/tsvc_2_s3112.canon_new.g++-13.unsafe.all
tsvc_2_s3112,canon,new,g++-13,harness,True,4,scan.hpp:149 scan.hpp:150 scan.hpp:181 scan.hpp:183,5,scan.hpp:277 scan.hpp:284 scan.hpp:292 scan.hpp:360 scan.hpp:364,,g++-13 -march=native -fopenmp -fno-math-errno -fno-trapping-math -fno-signed-zeros -ffp-contract=fast -fstrict-aliasing -include /capstor/scratch/cscs/lhulsbergen/HPCAgent-Bench-dace/hpcagent_bench/envs/vecmath.h -Wall -Wextra -O3 -fPIC -fopenmp -std=c++20 -I/capstor/scratch/cscs/lhulsbergen/venv_dace5cf/lib/python3.12/site-packages/dace/runtime/include -c /capstor/scratch/cscs/lhulsbergen/llr40_dace/emit/tsvc_2_s3112/canon_new/src/cpu/canon_cpu.cpp -o /dev/null -fopt-info-vec-all=/capstor/scratch/cscs/lhulsbergen/llr40_dace/vec/reports/tsvc_2_s3112.canon_new.g++-13.harness.all
tsvc_2_s3112,canon,new,g++-14,bonsall,True,4,scan.hpp:149 scan.hpp:150 scan.hpp:181 scan.hpp:183,3,scan.hpp:284 scan.hpp:292 scan.hpp:364,,g++-14 -O3 -std=c++20 -fPIC -fno-math-errno -ffinite-math-only -fno-signaling-nans -fstrict-aliasing -faligned-new -fvect-cost-model=unlimited -fopenmp -I/capstor/scratch/cscs/lhulsbergen/venv_dace5cf/lib/python3.12/site-packages/dace/runtime/include -c /capstor/scratch/cscs/lhulsbergen/llr40_dace/emit/tsvc_2_s3112/canon_new/src/cpu/canon_cpu.cpp -o /dev/null -fopt-info-vec-all=/capstor/scratch/cscs/lhulsbergen/llr40_dace/vec/reports/tsvc_2_s3112.canon_new.g++-14.bonsall.all
tsvc_2_s3112,canon,new,g++-14,unsafe,True,4,scan.hpp:149 scan.hpp:150 scan.hpp:181 scan.hpp:183,3,scan.hpp:284 scan.hpp:292 scan.hpp:364,,g++-14 -O3 -std=c++20 -fPIC -fno-math-errno -ffinite-math-only -fno-signaling-nans -fstrict-aliasing -faligned-new -fvect-cost-model=unlimited -fopenmp -funsafe-math-optimizations -I/capstor/scratch/cscs/lhulsbergen/venv_dace5cf/lib/python3.12/site-packages/dace/runtime/include -c /capstor/scratch/cscs/lhulsbergen/llr40_dace/emit/tsvc_2_s3112/canon_new/src/cpu/canon_cpu.cpp -o /dev/null -fopt-info-vec-all=/capstor/scratch/cscs/lhulsbergen/llr40_dace/vec/reports/tsvc_2_s3112.canon_new.g++-14.unsafe.all
tsvc_2_s3112,canon,new,g++-14,harness,True,4,scan.hpp:149 scan.hpp:150 scan.hpp:181 scan.hpp:183,5,scan.hpp:277 scan.hpp:284 scan.hpp:292 scan.hpp:360 scan.hpp:364,,g++-14 -march=native -fopenmp -fno-math-errno -fno-trapping-math -fno-signed-zeros -ffp-contract=fast -fstrict-aliasing -include /capstor/scratch/cscs/lhulsbergen/HPCAgent-Bench-dace/hpcagent_bench/envs/vecmath.h -Wall -Wextra -O3 -fPIC -fopenmp -std=c++20 -I/capstor/scratch/cscs/lhulsbergen/venv_dace5cf/lib/python3.12/site-packages/dace/runtime/include -c /capstor/scratch/cscs/lhulsbergen/llr40_dace/emit/tsvc_2_s3112/canon_new/src/cpu/canon_cpu.cpp -o /dev/null -fopt-info-vec-all=/capstor/scratch/cscs/lhulsbergen/llr40_dace/vec/reports/tsvc_2_s3112.canon_new.g++-14.harness.all
tsvc_2_s3112,canon,old,g++-13,bonsall,True,4,scan.hpp:149 scan.hpp:150 scan.hpp:181 scan.hpp:183,3,scan.hpp:284 scan.hpp:292 scan.hpp:364,,g++-13 -O3 -std=c++20 -fPIC -fno-math-errno -ffinite-math-only -fno-signaling-nans -fstrict-aliasing -faligned-new -fvect-cost-model=unlimited -fopenmp -I/capstor/scratch/cscs/lhulsbergen/venv_dace5cf/lib/python3.12/site-packages/dace/runtime/include -c /capstor/scratch/cscs/lhulsbergen/llr40_dace/emit/tsvc_2_s3112/canon_old/src/cpu/canon_cpu.cpp -o /dev/null -fopt-info-vec-all=/capstor/scratch/cscs/lhulsbergen/llr40_dace/vec/reports/tsvc_2_s3112.canon_old.g++-13.bonsall.all
tsvc_2_s3112,canon,old,g++-13,unsafe,True,4,scan.hpp:149 scan.hpp:150 scan.hpp:181 scan.hpp:183,3,scan.hpp:284 scan.hpp:292 scan.hpp:364,,g++-13 -O3 -std=c++20 -fPIC -fno-math-errno -ffinite-math-only -fno-signaling-nans -fstrict-aliasing -faligned-new -fvect-cost-model=unlimited -fopenmp -funsafe-math-optimizations -I/capstor/scratch/cscs/lhulsbergen/venv_dace5cf/lib/python3.12/site-packages/dace/runtime/include -c /capstor/scratch/cscs/lhulsbergen/llr40_dace/emit/tsvc_2_s3112/canon_old/src/cpu/canon_cpu.cpp -o /dev/null -fopt-info-vec-all=/capstor/scratch/cscs/lhulsbergen/llr40_dace/vec/reports/tsvc_2_s3112.canon_old.g++-13.unsafe.all
tsvc_2_s3112,canon,old,g++-13,harness,True,4,scan.hpp:149 scan.hpp:150 scan.hpp:181 scan.hpp:183,5,scan.hpp:277 scan.hpp:284 scan.hpp:292 scan.hpp:360 scan.hpp:364,,g++-13 -march=native -fopenmp -fno-math-errno -fno-trapping-math -fno-signed-zeros -ffp-contract=fast -fstrict-aliasing -include /capstor/scratch/cscs/lhulsbergen/HPCAgent-Bench-dace/hpcagent_bench/envs/vecmath.h -Wall -Wextra -O3 -fPIC -fopenmp -std=c++20 -I/capstor/scratch/cscs/lhulsbergen/venv_dace5cf/lib/python3.12/site-packages/dace/runtime/include -c /capstor/scratch/cscs/lhulsbergen/llr40_dace/emit/tsvc_2_s3112/canon_old/src/cpu/canon_cpu.cpp -o /dev/null -fopt-info-vec-all=/capstor/scratch/cscs/lhulsbergen/llr40_dace/vec/reports/tsvc_2_s3112.canon_old.g++-13.harness.all
tsvc_2_s3112,canon,old,g++-14,bonsall,True,4,scan.hpp:149 scan.hpp:150 scan.hpp:181 scan.hpp:183,3,scan.hpp:284 scan.hpp:292 scan.hpp:364,,g++-14 -O3 -std=c++20 -fPIC -fno-math-errno -ffinite-math-only -fno-signaling-nans -fstrict-aliasing -faligned-new -fvect-cost-model=unlimited -fopenmp -I/capstor/scratch/cscs/lhulsbergen/venv_dace5cf/lib/python3.12/site-packages/dace/runtime/include -c /capstor/scratch/cscs/lhulsbergen/llr40_dace/emit/tsvc_2_s3112/canon_old/src/cpu/canon_cpu.cpp -o /dev/null -fopt-info-vec-all=/capstor/scratch/cscs/lhulsbergen/llr40_dace/vec/reports/tsvc_2_s3112.canon_old.g++-14.bonsall.all
tsvc_2_s3112,canon,old,g++-14,unsafe,True,4,scan.hpp:149 scan.hpp:150 scan.hpp:181 scan.hpp:183,3,scan.hpp:284 scan.hpp:292 scan.hpp:364,,g++-14 -O3 -std=c++20 -fPIC -fno-math-errno -ffinite-math-only -fno-signaling-nans -fstrict-aliasing -faligned-new -fvect-cost-model=unlimited -fopenmp -funsafe-math-optimizations -I/capstor/scratch/cscs/lhulsbergen/venv_dace5cf/lib/python3.12/site-packages/dace/runtime/include -c /capstor/scratch/cscs/lhulsbergen/llr40_dace/emit/tsvc_2_s3112/canon_old/src/cpu/canon_cpu.cpp -o /dev/null -fopt-info-vec-all=/capstor/scratch/cscs/lhulsbergen/llr40_dace/vec/reports/tsvc_2_s3112.canon_old.g++-14.unsafe.all
tsvc_2_s3112,canon,old,g++-14,harness,True,4,scan.hpp:149 scan.hpp:150 scan.hpp:181 scan.hpp:183,5,scan.hpp:277 scan.hpp:284 scan.hpp:292 scan.hpp:360 scan.hpp:364,,g++-14 -march=native -fopenmp -fno-math-errno -fno-trapping-math -fno-signed-zeros -ffp-contract=fast -fstrict-aliasing -include /capstor/scratch/cscs/lhulsbergen/HPCAgent-Bench-dace/hpcagent_bench/envs/vecmath.h -Wall -Wextra -O3 -fPIC -fopenmp -std=c++20 -I/capstor/scratch/cscs/lhulsbergen/venv_dace5cf/lib/python3.12/site-packages/dace/runtime/include -c /capstor/scratch/cscs/lhulsbergen/llr40_dace/emit/tsvc_2_s3112/canon_old/src/cpu/canon_cpu.cpp -o /dev/null -fopt-info-vec-all=/capstor/scratch/cscs/lhulsbergen/llr40_dace/vec/reports/tsvc_2_s3112.canon_old.g++-14.harness.all
tsvc_2_s3112,none,legacy,g++-13,bonsall,True,0,,2,canon_cpu.cpp:31 canon_cpu.cpp:52,,g++-13 -O3 -std=c++20 -fPIC -fno-math-errno -ffinite-math-only -fno-signaling-nans -fstrict-aliasing -faligned-new -fvect-cost-model=unlimited -fopenmp -I/capstor/scratch/cscs/lhulsbergen/venv_dace5cf/lib/python3.12/site-packages/dace/runtime/include -c /capstor/scratch/cscs/lhulsbergen/llr40_dace/emit/tsvc_2_s3112/none_legacy/src/cpu/canon_cpu.cpp -o /dev/null -fopt-info-vec-all=/capstor/scratch/cscs/lhulsbergen/llr40_dace/vec/reports/tsvc_2_s3112.none_legacy.g++-13.bonsall.all
tsvc_2_s3112,none,legacy,g++-13,unsafe,True,0,,2,canon_cpu.cpp:31 canon_cpu.cpp:52,,g++-13 -O3 -std=c++20 -fPIC -fno-math-errno -ffinite-math-only -fno-signaling-nans -fstrict-aliasing -faligned-new -fvect-cost-model=unlimited -fopenmp -funsafe-math-optimizations -I/capstor/scratch/cscs/lhulsbergen/venv_dace5cf/lib/python3.12/site-packages/dace/runtime/include -c /capstor/scratch/cscs/lhulsbergen/llr40_dace/emit/tsvc_2_s3112/none_legacy/src/cpu/canon_cpu.cpp -o /dev/null -fopt-info-vec-all=/capstor/scratch/cscs/lhulsbergen/llr40_dace/vec/reports/tsvc_2_s3112.none_legacy.g++-13.unsafe.all
tsvc_2_s3112,none,legacy,g++-13,harness,True,0,,2,canon_cpu.cpp:31 canon_cpu.cpp:52,,g++-13 -march=native -fopenmp -fno-math-errno -fno-trapping-math -fno-signed-zeros -ffp-contract=fast -fstrict-aliasing -include /capstor/scratch/cscs/lhulsbergen/HPCAgent-Bench-dace/hpcagent_bench/envs/vecmath.h -Wall -Wextra -O3 -fPIC -fopenmp -std=c++20 -I/capstor/scratch/cscs/lhulsbergen/venv_dace5cf/lib/python3.12/site-packages/dace/runtime/include -c /capstor/scratch/cscs/lhulsbergen/llr40_dace/emit/tsvc_2_s3112/none_legacy/src/cpu/canon_cpu.cpp -o /dev/null -fopt-info-vec-all=/capstor/scratch/cscs/lhulsbergen/llr40_dace/vec/reports/tsvc_2_s3112.none_legacy.g++-13.harness.all
tsvc_2_s3112,none,legacy,g++-14,bonsall,True,0,,2,canon_cpu.cpp:31 canon_cpu.cpp:52,,g++-14 -O3 -std=c++20 -fPIC -fno-math-errno -ffinite-math-only -fno-signaling-nans -fstrict-aliasing -faligned-new -fvect-cost-model=unlimited -fopenmp -I/capstor/scratch/cscs/lhulsbergen/venv_dace5cf/lib/python3.12/site-packages/dace/runtime/include -c /capstor/scratch/cscs/lhulsbergen/llr40_dace/emit/tsvc_2_s3112/none_legacy/src/cpu/canon_cpu.cpp -o /dev/null -fopt-info-vec-all=/capstor/scratch/cscs/lhulsbergen/llr40_dace/vec/reports/tsvc_2_s3112.none_legacy.g++-14.bonsall.all
tsvc_2_s3112,none,legacy,g++-14,unsafe,True,0,,2,canon_cpu.cpp:31 canon_cpu.cpp:52,,g++-14 -O3 -std=c++20 -fPIC -fno-math-errno -ffinite-math-only -fno-signaling-nans -fstrict-aliasing -faligned-new -fvect-cost-model=unlimited -fopenmp -funsafe-math-optimizations -I/capstor/scratch/cscs/lhulsbergen/venv_dace5cf/lib/python3.12/site-packages/dace/runtime/include -c /capstor/scratch/cscs/lhulsbergen/llr40_dace/emit/tsvc_2_s3112/none_legacy/src/cpu/canon_cpu.cpp -o /dev/null -fopt-info-vec-all=/capstor/scratch/cscs/lhulsbergen/llr40_dace/vec/reports/tsvc_2_s3112.none_legacy.g++-14.unsafe.all
tsvc_2_s3112,none,legacy,g++-14,harness,True,0,,2,canon_cpu.cpp:31 canon_cpu.cpp:52,,g++-14 -march=native -fopenmp -fno-math-errno -fno-trapping-math -fno-signed-zeros -ffp-contract=fast -fstrict-aliasing -include /capstor/scratch/cscs/lhulsbergen/HPCAgent-Bench-dace/hpcagent_bench/envs/vecmath.h -Wall -Wextra -O3 -fPIC -fopenmp -std=c++20 -I/capstor/scratch/cscs/lhulsbergen/venv_dace5cf/lib/python3.12/site-packages/dace/runtime/include -c /capstor/scratch/cscs/lhulsbergen/llr40_dace/emit/tsvc_2_s3112/none_legacy/src/cpu/canon_cpu.cpp -o /dev/null -fopt-info-vec-all=/capstor/scratch/cscs/lhulsbergen/llr40_dace/vec/reports/tsvc_2_s3112.none_legacy.g++-14.harness.all
tsvc_2_s3112,none,new,g++-13,bonsall,True,0,,2,canon_cpu.cpp:23 canon_cpu.cpp:27,,g++-13 -O3 -std=c++20 -fPIC -fno-math-errno -ffinite-math-only -fno-signaling-nans -fstrict-aliasing -faligned-new -fvect-cost-model=unlimited -fopenmp -I/capstor/scratch/cscs/lhulsbergen/venv_dace5cf/lib/python3.12/site-packages/dace/runtime/include -c /capstor/scratch/cscs/lhulsbergen/llr40_dace/emit/tsvc_2_s3112/none_new/src/cpu/canon_cpu.cpp -o /dev/null -fopt-info-vec-all=/capstor/scratch/cscs/lhulsbergen/llr40_dace/vec/reports/tsvc_2_s3112.none_new.g++-13.bonsall.all
tsvc_2_s3112,none,new,g++-13,unsafe,True,0,,2,canon_cpu.cpp:23 canon_cpu.cpp:27,,g++-13 -O3 -std=c++20 -fPIC -fno-math-errno -ffinite-math-only -fno-signaling-nans -fstrict-aliasing -faligned-new -fvect-cost-model=unlimited -fopenmp -funsafe-math-optimizations -I/capstor/scratch/cscs/lhulsbergen/venv_dace5cf/lib/python3.12/site-packages/dace/runtime/include -c /capstor/scratch/cscs/lhulsbergen/llr40_dace/emit/tsvc_2_s3112/none_new/src/cpu/canon_cpu.cpp -o /dev/null -fopt-info-vec-all=/capstor/scratch/cscs/lhulsbergen/llr40_dace/vec/reports/tsvc_2_s3112.none_new.g++-13.unsafe.all
tsvc_2_s3112,none,new,g++-13,harness,True,0,,2,canon_cpu.cpp:23 canon_cpu.cpp:27,,g++-13 -march=native -fopenmp -fno-math-errno -fno-trapping-math -fno-signed-zeros -ffp-contract=fast -fstrict-aliasing -include /capstor/scratch/cscs/lhulsbergen/HPCAgent-Bench-dace/hpcagent_bench/envs/vecmath.h -Wall -Wextra -O3 -fPIC -fopenmp -std=c++20 -I/capstor/scratch/cscs/lhulsbergen/venv_dace5cf/lib/python3.12/site-packages/dace/runtime/include -c /capstor/scratch/cscs/lhulsbergen/llr40_dace/emit/tsvc_2_s3112/none_new/src/cpu/canon_cpu.cpp -o /dev/null -fopt-info-vec-all=/capstor/scratch/cscs/lhulsbergen/llr40_dace/vec/reports/tsvc_2_s3112.none_new.g++-13.harness.all
tsvc_2_s3112,none,new,g++-14,bonsall,True,0,,2,canon_cpu.cpp:23 canon_cpu.cpp:27,,g++-14 -O3 -std=c++20 -fPIC -fno-math-errno -ffinite-math-only -fno-signaling-nans -fstrict-aliasing -faligned-new -fvect-cost-model=unlimited -fopenmp -I/capstor/scratch/cscs/lhulsbergen/venv_dace5cf/lib/python3.12/site-packages/dace/runtime/include -c /capstor/scratch/cscs/lhulsbergen/llr40_dace/emit/tsvc_2_s3112/none_new/src/cpu/canon_cpu.cpp -o /dev/null -fopt-info-vec-all=/capstor/scratch/cscs/lhulsbergen/llr40_dace/vec/reports/tsvc_2_s3112.none_new.g++-14.bonsall.all
tsvc_2_s3112,none,new,g++-14,unsafe,True,0,,2,canon_cpu.cpp:23 canon_cpu.cpp:27,,g++-14 -O3 -std=c++20 -fPIC -fno-math-errno -ffinite-math-only -fno-signaling-nans -fstrict-aliasing -faligned-new -fvect-cost-model=unlimited -fopenmp -funsafe-math-optimizations -I/capstor/scratch/cscs/lhulsbergen/venv_dace5cf/lib/python3.12/site-packages/dace/runtime/include -c /capstor/scratch/cscs/lhulsbergen/llr40_dace/emit/tsvc_2_s3112/none_new/src/cpu/canon_cpu.cpp -o /dev/null -fopt-info-vec-all=/capstor/scratch/cscs/lhulsbergen/llr40_dace/vec/reports/tsvc_2_s3112.none_new.g++-14.unsafe.all
tsvc_2_s3112,none,new,g++-14,harness,True,0,,2,canon_cpu.cpp:23 canon_cpu.cpp:27,,g++-14 -march=native -fopenmp -fno-math-errno -fno-trapping-math -fno-signed-zeros -ffp-contract=fast -fstrict-aliasing -include /capstor/scratch/cscs/lhulsbergen/HPCAgent-Bench-dace/hpcagent_bench/envs/vecmath.h -Wall -Wextra -O3 -fPIC -fopenmp -std=c++20 -I/capstor/scratch/cscs/lhulsbergen/venv_dace5cf/lib/python3.12/site-packages/dace/runtime/include -c /capstor/scratch/cscs/lhulsbergen/llr40_dace/emit/tsvc_2_s3112/none_new/src/cpu/canon_cpu.cpp -o /dev/null -fopt-info-vec-all=/capstor/scratch/cscs/lhulsbergen/llr40_dace/vec/reports/tsvc_2_s3112.none_new.g++-14.harness.all
tsvc_2_s3112,none,old,g++-13,bonsall,True,0,,2,canon_cpu.cpp:31 canon_cpu.cpp:44,,g++-13 -O3 -std=c++20 -fPIC -fno-math-errno -ffinite-math-only -fno-signaling-nans -fstrict-aliasing -faligned-new -fvect-cost-model=unlimited -fopenmp -I/capstor/scratch/cscs/lhulsbergen/venv_dace5cf/lib/python3.12/site-packages/dace/runtime/include -c /capstor/scratch/cscs/lhulsbergen/llr40_dace/emit/tsvc_2_s3112/none_old/src/cpu/canon_cpu.cpp -o /dev/null -fopt-info-vec-all=/capstor/scratch/cscs/lhulsbergen/llr40_dace/vec/reports/tsvc_2_s3112.none_old.g++-13.bonsall.all
tsvc_2_s3112,none,old,g++-13,unsafe,True,0,,2,canon_cpu.cpp:31 canon_cpu.cpp:44,,g++-13 -O3 -std=c++20 -fPIC -fno-math-errno -ffinite-math-only -fno-signaling-nans -fstrict-aliasing -faligned-new -fvect-cost-model=unlimited -fopenmp -funsafe-math-optimizations -I/capstor/scratch/cscs/lhulsbergen/venv_dace5cf/lib/python3.12/site-packages/dace/runtime/include -c /capstor/scratch/cscs/lhulsbergen/llr40_dace/emit/tsvc_2_s3112/none_old/src/cpu/canon_cpu.cpp -o /dev/null -fopt-info-vec-all=/capstor/scratch/cscs/lhulsbergen/llr40_dace/vec/reports/tsvc_2_s3112.none_old.g++-13.unsafe.all
tsvc_2_s3112,none,old,g++-13,harness,True,0,,2,canon_cpu.cpp:31 canon_cpu.cpp:44,,g++-13 -march=native -fopenmp -fno-math-errno -fno-trapping-math -fno-signed-zeros -ffp-contract=fast -fstrict-aliasing -include /capstor/scratch/cscs/lhulsbergen/HPCAgent-Bench-dace/hpcagent_bench/envs/vecmath.h -Wall -Wextra -O3 -fPIC -fopenmp -std=c++20 -I/capstor/scratch/cscs/lhulsbergen/venv_dace5cf/lib/python3.12/site-packages/dace/runtime/include -c /capstor/scratch/cscs/lhulsbergen/llr40_dace/emit/tsvc_2_s3112/none_old/src/cpu/canon_cpu.cpp -o /dev/null -fopt-info-vec-all=/capstor/scratch/cscs/lhulsbergen/llr40_dace/vec/reports/tsvc_2_s3112.none_old.g++-13.harness.all
tsvc_2_s3112,none,old,g++-14,bonsall,True,0,,2,canon_cpu.cpp:31 canon_cpu.cpp:44,,g++-14 -O3 -std=c++20 -fPIC -fno-math-errno -ffinite-math-only -fno-signaling-nans -fstrict-aliasing -faligned-new -fvect-cost-model=unlimited -fopenmp -I/capstor/scratch/cscs/lhulsbergen/venv_dace5cf/lib/python3.12/site-packages/dace/runtime/include -c /capstor/scratch/cscs/lhulsbergen/llr40_dace/emit/tsvc_2_s3112/none_old/src/cpu/canon_cpu.cpp -o /dev/null -fopt-info-vec-all=/capstor/scratch/cscs/lhulsbergen/llr40_dace/vec/reports/tsvc_2_s3112.none_old.g++-14.bonsall.all
tsvc_2_s3112,none,old,g++-14,unsafe,True,0,,2,canon_cpu.cpp:31 canon_cpu.cpp:44,,g++-14 -O3 -std=c++20 -fPIC -fno-math-errno -ffinite-math-only -fno-signaling-nans -fstrict-aliasing -faligned-new -fvect-cost-model=unlimited -fopenmp -funsafe-math-optimizations -I/capstor/scratch/cscs/lhulsbergen/venv_dace5cf/lib/python3.12/site-packages/dace/runtime/include -c /capstor/scratch/cscs/lhulsbergen/llr40_dace/emit/tsvc_2_s3112/none_old/src/cpu/canon_cpu.cpp -o /dev/null -fopt-info-vec-all=/capstor/scratch/cscs/lhulsbergen/llr40_dace/vec/reports/tsvc_2_s3112.none_old.g++-14.unsafe.all
tsvc_2_s3112,none,old,g++-14,harness,True,0,,2,canon_cpu.cpp:31 canon_cpu.cpp:44,,g++-14 -march=native -fopenmp -fno-math-errno -fno-trapping-math -fno-signed-zeros -ffp-contract=fast -fstrict-aliasing -include /capstor/scratch/cscs/lhulsbergen/HPCAgent-Bench-dace/hpcagent_bench/envs/vecmath.h -Wall -Wextra -O3 -fPIC -fopenmp -std=c++20 -I/capstor/scratch/cscs/lhulsbergen/venv_dace5cf/lib/python3.12/site-packages/dace/runtime/include -c /capstor/scratch/cscs/lhulsbergen/llr40_dace/emit/tsvc_2_s3112/none_old/src/cpu/canon_cpu.cpp -o /dev/null -fopt-info-vec-all=/capstor/scratch/cscs/lhulsbergen/llr40_dace/vec/reports/tsvc_2_s3112.none_old.g++-14.harness.all
tsvc_2_s313,canon,legacy,g++-13,bonsall,True,1,canon_cpu.cpp:60,1,canon_cpu.cpp:55,,g++-13 -O3 -std=c++20 -fPIC -fno-math-errno -ffinite-math-only -fno-signaling-nans -fstrict-aliasing -faligned-new -fvect-cost-model=unlimited -fopenmp -I/capstor/scratch/cscs/lhulsbergen/venv_dace5cf/lib/python3.12/site-packages/dace/runtime/include -c /capstor/scratch/cscs/lhulsbergen/llr40_dace/emit/tsvc_2_s313/canon_legacy/src/cpu/canon_cpu.cpp -o /dev/null -fopt-info-vec-all=/capstor/scratch/cscs/lhulsbergen/llr40_dace/vec/reports/tsvc_2_s313.canon_legacy.g++-13.bonsall.all
tsvc_2_s313,canon,legacy,g++-13,unsafe,True,1,canon_cpu.cpp:60,1,canon_cpu.cpp:55,,g++-13 -O3 -std=c++20 -fPIC -fno-math-errno -ffinite-math-only -fno-signaling-nans -fstrict-aliasing -faligned-new -fvect-cost-model=unlimited -fopenmp -funsafe-math-optimizations -I/capstor/scratch/cscs/lhulsbergen/venv_dace5cf/lib/python3.12/site-packages/dace/runtime/include -c /capstor/scratch/cscs/lhulsbergen/llr40_dace/emit/tsvc_2_s313/canon_legacy/src/cpu/canon_cpu.cpp -o /dev/null -fopt-info-vec-all=/capstor/scratch/cscs/lhulsbergen/llr40_dace/vec/reports/tsvc_2_s313.canon_legacy.g++-13.unsafe.all
tsvc_2_s313,canon,legacy,g++-13,harness,True,1,canon_cpu.cpp:60,1,canon_cpu.cpp:55,,g++-13 -march=native -fopenmp -fno-math-errno -fno-trapping-math -fno-signed-zeros -ffp-contract=fast -fstrict-aliasing -include /capstor/scratch/cscs/lhulsbergen/HPCAgent-Bench-dace/hpcagent_bench/envs/vecmath.h -Wall -Wextra -O3 -fPIC -fopenmp -std=c++20 -I/capstor/scratch/cscs/lhulsbergen/venv_dace5cf/lib/python3.12/site-packages/dace/runtime/include -c /capstor/scratch/cscs/lhulsbergen/llr40_dace/emit/tsvc_2_s313/canon_legacy/src/cpu/canon_cpu.cpp -o /dev/null -fopt-info-vec-all=/capstor/scratch/cscs/lhulsbergen/llr40_dace/vec/reports/tsvc_2_s313.canon_legacy.g++-13.harness.all
tsvc_2_s313,canon,legacy,g++-14,bonsall,True,1,canon_cpu.cpp:60,1,canon_cpu.cpp:55,,g++-14 -O3 -std=c++20 -fPIC -fno-math-errno -ffinite-math-only -fno-signaling-nans -fstrict-aliasing -faligned-new -fvect-cost-model=unlimited -fopenmp -I/capstor/scratch/cscs/lhulsbergen/venv_dace5cf/lib/python3.12/site-packages/dace/runtime/include -c /capstor/scratch/cscs/lhulsbergen/llr40_dace/emit/tsvc_2_s313/canon_legacy/src/cpu/canon_cpu.cpp -o /dev/null -fopt-info-vec-all=/capstor/scratch/cscs/lhulsbergen/llr40_dace/vec/reports/tsvc_2_s313.canon_legacy.g++-14.bonsall.all
tsvc_2_s313,canon,legacy,g++-14,unsafe,True,1,canon_cpu.cpp:60,1,canon_cpu.cpp:55,,g++-14 -O3 -std=c++20 -fPIC -fno-math-errno -ffinite-math-only -fno-signaling-nans -fstrict-aliasing -faligned-new -fvect-cost-model=unlimited -fopenmp -funsafe-math-optimizations -I/capstor/scratch/cscs/lhulsbergen/venv_dace5cf/lib/python3.12/site-packages/dace/runtime/include -c /capstor/scratch/cscs/lhulsbergen/llr40_dace/emit/tsvc_2_s313/canon_legacy/src/cpu/canon_cpu.cpp -o /dev/null -fopt-info-vec-all=/capstor/scratch/cscs/lhulsbergen/llr40_dace/vec/reports/tsvc_2_s313.canon_legacy.g++-14.unsafe.all
tsvc_2_s313,canon,legacy,g++-14,harness,True,1,canon_cpu.cpp:60,1,canon_cpu.cpp:55,,g++-14 -march=native -fopenmp -fno-math-errno -fno-trapping-math -fno-signed-zeros -ffp-contract=fast -fstrict-aliasing -include /capstor/scratch/cscs/lhulsbergen/HPCAgent-Bench-dace/hpcagent_bench/envs/vecmath.h -Wall -Wextra -O3 -fPIC -fopenmp -std=c++20 -I/capstor/scratch/cscs/lhulsbergen/venv_dace5cf/lib/python3.12/site-packages/dace/runtime/include -c /capstor/scratch/cscs/lhulsbergen/llr40_dace/emit/tsvc_2_s313/canon_legacy/src/cpu/canon_cpu.cpp -o /dev/null -fopt-info-vec-all=/capstor/scratch/cscs/lhulsbergen/llr40_dace/vec/reports/tsvc_2_s313.canon_legacy.g++-14.harness.all
tsvc_2_s313,canon,new,g++-13,bonsall,True,1,canon_cpu.cpp:41,1,canon_cpu.cpp:37,,g++-13 -O3 -std=c++20 -fPIC -fno-math-errno -ffinite-math-only -fno-signaling-nans -fstrict-aliasing -faligned-new -fvect-cost-model=unlimited -fopenmp -I/capstor/scratch/cscs/lhulsbergen/venv_dace5cf/lib/python3.12/site-packages/dace/runtime/include -c /capstor/scratch/cscs/lhulsbergen/llr40_dace/emit/tsvc_2_s313/canon_new/src/cpu/canon_cpu.cpp -o /dev/null -fopt-info-vec-all=/capstor/scratch/cscs/lhulsbergen/llr40_dace/vec/reports/tsvc_2_s313.canon_new.g++-13.bonsall.all
tsvc_2_s313,canon,new,g++-13,unsafe,True,1,canon_cpu.cpp:41,1,canon_cpu.cpp:37,,g++-13 -O3 -std=c++20 -fPIC -fno-math-errno -ffinite-math-only -fno-signaling-nans -fstrict-aliasing -faligned-new -fvect-cost-model=unlimited -fopenmp -funsafe-math-optimizations -I/capstor/scratch/cscs/lhulsbergen/venv_dace5cf/lib/python3.12/site-packages/dace/runtime/include -c /capstor/scratch/cscs/lhulsbergen/llr40_dace/emit/tsvc_2_s313/canon_new/src/cpu/canon_cpu.cpp -o /dev/null -fopt-info-vec-all=/capstor/scratch/cscs/lhulsbergen/llr40_dace/vec/reports/tsvc_2_s313.canon_new.g++-13.unsafe.all
tsvc_2_s313,canon,new,g++-13,harness,True,1,canon_cpu.cpp:41,1,canon_cpu.cpp:37,,g++-13 -march=native -fopenmp -fno-math-errno -fno-trapping-math -fno-signed-zeros -ffp-contract=fast -fstrict-aliasing -include /capstor/scratch/cscs/lhulsbergen/HPCAgent-Bench-dace/hpcagent_bench/envs/vecmath.h -Wall -Wextra -O3 -fPIC -fopenmp -std=c++20 -I/capstor/scratch/cscs/lhulsbergen/venv_dace5cf/lib/python3.12/site-packages/dace/runtime/include -c /capstor/scratch/cscs/lhulsbergen/llr40_dace/emit/tsvc_2_s313/canon_new/src/cpu/canon_cpu.cpp -o /dev/null -fopt-info-vec-all=/capstor/scratch/cscs/lhulsbergen/llr40_dace/vec/reports/tsvc_2_s313.canon_new.g++-13.harness.all
tsvc_2_s313,canon,new,g++-14,bonsall,True,1,canon_cpu.cpp:41,1,canon_cpu.cpp:37,,g++-14 -O3 -std=c++20 -fPIC -fno-math-errno -ffinite-math-only -fno-signaling-nans -fstrict-aliasing -faligned-new -fvect-cost-model=unlimited -fopenmp -I/capstor/scratch/cscs/lhulsbergen/venv_dace5cf/lib/python3.12/site-packages/dace/runtime/include -c /capstor/scratch/cscs/lhulsbergen/llr40_dace/emit/tsvc_2_s313/canon_new/src/cpu/canon_cpu.cpp -o /dev/null -fopt-info-vec-all=/capstor/scratch/cscs/lhulsbergen/llr40_dace/vec/reports/tsvc_2_s313.canon_new.g++-14.bonsall.all
tsvc_2_s313,canon,new,g++-14,unsafe,True,1,canon_cpu.cpp:41,1,canon_cpu.cpp:37,,g++-14 -O3 -std=c++20 -fPIC -fno-math-errno -ffinite-math-only -fno-signaling-nans -fstrict-aliasing -faligned-new -fvect-cost-model=unlimited -fopenmp -funsafe-math-optimizations -I/capstor/scratch/cscs/lhulsbergen/venv_dace5cf/lib/python3.12/site-packages/dace/runtime/include -c /capstor/scratch/cscs/lhulsbergen/llr40_dace/emit/tsvc_2_s313/canon_new/src/cpu/canon_cpu.cpp -o /dev/null -fopt-info-vec-all=/capstor/scratch/cscs/lhulsbergen/llr40_dace/vec/reports/tsvc_2_s313.canon_new.g++-14.unsafe.all
tsvc_2_s313,canon,new,g++-14,harness,True,1,canon_cpu.cpp:41,1,canon_cpu.cpp:37,,g++-14 -march=native -fopenmp -fno-math-errno -fno-trapping-math -fno-signed-zeros -ffp-contract=fast -fstrict-aliasing -include /capstor/scratch/cscs/lhulsbergen/HPCAgent-Bench-dace/hpcagent_bench/envs/vecmath.h -Wall -Wextra -O3 -fPIC -fopenmp -std=c++20 -I/capstor/scratch/cscs/lhulsbergen/venv_dace5cf/lib/python3.12/site-packages/dace/runtime/include -c /capstor/scratch/cscs/lhulsbergen/llr40_dace/emit/tsvc_2_s313/canon_new/src/cpu/canon_cpu.cpp -o /dev/null -fopt-info-vec-all=/capstor/scratch/cscs/lhulsbergen/llr40_dace/vec/reports/tsvc_2_s313.canon_new.g++-14.harness.all
tsvc_2_s313,canon,old,g++-13,bonsall,True,0,,3,canon_cpu.cpp:47 canon_cpu.cpp:52 reduction.h:216,,g++-13 -O3 -std=c++20 -fPIC -fno-math-errno -ffinite-math-only -fno-signaling-nans -fstrict-aliasing -faligned-new -fvect-cost-model=unlimited -fopenmp -I/capstor/scratch/cscs/lhulsbergen/venv_dace5cf/lib/python3.12/site-packages/dace/runtime/include -c /capstor/scratch/cscs/lhulsbergen/llr40_dace/emit/tsvc_2_s313/canon_old/src/cpu/canon_cpu.cpp -o /dev/null -fopt-info-vec-all=/capstor/scratch/cscs/lhulsbergen/llr40_dace/vec/reports/tsvc_2_s313.canon_old.g++-13.bonsall.all
tsvc_2_s313,canon,old,g++-13,unsafe,True,0,,3,canon_cpu.cpp:47 canon_cpu.cpp:52 reduction.h:216,,g++-13 -O3 -std=c++20 -fPIC -fno-math-errno -ffinite-math-only -fno-signaling-nans -fstrict-aliasing -faligned-new -fvect-cost-model=unlimited -fopenmp -funsafe-math-optimizations -I/capstor/scratch/cscs/lhulsbergen/venv_dace5cf/lib/python3.12/site-packages/dace/runtime/include -c /capstor/scratch/cscs/lhulsbergen/llr40_dace/emit/tsvc_2_s313/canon_old/src/cpu/canon_cpu.cpp -o /dev/null -fopt-info-vec-all=/capstor/scratch/cscs/lhulsbergen/llr40_dace/vec/reports/tsvc_2_s313.canon_old.g++-13.unsafe.all
tsvc_2_s313,canon,old,g++-13,harness,True,0,,3,canon_cpu.cpp:47 canon_cpu.cpp:52 reduction.h:216,,g++-13 -march=native -fopenmp -fno-math-errno -fno-trapping-math -fno-signed-zeros -ffp-contract=fast -fstrict-aliasing -include /capstor/scratch/cscs/lhulsbergen/HPCAgent-Bench-dace/hpcagent_bench/envs/vecmath.h -Wall -Wextra -O3 -fPIC -fopenmp -std=c++20 -I/capstor/scratch/cscs/lhulsbergen/venv_dace5cf/lib/python3.12/site-packages/dace/runtime/include -c /capstor/scratch/cscs/lhulsbergen/llr40_dace/emit/tsvc_2_s313/canon_old/src/cpu/canon_cpu.cpp -o /dev/null -fopt-info-vec-all=/capstor/scratch/cscs/lhulsbergen/llr40_dace/vec/reports/tsvc_2_s313.canon_old.g++-13.harness.all
tsvc_2_s313,canon,old,g++-14,bonsall,True,0,,3,canon_cpu.cpp:47 canon_cpu.cpp:52 reduction.h:216,,g++-14 -O3 -std=c++20 -fPIC -fno-math-errno -ffinite-math-only -fno-signaling-nans -fstrict-aliasing -faligned-new -fvect-cost-model=unlimited -fopenmp -I/capstor/scratch/cscs/lhulsbergen/venv_dace5cf/lib/python3.12/site-packages/dace/runtime/include -c /capstor/scratch/cscs/lhulsbergen/llr40_dace/emit/tsvc_2_s313/canon_old/src/cpu/canon_cpu.cpp -o /dev/null -fopt-info-vec-all=/capstor/scratch/cscs/lhulsbergen/llr40_dace/vec/reports/tsvc_2_s313.canon_old.g++-14.bonsall.all
tsvc_2_s313,canon,old,g++-14,unsafe,True,0,,3,canon_cpu.cpp:47 canon_cpu.cpp:52 reduction.h:216,,g++-14 -O3 -std=c++20 -fPIC -fno-math-errno -ffinite-math-only -fno-signaling-nans -fstrict-aliasing -faligned-new -fvect-cost-model=unlimited -fopenmp -funsafe-math-optimizations -I/capstor/scratch/cscs/lhulsbergen/venv_dace5cf/lib/python3.12/site-packages/dace/runtime/include -c /capstor/scratch/cscs/lhulsbergen/llr40_dace/emit/tsvc_2_s313/canon_old/src/cpu/canon_cpu.cpp -o /dev/null -fopt-info-vec-all=/capstor/scratch/cscs/lhulsbergen/llr40_dace/vec/reports/tsvc_2_s313.canon_old.g++-14.unsafe.all
tsvc_2_s313,canon,old,g++-14,harness,True,0,,3,canon_cpu.cpp:47 canon_cpu.cpp:52 reduction.h:216,,g++-14 -march=native -fopenmp -fno-math-errno -fno-trapping-math -fno-signed-zeros -ffp-contract=fast -fstrict-aliasing -include /capstor/scratch/cscs/lhulsbergen/HPCAgent-Bench-dace/hpcagent_bench/envs/vecmath.h -Wall -Wextra -O3 -fPIC -fopenmp -std=c++20 -I/capstor/scratch/cscs/lhulsbergen/venv_dace5cf/lib/python3.12/site-packages/dace/runtime/include -c /capstor/scratch/cscs/lhulsbergen/llr40_dace/emit/tsvc_2_s313/canon_old/src/cpu/canon_cpu.cpp -o /dev/null -fopt-info-vec-all=/capstor/scratch/cscs/lhulsbergen/llr40_dace/vec/reports/tsvc_2_s313.canon_old.g++-14.harness.all
tsvc_2_s313,none,legacy,g++-13,bonsall,True,1,canon_cpu.cpp:33,0,,,g++-13 -O3 -std=c++20 -fPIC -fno-math-errno -ffinite-math-only -fno-signaling-nans -fstrict-aliasing -faligned-new -fvect-cost-model=unlimited -fopenmp -I/capstor/scratch/cscs/lhulsbergen/venv_dace5cf/lib/python3.12/site-packages/dace/runtime/include -c /capstor/scratch/cscs/lhulsbergen/llr40_dace/emit/tsvc_2_s313/none_legacy/src/cpu/canon_cpu.cpp -o /dev/null -fopt-info-vec-all=/capstor/scratch/cscs/lhulsbergen/llr40_dace/vec/reports/tsvc_2_s313.none_legacy.g++-13.bonsall.all
tsvc_2_s313,none,legacy,g++-13,unsafe,True,1,canon_cpu.cpp:33,0,,,g++-13 -O3 -std=c++20 -fPIC -fno-math-errno -ffinite-math-only -fno-signaling-nans -fstrict-aliasing -faligned-new -fvect-cost-model=unlimited -fopenmp -funsafe-math-optimizations -I/capstor/scratch/cscs/lhulsbergen/venv_dace5cf/lib/python3.12/site-packages/dace/runtime/include -c /capstor/scratch/cscs/lhulsbergen/llr40_dace/emit/tsvc_2_s313/none_legacy/src/cpu/canon_cpu.cpp -o /dev/null -fopt-info-vec-all=/capstor/scratch/cscs/lhulsbergen/llr40_dace/vec/reports/tsvc_2_s313.none_legacy.g++-13.unsafe.all
tsvc_2_s313,none,legacy,g++-13,harness,True,1,canon_cpu.cpp:33,0,,,g++-13 -march=native -fopenmp -fno-math-errno -fno-trapping-math -fno-signed-zeros -ffp-contract=fast -fstrict-aliasing -include /capstor/scratch/cscs/lhulsbergen/HPCAgent-Bench-dace/hpcagent_bench/envs/vecmath.h -Wall -Wextra -O3 -fPIC -fopenmp -std=c++20 -I/capstor/scratch/cscs/lhulsbergen/venv_dace5cf/lib/python3.12/site-packages/dace/runtime/include -c /capstor/scratch/cscs/lhulsbergen/llr40_dace/emit/tsvc_2_s313/none_legacy/src/cpu/canon_cpu.cpp -o /dev/null -fopt-info-vec-all=/capstor/scratch/cscs/lhulsbergen/llr40_dace/vec/reports/tsvc_2_s313.none_legacy.g++-13.harness.all
tsvc_2_s313,none,legacy,g++-14,bonsall,True,1,canon_cpu.cpp:33,0,,,g++-14 -O3 -std=c++20 -fPIC -fno-math-errno -ffinite-math-only -fno-signaling-nans -fstrict-aliasing -faligned-new -fvect-cost-model=unlimited -fopenmp -I/capstor/scratch/cscs/lhulsbergen/venv_dace5cf/lib/python3.12/site-packages/dace/runtime/include -c /capstor/scratch/cscs/lhulsbergen/llr40_dace/emit/tsvc_2_s313/none_legacy/src/cpu/canon_cpu.cpp -o /dev/null -fopt-info-vec-all=/capstor/scratch/cscs/lhulsbergen/llr40_dace/vec/reports/tsvc_2_s313.none_legacy.g++-14.bonsall.all
tsvc_2_s313,none,legacy,g++-14,unsafe,True,1,canon_cpu.cpp:33,0,,,g++-14 -O3 -std=c++20 -fPIC -fno-math-errno -ffinite-math-only -fno-signaling-nans -fstrict-aliasing -faligned-new -fvect-cost-model=unlimited -fopenmp -funsafe-math-optimizations -I/capstor/scratch/cscs/lhulsbergen/venv_dace5cf/lib/python3.12/site-packages/dace/runtime/include -c /capstor/scratch/cscs/lhulsbergen/llr40_dace/emit/tsvc_2_s313/none_legacy/src/cpu/canon_cpu.cpp -o /dev/null -fopt-info-vec-all=/capstor/scratch/cscs/lhulsbergen/llr40_dace/vec/reports/tsvc_2_s313.none_legacy.g++-14.unsafe.all
tsvc_2_s313,none,legacy,g++-14,harness,True,1,canon_cpu.cpp:33,0,,,g++-14 -march=native -fopenmp -fno-math-errno -fno-trapping-math -fno-signed-zeros -ffp-contract=fast -fstrict-aliasing -include /capstor/scratch/cscs/lhulsbergen/HPCAgent-Bench-dace/hpcagent_bench/envs/vecmath.h -Wall -Wextra -O3 -fPIC -fopenmp -std=c++20 -I/capstor/scratch/cscs/lhulsbergen/venv_dace5cf/lib/python3.12/site-packages/dace/runtime/include -c /capstor/scratch/cscs/lhulsbergen/llr40_dace/emit/tsvc_2_s313/none_legacy/src/cpu/canon_cpu.cpp -o /dev/null -fopt-info-vec-all=/capstor/scratch/cscs/lhulsbergen/llr40_dace/vec/reports/tsvc_2_s313.none_legacy.g++-14.harness.all
tsvc_2_s313,none,new,g++-13,bonsall,True,1,canon_cpu.cpp:26,0,,,g++-13 -O3 -std=c++20 -fPIC -fno-math-errno -ffinite-math-only -fno-signaling-nans -fstrict-aliasing -faligned-new -fvect-cost-model=unlimited -fopenmp -I/capstor/scratch/cscs/lhulsbergen/venv_dace5cf/lib/python3.12/site-packages/dace/runtime/include -c /capstor/scratch/cscs/lhulsbergen/llr40_dace/emit/tsvc_2_s313/none_new/src/cpu/canon_cpu.cpp -o /dev/null -fopt-info-vec-all=/capstor/scratch/cscs/lhulsbergen/llr40_dace/vec/reports/tsvc_2_s313.none_new.g++-13.bonsall.all
tsvc_2_s313,none,new,g++-13,unsafe,True,1,canon_cpu.cpp:26,0,,,g++-13 -O3 -std=c++20 -fPIC -fno-math-errno -ffinite-math-only -fno-signaling-nans -fstrict-aliasing -faligned-new -fvect-cost-model=unlimited -fopenmp -funsafe-math-optimizations -I/capstor/scratch/cscs/lhulsbergen/venv_dace5cf/lib/python3.12/site-packages/dace/runtime/include -c /capstor/scratch/cscs/lhulsbergen/llr40_dace/emit/tsvc_2_s313/none_new/src/cpu/canon_cpu.cpp -o /dev/null -fopt-info-vec-all=/capstor/scratch/cscs/lhulsbergen/llr40_dace/vec/reports/tsvc_2_s313.none_new.g++-13.unsafe.all
tsvc_2_s313,none,new,g++-13,harness,True,1,canon_cpu.cpp:26,0,,,g++-13 -march=native -fopenmp -fno-math-errno -fno-trapping-math -fno-signed-zeros -ffp-contract=fast -fstrict-aliasing -include /capstor/scratch/cscs/lhulsbergen/HPCAgent-Bench-dace/hpcagent_bench/envs/vecmath.h -Wall -Wextra -O3 -fPIC -fopenmp -std=c++20 -I/capstor/scratch/cscs/lhulsbergen/venv_dace5cf/lib/python3.12/site-packages/dace/runtime/include -c /capstor/scratch/cscs/lhulsbergen/llr40_dace/emit/tsvc_2_s313/none_new/src/cpu/canon_cpu.cpp -o /dev/null -fopt-info-vec-all=/capstor/scratch/cscs/lhulsbergen/llr40_dace/vec/reports/tsvc_2_s313.none_new.g++-13.harness.all
tsvc_2_s313,none,new,g++-14,bonsall,True,1,canon_cpu.cpp:26,0,,,g++-14 -O3 -std=c++20 -fPIC -fno-math-errno -ffinite-math-only -fno-signaling-nans -fstrict-aliasing -faligned-new -fvect-cost-model=unlimited -fopenmp -I/capstor/scratch/cscs/lhulsbergen/venv_dace5cf/lib/python3.12/site-packages/dace/runtime/include -c /capstor/scratch/cscs/lhulsbergen/llr40_dace/emit/tsvc_2_s313/none_new/src/cpu/canon_cpu.cpp -o /dev/null -fopt-info-vec-all=/capstor/scratch/cscs/lhulsbergen/llr40_dace/vec/reports/tsvc_2_s313.none_new.g++-14.bonsall.all
tsvc_2_s313,none,new,g++-14,unsafe,True,1,canon_cpu.cpp:26,0,,,g++-14 -O3 -std=c++20 -fPIC -fno-math-errno -ffinite-math-only -fno-signaling-nans -fstrict-aliasing -faligned-new -fvect-cost-model=unlimited -fopenmp -funsafe-math-optimizations -I/capstor/scratch/cscs/lhulsbergen/venv_dace5cf/lib/python3.12/site-packages/dace/runtime/include -c /capstor/scratch/cscs/lhulsbergen/llr40_dace/emit/tsvc_2_s313/none_new/src/cpu/canon_cpu.cpp -o /dev/null -fopt-info-vec-all=/capstor/scratch/cscs/lhulsbergen/llr40_dace/vec/reports/tsvc_2_s313.none_new.g++-14.unsafe.all
tsvc_2_s313,none,new,g++-14,harness,True,1,canon_cpu.cpp:26,0,,,g++-14 -march=native -fopenmp -fno-math-errno -fno-trapping-math -fno-signed-zeros -ffp-contract=fast -fstrict-aliasing -include /capstor/scratch/cscs/lhulsbergen/HPCAgent-Bench-dace/hpcagent_bench/envs/vecmath.h -Wall -Wextra -O3 -fPIC -fopenmp -std=c++20 -I/capstor/scratch/cscs/lhulsbergen/venv_dace5cf/lib/python3.12/site-packages/dace/runtime/include -c /capstor/scratch/cscs/lhulsbergen/llr40_dace/emit/tsvc_2_s313/none_new/src/cpu/canon_cpu.cpp -o /dev/null -fopt-info-vec-all=/capstor/scratch/cscs/lhulsbergen/llr40_dace/vec/reports/tsvc_2_s313.none_new.g++-14.harness.all
tsvc_2_s313,none,old,g++-13,bonsall,True,0,,2,canon_cpu.cpp:33 canon_cpu.cpp:78,,g++-13 -O3 -std=c++20 -fPIC -fno-math-errno -ffinite-math-only -fno-signaling-nans -fstrict-aliasing -faligned-new -fvect-cost-model=unlimited -fopenmp -I/capstor/scratch/cscs/lhulsbergen/venv_dace5cf/lib/python3.12/site-packages/dace/runtime/include -c /capstor/scratch/cscs/lhulsbergen/llr40_dace/emit/tsvc_2_s313/none_old/src/cpu/canon_cpu.cpp -o /dev/null -fopt-info-vec-all=/capstor/scratch/cscs/lhulsbergen/llr40_dace/vec/reports/tsvc_2_s313.none_old.g++-13.bonsall.all
tsvc_2_s313,none,old,g++-13,unsafe,True,0,,2,canon_cpu.cpp:33 canon_cpu.cpp:78,,g++-13 -O3 -std=c++20 -fPIC -fno-math-errno -ffinite-math-only -fno-signaling-nans -fstrict-aliasing -faligned-new -fvect-cost-model=unlimited -fopenmp -funsafe-math-optimizations -I/capstor/scratch/cscs/lhulsbergen/venv_dace5cf/lib/python3.12/site-packages/dace/runtime/include -c /capstor/scratch/cscs/lhulsbergen/llr40_dace/emit/tsvc_2_s313/none_old/src/cpu/canon_cpu.cpp -o /dev/null -fopt-info-vec-all=/capstor/scratch/cscs/lhulsbergen/llr40_dace/vec/reports/tsvc_2_s313.none_old.g++-13.unsafe.all
tsvc_2_s313,none,old,g++-13,harness,True,0,,2,canon_cpu.cpp:33 canon_cpu.cpp:78,,g++-13 -march=native -fopenmp -fno-math-errno -fno-trapping-math -fno-signed-zeros -ffp-contract=fast -fstrict-aliasing -include /capstor/scratch/cscs/lhulsbergen/HPCAgent-Bench-dace/hpcagent_bench/envs/vecmath.h -Wall -Wextra -O3 -fPIC -fopenmp -std=c++20 -I/capstor/scratch/cscs/lhulsbergen/venv_dace5cf/lib/python3.12/site-packages/dace/runtime/include -c /capstor/scratch/cscs/lhulsbergen/llr40_dace/emit/tsvc_2_s313/none_old/src/cpu/canon_cpu.cpp -o /dev/null -fopt-info-vec-all=/capstor/scratch/cscs/lhulsbergen/llr40_dace/vec/reports/tsvc_2_s313.none_old.g++-13.harness.all
tsvc_2_s313,none,old,g++-14,bonsall,True,0,,2,canon_cpu.cpp:33 canon_cpu.cpp:78,,g++-14 -O3 -std=c++20 -fPIC -fno-math-errno -ffinite-math-only -fno-signaling-nans -fstrict-aliasing -faligned-new -fvect-cost-model=unlimited -fopenmp -I/capstor/scratch/cscs/lhulsbergen/venv_dace5cf/lib/python3.12/site-packages/dace/runtime/include -c /capstor/scratch/cscs/lhulsbergen/llr40_dace/emit/tsvc_2_s313/none_old/src/cpu/canon_cpu.cpp -o /dev/null -fopt-info-vec-all=/capstor/scratch/cscs/lhulsbergen/llr40_dace/vec/reports/tsvc_2_s313.none_old.g++-14.bonsall.all
tsvc_2_s313,none,old,g++-14,unsafe,True,0,,2,canon_cpu.cpp:33 canon_cpu.cpp:78,,g++-14 -O3 -std=c++20 -fPIC -fno-math-errno -ffinite-math-only -fno-signaling-nans -fstrict-aliasing -faligned-new -fvect-cost-model=unlimited -fopenmp -funsafe-math-optimizations -I/capstor/scratch/cscs/lhulsbergen/venv_dace5cf/lib/python3.12/site-packages/dace/runtime/include -c /capstor/scratch/cscs/lhulsbergen/llr40_dace/emit/tsvc_2_s313/none_old/src/cpu/canon_cpu.cpp -o /dev/null -fopt-info-vec-all=/capstor/scratch/cscs/lhulsbergen/llr40_dace/vec/reports/tsvc_2_s313.none_old.g++-14.unsafe.all
tsvc_2_s313,none,old,g++-14,harness,True,0,,2,canon_cpu.cpp:33 canon_cpu.cpp:78,,g++-14 -march=native -fopenmp -fno-math-errno -fno-trapping-math -fno-signed-zeros -ffp-contract=fast -fstrict-aliasing -include /capstor/scratch/cscs/lhulsbergen/HPCAgent-Bench-dace/hpcagent_bench/envs/vecmath.h -Wall -Wextra -O3 -fPIC -fopenmp -std=c++20 -I/capstor/scratch/cscs/lhulsbergen/venv_dace5cf/lib/python3.12/site-packages/dace/runtime/include -c /capstor/scratch/cscs/lhulsbergen/llr40_dace/emit/tsvc_2_s313/none_old/src/cpu/canon_cpu.cpp -o /dev/null -fopt-info-vec-all=/capstor/scratch/cscs/lhulsbergen/llr40_dace/vec/reports/tsvc_2_s313.none_old.g++-14.harness.all
tsvc_2_s314,canon,legacy,g++-13,bonsall,True,0,,2,reduction.h:1020 reduction.h:1021,,g++-13 -O3 -std=c++20 -fPIC -fno-math-errno -ffinite-math-only -fno-signaling-nans -fstrict-aliasing -faligned-new -fvect-cost-model=unlimited -fopenmp -I/capstor/scratch/cscs/lhulsbergen/venv_dace5cf/lib/python3.12/site-packages/dace/runtime/include -c /capstor/scratch/cscs/lhulsbergen/llr40_dace/emit/tsvc_2_s314/canon_legacy/src/cpu/canon_cpu.cpp -o /dev/null -fopt-info-vec-all=/capstor/scratch/cscs/lhulsbergen/llr40_dace/vec/reports/tsvc_2_s314.canon_legacy.g++-13.bonsall.all
tsvc_2_s314,canon,legacy,g++-13,unsafe,True,1,reduction.h:1021,1,reduction.h:1020,,g++-13 -O3 -std=c++20 -fPIC -fno-math-errno -ffinite-math-only -fno-signaling-nans -fstrict-aliasing -faligned-new -fvect-cost-model=unlimited -fopenmp -funsafe-math-optimizations -I/capstor/scratch/cscs/lhulsbergen/venv_dace5cf/lib/python3.12/site-packages/dace/runtime/include -c /capstor/scratch/cscs/lhulsbergen/llr40_dace/emit/tsvc_2_s314/canon_legacy/src/cpu/canon_cpu.cpp -o /dev/null -fopt-info-vec-all=/capstor/scratch/cscs/lhulsbergen/llr40_dace/vec/reports/tsvc_2_s314.canon_legacy.g++-13.unsafe.all
tsvc_2_s314,canon,legacy,g++-13,harness,True,0,,2,reduction.h:1020 reduction.h:1021,,g++-13 -march=native -fopenmp -fno-math-errno -fno-trapping-math -fno-signed-zeros -ffp-contract=fast -fstrict-aliasing -include /capstor/scratch/cscs/lhulsbergen/HPCAgent-Bench-dace/hpcagent_bench/envs/vecmath.h -Wall -Wextra -O3 -fPIC -fopenmp -std=c++20 -I/capstor/scratch/cscs/lhulsbergen/venv_dace5cf/lib/python3.12/site-packages/dace/runtime/include -c /capstor/scratch/cscs/lhulsbergen/llr40_dace/emit/tsvc_2_s314/canon_legacy/src/cpu/canon_cpu.cpp -o /dev/null -fopt-info-vec-all=/capstor/scratch/cscs/lhulsbergen/llr40_dace/vec/reports/tsvc_2_s314.canon_legacy.g++-13.harness.all
tsvc_2_s314,canon,legacy,g++-14,bonsall,True,0,,2,reduction.h:1020 reduction.h:1021,,g++-14 -O3 -std=c++20 -fPIC -fno-math-errno -ffinite-math-only -fno-signaling-nans -fstrict-aliasing -faligned-new -fvect-cost-model=unlimited -fopenmp -I/capstor/scratch/cscs/lhulsbergen/venv_dace5cf/lib/python3.12/site-packages/dace/runtime/include -c /capstor/scratch/cscs/lhulsbergen/llr40_dace/emit/tsvc_2_s314/canon_legacy/src/cpu/canon_cpu.cpp -o /dev/null -fopt-info-vec-all=/capstor/scratch/cscs/lhulsbergen/llr40_dace/vec/reports/tsvc_2_s314.canon_legacy.g++-14.bonsall.all
tsvc_2_s314,canon,legacy,g++-14,unsafe,True,1,reduction.h:1021,1,reduction.h:1020,,g++-14 -O3 -std=c++20 -fPIC -fno-math-errno -ffinite-math-only -fno-signaling-nans -fstrict-aliasing -faligned-new -fvect-cost-model=unlimited -fopenmp -funsafe-math-optimizations -I/capstor/scratch/cscs/lhulsbergen/venv_dace5cf/lib/python3.12/site-packages/dace/runtime/include -c /capstor/scratch/cscs/lhulsbergen/llr40_dace/emit/tsvc_2_s314/canon_legacy/src/cpu/canon_cpu.cpp -o /dev/null -fopt-info-vec-all=/capstor/scratch/cscs/lhulsbergen/llr40_dace/vec/reports/tsvc_2_s314.canon_legacy.g++-14.unsafe.all
tsvc_2_s314,canon,legacy,g++-14,harness,True,0,,2,reduction.h:1020 reduction.h:1021,,g++-14 -march=native -fopenmp -fno-math-errno -fno-trapping-math -fno-signed-zeros -ffp-contract=fast -fstrict-aliasing -include /capstor/scratch/cscs/lhulsbergen/HPCAgent-Bench-dace/hpcagent_bench/envs/vecmath.h -Wall -Wextra -O3 -fPIC -fopenmp -std=c++20 -I/capstor/scratch/cscs/lhulsbergen/venv_dace5cf/lib/python3.12/site-packages/dace/runtime/include -c /capstor/scratch/cscs/lhulsbergen/llr40_dace/emit/tsvc_2_s314/canon_legacy/src/cpu/canon_cpu.cpp -o /dev/null -fopt-info-vec-all=/capstor/scratch/cscs/lhulsbergen/llr40_dace/vec/reports/tsvc_2_s314.canon_legacy.g++-14.harness.all
tsvc_2_s314,canon,new,g++-13,bonsall,True,0,,2,reduction.h:1020 reduction.h:1021,,g++-13 -O3 -std=c++20 -fPIC -fno-math-errno -ffinite-math-only -fno-signaling-nans -fstrict-aliasing -faligned-new -fvect-cost-model=unlimited -fopenmp -I/capstor/scratch/cscs/lhulsbergen/venv_dace5cf/lib/python3.12/site-packages/dace/runtime/include -c /capstor/scratch/cscs/lhulsbergen/llr40_dace/emit/tsvc_2_s314/canon_new/src/cpu/canon_cpu.cpp -o /dev/null -fopt-info-vec-all=/capstor/scratch/cscs/lhulsbergen/llr40_dace/vec/reports/tsvc_2_s314.canon_new.g++-13.bonsall.all
tsvc_2_s314,canon,new,g++-13,unsafe,True,1,reduction.h:1021,1,reduction.h:1020,,g++-13 -O3 -std=c++20 -fPIC -fno-math-errno -ffinite-math-only -fno-signaling-nans -fstrict-aliasing -faligned-new -fvect-cost-model=unlimited -fopenmp -funsafe-math-optimizations -I/capstor/scratch/cscs/lhulsbergen/venv_dace5cf/lib/python3.12/site-packages/dace/runtime/include -c /capstor/scratch/cscs/lhulsbergen/llr40_dace/emit/tsvc_2_s314/canon_new/src/cpu/canon_cpu.cpp -o /dev/null -fopt-info-vec-all=/capstor/scratch/cscs/lhulsbergen/llr40_dace/vec/reports/tsvc_2_s314.canon_new.g++-13.unsafe.all
tsvc_2_s314,canon,new,g++-13,harness,True,0,,2,reduction.h:1020 reduction.h:1021,,g++-13 -march=native -fopenmp -fno-math-errno -fno-trapping-math -fno-signed-zeros -ffp-contract=fast -fstrict-aliasing -include /capstor/scratch/cscs/lhulsbergen/HPCAgent-Bench-dace/hpcagent_bench/envs/vecmath.h -Wall -Wextra -O3 -fPIC -fopenmp -std=c++20 -I/capstor/scratch/cscs/lhulsbergen/venv_dace5cf/lib/python3.12/site-packages/dace/runtime/include -c /capstor/scratch/cscs/lhulsbergen/llr40_dace/emit/tsvc_2_s314/canon_new/src/cpu/canon_cpu.cpp -o /dev/null -fopt-info-vec-all=/capstor/scratch/cscs/lhulsbergen/llr40_dace/vec/reports/tsvc_2_s314.canon_new.g++-13.harness.all
tsvc_2_s314,canon,new,g++-14,bonsall,True,0,,2,reduction.h:1020 reduction.h:1021,,g++-14 -O3 -std=c++20 -fPIC -fno-math-errno -ffinite-math-only -fno-signaling-nans -fstrict-aliasing -faligned-new -fvect-cost-model=unlimited -fopenmp -I/capstor/scratch/cscs/lhulsbergen/venv_dace5cf/lib/python3.12/site-packages/dace/runtime/include -c /capstor/scratch/cscs/lhulsbergen/llr40_dace/emit/tsvc_2_s314/canon_new/src/cpu/canon_cpu.cpp -o /dev/null -fopt-info-vec-all=/capstor/scratch/cscs/lhulsbergen/llr40_dace/vec/reports/tsvc_2_s314.canon_new.g++-14.bonsall.all
tsvc_2_s314,canon,new,g++-14,unsafe,True,1,reduction.h:1021,1,reduction.h:1020,,g++-14 -O3 -std=c++20 -fPIC -fno-math-errno -ffinite-math-only -fno-signaling-nans -fstrict-aliasing -faligned-new -fvect-cost-model=unlimited -fopenmp -funsafe-math-optimizations -I/capstor/scratch/cscs/lhulsbergen/venv_dace5cf/lib/python3.12/site-packages/dace/runtime/include -c /capstor/scratch/cscs/lhulsbergen/llr40_dace/emit/tsvc_2_s314/canon_new/src/cpu/canon_cpu.cpp -o /dev/null -fopt-info-vec-all=/capstor/scratch/cscs/lhulsbergen/llr40_dace/vec/reports/tsvc_2_s314.canon_new.g++-14.unsafe.all
tsvc_2_s314,canon,new,g++-14,harness,True,0,,2,reduction.h:1020 reduction.h:1021,,g++-14 -march=native -fopenmp -fno-math-errno -fno-trapping-math -fno-signed-zeros -ffp-contract=fast -fstrict-aliasing -include /capstor/scratch/cscs/lhulsbergen/HPCAgent-Bench-dace/hpcagent_bench/envs/vecmath.h -Wall -Wextra -O3 -fPIC -fopenmp -std=c++20 -I/capstor/scratch/cscs/lhulsbergen/venv_dace5cf/lib/python3.12/site-packages/dace/runtime/include -c /capstor/scratch/cscs/lhulsbergen/llr40_dace/emit/tsvc_2_s314/canon_new/src/cpu/canon_cpu.cpp -o /dev/null -fopt-info-vec-all=/capstor/scratch/cscs/lhulsbergen/llr40_dace/vec/reports/tsvc_2_s314.canon_new.g++-14.harness.all
tsvc_2_s314,canon,old,g++-13,bonsall,True,0,,2,reduction.h:1020 reduction.h:1021,,g++-13 -O3 -std=c++20 -fPIC -fno-math-errno -ffinite-math-only -fno-signaling-nans -fstrict-aliasing -faligned-new -fvect-cost-model=unlimited -fopenmp -I/capstor/scratch/cscs/lhulsbergen/venv_dace5cf/lib/python3.12/site-packages/dace/runtime/include -c /capstor/scratch/cscs/lhulsbergen/llr40_dace/emit/tsvc_2_s314/canon_old/src/cpu/canon_cpu.cpp -o /dev/null -fopt-info-vec-all=/capstor/scratch/cscs/lhulsbergen/llr40_dace/vec/reports/tsvc_2_s314.canon_old.g++-13.bonsall.all
tsvc_2_s314,canon,old,g++-13,unsafe,True,1,reduction.h:1021,1,reduction.h:1020,,g++-13 -O3 -std=c++20 -fPIC -fno-math-errno -ffinite-math-only -fno-signaling-nans -fstrict-aliasing -faligned-new -fvect-cost-model=unlimited -fopenmp -funsafe-math-optimizations -I/capstor/scratch/cscs/lhulsbergen/venv_dace5cf/lib/python3.12/site-packages/dace/runtime/include -c /capstor/scratch/cscs/lhulsbergen/llr40_dace/emit/tsvc_2_s314/canon_old/src/cpu/canon_cpu.cpp -o /dev/null -fopt-info-vec-all=/capstor/scratch/cscs/lhulsbergen/llr40_dace/vec/reports/tsvc_2_s314.canon_old.g++-13.unsafe.all
tsvc_2_s314,canon,old,g++-13,harness,True,0,,2,reduction.h:1020 reduction.h:1021,,g++-13 -march=native -fopenmp -fno-math-errno -fno-trapping-math -fno-signed-zeros -ffp-contract=fast -fstrict-aliasing -include /capstor/scratch/cscs/lhulsbergen/HPCAgent-Bench-dace/hpcagent_bench/envs/vecmath.h -Wall -Wextra -O3 -fPIC -fopenmp -std=c++20 -I/capstor/scratch/cscs/lhulsbergen/venv_dace5cf/lib/python3.12/site-packages/dace/runtime/include -c /capstor/scratch/cscs/lhulsbergen/llr40_dace/emit/tsvc_2_s314/canon_old/src/cpu/canon_cpu.cpp -o /dev/null -fopt-info-vec-all=/capstor/scratch/cscs/lhulsbergen/llr40_dace/vec/reports/tsvc_2_s314.canon_old.g++-13.harness.all
tsvc_2_s314,canon,old,g++-14,bonsall,True,0,,2,reduction.h:1020 reduction.h:1021,,g++-14 -O3 -std=c++20 -fPIC -fno-math-errno -ffinite-math-only -fno-signaling-nans -fstrict-aliasing -faligned-new -fvect-cost-model=unlimited -fopenmp -I/capstor/scratch/cscs/lhulsbergen/venv_dace5cf/lib/python3.12/site-packages/dace/runtime/include -c /capstor/scratch/cscs/lhulsbergen/llr40_dace/emit/tsvc_2_s314/canon_old/src/cpu/canon_cpu.cpp -o /dev/null -fopt-info-vec-all=/capstor/scratch/cscs/lhulsbergen/llr40_dace/vec/reports/tsvc_2_s314.canon_old.g++-14.bonsall.all
tsvc_2_s314,canon,old,g++-14,unsafe,True,1,reduction.h:1021,1,reduction.h:1020,,g++-14 -O3 -std=c++20 -fPIC -fno-math-errno -ffinite-math-only -fno-signaling-nans -fstrict-aliasing -faligned-new -fvect-cost-model=unlimited -fopenmp -funsafe-math-optimizations -I/capstor/scratch/cscs/lhulsbergen/venv_dace5cf/lib/python3.12/site-packages/dace/runtime/include -c /capstor/scratch/cscs/lhulsbergen/llr40_dace/emit/tsvc_2_s314/canon_old/src/cpu/canon_cpu.cpp -o /dev/null -fopt-info-vec-all=/capstor/scratch/cscs/lhulsbergen/llr40_dace/vec/reports/tsvc_2_s314.canon_old.g++-14.unsafe.all
tsvc_2_s314,canon,old,g++-14,harness,True,0,,2,reduction.h:1020 reduction.h:1021,,g++-14 -march=native -fopenmp -fno-math-errno -fno-trapping-math -fno-signed-zeros -ffp-contract=fast -fstrict-aliasing -include /capstor/scratch/cscs/lhulsbergen/HPCAgent-Bench-dace/hpcagent_bench/envs/vecmath.h -Wall -Wextra -O3 -fPIC -fopenmp -std=c++20 -I/capstor/scratch/cscs/lhulsbergen/venv_dace5cf/lib/python3.12/site-packages/dace/runtime/include -c /capstor/scratch/cscs/lhulsbergen/llr40_dace/emit/tsvc_2_s314/canon_old/src/cpu/canon_cpu.cpp -o /dev/null -fopt-info-vec-all=/capstor/scratch/cscs/lhulsbergen/llr40_dace/vec/reports/tsvc_2_s314.canon_old.g++-14.harness.all
tsvc_2_s314,none,legacy,g++-13,bonsall,True,0,,2,canon_cpu.cpp:33 canon_cpu.cpp:9,,g++-13 -O3 -std=c++20 -fPIC -fno-math-errno -ffinite-math-only -fno-signaling-nans -fstrict-aliasing -faligned-new -fvect-cost-model=unlimited -fopenmp -I/capstor/scratch/cscs/lhulsbergen/venv_dace5cf/lib/python3.12/site-packages/dace/runtime/include -c /capstor/scratch/cscs/lhulsbergen/llr40_dace/emit/tsvc_2_s314/none_legacy/src/cpu/canon_cpu.cpp -o /dev/null -fopt-info-vec-all=/capstor/scratch/cscs/lhulsbergen/llr40_dace/vec/reports/tsvc_2_s314.none_legacy.g++-13.bonsall.all
tsvc_2_s314,none,legacy,g++-13,unsafe,True,1,canon_cpu.cpp:33,0,,,g++-13 -O3 -std=c++20 -fPIC -fno-math-errno -ffinite-math-only -fno-signaling-nans -fstrict-aliasing -faligned-new -fvect-cost-model=unlimited -fopenmp -funsafe-math-optimizations -I/capstor/scratch/cscs/lhulsbergen/venv_dace5cf/lib/python3.12/site-packages/dace/runtime/include -c /capstor/scratch/cscs/lhulsbergen/llr40_dace/emit/tsvc_2_s314/none_legacy/src/cpu/canon_cpu.cpp -o /dev/null -fopt-info-vec-all=/capstor/scratch/cscs/lhulsbergen/llr40_dace/vec/reports/tsvc_2_s314.none_legacy.g++-13.unsafe.all
tsvc_2_s314,none,legacy,g++-13,harness,True,0,,2,canon_cpu.cpp:33 canon_cpu.cpp:9,,g++-13 -march=native -fopenmp -fno-math-errno -fno-trapping-math -fno-signed-zeros -ffp-contract=fast -fstrict-aliasing -include /capstor/scratch/cscs/lhulsbergen/HPCAgent-Bench-dace/hpcagent_bench/envs/vecmath.h -Wall -Wextra -O3 -fPIC -fopenmp -std=c++20 -I/capstor/scratch/cscs/lhulsbergen/venv_dace5cf/lib/python3.12/site-packages/dace/runtime/include -c /capstor/scratch/cscs/lhulsbergen/llr40_dace/emit/tsvc_2_s314/none_legacy/src/cpu/canon_cpu.cpp -o /dev/null -fopt-info-vec-all=/capstor/scratch/cscs/lhulsbergen/llr40_dace/vec/reports/tsvc_2_s314.none_legacy.g++-13.harness.all
tsvc_2_s314,none,legacy,g++-14,bonsall,True,0,,2,canon_cpu.cpp:33 canon_cpu.cpp:9,,g++-14 -O3 -std=c++20 -fPIC -fno-math-errno -ffinite-math-only -fno-signaling-nans -fstrict-aliasing -faligned-new -fvect-cost-model=unlimited -fopenmp -I/capstor/scratch/cscs/lhulsbergen/venv_dace5cf/lib/python3.12/site-packages/dace/runtime/include -c /capstor/scratch/cscs/lhulsbergen/llr40_dace/emit/tsvc_2_s314/none_legacy/src/cpu/canon_cpu.cpp -o /dev/null -fopt-info-vec-all=/capstor/scratch/cscs/lhulsbergen/llr40_dace/vec/reports/tsvc_2_s314.none_legacy.g++-14.bonsall.all
tsvc_2_s314,none,legacy,g++-14,unsafe,True,1,canon_cpu.cpp:33,0,,,g++-14 -O3 -std=c++20 -fPIC -fno-math-errno -ffinite-math-only -fno-signaling-nans -fstrict-aliasing -faligned-new -fvect-cost-model=unlimited -fopenmp -funsafe-math-optimizations -I/capstor/scratch/cscs/lhulsbergen/venv_dace5cf/lib/python3.12/site-packages/dace/runtime/include -c /capstor/scratch/cscs/lhulsbergen/llr40_dace/emit/tsvc_2_s314/none_legacy/src/cpu/canon_cpu.cpp -o /dev/null -fopt-info-vec-all=/capstor/scratch/cscs/lhulsbergen/llr40_dace/vec/reports/tsvc_2_s314.none_legacy.g++-14.unsafe.all
tsvc_2_s314,none,legacy,g++-14,harness,True,0,,2,canon_cpu.cpp:33 canon_cpu.cpp:9,,g++-14 -march=native -fopenmp -fno-math-errno -fno-trapping-math -fno-signed-zeros -ffp-contract=fast -fstrict-aliasing -include /capstor/scratch/cscs/lhulsbergen/HPCAgent-Bench-dace/hpcagent_bench/envs/vecmath.h -Wall -Wextra -O3 -fPIC -fopenmp -std=c++20 -I/capstor/scratch/cscs/lhulsbergen/venv_dace5cf/lib/python3.12/site-packages/dace/runtime/include -c /capstor/scratch/cscs/lhulsbergen/llr40_dace/emit/tsvc_2_s314/none_legacy/src/cpu/canon_cpu.cpp -o /dev/null -fopt-info-vec-all=/capstor/scratch/cscs/lhulsbergen/llr40_dace/vec/reports/tsvc_2_s314.none_legacy.g++-14.harness.all
tsvc_2_s314,none,new,g++-13,bonsall,True,0,,2,canon_cpu.cpp:11 canon_cpu.cpp:24,,g++-13 -O3 -std=c++20 -fPIC -fno-math-errno -ffinite-math-only -fno-signaling-nans -fstrict-aliasing -faligned-new -fvect-cost-model=unlimited -fopenmp -I/capstor/scratch/cscs/lhulsbergen/venv_dace5cf/lib/python3.12/site-packages/dace/runtime/include -c /capstor/scratch/cscs/lhulsbergen/llr40_dace/emit/tsvc_2_s314/none_new/src/cpu/canon_cpu.cpp -o /dev/null -fopt-info-vec-all=/capstor/scratch/cscs/lhulsbergen/llr40_dace/vec/reports/tsvc_2_s314.none_new.g++-13.bonsall.all
tsvc_2_s314,none,new,g++-13,unsafe,True,1,canon_cpu.cpp:24,0,,,g++-13 -O3 -std=c++20 -fPIC -fno-math-errno -ffinite-math-only -fno-signaling-nans -fstrict-aliasing -faligned-new -fvect-cost-model=unlimited -fopenmp -funsafe-math-optimizations -I/capstor/scratch/cscs/lhulsbergen/venv_dace5cf/lib/python3.12/site-packages/dace/runtime/include -c /capstor/scratch/cscs/lhulsbergen/llr40_dace/emit/tsvc_2_s314/none_new/src/cpu/canon_cpu.cpp -o /dev/null -fopt-info-vec-all=/capstor/scratch/cscs/lhulsbergen/llr40_dace/vec/reports/tsvc_2_s314.none_new.g++-13.unsafe.all
tsvc_2_s314,none,new,g++-13,harness,True,0,,2,canon_cpu.cpp:11 canon_cpu.cpp:24,,g++-13 -march=native -fopenmp -fno-math-errno -fno-trapping-math -fno-signed-zeros -ffp-contract=fast -fstrict-aliasing -include /capstor/scratch/cscs/lhulsbergen/HPCAgent-Bench-dace/hpcagent_bench/envs/vecmath.h -Wall -Wextra -O3 -fPIC -fopenmp -std=c++20 -I/capstor/scratch/cscs/lhulsbergen/venv_dace5cf/lib/python3.12/site-packages/dace/runtime/include -c /capstor/scratch/cscs/lhulsbergen/llr40_dace/emit/tsvc_2_s314/none_new/src/cpu/canon_cpu.cpp -o /dev/null -fopt-info-vec-all=/capstor/scratch/cscs/lhulsbergen/llr40_dace/vec/reports/tsvc_2_s314.none_new.g++-13.harness.all
tsvc_2_s314,none,new,g++-14,bonsall,True,0,,2,canon_cpu.cpp:11 canon_cpu.cpp:24,,g++-14 -O3 -std=c++20 -fPIC -fno-math-errno -ffinite-math-only -fno-signaling-nans -fstrict-aliasing -faligned-new -fvect-cost-model=unlimited -fopenmp -I/capstor/scratch/cscs/lhulsbergen/venv_dace5cf/lib/python3.12/site-packages/dace/runtime/include -c /capstor/scratch/cscs/lhulsbergen/llr40_dace/emit/tsvc_2_s314/none_new/src/cpu/canon_cpu.cpp -o /dev/null -fopt-info-vec-all=/capstor/scratch/cscs/lhulsbergen/llr40_dace/vec/reports/tsvc_2_s314.none_new.g++-14.bonsall.all
tsvc_2_s314,none,new,g++-14,unsafe,True,1,canon_cpu.cpp:24,0,,,g++-14 -O3 -std=c++20 -fPIC -fno-math-errno -ffinite-math-only -fno-signaling-nans -fstrict-aliasing -faligned-new -fvect-cost-model=unlimited -fopenmp -funsafe-math-optimizations -I/capstor/scratch/cscs/lhulsbergen/venv_dace5cf/lib/python3.12/site-packages/dace/runtime/include -c /capstor/scratch/cscs/lhulsbergen/llr40_dace/emit/tsvc_2_s314/none_new/src/cpu/canon_cpu.cpp -o /dev/null -fopt-info-vec-all=/capstor/scratch/cscs/lhulsbergen/llr40_dace/vec/reports/tsvc_2_s314.none_new.g++-14.unsafe.all
tsvc_2_s314,none,new,g++-14,harness,True,0,,2,canon_cpu.cpp:11 canon_cpu.cpp:24,,g++-14 -march=native -fopenmp -fno-math-errno -fno-trapping-math -fno-signed-zeros -ffp-contract=fast -fstrict-aliasing -include /capstor/scratch/cscs/lhulsbergen/HPCAgent-Bench-dace/hpcagent_bench/envs/vecmath.h -Wall -Wextra -O3 -fPIC -fopenmp -std=c++20 -I/capstor/scratch/cscs/lhulsbergen/venv_dace5cf/lib/python3.12/site-packages/dace/runtime/include -c /capstor/scratch/cscs/lhulsbergen/llr40_dace/emit/tsvc_2_s314/none_new/src/cpu/canon_cpu.cpp -o /dev/null -fopt-info-vec-all=/capstor/scratch/cscs/lhulsbergen/llr40_dace/vec/reports/tsvc_2_s314.none_new.g++-14.harness.all
tsvc_2_s314,none,old,g++-13,bonsall,True,0,,2,canon_cpu.cpp:25 canon_cpu.cpp:9,,g++-13 -O3 -std=c++20 -fPIC -fno-math-errno -ffinite-math-only -fno-signaling-nans -fstrict-aliasing -faligned-new -fvect-cost-model=unlimited -fopenmp -I/capstor/scratch/cscs/lhulsbergen/venv_dace5cf/lib/python3.12/site-packages/dace/runtime/include -c /capstor/scratch/cscs/lhulsbergen/llr40_dace/emit/tsvc_2_s314/none_old/src/cpu/canon_cpu.cpp -o /dev/null -fopt-info-vec-all=/capstor/scratch/cscs/lhulsbergen/llr40_dace/vec/reports/tsvc_2_s314.none_old.g++-13.bonsall.all
tsvc_2_s314,none,old,g++-13,unsafe,True,0,,2,canon_cpu.cpp:25 canon_cpu.cpp:9,,g++-13 -O3 -std=c++20 -fPIC -fno-math-errno -ffinite-math-only -fno-signaling-nans -fstrict-aliasing -faligned-new -fvect-cost-model=unlimited -fopenmp -funsafe-math-optimizations -I/capstor/scratch/cscs/lhulsbergen/venv_dace5cf/lib/python3.12/site-packages/dace/runtime/include -c /capstor/scratch/cscs/lhulsbergen/llr40_dace/emit/tsvc_2_s314/none_old/src/cpu/canon_cpu.cpp -o /dev/null -fopt-info-vec-all=/capstor/scratch/cscs/lhulsbergen/llr40_dace/vec/reports/tsvc_2_s314.none_old.g++-13.unsafe.all
tsvc_2_s314,none,old,g++-13,harness,True,0,,2,canon_cpu.cpp:25 canon_cpu.cpp:9,,g++-13 -march=native -fopenmp -fno-math-errno -fno-trapping-math -fno-signed-zeros -ffp-contract=fast -fstrict-aliasing -include /capstor/scratch/cscs/lhulsbergen/HPCAgent-Bench-dace/hpcagent_bench/envs/vecmath.h -Wall -Wextra -O3 -fPIC -fopenmp -std=c++20 -I/capstor/scratch/cscs/lhulsbergen/venv_dace5cf/lib/python3.12/site-packages/dace/runtime/include -c /capstor/scratch/cscs/lhulsbergen/llr40_dace/emit/tsvc_2_s314/none_old/src/cpu/canon_cpu.cpp -o /dev/null -fopt-info-vec-all=/capstor/scratch/cscs/lhulsbergen/llr40_dace/vec/reports/tsvc_2_s314.none_old.g++-13.harness.all
tsvc_2_s314,none,old,g++-14,bonsall,True,0,,2,canon_cpu.cpp:25 canon_cpu.cpp:9,,g++-14 -O3 -std=c++20 -fPIC -fno-math-errno -ffinite-math-only -fno-signaling-nans -fstrict-aliasing -faligned-new -fvect-cost-model=unlimited -fopenmp -I/capstor/scratch/cscs/lhulsbergen/venv_dace5cf/lib/python3.12/site-packages/dace/runtime/include -c /capstor/scratch/cscs/lhulsbergen/llr40_dace/emit/tsvc_2_s314/none_old/src/cpu/canon_cpu.cpp -o /dev/null -fopt-info-vec-all=/capstor/scratch/cscs/lhulsbergen/llr40_dace/vec/reports/tsvc_2_s314.none_old.g++-14.bonsall.all
tsvc_2_s314,none,old,g++-14,unsafe,True,0,,2,canon_cpu.cpp:25 canon_cpu.cpp:9,,g++-14 -O3 -std=c++20 -fPIC -fno-math-errno -ffinite-math-only -fno-signaling-nans -fstrict-aliasing -faligned-new -fvect-cost-model=unlimited -fopenmp -funsafe-math-optimizations -I/capstor/scratch/cscs/lhulsbergen/venv_dace5cf/lib/python3.12/site-packages/dace/runtime/include -c /capstor/scratch/cscs/lhulsbergen/llr40_dace/emit/tsvc_2_s314/none_old/src/cpu/canon_cpu.cpp -o /dev/null -fopt-info-vec-all=/capstor/scratch/cscs/lhulsbergen/llr40_dace/vec/reports/tsvc_2_s314.none_old.g++-14.unsafe.all
tsvc_2_s314,none,old,g++-14,harness,True,0,,2,canon_cpu.cpp:25 canon_cpu.cpp:9,,g++-14 -march=native -fopenmp -fno-math-errno -fno-trapping-math -fno-signed-zeros -ffp-contract=fast -fstrict-aliasing -include /capstor/scratch/cscs/lhulsbergen/HPCAgent-Bench-dace/hpcagent_bench/envs/vecmath.h -Wall -Wextra -O3 -fPIC -fopenmp -std=c++20 -I/capstor/scratch/cscs/lhulsbergen/venv_dace5cf/lib/python3.12/site-packages/dace/runtime/include -c /capstor/scratch/cscs/lhulsbergen/llr40_dace/emit/tsvc_2_s314/none_old/src/cpu/canon_cpu.cpp -o /dev/null -fopt-info-vec-all=/capstor/scratch/cscs/lhulsbergen/llr40_dace/vec/reports/tsvc_2_s314.none_old.g++-14.harness.all
tsvc_2_s316,canon,legacy,g++-13,bonsall,True,0,,2,reduction.h:1005 reduction.h:1006,,g++-13 -O3 -std=c++20 -fPIC -fno-math-errno -ffinite-math-only -fno-signaling-nans -fstrict-aliasing -faligned-new -fvect-cost-model=unlimited -fopenmp -I/capstor/scratch/cscs/lhulsbergen/venv_dace5cf/lib/python3.12/site-packages/dace/runtime/include -c /capstor/scratch/cscs/lhulsbergen/llr40_dace/emit/tsvc_2_s316/canon_legacy/src/cpu/canon_cpu.cpp -o /dev/null -fopt-info-vec-all=/capstor/scratch/cscs/lhulsbergen/llr40_dace/vec/reports/tsvc_2_s316.canon_legacy.g++-13.bonsall.all
tsvc_2_s316,canon,legacy,g++-13,unsafe,True,1,reduction.h:1006,1,reduction.h:1005,,g++-13 -O3 -std=c++20 -fPIC -fno-math-errno -ffinite-math-only -fno-signaling-nans -fstrict-aliasing -faligned-new -fvect-cost-model=unlimited -fopenmp -funsafe-math-optimizations -I/capstor/scratch/cscs/lhulsbergen/venv_dace5cf/lib/python3.12/site-packages/dace/runtime/include -c /capstor/scratch/cscs/lhulsbergen/llr40_dace/emit/tsvc_2_s316/canon_legacy/src/cpu/canon_cpu.cpp -o /dev/null -fopt-info-vec-all=/capstor/scratch/cscs/lhulsbergen/llr40_dace/vec/reports/tsvc_2_s316.canon_legacy.g++-13.unsafe.all
tsvc_2_s316,canon,legacy,g++-13,harness,True,0,,2,reduction.h:1005 reduction.h:1006,,g++-13 -march=native -fopenmp -fno-math-errno -fno-trapping-math -fno-signed-zeros -ffp-contract=fast -fstrict-aliasing -include /capstor/scratch/cscs/lhulsbergen/HPCAgent-Bench-dace/hpcagent_bench/envs/vecmath.h -Wall -Wextra -O3 -fPIC -fopenmp -std=c++20 -I/capstor/scratch/cscs/lhulsbergen/venv_dace5cf/lib/python3.12/site-packages/dace/runtime/include -c /capstor/scratch/cscs/lhulsbergen/llr40_dace/emit/tsvc_2_s316/canon_legacy/src/cpu/canon_cpu.cpp -o /dev/null -fopt-info-vec-all=/capstor/scratch/cscs/lhulsbergen/llr40_dace/vec/reports/tsvc_2_s316.canon_legacy.g++-13.harness.all
tsvc_2_s316,canon,legacy,g++-14,bonsall,True,0,,2,reduction.h:1005 reduction.h:1006,,g++-14 -O3 -std=c++20 -fPIC -fno-math-errno -ffinite-math-only -fno-signaling-nans -fstrict-aliasing -faligned-new -fvect-cost-model=unlimited -fopenmp -I/capstor/scratch/cscs/lhulsbergen/venv_dace5cf/lib/python3.12/site-packages/dace/runtime/include -c /capstor/scratch/cscs/lhulsbergen/llr40_dace/emit/tsvc_2_s316/canon_legacy/src/cpu/canon_cpu.cpp -o /dev/null -fopt-info-vec-all=/capstor/scratch/cscs/lhulsbergen/llr40_dace/vec/reports/tsvc_2_s316.canon_legacy.g++-14.bonsall.all
tsvc_2_s316,canon,legacy,g++-14,unsafe,True,1,reduction.h:1006,1,reduction.h:1005,,g++-14 -O3 -std=c++20 -fPIC -fno-math-errno -ffinite-math-only -fno-signaling-nans -fstrict-aliasing -faligned-new -fvect-cost-model=unlimited -fopenmp -funsafe-math-optimizations -I/capstor/scratch/cscs/lhulsbergen/venv_dace5cf/lib/python3.12/site-packages/dace/runtime/include -c /capstor/scratch/cscs/lhulsbergen/llr40_dace/emit/tsvc_2_s316/canon_legacy/src/cpu/canon_cpu.cpp -o /dev/null -fopt-info-vec-all=/capstor/scratch/cscs/lhulsbergen/llr40_dace/vec/reports/tsvc_2_s316.canon_legacy.g++-14.unsafe.all
tsvc_2_s316,canon,legacy,g++-14,harness,True,0,,2,reduction.h:1005 reduction.h:1006,,g++-14 -march=native -fopenmp -fno-math-errno -fno-trapping-math -fno-signed-zeros -ffp-contract=fast -fstrict-aliasing -include /capstor/scratch/cscs/lhulsbergen/HPCAgent-Bench-dace/hpcagent_bench/envs/vecmath.h -Wall -Wextra -O3 -fPIC -fopenmp -std=c++20 -I/capstor/scratch/cscs/lhulsbergen/venv_dace5cf/lib/python3.12/site-packages/dace/runtime/include -c /capstor/scratch/cscs/lhulsbergen/llr40_dace/emit/tsvc_2_s316/canon_legacy/src/cpu/canon_cpu.cpp -o /dev/null -fopt-info-vec-all=/capstor/scratch/cscs/lhulsbergen/llr40_dace/vec/reports/tsvc_2_s316.canon_legacy.g++-14.harness.all
tsvc_2_s316,canon,new,g++-13,bonsall,True,0,,2,reduction.h:1005 reduction.h:1006,,g++-13 -O3 -std=c++20 -fPIC -fno-math-errno -ffinite-math-only -fno-signaling-nans -fstrict-aliasing -faligned-new -fvect-cost-model=unlimited -fopenmp -I/capstor/scratch/cscs/lhulsbergen/venv_dace5cf/lib/python3.12/site-packages/dace/runtime/include -c /capstor/scratch/cscs/lhulsbergen/llr40_dace/emit/tsvc_2_s316/canon_new/src/cpu/canon_cpu.cpp -o /dev/null -fopt-info-vec-all=/capstor/scratch/cscs/lhulsbergen/llr40_dace/vec/reports/tsvc_2_s316.canon_new.g++-13.bonsall.all
tsvc_2_s316,canon,new,g++-13,unsafe,True,1,reduction.h:1006,1,reduction.h:1005,,g++-13 -O3 -std=c++20 -fPIC -fno-math-errno -ffinite-math-only -fno-signaling-nans -fstrict-aliasing -faligned-new -fvect-cost-model=unlimited -fopenmp -funsafe-math-optimizations -I/capstor/scratch/cscs/lhulsbergen/venv_dace5cf/lib/python3.12/site-packages/dace/runtime/include -c /capstor/scratch/cscs/lhulsbergen/llr40_dace/emit/tsvc_2_s316/canon_new/src/cpu/canon_cpu.cpp -o /dev/null -fopt-info-vec-all=/capstor/scratch/cscs/lhulsbergen/llr40_dace/vec/reports/tsvc_2_s316.canon_new.g++-13.unsafe.all
tsvc_2_s316,canon,new,g++-13,harness,True,0,,2,reduction.h:1005 reduction.h:1006,,g++-13 -march=native -fopenmp -fno-math-errno -fno-trapping-math -fno-signed-zeros -ffp-contract=fast -fstrict-aliasing -include /capstor/scratch/cscs/lhulsbergen/HPCAgent-Bench-dace/hpcagent_bench/envs/vecmath.h -Wall -Wextra -O3 -fPIC -fopenmp -std=c++20 -I/capstor/scratch/cscs/lhulsbergen/venv_dace5cf/lib/python3.12/site-packages/dace/runtime/include -c /capstor/scratch/cscs/lhulsbergen/llr40_dace/emit/tsvc_2_s316/canon_new/src/cpu/canon_cpu.cpp -o /dev/null -fopt-info-vec-all=/capstor/scratch/cscs/lhulsbergen/llr40_dace/vec/reports/tsvc_2_s316.canon_new.g++-13.harness.all
tsvc_2_s316,canon,new,g++-14,bonsall,True,0,,2,reduction.h:1005 reduction.h:1006,,g++-14 -O3 -std=c++20 -fPIC -fno-math-errno -ffinite-math-only -fno-signaling-nans -fstrict-aliasing -faligned-new -fvect-cost-model=unlimited -fopenmp -I/capstor/scratch/cscs/lhulsbergen/venv_dace5cf/lib/python3.12/site-packages/dace/runtime/include -c /capstor/scratch/cscs/lhulsbergen/llr40_dace/emit/tsvc_2_s316/canon_new/src/cpu/canon_cpu.cpp -o /dev/null -fopt-info-vec-all=/capstor/scratch/cscs/lhulsbergen/llr40_dace/vec/reports/tsvc_2_s316.canon_new.g++-14.bonsall.all
tsvc_2_s316,canon,new,g++-14,unsafe,True,1,reduction.h:1006,1,reduction.h:1005,,g++-14 -O3 -std=c++20 -fPIC -fno-math-errno -ffinite-math-only -fno-signaling-nans -fstrict-aliasing -faligned-new -fvect-cost-model=unlimited -fopenmp -funsafe-math-optimizations -I/capstor/scratch/cscs/lhulsbergen/venv_dace5cf/lib/python3.12/site-packages/dace/runtime/include -c /capstor/scratch/cscs/lhulsbergen/llr40_dace/emit/tsvc_2_s316/canon_new/src/cpu/canon_cpu.cpp -o /dev/null -fopt-info-vec-all=/capstor/scratch/cscs/lhulsbergen/llr40_dace/vec/reports/tsvc_2_s316.canon_new.g++-14.unsafe.all
tsvc_2_s316,canon,new,g++-14,harness,True,0,,2,reduction.h:1005 reduction.h:1006,,g++-14 -march=native -fopenmp -fno-math-errno -fno-trapping-math -fno-signed-zeros -ffp-contract=fast -fstrict-aliasing -include /capstor/scratch/cscs/lhulsbergen/HPCAgent-Bench-dace/hpcagent_bench/envs/vecmath.h -Wall -Wextra -O3 -fPIC -fopenmp -std=c++20 -I/capstor/scratch/cscs/lhulsbergen/venv_dace5cf/lib/python3.12/site-packages/dace/runtime/include -c /capstor/scratch/cscs/lhulsbergen/llr40_dace/emit/tsvc_2_s316/canon_new/src/cpu/canon_cpu.cpp -o /dev/null -fopt-info-vec-all=/capstor/scratch/cscs/lhulsbergen/llr40_dace/vec/reports/tsvc_2_s316.canon_new.g++-14.harness.all
tsvc_2_s316,canon,old,g++-13,bonsall,True,0,,2,reduction.h:1005 reduction.h:1006,,g++-13 -O3 -std=c++20 -fPIC -fno-math-errno -ffinite-math-only -fno-signaling-nans -fstrict-aliasing -faligned-new -fvect-cost-model=unlimited -fopenmp -I/capstor/scratch/cscs/lhulsbergen/venv_dace5cf/lib/python3.12/site-packages/dace/runtime/include -c /capstor/scratch/cscs/lhulsbergen/llr40_dace/emit/tsvc_2_s316/canon_old/src/cpu/canon_cpu.cpp -o /dev/null -fopt-info-vec-all=/capstor/scratch/cscs/lhulsbergen/llr40_dace/vec/reports/tsvc_2_s316.canon_old.g++-13.bonsall.all
tsvc_2_s316,canon,old,g++-13,unsafe,True,1,reduction.h:1006,1,reduction.h:1005,,g++-13 -O3 -std=c++20 -fPIC -fno-math-errno -ffinite-math-only -fno-signaling-nans -fstrict-aliasing -faligned-new -fvect-cost-model=unlimited -fopenmp -funsafe-math-optimizations -I/capstor/scratch/cscs/lhulsbergen/venv_dace5cf/lib/python3.12/site-packages/dace/runtime/include -c /capstor/scratch/cscs/lhulsbergen/llr40_dace/emit/tsvc_2_s316/canon_old/src/cpu/canon_cpu.cpp -o /dev/null -fopt-info-vec-all=/capstor/scratch/cscs/lhulsbergen/llr40_dace/vec/reports/tsvc_2_s316.canon_old.g++-13.unsafe.all
tsvc_2_s316,canon,old,g++-13,harness,True,0,,2,reduction.h:1005 reduction.h:1006,,g++-13 -march=native -fopenmp -fno-math-errno -fno-trapping-math -fno-signed-zeros -ffp-contract=fast -fstrict-aliasing -include /capstor/scratch/cscs/lhulsbergen/HPCAgent-Bench-dace/hpcagent_bench/envs/vecmath.h -Wall -Wextra -O3 -fPIC -fopenmp -std=c++20 -I/capstor/scratch/cscs/lhulsbergen/venv_dace5cf/lib/python3.12/site-packages/dace/runtime/include -c /capstor/scratch/cscs/lhulsbergen/llr40_dace/emit/tsvc_2_s316/canon_old/src/cpu/canon_cpu.cpp -o /dev/null -fopt-info-vec-all=/capstor/scratch/cscs/lhulsbergen/llr40_dace/vec/reports/tsvc_2_s316.canon_old.g++-13.harness.all
tsvc_2_s316,canon,old,g++-14,bonsall,True,0,,2,reduction.h:1005 reduction.h:1006,,g++-14 -O3 -std=c++20 -fPIC -fno-math-errno -ffinite-math-only -fno-signaling-nans -fstrict-aliasing -faligned-new -fvect-cost-model=unlimited -fopenmp -I/capstor/scratch/cscs/lhulsbergen/venv_dace5cf/lib/python3.12/site-packages/dace/runtime/include -c /capstor/scratch/cscs/lhulsbergen/llr40_dace/emit/tsvc_2_s316/canon_old/src/cpu/canon_cpu.cpp -o /dev/null -fopt-info-vec-all=/capstor/scratch/cscs/lhulsbergen/llr40_dace/vec/reports/tsvc_2_s316.canon_old.g++-14.bonsall.all
tsvc_2_s316,canon,old,g++-14,unsafe,True,1,reduction.h:1006,1,reduction.h:1005,,g++-14 -O3 -std=c++20 -fPIC -fno-math-errno -ffinite-math-only -fno-signaling-nans -fstrict-aliasing -faligned-new -fvect-cost-model=unlimited -fopenmp -funsafe-math-optimizations -I/capstor/scratch/cscs/lhulsbergen/venv_dace5cf/lib/python3.12/site-packages/dace/runtime/include -c /capstor/scratch/cscs/lhulsbergen/llr40_dace/emit/tsvc_2_s316/canon_old/src/cpu/canon_cpu.cpp -o /dev/null -fopt-info-vec-all=/capstor/scratch/cscs/lhulsbergen/llr40_dace/vec/reports/tsvc_2_s316.canon_old.g++-14.unsafe.all
tsvc_2_s316,canon,old,g++-14,harness,True,0,,2,reduction.h:1005 reduction.h:1006,,g++-14 -march=native -fopenmp -fno-math-errno -fno-trapping-math -fno-signed-zeros -ffp-contract=fast -fstrict-aliasing -include /capstor/scratch/cscs/lhulsbergen/HPCAgent-Bench-dace/hpcagent_bench/envs/vecmath.h -Wall -Wextra -O3 -fPIC -fopenmp -std=c++20 -I/capstor/scratch/cscs/lhulsbergen/venv_dace5cf/lib/python3.12/site-packages/dace/runtime/include -c /capstor/scratch/cscs/lhulsbergen/llr40_dace/emit/tsvc_2_s316/canon_old/src/cpu/canon_cpu.cpp -o /dev/null -fopt-info-vec-all=/capstor/scratch/cscs/lhulsbergen/llr40_dace/vec/reports/tsvc_2_s316.canon_old.g++-14.harness.all
tsvc_2_s316,none,legacy,g++-13,bonsall,True,0,,2,canon_cpu.cpp:33 canon_cpu.cpp:9,,g++-13 -O3 -std=c++20 -fPIC -fno-math-errno -ffinite-math-only -fno-signaling-nans -fstrict-aliasing -faligned-new -fvect-cost-model=unlimited -fopenmp -I/capstor/scratch/cscs/lhulsbergen/venv_dace5cf/lib/python3.12/site-packages/dace/runtime/include -c /capstor/scratch/cscs/lhulsbergen/llr40_dace/emit/tsvc_2_s316/none_legacy/src/cpu/canon_cpu.cpp -o /dev/null -fopt-info-vec-all=/capstor/scratch/cscs/lhulsbergen/llr40_dace/vec/reports/tsvc_2_s316.none_legacy.g++-13.bonsall.all
tsvc_2_s316,none,legacy,g++-13,unsafe,True,1,canon_cpu.cpp:33,0,,,g++-13 -O3 -std=c++20 -fPIC -fno-math-errno -ffinite-math-only -fno-signaling-nans -fstrict-aliasing -faligned-new -fvect-cost-model=unlimited -fopenmp -funsafe-math-optimizations -I/capstor/scratch/cscs/lhulsbergen/venv_dace5cf/lib/python3.12/site-packages/dace/runtime/include -c /capstor/scratch/cscs/lhulsbergen/llr40_dace/emit/tsvc_2_s316/none_legacy/src/cpu/canon_cpu.cpp -o /dev/null -fopt-info-vec-all=/capstor/scratch/cscs/lhulsbergen/llr40_dace/vec/reports/tsvc_2_s316.none_legacy.g++-13.unsafe.all
tsvc_2_s316,none,legacy,g++-13,harness,True,0,,2,canon_cpu.cpp:33 canon_cpu.cpp:9,,g++-13 -march=native -fopenmp -fno-math-errno -fno-trapping-math -fno-signed-zeros -ffp-contract=fast -fstrict-aliasing -include /capstor/scratch/cscs/lhulsbergen/HPCAgent-Bench-dace/hpcagent_bench/envs/vecmath.h -Wall -Wextra -O3 -fPIC -fopenmp -std=c++20 -I/capstor/scratch/cscs/lhulsbergen/venv_dace5cf/lib/python3.12/site-packages/dace/runtime/include -c /capstor/scratch/cscs/lhulsbergen/llr40_dace/emit/tsvc_2_s316/none_legacy/src/cpu/canon_cpu.cpp -o /dev/null -fopt-info-vec-all=/capstor/scratch/cscs/lhulsbergen/llr40_dace/vec/reports/tsvc_2_s316.none_legacy.g++-13.harness.all
tsvc_2_s316,none,legacy,g++-14,bonsall,True,0,,2,canon_cpu.cpp:33 canon_cpu.cpp:9,,g++-14 -O3 -std=c++20 -fPIC -fno-math-errno -ffinite-math-only -fno-signaling-nans -fstrict-aliasing -faligned-new -fvect-cost-model=unlimited -fopenmp -I/capstor/scratch/cscs/lhulsbergen/venv_dace5cf/lib/python3.12/site-packages/dace/runtime/include -c /capstor/scratch/cscs/lhulsbergen/llr40_dace/emit/tsvc_2_s316/none_legacy/src/cpu/canon_cpu.cpp -o /dev/null -fopt-info-vec-all=/capstor/scratch/cscs/lhulsbergen/llr40_dace/vec/reports/tsvc_2_s316.none_legacy.g++-14.bonsall.all
tsvc_2_s316,none,legacy,g++-14,unsafe,True,1,canon_cpu.cpp:33,0,,,g++-14 -O3 -std=c++20 -fPIC -fno-math-errno -ffinite-math-only -fno-signaling-nans -fstrict-aliasing -faligned-new -fvect-cost-model=unlimited -fopenmp -funsafe-math-optimizations -I/capstor/scratch/cscs/lhulsbergen/venv_dace5cf/lib/python3.12/site-packages/dace/runtime/include -c /capstor/scratch/cscs/lhulsbergen/llr40_dace/emit/tsvc_2_s316/none_legacy/src/cpu/canon_cpu.cpp -o /dev/null -fopt-info-vec-all=/capstor/scratch/cscs/lhulsbergen/llr40_dace/vec/reports/tsvc_2_s316.none_legacy.g++-14.unsafe.all
tsvc_2_s316,none,legacy,g++-14,harness,True,0,,2,canon_cpu.cpp:33 canon_cpu.cpp:9,,g++-14 -march=native -fopenmp -fno-math-errno -fno-trapping-math -fno-signed-zeros -ffp-contract=fast -fstrict-aliasing -include /capstor/scratch/cscs/lhulsbergen/HPCAgent-Bench-dace/hpcagent_bench/envs/vecmath.h -Wall -Wextra -O3 -fPIC -fopenmp -std=c++20 -I/capstor/scratch/cscs/lhulsbergen/venv_dace5cf/lib/python3.12/site-packages/dace/runtime/include -c /capstor/scratch/cscs/lhulsbergen/llr40_dace/emit/tsvc_2_s316/none_legacy/src/cpu/canon_cpu.cpp -o /dev/null -fopt-info-vec-all=/capstor/scratch/cscs/lhulsbergen/llr40_dace/vec/reports/tsvc_2_s316.none_legacy.g++-14.harness.all
tsvc_2_s316,none,new,g++-13,bonsall,True,0,,2,canon_cpu.cpp:11 canon_cpu.cpp:24,,g++-13 -O3 -std=c++20 -fPIC -fno-math-errno -ffinite-math-only -fno-signaling-nans -fstrict-aliasing -faligned-new -fvect-cost-model=unlimited -fopenmp -I/capstor/scratch/cscs/lhulsbergen/venv_dace5cf/lib/python3.12/site-packages/dace/runtime/include -c /capstor/scratch/cscs/lhulsbergen/llr40_dace/emit/tsvc_2_s316/none_new/src/cpu/canon_cpu.cpp -o /dev/null -fopt-info-vec-all=/capstor/scratch/cscs/lhulsbergen/llr40_dace/vec/reports/tsvc_2_s316.none_new.g++-13.bonsall.all
tsvc_2_s316,none,new,g++-13,unsafe,True,1,canon_cpu.cpp:24,0,,,g++-13 -O3 -std=c++20 -fPIC -fno-math-errno -ffinite-math-only -fno-signaling-nans -fstrict-aliasing -faligned-new -fvect-cost-model=unlimited -fopenmp -funsafe-math-optimizations -I/capstor/scratch/cscs/lhulsbergen/venv_dace5cf/lib/python3.12/site-packages/dace/runtime/include -c /capstor/scratch/cscs/lhulsbergen/llr40_dace/emit/tsvc_2_s316/none_new/src/cpu/canon_cpu.cpp -o /dev/null -fopt-info-vec-all=/capstor/scratch/cscs/lhulsbergen/llr40_dace/vec/reports/tsvc_2_s316.none_new.g++-13.unsafe.all
tsvc_2_s316,none,new,g++-13,harness,True,0,,2,canon_cpu.cpp:11 canon_cpu.cpp:24,,g++-13 -march=native -fopenmp -fno-math-errno -fno-trapping-math -fno-signed-zeros -ffp-contract=fast -fstrict-aliasing -include /capstor/scratch/cscs/lhulsbergen/HPCAgent-Bench-dace/hpcagent_bench/envs/vecmath.h -Wall -Wextra -O3 -fPIC -fopenmp -std=c++20 -I/capstor/scratch/cscs/lhulsbergen/venv_dace5cf/lib/python3.12/site-packages/dace/runtime/include -c /capstor/scratch/cscs/lhulsbergen/llr40_dace/emit/tsvc_2_s316/none_new/src/cpu/canon_cpu.cpp -o /dev/null -fopt-info-vec-all=/capstor/scratch/cscs/lhulsbergen/llr40_dace/vec/reports/tsvc_2_s316.none_new.g++-13.harness.all
tsvc_2_s316,none,new,g++-14,bonsall,True,0,,2,canon_cpu.cpp:11 canon_cpu.cpp:24,,g++-14 -O3 -std=c++20 -fPIC -fno-math-errno -ffinite-math-only -fno-signaling-nans -fstrict-aliasing -faligned-new -fvect-cost-model=unlimited -fopenmp -I/capstor/scratch/cscs/lhulsbergen/venv_dace5cf/lib/python3.12/site-packages/dace/runtime/include -c /capstor/scratch/cscs/lhulsbergen/llr40_dace/emit/tsvc_2_s316/none_new/src/cpu/canon_cpu.cpp -o /dev/null -fopt-info-vec-all=/capstor/scratch/cscs/lhulsbergen/llr40_dace/vec/reports/tsvc_2_s316.none_new.g++-14.bonsall.all
tsvc_2_s316,none,new,g++-14,unsafe,True,1,canon_cpu.cpp:24,0,,,g++-14 -O3 -std=c++20 -fPIC -fno-math-errno -ffinite-math-only -fno-signaling-nans -fstrict-aliasing -faligned-new -fvect-cost-model=unlimited -fopenmp -funsafe-math-optimizations -I/capstor/scratch/cscs/lhulsbergen/venv_dace5cf/lib/python3.12/site-packages/dace/runtime/include -c /capstor/scratch/cscs/lhulsbergen/llr40_dace/emit/tsvc_2_s316/none_new/src/cpu/canon_cpu.cpp -o /dev/null -fopt-info-vec-all=/capstor/scratch/cscs/lhulsbergen/llr40_dace/vec/reports/tsvc_2_s316.none_new.g++-14.unsafe.all
tsvc_2_s316,none,new,g++-14,harness,True,0,,2,canon_cpu.cpp:11 canon_cpu.cpp:24,,g++-14 -march=native -fopenmp -fno-math-errno -fno-trapping-math -fno-signed-zeros -ffp-contract=fast -fstrict-aliasing -include /capstor/scratch/cscs/lhulsbergen/HPCAgent-Bench-dace/hpcagent_bench/envs/vecmath.h -Wall -Wextra -O3 -fPIC -fopenmp -std=c++20 -I/capstor/scratch/cscs/lhulsbergen/venv_dace5cf/lib/python3.12/site-packages/dace/runtime/include -c /capstor/scratch/cscs/lhulsbergen/llr40_dace/emit/tsvc_2_s316/none_new/src/cpu/canon_cpu.cpp -o /dev/null -fopt-info-vec-all=/capstor/scratch/cscs/lhulsbergen/llr40_dace/vec/reports/tsvc_2_s316.none_new.g++-14.harness.all
tsvc_2_s316,none,old,g++-13,bonsall,True,0,,2,canon_cpu.cpp:25 canon_cpu.cpp:9,,g++-13 -O3 -std=c++20 -fPIC -fno-math-errno -ffinite-math-only -fno-signaling-nans -fstrict-aliasing -faligned-new -fvect-cost-model=unlimited -fopenmp -I/capstor/scratch/cscs/lhulsbergen/venv_dace5cf/lib/python3.12/site-packages/dace/runtime/include -c /capstor/scratch/cscs/lhulsbergen/llr40_dace/emit/tsvc_2_s316/none_old/src/cpu/canon_cpu.cpp -o /dev/null -fopt-info-vec-all=/capstor/scratch/cscs/lhulsbergen/llr40_dace/vec/reports/tsvc_2_s316.none_old.g++-13.bonsall.all
tsvc_2_s316,none,old,g++-13,unsafe,True,0,,2,canon_cpu.cpp:25 canon_cpu.cpp:9,,g++-13 -O3 -std=c++20 -fPIC -fno-math-errno -ffinite-math-only -fno-signaling-nans -fstrict-aliasing -faligned-new -fvect-cost-model=unlimited -fopenmp -funsafe-math-optimizations -I/capstor/scratch/cscs/lhulsbergen/venv_dace5cf/lib/python3.12/site-packages/dace/runtime/include -c /capstor/scratch/cscs/lhulsbergen/llr40_dace/emit/tsvc_2_s316/none_old/src/cpu/canon_cpu.cpp -o /dev/null -fopt-info-vec-all=/capstor/scratch/cscs/lhulsbergen/llr40_dace/vec/reports/tsvc_2_s316.none_old.g++-13.unsafe.all
tsvc_2_s316,none,old,g++-13,harness,True,0,,2,canon_cpu.cpp:25 canon_cpu.cpp:9,,g++-13 -march=native -fopenmp -fno-math-errno -fno-trapping-math -fno-signed-zeros -ffp-contract=fast -fstrict-aliasing -include /capstor/scratch/cscs/lhulsbergen/HPCAgent-Bench-dace/hpcagent_bench/envs/vecmath.h -Wall -Wextra -O3 -fPIC -fopenmp -std=c++20 -I/capstor/scratch/cscs/lhulsbergen/venv_dace5cf/lib/python3.12/site-packages/dace/runtime/include -c /capstor/scratch/cscs/lhulsbergen/llr40_dace/emit/tsvc_2_s316/none_old/src/cpu/canon_cpu.cpp -o /dev/null -fopt-info-vec-all=/capstor/scratch/cscs/lhulsbergen/llr40_dace/vec/reports/tsvc_2_s316.none_old.g++-13.harness.all
tsvc_2_s316,none,old,g++-14,bonsall,True,0,,2,canon_cpu.cpp:25 canon_cpu.cpp:9,,g++-14 -O3 -std=c++20 -fPIC -fno-math-errno -ffinite-math-only -fno-signaling-nans -fstrict-aliasing -faligned-new -fvect-cost-model=unlimited -fopenmp -I/capstor/scratch/cscs/lhulsbergen/venv_dace5cf/lib/python3.12/site-packages/dace/runtime/include -c /capstor/scratch/cscs/lhulsbergen/llr40_dace/emit/tsvc_2_s316/none_old/src/cpu/canon_cpu.cpp -o /dev/null -fopt-info-vec-all=/capstor/scratch/cscs/lhulsbergen/llr40_dace/vec/reports/tsvc_2_s316.none_old.g++-14.bonsall.all
tsvc_2_s316,none,old,g++-14,unsafe,True,0,,2,canon_cpu.cpp:25 canon_cpu.cpp:9,,g++-14 -O3 -std=c++20 -fPIC -fno-math-errno -ffinite-math-only -fno-signaling-nans -fstrict-aliasing -faligned-new -fvect-cost-model=unlimited -fopenmp -funsafe-math-optimizations -I/capstor/scratch/cscs/lhulsbergen/venv_dace5cf/lib/python3.12/site-packages/dace/runtime/include -c /capstor/scratch/cscs/lhulsbergen/llr40_dace/emit/tsvc_2_s316/none_old/src/cpu/canon_cpu.cpp -o /dev/null -fopt-info-vec-all=/capstor/scratch/cscs/lhulsbergen/llr40_dace/vec/reports/tsvc_2_s316.none_old.g++-14.unsafe.all
tsvc_2_s316,none,old,g++-14,harness,True,0,,2,canon_cpu.cpp:25 canon_cpu.cpp:9,,g++-14 -march=native -fopenmp -fno-math-errno -fno-trapping-math -fno-signed-zeros -ffp-contract=fast -fstrict-aliasing -include /capstor/scratch/cscs/lhulsbergen/HPCAgent-Bench-dace/hpcagent_bench/envs/vecmath.h -Wall -Wextra -O3 -fPIC -fopenmp -std=c++20 -I/capstor/scratch/cscs/lhulsbergen/venv_dace5cf/lib/python3.12/site-packages/dace/runtime/include -c /capstor/scratch/cscs/lhulsbergen/llr40_dace/emit/tsvc_2_s316/none_old/src/cpu/canon_cpu.cpp -o /dev/null -fopt-info-vec-all=/capstor/scratch/cscs/lhulsbergen/llr40_dace/vec/reports/tsvc_2_s316.none_old.g++-14.harness.all
tsvc_2_s318,canon,legacy,g++-13,bonsall,True,0,,4,canon_cpu.cpp:26 canon_cpu.cpp:27 canon_cpu.cpp:32 canon_cpu.cpp:33,,g++-13 -O3 -std=c++20 -fPIC -fno-math-errno -ffinite-math-only -fno-signaling-nans -fstrict-aliasing -faligned-new -fvect-cost-model=unlimited -fopenmp -I/capstor/scratch/cscs/lhulsbergen/venv_dace5cf/lib/python3.12/site-packages/dace/runtime/include -c /capstor/scratch/cscs/lhulsbergen/llr40_dace/emit/tsvc_2_s318/canon_legacy/src/cpu/canon_cpu.cpp -o /dev/null -fopt-info-vec-all=/capstor/scratch/cscs/lhulsbergen/llr40_dace/vec/reports/tsvc_2_s318.canon_legacy.g++-13.bonsall.all
tsvc_2_s318,canon,legacy,g++-13,unsafe,True,0,,4,canon_cpu.cpp:26 canon_cpu.cpp:27 canon_cpu.cpp:32 canon_cpu.cpp:33,,g++-13 -O3 -std=c++20 -fPIC -fno-math-errno -ffinite-math-only -fno-signaling-nans -fstrict-aliasing -faligned-new -fvect-cost-model=unlimited -fopenmp -funsafe-math-optimizations -I/capstor/scratch/cscs/lhulsbergen/venv_dace5cf/lib/python3.12/site-packages/dace/runtime/include -c /capstor/scratch/cscs/lhulsbergen/llr40_dace/emit/tsvc_2_s318/canon_legacy/src/cpu/canon_cpu.cpp -o /dev/null -fopt-info-vec-all=/capstor/scratch/cscs/lhulsbergen/llr40_dace/vec/reports/tsvc_2_s318.canon_legacy.g++-13.unsafe.all
tsvc_2_s318,canon,legacy,g++-13,harness,True,0,,5,canon_cpu.cpp:26 canon_cpu.cpp:27 canon_cpu.cpp:30 canon_cpu.cpp:32 canon_cpu.cpp:33,,g++-13 -march=native -fopenmp -fno-math-errno -fno-trapping-math -fno-signed-zeros -ffp-contract=fast -fstrict-aliasing -include /capstor/scratch/cscs/lhulsbergen/HPCAgent-Bench-dace/hpcagent_bench/envs/vecmath.h -Wall -Wextra -O3 -fPIC -fopenmp -std=c++20 -I/capstor/scratch/cscs/lhulsbergen/venv_dace5cf/lib/python3.12/site-packages/dace/runtime/include -c /capstor/scratch/cscs/lhulsbergen/llr40_dace/emit/tsvc_2_s318/canon_legacy/src/cpu/canon_cpu.cpp -o /dev/null -fopt-info-vec-all=/capstor/scratch/cscs/lhulsbergen/llr40_dace/vec/reports/tsvc_2_s318.canon_legacy.g++-13.harness.all
tsvc_2_s318,canon,legacy,g++-14,bonsall,True,0,,4,canon_cpu.cpp:26 canon_cpu.cpp:27 canon_cpu.cpp:32 canon_cpu.cpp:33,,g++-14 -O3 -std=c++20 -fPIC -fno-math-errno -ffinite-math-only -fno-signaling-nans -fstrict-aliasing -faligned-new -fvect-cost-model=unlimited -fopenmp -I/capstor/scratch/cscs/lhulsbergen/venv_dace5cf/lib/python3.12/site-packages/dace/runtime/include -c /capstor/scratch/cscs/lhulsbergen/llr40_dace/emit/tsvc_2_s318/canon_legacy/src/cpu/canon_cpu.cpp -o /dev/null -fopt-info-vec-all=/capstor/scratch/cscs/lhulsbergen/llr40_dace/vec/reports/tsvc_2_s318.canon_legacy.g++-14.bonsall.all
tsvc_2_s318,canon,legacy,g++-14,unsafe,True,0,,4,canon_cpu.cpp:26 canon_cpu.cpp:27 canon_cpu.cpp:32 canon_cpu.cpp:33,,g++-14 -O3 -std=c++20 -fPIC -fno-math-errno -ffinite-math-only -fno-signaling-nans -fstrict-aliasing -faligned-new -fvect-cost-model=unlimited -fopenmp -funsafe-math-optimizations -I/capstor/scratch/cscs/lhulsbergen/venv_dace5cf/lib/python3.12/site-packages/dace/runtime/include -c /capstor/scratch/cscs/lhulsbergen/llr40_dace/emit/tsvc_2_s318/canon_legacy/src/cpu/canon_cpu.cpp -o /dev/null -fopt-info-vec-all=/capstor/scratch/cscs/lhulsbergen/llr40_dace/vec/reports/tsvc_2_s318.canon_legacy.g++-14.unsafe.all
tsvc_2_s318,canon,legacy,g++-14,harness,True,0,,5,canon_cpu.cpp:26 canon_cpu.cpp:27 canon_cpu.cpp:30 canon_cpu.cpp:32 canon_cpu.cpp:33,,g++-14 -march=native -fopenmp -fno-math-errno -fno-trapping-math -fno-signed-zeros -ffp-contract=fast -fstrict-aliasing -include /capstor/scratch/cscs/lhulsbergen/HPCAgent-Bench-dace/hpcagent_bench/envs/vecmath.h -Wall -Wextra -O3 -fPIC -fopenmp -std=c++20 -I/capstor/scratch/cscs/lhulsbergen/venv_dace5cf/lib/python3.12/site-packages/dace/runtime/include -c /capstor/scratch/cscs/lhulsbergen/llr40_dace/emit/tsvc_2_s318/canon_legacy/src/cpu/canon_cpu.cpp -o /dev/null -fopt-info-vec-all=/capstor/scratch/cscs/lhulsbergen/llr40_dace/vec/reports/tsvc_2_s318.canon_legacy.g++-14.harness.all
tsvc_2_s318,canon,new,g++-13,bonsall,True,0,,4,canon_cpu.cpp:25 canon_cpu.cpp:26 canon_cpu.cpp:31 canon_cpu.cpp:32,,g++-13 -O3 -std=c++20 -fPIC -fno-math-errno -ffinite-math-only -fno-signaling-nans -fstrict-aliasing -faligned-new -fvect-cost-model=unlimited -fopenmp -I/capstor/scratch/cscs/lhulsbergen/venv_dace5cf/lib/python3.12/site-packages/dace/runtime/include -c /capstor/scratch/cscs/lhulsbergen/llr40_dace/emit/tsvc_2_s318/canon_new/src/cpu/canon_cpu.cpp -o /dev/null -fopt-info-vec-all=/capstor/scratch/cscs/lhulsbergen/llr40_dace/vec/reports/tsvc_2_s318.canon_new.g++-13.bonsall.all
tsvc_2_s318,canon,new,g++-13,unsafe,True,0,,4,canon_cpu.cpp:25 canon_cpu.cpp:26 canon_cpu.cpp:31 canon_cpu.cpp:32,,g++-13 -O3 -std=c++20 -fPIC -fno-math-errno -ffinite-math-only -fno-signaling-nans -fstrict-aliasing -faligned-new -fvect-cost-model=unlimited -fopenmp -funsafe-math-optimizations -I/capstor/scratch/cscs/lhulsbergen/venv_dace5cf/lib/python3.12/site-packages/dace/runtime/include -c /capstor/scratch/cscs/lhulsbergen/llr40_dace/emit/tsvc_2_s318/canon_new/src/cpu/canon_cpu.cpp -o /dev/null -fopt-info-vec-all=/capstor/scratch/cscs/lhulsbergen/llr40_dace/vec/reports/tsvc_2_s318.canon_new.g++-13.unsafe.all
tsvc_2_s318,canon,new,g++-13,harness,True,0,,5,canon_cpu.cpp:25 canon_cpu.cpp:26 canon_cpu.cpp:29 canon_cpu.cpp:31 canon_cpu.cpp:32,,g++-13 -march=native -fopenmp -fno-math-errno -fno-trapping-math -fno-signed-zeros -ffp-contract=fast -fstrict-aliasing -include /capstor/scratch/cscs/lhulsbergen/HPCAgent-Bench-dace/hpcagent_bench/envs/vecmath.h -Wall -Wextra -O3 -fPIC -fopenmp -std=c++20 -I/capstor/scratch/cscs/lhulsbergen/venv_dace5cf/lib/python3.12/site-packages/dace/runtime/include -c /capstor/scratch/cscs/lhulsbergen/llr40_dace/emit/tsvc_2_s318/canon_new/src/cpu/canon_cpu.cpp -o /dev/null -fopt-info-vec-all=/capstor/scratch/cscs/lhulsbergen/llr40_dace/vec/reports/tsvc_2_s318.canon_new.g++-13.harness.all
tsvc_2_s318,canon,new,g++-14,bonsall,True,0,,4,canon_cpu.cpp:25 canon_cpu.cpp:26 canon_cpu.cpp:31 canon_cpu.cpp:32,,g++-14 -O3 -std=c++20 -fPIC -fno-math-errno -ffinite-math-only -fno-signaling-nans -fstrict-aliasing -faligned-new -fvect-cost-model=unlimited -fopenmp -I/capstor/scratch/cscs/lhulsbergen/venv_dace5cf/lib/python3.12/site-packages/dace/runtime/include -c /capstor/scratch/cscs/lhulsbergen/llr40_dace/emit/tsvc_2_s318/canon_new/src/cpu/canon_cpu.cpp -o /dev/null -fopt-info-vec-all=/capstor/scratch/cscs/lhulsbergen/llr40_dace/vec/reports/tsvc_2_s318.canon_new.g++-14.bonsall.all
tsvc_2_s318,canon,new,g++-14,unsafe,True,0,,4,canon_cpu.cpp:25 canon_cpu.cpp:26 canon_cpu.cpp:31 canon_cpu.cpp:32,,g++-14 -O3 -std=c++20 -fPIC -fno-math-errno -ffinite-math-only -fno-signaling-nans -fstrict-aliasing -faligned-new -fvect-cost-model=unlimited -fopenmp -funsafe-math-optimizations -I/capstor/scratch/cscs/lhulsbergen/venv_dace5cf/lib/python3.12/site-packages/dace/runtime/include -c /capstor/scratch/cscs/lhulsbergen/llr40_dace/emit/tsvc_2_s318/canon_new/src/cpu/canon_cpu.cpp -o /dev/null -fopt-info-vec-all=/capstor/scratch/cscs/lhulsbergen/llr40_dace/vec/reports/tsvc_2_s318.canon_new.g++-14.unsafe.all
tsvc_2_s318,canon,new,g++-14,harness,True,0,,5,canon_cpu.cpp:25 canon_cpu.cpp:26 canon_cpu.cpp:29 canon_cpu.cpp:31 canon_cpu.cpp:32,,g++-14 -march=native -fopenmp -fno-math-errno -fno-trapping-math -fno-signed-zeros -ffp-contract=fast -fstrict-aliasing -include /capstor/scratch/cscs/lhulsbergen/HPCAgent-Bench-dace/hpcagent_bench/envs/vecmath.h -Wall -Wextra -O3 -fPIC -fopenmp -std=c++20 -I/capstor/scratch/cscs/lhulsbergen/venv_dace5cf/lib/python3.12/site-packages/dace/runtime/include -c /capstor/scratch/cscs/lhulsbergen/llr40_dace/emit/tsvc_2_s318/canon_new/src/cpu/canon_cpu.cpp -o /dev/null -fopt-info-vec-all=/capstor/scratch/cscs/lhulsbergen/llr40_dace/vec/reports/tsvc_2_s318.canon_new.g++-14.harness.all
tsvc_2_s318,canon,old,g++-13,bonsall,True,0,,4,canon_cpu.cpp:26 canon_cpu.cpp:27 canon_cpu.cpp:32 canon_cpu.cpp:33,,g++-13 -O3 -std=c++20 -fPIC -fno-math-errno -ffinite-math-only -fno-signaling-nans -fstrict-aliasing -faligned-new -fvect-cost-model=unlimited -fopenmp -I/capstor/scratch/cscs/lhulsbergen/venv_dace5cf/lib/python3.12/site-packages/dace/runtime/include -c /capstor/scratch/cscs/lhulsbergen/llr40_dace/emit/tsvc_2_s318/canon_old/src/cpu/canon_cpu.cpp -o /dev/null -fopt-info-vec-all=/capstor/scratch/cscs/lhulsbergen/llr40_dace/vec/reports/tsvc_2_s318.canon_old.g++-13.bonsall.all
tsvc_2_s318,canon,old,g++-13,unsafe,True,0,,4,canon_cpu.cpp:26 canon_cpu.cpp:27 canon_cpu.cpp:32 canon_cpu.cpp:33,,g++-13 -O3 -std=c++20 -fPIC -fno-math-errno -ffinite-math-only -fno-signaling-nans -fstrict-aliasing -faligned-new -fvect-cost-model=unlimited -fopenmp -funsafe-math-optimizations -I/capstor/scratch/cscs/lhulsbergen/venv_dace5cf/lib/python3.12/site-packages/dace/runtime/include -c /capstor/scratch/cscs/lhulsbergen/llr40_dace/emit/tsvc_2_s318/canon_old/src/cpu/canon_cpu.cpp -o /dev/null -fopt-info-vec-all=/capstor/scratch/cscs/lhulsbergen/llr40_dace/vec/reports/tsvc_2_s318.canon_old.g++-13.unsafe.all
tsvc_2_s318,canon,old,g++-13,harness,True,0,,5,canon_cpu.cpp:26 canon_cpu.cpp:27 canon_cpu.cpp:30 canon_cpu.cpp:32 canon_cpu.cpp:33,,g++-13 -march=native -fopenmp -fno-math-errno -fno-trapping-math -fno-signed-zeros -ffp-contract=fast -fstrict-aliasing -include /capstor/scratch/cscs/lhulsbergen/HPCAgent-Bench-dace/hpcagent_bench/envs/vecmath.h -Wall -Wextra -O3 -fPIC -fopenmp -std=c++20 -I/capstor/scratch/cscs/lhulsbergen/venv_dace5cf/lib/python3.12/site-packages/dace/runtime/include -c /capstor/scratch/cscs/lhulsbergen/llr40_dace/emit/tsvc_2_s318/canon_old/src/cpu/canon_cpu.cpp -o /dev/null -fopt-info-vec-all=/capstor/scratch/cscs/lhulsbergen/llr40_dace/vec/reports/tsvc_2_s318.canon_old.g++-13.harness.all
tsvc_2_s318,canon,old,g++-14,bonsall,True,0,,4,canon_cpu.cpp:26 canon_cpu.cpp:27 canon_cpu.cpp:32 canon_cpu.cpp:33,,g++-14 -O3 -std=c++20 -fPIC -fno-math-errno -ffinite-math-only -fno-signaling-nans -fstrict-aliasing -faligned-new -fvect-cost-model=unlimited -fopenmp -I/capstor/scratch/cscs/lhulsbergen/venv_dace5cf/lib/python3.12/site-packages/dace/runtime/include -c /capstor/scratch/cscs/lhulsbergen/llr40_dace/emit/tsvc_2_s318/canon_old/src/cpu/canon_cpu.cpp -o /dev/null -fopt-info-vec-all=/capstor/scratch/cscs/lhulsbergen/llr40_dace/vec/reports/tsvc_2_s318.canon_old.g++-14.bonsall.all
tsvc_2_s318,canon,old,g++-14,unsafe,True,0,,4,canon_cpu.cpp:26 canon_cpu.cpp:27 canon_cpu.cpp:32 canon_cpu.cpp:33,,g++-14 -O3 -std=c++20 -fPIC -fno-math-errno -ffinite-math-only -fno-signaling-nans -fstrict-aliasing -faligned-new -fvect-cost-model=unlimited -fopenmp -funsafe-math-optimizations -I/capstor/scratch/cscs/lhulsbergen/venv_dace5cf/lib/python3.12/site-packages/dace/runtime/include -c /capstor/scratch/cscs/lhulsbergen/llr40_dace/emit/tsvc_2_s318/canon_old/src/cpu/canon_cpu.cpp -o /dev/null -fopt-info-vec-all=/capstor/scratch/cscs/lhulsbergen/llr40_dace/vec/reports/tsvc_2_s318.canon_old.g++-14.unsafe.all
tsvc_2_s318,canon,old,g++-14,harness,True,0,,5,canon_cpu.cpp:26 canon_cpu.cpp:27 canon_cpu.cpp:30 canon_cpu.cpp:32 canon_cpu.cpp:33,,g++-14 -march=native -fopenmp -fno-math-errno -fno-trapping-math -fno-signed-zeros -ffp-contract=fast -fstrict-aliasing -include /capstor/scratch/cscs/lhulsbergen/HPCAgent-Bench-dace/hpcagent_bench/envs/vecmath.h -Wall -Wextra -O3 -fPIC -fopenmp -std=c++20 -I/capstor/scratch/cscs/lhulsbergen/venv_dace5cf/lib/python3.12/site-packages/dace/runtime/include -c /capstor/scratch/cscs/lhulsbergen/llr40_dace/emit/tsvc_2_s318/canon_old/src/cpu/canon_cpu.cpp -o /dev/null -fopt-info-vec-all=/capstor/scratch/cscs/lhulsbergen/llr40_dace/vec/reports/tsvc_2_s318.canon_old.g++-14.harness.all
tsvc_2_s318,none,legacy,g++-13,bonsall,True,0,,1,canon_cpu.cpp:27,,g++-13 -O3 -std=c++20 -fPIC -fno-math-errno -ffinite-math-only -fno-signaling-nans -fstrict-aliasing -faligned-new -fvect-cost-model=unlimited -fopenmp -I/capstor/scratch/cscs/lhulsbergen/venv_dace5cf/lib/python3.12/site-packages/dace/runtime/include -c /capstor/scratch/cscs/lhulsbergen/llr40_dace/emit/tsvc_2_s318/none_legacy/src/cpu/canon_cpu.cpp -o /dev/null -fopt-info-vec-all=/capstor/scratch/cscs/lhulsbergen/llr40_dace/vec/reports/tsvc_2_s318.none_legacy.g++-13.bonsall.all
tsvc_2_s318,none,legacy,g++-13,unsafe,True,0,,2,canon_cpu.cpp:27 canon_cpu.cpp:9,,g++-13 -O3 -std=c++20 -fPIC -fno-math-errno -ffinite-math-only -fno-signaling-nans -fstrict-aliasing -faligned-new -fvect-cost-model=unlimited -fopenmp -funsafe-math-optimizations -I/capstor/scratch/cscs/lhulsbergen/venv_dace5cf/lib/python3.12/site-packages/dace/runtime/include -c /capstor/scratch/cscs/lhulsbergen/llr40_dace/emit/tsvc_2_s318/none_legacy/src/cpu/canon_cpu.cpp -o /dev/null -fopt-info-vec-all=/capstor/scratch/cscs/lhulsbergen/llr40_dace/vec/reports/tsvc_2_s318.none_legacy.g++-13.unsafe.all
tsvc_2_s318,none,legacy,g++-13,harness,True,0,,2,canon_cpu.cpp:27 canon_cpu.cpp:9,,g++-13 -march=native -fopenmp -fno-math-errno -fno-trapping-math -fno-signed-zeros -ffp-contract=fast -fstrict-aliasing -include /capstor/scratch/cscs/lhulsbergen/HPCAgent-Bench-dace/hpcagent_bench/envs/vecmath.h -Wall -Wextra -O3 -fPIC -fopenmp -std=c++20 -I/capstor/scratch/cscs/lhulsbergen/venv_dace5cf/lib/python3.12/site-packages/dace/runtime/include -c /capstor/scratch/cscs/lhulsbergen/llr40_dace/emit/tsvc_2_s318/none_legacy/src/cpu/canon_cpu.cpp -o /dev/null -fopt-info-vec-all=/capstor/scratch/cscs/lhulsbergen/llr40_dace/vec/reports/tsvc_2_s318.none_legacy.g++-13.harness.all
tsvc_2_s318,none,legacy,g++-14,bonsall,True,0,,1,canon_cpu.cpp:27,,g++-14 -O3 -std=c++20 -fPIC -fno-math-errno -ffinite-math-only -fno-signaling-nans -fstrict-aliasing -faligned-new -fvect-cost-model=unlimited -fopenmp -I/capstor/scratch/cscs/lhulsbergen/venv_dace5cf/lib/python3.12/site-packages/dace/runtime/include -c /capstor/scratch/cscs/lhulsbergen/llr40_dace/emit/tsvc_2_s318/none_legacy/src/cpu/canon_cpu.cpp -o /dev/null -fopt-info-vec-all=/capstor/scratch/cscs/lhulsbergen/llr40_dace/vec/reports/tsvc_2_s318.none_legacy.g++-14.bonsall.all
tsvc_2_s318,none,legacy,g++-14,unsafe,True,0,,2,canon_cpu.cpp:27 canon_cpu.cpp:9,,g++-14 -O3 -std=c++20 -fPIC -fno-math-errno -ffinite-math-only -fno-signaling-nans -fstrict-aliasing -faligned-new -fvect-cost-model=unlimited -fopenmp -funsafe-math-optimizations -I/capstor/scratch/cscs/lhulsbergen/venv_dace5cf/lib/python3.12/site-packages/dace/runtime/include -c /capstor/scratch/cscs/lhulsbergen/llr40_dace/emit/tsvc_2_s318/none_legacy/src/cpu/canon_cpu.cpp -o /dev/null -fopt-info-vec-all=/capstor/scratch/cscs/lhulsbergen/llr40_dace/vec/reports/tsvc_2_s318.none_legacy.g++-14.unsafe.all
tsvc_2_s318,none,legacy,g++-14,harness,True,0,,2,canon_cpu.cpp:27 canon_cpu.cpp:9,,g++-14 -march=native -fopenmp -fno-math-errno -fno-trapping-math -fno-signed-zeros -ffp-contract=fast -fstrict-aliasing -include /capstor/scratch/cscs/lhulsbergen/HPCAgent-Bench-dace/hpcagent_bench/envs/vecmath.h -Wall -Wextra -O3 -fPIC -fopenmp -std=c++20 -I/capstor/scratch/cscs/lhulsbergen/venv_dace5cf/lib/python3.12/site-packages/dace/runtime/include -c /capstor/scratch/cscs/lhulsbergen/llr40_dace/emit/tsvc_2_s318/none_legacy/src/cpu/canon_cpu.cpp -o /dev/null -fopt-info-vec-all=/capstor/scratch/cscs/lhulsbergen/llr40_dace/vec/reports/tsvc_2_s318.none_legacy.g++-14.harness.all
tsvc_2_s318,none,new,g++-13,bonsall,True,0,,1,canon_cpu.cpp:27,,g++-13 -O3 -std=c++20 -fPIC -fno-math-errno -ffinite-math-only -fno-signaling-nans -fstrict-aliasing -faligned-new -fvect-cost-model=unlimited -fopenmp -I/capstor/scratch/cscs/lhulsbergen/venv_dace5cf/lib/python3.12/site-packages/dace/runtime/include -c /capstor/scratch/cscs/lhulsbergen/llr40_dace/emit/tsvc_2_s318/none_new/src/cpu/canon_cpu.cpp -o /dev/null -fopt-info-vec-all=/capstor/scratch/cscs/lhulsbergen/llr40_dace/vec/reports/tsvc_2_s318.none_new.g++-13.bonsall.all
tsvc_2_s318,none,new,g++-13,unsafe,True,0,,2,canon_cpu.cpp:10 canon_cpu.cpp:27,,g++-13 -O3 -std=c++20 -fPIC -fno-math-errno -ffinite-math-only -fno-signaling-nans -fstrict-aliasing -faligned-new -fvect-cost-model=unlimited -fopenmp -funsafe-math-optimizations -I/capstor/scratch/cscs/lhulsbergen/venv_dace5cf/lib/python3.12/site-packages/dace/runtime/include -c /capstor/scratch/cscs/lhulsbergen/llr40_dace/emit/tsvc_2_s318/none_new/src/cpu/canon_cpu.cpp -o /dev/null -fopt-info-vec-all=/capstor/scratch/cscs/lhulsbergen/llr40_dace/vec/reports/tsvc_2_s318.none_new.g++-13.unsafe.all
tsvc_2_s318,none,new,g++-13,harness,True,0,,2,canon_cpu.cpp:10 canon_cpu.cpp:27,,g++-13 -march=native -fopenmp -fno-math-errno -fno-trapping-math -fno-signed-zeros -ffp-contract=fast -fstrict-aliasing -include /capstor/scratch/cscs/lhulsbergen/HPCAgent-Bench-dace/hpcagent_bench/envs/vecmath.h -Wall -Wextra -O3 -fPIC -fopenmp -std=c++20 -I/capstor/scratch/cscs/lhulsbergen/venv_dace5cf/lib/python3.12/site-packages/dace/runtime/include -c /capstor/scratch/cscs/lhulsbergen/llr40_dace/emit/tsvc_2_s318/none_new/src/cpu/canon_cpu.cpp -o /dev/null -fopt-info-vec-all=/capstor/scratch/cscs/lhulsbergen/llr40_dace/vec/reports/tsvc_2_s318.none_new.g++-13.harness.all
tsvc_2_s318,none,new,g++-14,bonsall,True,0,,1,canon_cpu.cpp:27,,g++-14 -O3 -std=c++20 -fPIC -fno-math-errno -ffinite-math-only -fno-signaling-nans -fstrict-aliasing -faligned-new -fvect-cost-model=unlimited -fopenmp -I/capstor/scratch/cscs/lhulsbergen/venv_dace5cf/lib/python3.12/site-packages/dace/runtime/include -c /capstor/scratch/cscs/lhulsbergen/llr40_dace/emit/tsvc_2_s318/none_new/src/cpu/canon_cpu.cpp -o /dev/null -fopt-info-vec-all=/capstor/scratch/cscs/lhulsbergen/llr40_dace/vec/reports/tsvc_2_s318.none_new.g++-14.bonsall.all
tsvc_2_s318,none,new,g++-14,unsafe,True,0,,2,canon_cpu.cpp:10 canon_cpu.cpp:27,,g++-14 -O3 -std=c++20 -fPIC -fno-math-errno -ffinite-math-only -fno-signaling-nans -fstrict-aliasing -faligned-new -fvect-cost-model=unlimited -fopenmp -funsafe-math-optimizations -I/capstor/scratch/cscs/lhulsbergen/venv_dace5cf/lib/python3.12/site-packages/dace/runtime/include -c /capstor/scratch/cscs/lhulsbergen/llr40_dace/emit/tsvc_2_s318/none_new/src/cpu/canon_cpu.cpp -o /dev/null -fopt-info-vec-all=/capstor/scratch/cscs/lhulsbergen/llr40_dace/vec/reports/tsvc_2_s318.none_new.g++-14.unsafe.all
tsvc_2_s318,none,new,g++-14,harness,True,0,,2,canon_cpu.cpp:10 canon_cpu.cpp:27,,g++-14 -march=native -fopenmp -fno-math-errno -fno-trapping-math -fno-signed-zeros -ffp-contract=fast -fstrict-aliasing -include /capstor/scratch/cscs/lhulsbergen/HPCAgent-Bench-dace/hpcagent_bench/envs/vecmath.h -Wall -Wextra -O3 -fPIC -fopenmp -std=c++20 -I/capstor/scratch/cscs/lhulsbergen/venv_dace5cf/lib/python3.12/site-packages/dace/runtime/include -c /capstor/scratch/cscs/lhulsbergen/llr40_dace/emit/tsvc_2_s318/none_new/src/cpu/canon_cpu.cpp -o /dev/null -fopt-info-vec-all=/capstor/scratch/cscs/lhulsbergen/llr40_dace/vec/reports/tsvc_2_s318.none_new.g++-14.harness.all
tsvc_2_s318,none,old,g++-13,bonsall,True,0,,1,canon_cpu.cpp:27,,g++-13 -O3 -std=c++20 -fPIC -fno-math-errno -ffinite-math-only -fno-signaling-nans -fstrict-aliasing -faligned-new -fvect-cost-model=unlimited -fopenmp -I/capstor/scratch/cscs/lhulsbergen/venv_dace5cf/lib/python3.12/site-packages/dace/runtime/include -c /capstor/scratch/cscs/lhulsbergen/llr40_dace/emit/tsvc_2_s318/none_old/src/cpu/canon_cpu.cpp -o /dev/null -fopt-info-vec-all=/capstor/scratch/cscs/lhulsbergen/llr40_dace/vec/reports/tsvc_2_s318.none_old.g++-13.bonsall.all
tsvc_2_s318,none,old,g++-13,unsafe,True,0,,2,canon_cpu.cpp:27 canon_cpu.cpp:9,,g++-13 -O3 -std=c++20 -fPIC -fno-math-errno -ffinite-math-only -fno-signaling-nans -fstrict-aliasing -faligned-new -fvect-cost-model=unlimited -fopenmp -funsafe-math-optimizations -I/capstor/scratch/cscs/lhulsbergen/venv_dace5cf/lib/python3.12/site-packages/dace/runtime/include -c /capstor/scratch/cscs/lhulsbergen/llr40_dace/emit/tsvc_2_s318/none_old/src/cpu/canon_cpu.cpp -o /dev/null -fopt-info-vec-all=/capstor/scratch/cscs/lhulsbergen/llr40_dace/vec/reports/tsvc_2_s318.none_old.g++-13.unsafe.all
tsvc_2_s318,none,old,g++-13,harness,True,0,,2,canon_cpu.cpp:27 canon_cpu.cpp:9,,g++-13 -march=native -fopenmp -fno-math-errno -fno-trapping-math -fno-signed-zeros -ffp-contract=fast -fstrict-aliasing -include /capstor/scratch/cscs/lhulsbergen/HPCAgent-Bench-dace/hpcagent_bench/envs/vecmath.h -Wall -Wextra -O3 -fPIC -fopenmp -std=c++20 -I/capstor/scratch/cscs/lhulsbergen/venv_dace5cf/lib/python3.12/site-packages/dace/runtime/include -c /capstor/scratch/cscs/lhulsbergen/llr40_dace/emit/tsvc_2_s318/none_old/src/cpu/canon_cpu.cpp -o /dev/null -fopt-info-vec-all=/capstor/scratch/cscs/lhulsbergen/llr40_dace/vec/reports/tsvc_2_s318.none_old.g++-13.harness.all
tsvc_2_s318,none,old,g++-14,bonsall,True,0,,1,canon_cpu.cpp:27,,g++-14 -O3 -std=c++20 -fPIC -fno-math-errno -ffinite-math-only -fno-signaling-nans -fstrict-aliasing -faligned-new -fvect-cost-model=unlimited -fopenmp -I/capstor/scratch/cscs/lhulsbergen/venv_dace5cf/lib/python3.12/site-packages/dace/runtime/include -c /capstor/scratch/cscs/lhulsbergen/llr40_dace/emit/tsvc_2_s318/none_old/src/cpu/canon_cpu.cpp -o /dev/null -fopt-info-vec-all=/capstor/scratch/cscs/lhulsbergen/llr40_dace/vec/reports/tsvc_2_s318.none_old.g++-14.bonsall.all
tsvc_2_s318,none,old,g++-14,unsafe,True,0,,2,canon_cpu.cpp:27 canon_cpu.cpp:9,,g++-14 -O3 -std=c++20 -fPIC -fno-math-errno -ffinite-math-only -fno-signaling-nans -fstrict-aliasing -faligned-new -fvect-cost-model=unlimited -fopenmp -funsafe-math-optimizations -I/capstor/scratch/cscs/lhulsbergen/venv_dace5cf/lib/python3.12/site-packages/dace/runtime/include -c /capstor/scratch/cscs/lhulsbergen/llr40_dace/emit/tsvc_2_s318/none_old/src/cpu/canon_cpu.cpp -o /dev/null -fopt-info-vec-all=/capstor/scratch/cscs/lhulsbergen/llr40_dace/vec/reports/tsvc_2_s318.none_old.g++-14.unsafe.all
tsvc_2_s318,none,old,g++-14,harness,True,0,,2,canon_cpu.cpp:27 canon_cpu.cpp:9,,g++-14 -march=native -fopenmp -fno-math-errno -fno-trapping-math -fno-signed-zeros -ffp-contract=fast -fstrict-aliasing -include /capstor/scratch/cscs/lhulsbergen/HPCAgent-Bench-dace/hpcagent_bench/envs/vecmath.h -Wall -Wextra -O3 -fPIC -fopenmp -std=c++20 -I/capstor/scratch/cscs/lhulsbergen/venv_dace5cf/lib/python3.12/site-packages/dace/runtime/include -c /capstor/scratch/cscs/lhulsbergen/llr40_dace/emit/tsvc_2_s318/none_old/src/cpu/canon_cpu.cpp -o /dev/null -fopt-info-vec-all=/capstor/scratch/cscs/lhulsbergen/llr40_dace/vec/reports/tsvc_2_s318.none_old.g++-14.harness.all
tsvc_2_s319,canon,legacy,g++-13,bonsall,True,1,canon_cpu.cpp:53,1,canon_cpu.cpp:45,,g++-13 -O3 -std=c++20 -fPIC -fno-math-errno -ffinite-math-only -fno-signaling-nans -fstrict-aliasing -faligned-new -fvect-cost-model=unlimited -fopenmp -I/capstor/scratch/cscs/lhulsbergen/venv_dace5cf/lib/python3.12/site-packages/dace/runtime/include -c /capstor/scratch/cscs/lhulsbergen/llr40_dace/emit/tsvc_2_s319/canon_legacy/src/cpu/canon_cpu.cpp -o /dev/null -fopt-info-vec-all=/capstor/scratch/cscs/lhulsbergen/llr40_dace/vec/reports/tsvc_2_s319.canon_legacy.g++-13.bonsall.all
tsvc_2_s319,canon,legacy,g++-13,unsafe,True,1,canon_cpu.cpp:53,1,canon_cpu.cpp:45,,g++-13 -O3 -std=c++20 -fPIC -fno-math-errno -ffinite-math-only -fno-signaling-nans -fstrict-aliasing -faligned-new -fvect-cost-model=unlimited -fopenmp -funsafe-math-optimizations -I/capstor/scratch/cscs/lhulsbergen/venv_dace5cf/lib/python3.12/site-packages/dace/runtime/include -c /capstor/scratch/cscs/lhulsbergen/llr40_dace/emit/tsvc_2_s319/canon_legacy/src/cpu/canon_cpu.cpp -o /dev/null -fopt-info-vec-all=/capstor/scratch/cscs/lhulsbergen/llr40_dace/vec/reports/tsvc_2_s319.canon_legacy.g++-13.unsafe.all
tsvc_2_s319,canon,legacy,g++-13,harness,True,1,canon_cpu.cpp:53,1,canon_cpu.cpp:45,,g++-13 -march=native -fopenmp -fno-math-errno -fno-trapping-math -fno-signed-zeros -ffp-contract=fast -fstrict-aliasing -include /capstor/scratch/cscs/lhulsbergen/HPCAgent-Bench-dace/hpcagent_bench/envs/vecmath.h -Wall -Wextra -O3 -fPIC -fopenmp -std=c++20 -I/capstor/scratch/cscs/lhulsbergen/venv_dace5cf/lib/python3.12/site-packages/dace/runtime/include -c /capstor/scratch/cscs/lhulsbergen/llr40_dace/emit/tsvc_2_s319/canon_legacy/src/cpu/canon_cpu.cpp -o /dev/null -fopt-info-vec-all=/capstor/scratch/cscs/lhulsbergen/llr40_dace/vec/reports/tsvc_2_s319.canon_legacy.g++-13.harness.all
tsvc_2_s319,canon,legacy,g++-14,bonsall,True,1,canon_cpu.cpp:53,1,canon_cpu.cpp:45,,g++-14 -O3 -std=c++20 -fPIC -fno-math-errno -ffinite-math-only -fno-signaling-nans -fstrict-aliasing -faligned-new -fvect-cost-model=unlimited -fopenmp -I/capstor/scratch/cscs/lhulsbergen/venv_dace5cf/lib/python3.12/site-packages/dace/runtime/include -c /capstor/scratch/cscs/lhulsbergen/llr40_dace/emit/tsvc_2_s319/canon_legacy/src/cpu/canon_cpu.cpp -o /dev/null -fopt-info-vec-all=/capstor/scratch/cscs/lhulsbergen/llr40_dace/vec/reports/tsvc_2_s319.canon_legacy.g++-14.bonsall.all
tsvc_2_s319,canon,legacy,g++-14,unsafe,True,1,canon_cpu.cpp:53,1,canon_cpu.cpp:45,,g++-14 -O3 -std=c++20 -fPIC -fno-math-errno -ffinite-math-only -fno-signaling-nans -fstrict-aliasing -faligned-new -fvect-cost-model=unlimited -fopenmp -funsafe-math-optimizations -I/capstor/scratch/cscs/lhulsbergen/venv_dace5cf/lib/python3.12/site-packages/dace/runtime/include -c /capstor/scratch/cscs/lhulsbergen/llr40_dace/emit/tsvc_2_s319/canon_legacy/src/cpu/canon_cpu.cpp -o /dev/null -fopt-info-vec-all=/capstor/scratch/cscs/lhulsbergen/llr40_dace/vec/reports/tsvc_2_s319.canon_legacy.g++-14.unsafe.all
tsvc_2_s319,canon,legacy,g++-14,harness,True,1,canon_cpu.cpp:53,1,canon_cpu.cpp:45,,g++-14 -march=native -fopenmp -fno-math-errno -fno-trapping-math -fno-signed-zeros -ffp-contract=fast -fstrict-aliasing -include /capstor/scratch/cscs/lhulsbergen/HPCAgent-Bench-dace/hpcagent_bench/envs/vecmath.h -Wall -Wextra -O3 -fPIC -fopenmp -std=c++20 -I/capstor/scratch/cscs/lhulsbergen/venv_dace5cf/lib/python3.12/site-packages/dace/runtime/include -c /capstor/scratch/cscs/lhulsbergen/llr40_dace/emit/tsvc_2_s319/canon_legacy/src/cpu/canon_cpu.cpp -o /dev/null -fopt-info-vec-all=/capstor/scratch/cscs/lhulsbergen/llr40_dace/vec/reports/tsvc_2_s319.canon_legacy.g++-14.harness.all
tsvc_2_s319,canon,new,g++-13,bonsall,True,1,canon_cpu.cpp:46,1,canon_cpu.cpp:39,,g++-13 -O3 -std=c++20 -fPIC -fno-math-errno -ffinite-math-only -fno-signaling-nans -fstrict-aliasing -faligned-new -fvect-cost-model=unlimited -fopenmp -I/capstor/scratch/cscs/lhulsbergen/venv_dace5cf/lib/python3.12/site-packages/dace/runtime/include -c /capstor/scratch/cscs/lhulsbergen/llr40_dace/emit/tsvc_2_s319/canon_new/src/cpu/canon_cpu.cpp -o /dev/null -fopt-info-vec-all=/capstor/scratch/cscs/lhulsbergen/llr40_dace/vec/reports/tsvc_2_s319.canon_new.g++-13.bonsall.all
tsvc_2_s319,canon,new,g++-13,unsafe,True,1,canon_cpu.cpp:46,1,canon_cpu.cpp:39,,g++-13 -O3 -std=c++20 -fPIC -fno-math-errno -ffinite-math-only -fno-signaling-nans -fstrict-aliasing -faligned-new -fvect-cost-model=unlimited -fopenmp -funsafe-math-optimizations -I/capstor/scratch/cscs/lhulsbergen/venv_dace5cf/lib/python3.12/site-packages/dace/runtime/include -c /capstor/scratch/cscs/lhulsbergen/llr40_dace/emit/tsvc_2_s319/canon_new/src/cpu/canon_cpu.cpp -o /dev/null -fopt-info-vec-all=/capstor/scratch/cscs/lhulsbergen/llr40_dace/vec/reports/tsvc_2_s319.canon_new.g++-13.unsafe.all
tsvc_2_s319,canon,new,g++-13,harness,True,1,canon_cpu.cpp:46,1,canon_cpu.cpp:39,,g++-13 -march=native -fopenmp -fno-math-errno -fno-trapping-math -fno-signed-zeros -ffp-contract=fast -fstrict-aliasing -include /capstor/scratch/cscs/lhulsbergen/HPCAgent-Bench-dace/hpcagent_bench/envs/vecmath.h -Wall -Wextra -O3 -fPIC -fopenmp -std=c++20 -I/capstor/scratch/cscs/lhulsbergen/venv_dace5cf/lib/python3.12/site-packages/dace/runtime/include -c /capstor/scratch/cscs/lhulsbergen/llr40_dace/emit/tsvc_2_s319/canon_new/src/cpu/canon_cpu.cpp -o /dev/null -fopt-info-vec-all=/capstor/scratch/cscs/lhulsbergen/llr40_dace/vec/reports/tsvc_2_s319.canon_new.g++-13.harness.all
tsvc_2_s319,canon,new,g++-14,bonsall,True,1,canon_cpu.cpp:46,1,canon_cpu.cpp:39,,g++-14 -O3 -std=c++20 -fPIC -fno-math-errno -ffinite-math-only -fno-signaling-nans -fstrict-aliasing -faligned-new -fvect-cost-model=unlimited -fopenmp -I/capstor/scratch/cscs/lhulsbergen/venv_dace5cf/lib/python3.12/site-packages/dace/runtime/include -c /capstor/scratch/cscs/lhulsbergen/llr40_dace/emit/tsvc_2_s319/canon_new/src/cpu/canon_cpu.cpp -o /dev/null -fopt-info-vec-all=/capstor/scratch/cscs/lhulsbergen/llr40_dace/vec/reports/tsvc_2_s319.canon_new.g++-14.bonsall.all
tsvc_2_s319,canon,new,g++-14,unsafe,True,1,canon_cpu.cpp:46,1,canon_cpu.cpp:39,,g++-14 -O3 -std=c++20 -fPIC -fno-math-errno -ffinite-math-only -fno-signaling-nans -fstrict-aliasing -faligned-new -fvect-cost-model=unlimited -fopenmp -funsafe-math-optimizations -I/capstor/scratch/cscs/lhulsbergen/venv_dace5cf/lib/python3.12/site-packages/dace/runtime/include -c /capstor/scratch/cscs/lhulsbergen/llr40_dace/emit/tsvc_2_s319/canon_new/src/cpu/canon_cpu.cpp -o /dev/null -fopt-info-vec-all=/capstor/scratch/cscs/lhulsbergen/llr40_dace/vec/reports/tsvc_2_s319.canon_new.g++-14.unsafe.all
tsvc_2_s319,canon,new,g++-14,harness,True,1,canon_cpu.cpp:46,1,canon_cpu.cpp:39,,g++-14 -march=native -fopenmp -fno-math-errno -fno-trapping-math -fno-signed-zeros -ffp-contract=fast -fstrict-aliasing -include /capstor/scratch/cscs/lhulsbergen/HPCAgent-Bench-dace/hpcagent_bench/envs/vecmath.h -Wall -Wextra -O3 -fPIC -fopenmp -std=c++20 -I/capstor/scratch/cscs/lhulsbergen/venv_dace5cf/lib/python3.12/site-packages/dace/runtime/include -c /capstor/scratch/cscs/lhulsbergen/llr40_dace/emit/tsvc_2_s319/canon_new/src/cpu/canon_cpu.cpp -o /dev/null -fopt-info-vec-all=/capstor/scratch/cscs/lhulsbergen/llr40_dace/vec/reports/tsvc_2_s319.canon_new.g++-14.harness.all
tsvc_2_s319,canon,old,g++-13,bonsall,True,0,,3,canon_cpu.cpp:45 canon_cpu.cpp:53 reduction.h:216,,g++-13 -O3 -std=c++20 -fPIC -fno-math-errno -ffinite-math-only -fno-signaling-nans -fstrict-aliasing -faligned-new -fvect-cost-model=unlimited -fopenmp -I/capstor/scratch/cscs/lhulsbergen/venv_dace5cf/lib/python3.12/site-packages/dace/runtime/include -c /capstor/scratch/cscs/lhulsbergen/llr40_dace/emit/tsvc_2_s319/canon_old/src/cpu/canon_cpu.cpp -o /dev/null -fopt-info-vec-all=/capstor/scratch/cscs/lhulsbergen/llr40_dace/vec/reports/tsvc_2_s319.canon_old.g++-13.bonsall.all
tsvc_2_s319,canon,old,g++-13,unsafe,True,0,,3,canon_cpu.cpp:45 canon_cpu.cpp:53 reduction.h:216,,g++-13 -O3 -std=c++20 -fPIC -fno-math-errno -ffinite-math-only -fno-signaling-nans -fstrict-aliasing -faligned-new -fvect-cost-model=unlimited -fopenmp -funsafe-math-optimizations -I/capstor/scratch/cscs/lhulsbergen/venv_dace5cf/lib/python3.12/site-packages/dace/runtime/include -c /capstor/scratch/cscs/lhulsbergen/llr40_dace/emit/tsvc_2_s319/canon_old/src/cpu/canon_cpu.cpp -o /dev/null -fopt-info-vec-all=/capstor/scratch/cscs/lhulsbergen/llr40_dace/vec/reports/tsvc_2_s319.canon_old.g++-13.unsafe.all
tsvc_2_s319,canon,old,g++-13,harness,True,0,,3,canon_cpu.cpp:45 canon_cpu.cpp:53 reduction.h:216,,g++-13 -march=native -fopenmp -fno-math-errno -fno-trapping-math -fno-signed-zeros -ffp-contract=fast -fstrict-aliasing -include /capstor/scratch/cscs/lhulsbergen/HPCAgent-Bench-dace/hpcagent_bench/envs/vecmath.h -Wall -Wextra -O3 -fPIC -fopenmp -std=c++20 -I/capstor/scratch/cscs/lhulsbergen/venv_dace5cf/lib/python3.12/site-packages/dace/runtime/include -c /capstor/scratch/cscs/lhulsbergen/llr40_dace/emit/tsvc_2_s319/canon_old/src/cpu/canon_cpu.cpp -o /dev/null -fopt-info-vec-all=/capstor/scratch/cscs/lhulsbergen/llr40_dace/vec/reports/tsvc_2_s319.canon_old.g++-13.harness.all
tsvc_2_s319,canon,old,g++-14,bonsall,True,0,,3,canon_cpu.cpp:45 canon_cpu.cpp:53 reduction.h:216,,g++-14 -O3 -std=c++20 -fPIC -fno-math-errno -ffinite-math-only -fno-signaling-nans -fstrict-aliasing -faligned-new -fvect-cost-model=unlimited -fopenmp -I/capstor/scratch/cscs/lhulsbergen/venv_dace5cf/lib/python3.12/site-packages/dace/runtime/include -c /capstor/scratch/cscs/lhulsbergen/llr40_dace/emit/tsvc_2_s319/canon_old/src/cpu/canon_cpu.cpp -o /dev/null -fopt-info-vec-all=/capstor/scratch/cscs/lhulsbergen/llr40_dace/vec/reports/tsvc_2_s319.canon_old.g++-14.bonsall.all
tsvc_2_s319,canon,old,g++-14,unsafe,True,0,,3,canon_cpu.cpp:45 canon_cpu.cpp:53 reduction.h:216,,g++-14 -O3 -std=c++20 -fPIC -fno-math-errno -ffinite-math-only -fno-signaling-nans -fstrict-aliasing -faligned-new -fvect-cost-model=unlimited -fopenmp -funsafe-math-optimizations -I/capstor/scratch/cscs/lhulsbergen/venv_dace5cf/lib/python3.12/site-packages/dace/runtime/include -c /capstor/scratch/cscs/lhulsbergen/llr40_dace/emit/tsvc_2_s319/canon_old/src/cpu/canon_cpu.cpp -o /dev/null -fopt-info-vec-all=/capstor/scratch/cscs/lhulsbergen/llr40_dace/vec/reports/tsvc_2_s319.canon_old.g++-14.unsafe.all
tsvc_2_s319,canon,old,g++-14,harness,True,0,,3,canon_cpu.cpp:45 canon_cpu.cpp:53 reduction.h:216,,g++-14 -march=native -fopenmp -fno-math-errno -fno-trapping-math -fno-signed-zeros -ffp-contract=fast -fstrict-aliasing -include /capstor/scratch/cscs/lhulsbergen/HPCAgent-Bench-dace/hpcagent_bench/envs/vecmath.h -Wall -Wextra -O3 -fPIC -fopenmp -std=c++20 -I/capstor/scratch/cscs/lhulsbergen/venv_dace5cf/lib/python3.12/site-packages/dace/runtime/include -c /capstor/scratch/cscs/lhulsbergen/llr40_dace/emit/tsvc_2_s319/canon_old/src/cpu/canon_cpu.cpp -o /dev/null -fopt-info-vec-all=/capstor/scratch/cscs/lhulsbergen/llr40_dace/vec/reports/tsvc_2_s319.canon_old.g++-14.harness.all
tsvc_2_s319,none,legacy,g++-13,bonsall,True,0,,2,canon_cpu.cpp:39 canon_cpu.cpp:9,,g++-13 -O3 -std=c++20 -fPIC -fno-math-errno -ffinite-math-only -fno-signaling-nans -fstrict-aliasing -faligned-new -fvect-cost-model=unlimited -fopenmp -I/capstor/scratch/cscs/lhulsbergen/venv_dace5cf/lib/python3.12/site-packages/dace/runtime/include -c /capstor/scratch/cscs/lhulsbergen/llr40_dace/emit/tsvc_2_s319/none_legacy/src/cpu/canon_cpu.cpp -o /dev/null -fopt-info-vec-all=/capstor/scratch/cscs/lhulsbergen/llr40_dace/vec/reports/tsvc_2_s319.none_legacy.g++-13.bonsall.all
tsvc_2_s319,none,legacy,g++-13,unsafe,True,1,canon_cpu.cpp:39,0,,,g++-13 -O3 -std=c++20 -fPIC -fno-math-errno -ffinite-math-only -fno-signaling-nans -fstrict-aliasing -faligned-new -fvect-cost-model=unlimited -fopenmp -funsafe-math-optimizations -I/capstor/scratch/cscs/lhulsbergen/venv_dace5cf/lib/python3.12/site-packages/dace/runtime/include -c /capstor/scratch/cscs/lhulsbergen/llr40_dace/emit/tsvc_2_s319/none_legacy/src/cpu/canon_cpu.cpp -o /dev/null -fopt-info-vec-all=/capstor/scratch/cscs/lhulsbergen/llr40_dace/vec/reports/tsvc_2_s319.none_legacy.g++-13.unsafe.all
tsvc_2_s319,none,legacy,g++-13,harness,True,0,,2,canon_cpu.cpp:39 canon_cpu.cpp:9,,g++-13 -march=native -fopenmp -fno-math-errno -fno-trapping-math -fno-signed-zeros -ffp-contract=fast -fstrict-aliasing -include /capstor/scratch/cscs/lhulsbergen/HPCAgent-Bench-dace/hpcagent_bench/envs/vecmath.h -Wall -Wextra -O3 -fPIC -fopenmp -std=c++20 -I/capstor/scratch/cscs/lhulsbergen/venv_dace5cf/lib/python3.12/site-packages/dace/runtime/include -c /capstor/scratch/cscs/lhulsbergen/llr40_dace/emit/tsvc_2_s319/none_legacy/src/cpu/canon_cpu.cpp -o /dev/null -fopt-info-vec-all=/capstor/scratch/cscs/lhulsbergen/llr40_dace/vec/reports/tsvc_2_s319.none_legacy.g++-13.harness.all
tsvc_2_s319,none,legacy,g++-14,bonsall,True,0,,2,canon_cpu.cpp:39 canon_cpu.cpp:9,,g++-14 -O3 -std=c++20 -fPIC -fno-math-errno -ffinite-math-only -fno-signaling-nans -fstrict-aliasing -faligned-new -fvect-cost-model=unlimited -fopenmp -I/capstor/scratch/cscs/lhulsbergen/venv_dace5cf/lib/python3.12/site-packages/dace/runtime/include -c /capstor/scratch/cscs/lhulsbergen/llr40_dace/emit/tsvc_2_s319/none_legacy/src/cpu/canon_cpu.cpp -o /dev/null -fopt-info-vec-all=/capstor/scratch/cscs/lhulsbergen/llr40_dace/vec/reports/tsvc_2_s319.none_legacy.g++-14.bonsall.all
tsvc_2_s319,none,legacy,g++-14,unsafe,True,1,canon_cpu.cpp:39,0,,,g++-14 -O3 -std=c++20 -fPIC -fno-math-errno -ffinite-math-only -fno-signaling-nans -fstrict-aliasing -faligned-new -fvect-cost-model=unlimited -fopenmp -funsafe-math-optimizations -I/capstor/scratch/cscs/lhulsbergen/venv_dace5cf/lib/python3.12/site-packages/dace/runtime/include -c /capstor/scratch/cscs/lhulsbergen/llr40_dace/emit/tsvc_2_s319/none_legacy/src/cpu/canon_cpu.cpp -o /dev/null -fopt-info-vec-all=/capstor/scratch/cscs/lhulsbergen/llr40_dace/vec/reports/tsvc_2_s319.none_legacy.g++-14.unsafe.all
tsvc_2_s319,none,legacy,g++-14,harness,True,0,,2,canon_cpu.cpp:39 canon_cpu.cpp:9,,g++-14 -march=native -fopenmp -fno-math-errno -fno-trapping-math -fno-signed-zeros -ffp-contract=fast -fstrict-aliasing -include /capstor/scratch/cscs/lhulsbergen/HPCAgent-Bench-dace/hpcagent_bench/envs/vecmath.h -Wall -Wextra -O3 -fPIC -fopenmp -std=c++20 -I/capstor/scratch/cscs/lhulsbergen/venv_dace5cf/lib/python3.12/site-packages/dace/runtime/include -c /capstor/scratch/cscs/lhulsbergen/llr40_dace/emit/tsvc_2_s319/none_legacy/src/cpu/canon_cpu.cpp -o /dev/null -fopt-info-vec-all=/capstor/scratch/cscs/lhulsbergen/llr40_dace/vec/reports/tsvc_2_s319.none_legacy.g++-14.harness.all
tsvc_2_s319,none,new,g++-13,bonsall,True,0,,2,canon_cpu.cpp:14 canon_cpu.cpp:34,,g++-13 -O3 -std=c++20 -fPIC -fno-math-errno -ffinite-math-only -fno-signaling-nans -fstrict-aliasing -faligned-new -fvect-cost-model=unlimited -fopenmp -I/capstor/scratch/cscs/lhulsbergen/venv_dace5cf/lib/python3.12/site-packages/dace/runtime/include -c /capstor/scratch/cscs/lhulsbergen/llr40_dace/emit/tsvc_2_s319/none_new/src/cpu/canon_cpu.cpp -o /dev/null -fopt-info-vec-all=/capstor/scratch/cscs/lhulsbergen/llr40_dace/vec/reports/tsvc_2_s319.none_new.g++-13.bonsall.all
tsvc_2_s319,none,new,g++-13,unsafe,True,1,canon_cpu.cpp:34,0,,,g++-13 -O3 -std=c++20 -fPIC -fno-math-errno -ffinite-math-only -fno-signaling-nans -fstrict-aliasing -faligned-new -fvect-cost-model=unlimited -fopenmp -funsafe-math-optimizations -I/capstor/scratch/cscs/lhulsbergen/venv_dace5cf/lib/python3.12/site-packages/dace/runtime/include -c /capstor/scratch/cscs/lhulsbergen/llr40_dace/emit/tsvc_2_s319/none_new/src/cpu/canon_cpu.cpp -o /dev/null -fopt-info-vec-all=/capstor/scratch/cscs/lhulsbergen/llr40_dace/vec/reports/tsvc_2_s319.none_new.g++-13.unsafe.all
tsvc_2_s319,none,new,g++-13,harness,True,0,,2,canon_cpu.cpp:14 canon_cpu.cpp:34,,g++-13 -march=native -fopenmp -fno-math-errno -fno-trapping-math -fno-signed-zeros -ffp-contract=fast -fstrict-aliasing -include /capstor/scratch/cscs/lhulsbergen/HPCAgent-Bench-dace/hpcagent_bench/envs/vecmath.h -Wall -Wextra -O3 -fPIC -fopenmp -std=c++20 -I/capstor/scratch/cscs/lhulsbergen/venv_dace5cf/lib/python3.12/site-packages/dace/runtime/include -c /capstor/scratch/cscs/lhulsbergen/llr40_dace/emit/tsvc_2_s319/none_new/src/cpu/canon_cpu.cpp -o /dev/null -fopt-info-vec-all=/capstor/scratch/cscs/lhulsbergen/llr40_dace/vec/reports/tsvc_2_s319.none_new.g++-13.harness.all
tsvc_2_s319,none,new,g++-14,bonsall,True,0,,2,canon_cpu.cpp:14 canon_cpu.cpp:34,,g++-14 -O3 -std=c++20 -fPIC -fno-math-errno -ffinite-math-only -fno-signaling-nans -fstrict-aliasing -faligned-new -fvect-cost-model=unlimited -fopenmp -I/capstor/scratch/cscs/lhulsbergen/venv_dace5cf/lib/python3.12/site-packages/dace/runtime/include -c /capstor/scratch/cscs/lhulsbergen/llr40_dace/emit/tsvc_2_s319/none_new/src/cpu/canon_cpu.cpp -o /dev/null -fopt-info-vec-all=/capstor/scratch/cscs/lhulsbergen/llr40_dace/vec/reports/tsvc_2_s319.none_new.g++-14.bonsall.all
tsvc_2_s319,none,new,g++-14,unsafe,True,1,canon_cpu.cpp:34,0,,,g++-14 -O3 -std=c++20 -fPIC -fno-math-errno -ffinite-math-only -fno-signaling-nans -fstrict-aliasing -faligned-new -fvect-cost-model=unlimited -fopenmp -funsafe-math-optimizations -I/capstor/scratch/cscs/lhulsbergen/venv_dace5cf/lib/python3.12/site-packages/dace/runtime/include -c /capstor/scratch/cscs/lhulsbergen/llr40_dace/emit/tsvc_2_s319/none_new/src/cpu/canon_cpu.cpp -o /dev/null -fopt-info-vec-all=/capstor/scratch/cscs/lhulsbergen/llr40_dace/vec/reports/tsvc_2_s319.none_new.g++-14.unsafe.all
tsvc_2_s319,none,new,g++-14,harness,True,0,,2,canon_cpu.cpp:14 canon_cpu.cpp:34,,g++-14 -march=native -fopenmp -fno-math-errno -fno-trapping-math -fno-signed-zeros -ffp-contract=fast -fstrict-aliasing -include /capstor/scratch/cscs/lhulsbergen/HPCAgent-Bench-dace/hpcagent_bench/envs/vecmath.h -Wall -Wextra -O3 -fPIC -fopenmp -std=c++20 -I/capstor/scratch/cscs/lhulsbergen/venv_dace5cf/lib/python3.12/site-packages/dace/runtime/include -c /capstor/scratch/cscs/lhulsbergen/llr40_dace/emit/tsvc_2_s319/none_new/src/cpu/canon_cpu.cpp -o /dev/null -fopt-info-vec-all=/capstor/scratch/cscs/lhulsbergen/llr40_dace/vec/reports/tsvc_2_s319.none_new.g++-14.harness.all
tsvc_2_s319,none,old,g++-13,bonsall,True,0,,2,canon_cpu.cpp:39 canon_cpu.cpp:9,,g++-13 -O3 -std=c++20 -fPIC -fno-math-errno -ffinite-math-only -fno-signaling-nans -fstrict-aliasing -faligned-new -fvect-cost-model=unlimited -fopenmp -I/capstor/scratch/cscs/lhulsbergen/venv_dace5cf/lib/python3.12/site-packages/dace/runtime/include -c /capstor/scratch/cscs/lhulsbergen/llr40_dace/emit/tsvc_2_s319/none_old/src/cpu/canon_cpu.cpp -o /dev/null -fopt-info-vec-all=/capstor/scratch/cscs/lhulsbergen/llr40_dace/vec/reports/tsvc_2_s319.none_old.g++-13.bonsall.all
tsvc_2_s319,none,old,g++-13,unsafe,True,1,canon_cpu.cpp:39,0,,,g++-13 -O3 -std=c++20 -fPIC -fno-math-errno -ffinite-math-only -fno-signaling-nans -fstrict-aliasing -faligned-new -fvect-cost-model=unlimited -fopenmp -funsafe-math-optimizations -I/capstor/scratch/cscs/lhulsbergen/venv_dace5cf/lib/python3.12/site-packages/dace/runtime/include -c /capstor/scratch/cscs/lhulsbergen/llr40_dace/emit/tsvc_2_s319/none_old/src/cpu/canon_cpu.cpp -o /dev/null -fopt-info-vec-all=/capstor/scratch/cscs/lhulsbergen/llr40_dace/vec/reports/tsvc_2_s319.none_old.g++-13.unsafe.all
tsvc_2_s319,none,old,g++-13,harness,True,0,,2,canon_cpu.cpp:39 canon_cpu.cpp:9,,g++-13 -march=native -fopenmp -fno-math-errno -fno-trapping-math -fno-signed-zeros -ffp-contract=fast -fstrict-aliasing -include /capstor/scratch/cscs/lhulsbergen/HPCAgent-Bench-dace/hpcagent_bench/envs/vecmath.h -Wall -Wextra -O3 -fPIC -fopenmp -std=c++20 -I/capstor/scratch/cscs/lhulsbergen/venv_dace5cf/lib/python3.12/site-packages/dace/runtime/include -c /capstor/scratch/cscs/lhulsbergen/llr40_dace/emit/tsvc_2_s319/none_old/src/cpu/canon_cpu.cpp -o /dev/null -fopt-info-vec-all=/capstor/scratch/cscs/lhulsbergen/llr40_dace/vec/reports/tsvc_2_s319.none_old.g++-13.harness.all
tsvc_2_s319,none,old,g++-14,bonsall,True,0,,2,canon_cpu.cpp:39 canon_cpu.cpp:9,,g++-14 -O3 -std=c++20 -fPIC -fno-math-errno -ffinite-math-only -fno-signaling-nans -fstrict-aliasing -faligned-new -fvect-cost-model=unlimited -fopenmp -I/capstor/scratch/cscs/lhulsbergen/venv_dace5cf/lib/python3.12/site-packages/dace/runtime/include -c /capstor/scratch/cscs/lhulsbergen/llr40_dace/emit/tsvc_2_s319/none_old/src/cpu/canon_cpu.cpp -o /dev/null -fopt-info-vec-all=/capstor/scratch/cscs/lhulsbergen/llr40_dace/vec/reports/tsvc_2_s319.none_old.g++-14.bonsall.all
tsvc_2_s319,none,old,g++-14,unsafe,True,1,canon_cpu.cpp:39,0,,,g++-14 -O3 -std=c++20 -fPIC -fno-math-errno -ffinite-math-only -fno-signaling-nans -fstrict-aliasing -faligned-new -fvect-cost-model=unlimited -fopenmp -funsafe-math-optimizations -I/capstor/scratch/cscs/lhulsbergen/venv_dace5cf/lib/python3.12/site-packages/dace/runtime/include -c /capstor/scratch/cscs/lhulsbergen/llr40_dace/emit/tsvc_2_s319/none_old/src/cpu/canon_cpu.cpp -o /dev/null -fopt-info-vec-all=/capstor/scratch/cscs/lhulsbergen/llr40_dace/vec/reports/tsvc_2_s319.none_old.g++-14.unsafe.all
tsvc_2_s319,none,old,g++-14,harness,True,0,,2,canon_cpu.cpp:39 canon_cpu.cpp:9,,g++-14 -march=native -fopenmp -fno-math-errno -fno-trapping-math -fno-signed-zeros -ffp-contract=fast -fstrict-aliasing -include /capstor/scratch/cscs/lhulsbergen/HPCAgent-Bench-dace/hpcagent_bench/envs/vecmath.h -Wall -Wextra -O3 -fPIC -fopenmp -std=c++20 -I/capstor/scratch/cscs/lhulsbergen/venv_dace5cf/lib/python3.12/site-packages/dace/runtime/include -c /capstor/scratch/cscs/lhulsbergen/llr40_dace/emit/tsvc_2_s319/none_old/src/cpu/canon_cpu.cpp -o /dev/null -fopt-info-vec-all=/capstor/scratch/cscs/lhulsbergen/llr40_dace/vec/reports/tsvc_2_s319.none_old.g++-14.harness.all
tsvc_2_s323,canon,legacy,g++-13,bonsall,True,6,canon_cpu.cpp:127 canon_cpu.cpp:42 scan.hpp:149 scan.hpp:150 scan.hpp:181 scan.hpp:183,3,scan.hpp:284 scan.hpp:292 scan.hpp:364,,g++-13 -O3 -std=c++20 -fPIC -fno-math-errno -ffinite-math-only -fno-signaling-nans -fstrict-aliasing -faligned-new -fvect-cost-model=unlimited -fopenmp -I/capstor/scratch/cscs/lhulsbergen/venv_dace5cf/lib/python3.12/site-packages/dace/runtime/include -c /capstor/scratch/cscs/lhulsbergen/llr40_dace/emit/tsvc_2_s323/canon_legacy/src/cpu/canon_cpu.cpp -o /dev/null -fopt-info-vec-all=/capstor/scratch/cscs/lhulsbergen/llr40_dace/vec/reports/tsvc_2_s323.canon_legacy.g++-13.bonsall.all
tsvc_2_s323,canon,legacy,g++-13,unsafe,True,6,canon_cpu.cpp:127 canon_cpu.cpp:42 scan.hpp:149 scan.hpp:150 scan.hpp:181 scan.hpp:183,3,scan.hpp:284 scan.hpp:292 scan.hpp:364,,g++-13 -O3 -std=c++20 -fPIC -fno-math-errno -ffinite-math-only -fno-signaling-nans -fstrict-aliasing -faligned-new -fvect-cost-model=unlimited -fopenmp -funsafe-math-optimizations -I/capstor/scratch/cscs/lhulsbergen/venv_dace5cf/lib/python3.12/site-packages/dace/runtime/include -c /capstor/scratch/cscs/lhulsbergen/llr40_dace/emit/tsvc_2_s323/canon_legacy/src/cpu/canon_cpu.cpp -o /dev/null -fopt-info-vec-all=/capstor/scratch/cscs/lhulsbergen/llr40_dace/vec/reports/tsvc_2_s323.canon_legacy.g++-13.unsafe.all
tsvc_2_s323,canon,legacy,g++-13,harness,True,6,canon_cpu.cpp:127 canon_cpu.cpp:42 scan.hpp:149 scan.hpp:150 scan.hpp:181 scan.hpp:183,7,canon_cpu.cpp:123 canon_cpu.cpp:35 scan.hpp:277 scan.hpp:284 scan.hpp:292 scan.hpp:360 scan.hpp:364,,g++-13 -march=native -fopenmp -fno-math-errno -fno-trapping-math -fno-signed-zeros -ffp-contract=fast -fstrict-aliasing -include /capstor/scratch/cscs/lhulsbergen/HPCAgent-Bench-dace/hpcagent_bench/envs/vecmath.h -Wall -Wextra -O3 -fPIC -fopenmp -std=c++20 -I/capstor/scratch/cscs/lhulsbergen/venv_dace5cf/lib/python3.12/site-packages/dace/runtime/include -c /capstor/scratch/cscs/lhulsbergen/llr40_dace/emit/tsvc_2_s323/canon_legacy/src/cpu/canon_cpu.cpp -o /dev/null -fopt-info-vec-all=/capstor/scratch/cscs/lhulsbergen/llr40_dace/vec/reports/tsvc_2_s323.canon_legacy.g++-13.harness.all
tsvc_2_s323,canon,legacy,g++-14,bonsall,True,6,canon_cpu.cpp:127 canon_cpu.cpp:42 scan.hpp:149 scan.hpp:150 scan.hpp:181 scan.hpp:183,3,scan.hpp:284 scan.hpp:292 scan.hpp:364,,g++-14 -O3 -std=c++20 -fPIC -fno-math-errno -ffinite-math-only -fno-signaling-nans -fstrict-aliasing -faligned-new -fvect-cost-model=unlimited -fopenmp -I/capstor/scratch/cscs/lhulsbergen/venv_dace5cf/lib/python3.12/site-packages/dace/runtime/include -c /capstor/scratch/cscs/lhulsbergen/llr40_dace/emit/tsvc_2_s323/canon_legacy/src/cpu/canon_cpu.cpp -o /dev/null -fopt-info-vec-all=/capstor/scratch/cscs/lhulsbergen/llr40_dace/vec/reports/tsvc_2_s323.canon_legacy.g++-14.bonsall.all
tsvc_2_s323,canon,legacy,g++-14,unsafe,True,6,canon_cpu.cpp:127 canon_cpu.cpp:42 scan.hpp:149 scan.hpp:150 scan.hpp:181 scan.hpp:183,3,scan.hpp:284 scan.hpp:292 scan.hpp:364,,g++-14 -O3 -std=c++20 -fPIC -fno-math-errno -ffinite-math-only -fno-signaling-nans -fstrict-aliasing -faligned-new -fvect-cost-model=unlimited -fopenmp -funsafe-math-optimizations -I/capstor/scratch/cscs/lhulsbergen/venv_dace5cf/lib/python3.12/site-packages/dace/runtime/include -c /capstor/scratch/cscs/lhulsbergen/llr40_dace/emit/tsvc_2_s323/canon_legacy/src/cpu/canon_cpu.cpp -o /dev/null -fopt-info-vec-all=/capstor/scratch/cscs/lhulsbergen/llr40_dace/vec/reports/tsvc_2_s323.canon_legacy.g++-14.unsafe.all
tsvc_2_s323,canon,legacy,g++-14,harness,True,6,canon_cpu.cpp:127 canon_cpu.cpp:42 scan.hpp:149 scan.hpp:150 scan.hpp:181 scan.hpp:183,7,canon_cpu.cpp:123 canon_cpu.cpp:35 scan.hpp:277 scan.hpp:284 scan.hpp:292 scan.hpp:360 scan.hpp:364,,g++-14 -march=native -fopenmp -fno-math-errno -fno-trapping-math -fno-signed-zeros -ffp-contract=fast -fstrict-aliasing -include /capstor/scratch/cscs/lhulsbergen/HPCAgent-Bench-dace/hpcagent_bench/envs/vecmath.h -Wall -Wextra -O3 -fPIC -fopenmp -std=c++20 -I/capstor/scratch/cscs/lhulsbergen/venv_dace5cf/lib/python3.12/site-packages/dace/runtime/include -c /capstor/scratch/cscs/lhulsbergen/llr40_dace/emit/tsvc_2_s323/canon_legacy/src/cpu/canon_cpu.cpp -o /dev/null -fopt-info-vec-all=/capstor/scratch/cscs/lhulsbergen/llr40_dace/vec/reports/tsvc_2_s323.canon_legacy.g++-14.harness.all
tsvc_2_s323,canon,new,g++-13,bonsall,True,6,canon_cpu.cpp:42 canon_cpu.cpp:59 scan.hpp:149 scan.hpp:150 scan.hpp:181 scan.hpp:183,3,scan.hpp:284 scan.hpp:292 scan.hpp:364,,g++-13 -O3 -std=c++20 -fPIC -fno-math-errno -ffinite-math-only -fno-signaling-nans -fstrict-aliasing -faligned-new -fvect-cost-model=unlimited -fopenmp -I/capstor/scratch/cscs/lhulsbergen/venv_dace5cf/lib/python3.12/site-packages/dace/runtime/include -c /capstor/scratch/cscs/lhulsbergen/llr40_dace/emit/tsvc_2_s323/canon_new/src/cpu/canon_cpu.cpp -o /dev/null -fopt-info-vec-all=/capstor/scratch/cscs/lhulsbergen/llr40_dace/vec/reports/tsvc_2_s323.canon_new.g++-13.bonsall.all
tsvc_2_s323,canon,new,g++-13,unsafe,True,6,canon_cpu.cpp:42 canon_cpu.cpp:59 scan.hpp:149 scan.hpp:150 scan.hpp:181 scan.hpp:183,3,scan.hpp:284 scan.hpp:292 scan.hpp:364,,g++-13 -O3 -std=c++20 -fPIC -fno-math-errno -ffinite-math-only -fno-signaling-nans -fstrict-aliasing -faligned-new -fvect-cost-model=unlimited -fopenmp -funsafe-math-optimizations -I/capstor/scratch/cscs/lhulsbergen/venv_dace5cf/lib/python3.12/site-packages/dace/runtime/include -c /capstor/scratch/cscs/lhulsbergen/llr40_dace/emit/tsvc_2_s323/canon_new/src/cpu/canon_cpu.cpp -o /dev/null -fopt-info-vec-all=/capstor/scratch/cscs/lhulsbergen/llr40_dace/vec/reports/tsvc_2_s323.canon_new.g++-13.unsafe.all
tsvc_2_s323,canon,new,g++-13,harness,True,6,canon_cpu.cpp:42 canon_cpu.cpp:59 scan.hpp:149 scan.hpp:150 scan.hpp:181 scan.hpp:183,7,canon_cpu.cpp:36 canon_cpu.cpp:56 scan.hpp:277 scan.hpp:284 scan.hpp:292 scan.hpp:360 scan.hpp:364,,g++-13 -march=native -fopenmp -fno-math-errno -fno-trapping-math -fno-signed-zeros -ffp-contract=fast -fstrict-aliasing -include /capstor/scratch/cscs/lhulsbergen/HPCAgent-Bench-dace/hpcagent_bench/envs/vecmath.h -Wall -Wextra -O3 -fPIC -fopenmp -std=c++20 -I/capstor/scratch/cscs/lhulsbergen/venv_dace5cf/lib/python3.12/site-packages/dace/runtime/include -c /capstor/scratch/cscs/lhulsbergen/llr40_dace/emit/tsvc_2_s323/canon_new/src/cpu/canon_cpu.cpp -o /dev/null -fopt-info-vec-all=/capstor/scratch/cscs/lhulsbergen/llr40_dace/vec/reports/tsvc_2_s323.canon_new.g++-13.harness.all
tsvc_2_s323,canon,new,g++-14,bonsall,True,6,canon_cpu.cpp:42 canon_cpu.cpp:59 scan.hpp:149 scan.hpp:150 scan.hpp:181 scan.hpp:183,3,scan.hpp:284 scan.hpp:292 scan.hpp:364,,g++-14 -O3 -std=c++20 -fPIC -fno-math-errno -ffinite-math-only -fno-signaling-nans -fstrict-aliasing -faligned-new -fvect-cost-model=unlimited -fopenmp -I/capstor/scratch/cscs/lhulsbergen/venv_dace5cf/lib/python3.12/site-packages/dace/runtime/include -c /capstor/scratch/cscs/lhulsbergen/llr40_dace/emit/tsvc_2_s323/canon_new/src/cpu/canon_cpu.cpp -o /dev/null -fopt-info-vec-all=/capstor/scratch/cscs/lhulsbergen/llr40_dace/vec/reports/tsvc_2_s323.canon_new.g++-14.bonsall.all
tsvc_2_s323,canon,new,g++-14,unsafe,True,6,canon_cpu.cpp:42 canon_cpu.cpp:59 scan.hpp:149 scan.hpp:150 scan.hpp:181 scan.hpp:183,3,scan.hpp:284 scan.hpp:292 scan.hpp:364,,g++-14 -O3 -std=c++20 -fPIC -fno-math-errno -ffinite-math-only -fno-signaling-nans -fstrict-aliasing -faligned-new -fvect-cost-model=unlimited -fopenmp -funsafe-math-optimizations -I/capstor/scratch/cscs/lhulsbergen/venv_dace5cf/lib/python3.12/site-packages/dace/runtime/include -c /capstor/scratch/cscs/lhulsbergen/llr40_dace/emit/tsvc_2_s323/canon_new/src/cpu/canon_cpu.cpp -o /dev/null -fopt-info-vec-all=/capstor/scratch/cscs/lhulsbergen/llr40_dace/vec/reports/tsvc_2_s323.canon_new.g++-14.unsafe.all
tsvc_2_s323,canon,new,g++-14,harness,True,6,canon_cpu.cpp:42 canon_cpu.cpp:59 scan.hpp:149 scan.hpp:150 scan.hpp:181 scan.hpp:183,7,canon_cpu.cpp:36 canon_cpu.cpp:56 scan.hpp:277 scan.hpp:284 scan.hpp:292 scan.hpp:360 scan.hpp:364,,g++-14 -march=native -fopenmp -fno-math-errno -fno-trapping-math -fno-signed-zeros -ffp-contract=fast -fstrict-aliasing -include /capstor/scratch/cscs/lhulsbergen/HPCAgent-Bench-dace/hpcagent_bench/envs/vecmath.h -Wall -Wextra -O3 -fPIC -fopenmp -std=c++20 -I/capstor/scratch/cscs/lhulsbergen/venv_dace5cf/lib/python3.12/site-packages/dace/runtime/include -c /capstor/scratch/cscs/lhulsbergen/llr40_dace/emit/tsvc_2_s323/canon_new/src/cpu/canon_cpu.cpp -o /dev/null -fopt-info-vec-all=/capstor/scratch/cscs/lhulsbergen/llr40_dace/vec/reports/tsvc_2_s323.canon_new.g++-14.harness.all
tsvc_2_s323,canon,old,g++-13,bonsall,True,6,canon_cpu.cpp:127 canon_cpu.cpp:42 scan.hpp:149 scan.hpp:150 scan.hpp:181 scan.hpp:183,3,scan.hpp:284 scan.hpp:292 scan.hpp:364,,g++-13 -O3 -std=c++20 -fPIC -fno-math-errno -ffinite-math-only -fno-signaling-nans -fstrict-aliasing -faligned-new -fvect-cost-model=unlimited -fopenmp -I/capstor/scratch/cscs/lhulsbergen/venv_dace5cf/lib/python3.12/site-packages/dace/runtime/include -c /capstor/scratch/cscs/lhulsbergen/llr40_dace/emit/tsvc_2_s323/canon_old/src/cpu/canon_cpu.cpp -o /dev/null -fopt-info-vec-all=/capstor/scratch/cscs/lhulsbergen/llr40_dace/vec/reports/tsvc_2_s323.canon_old.g++-13.bonsall.all
tsvc_2_s323,canon,old,g++-13,unsafe,True,6,canon_cpu.cpp:127 canon_cpu.cpp:42 scan.hpp:149 scan.hpp:150 scan.hpp:181 scan.hpp:183,3,scan.hpp:284 scan.hpp:292 scan.hpp:364,,g++-13 -O3 -std=c++20 -fPIC -fno-math-errno -ffinite-math-only -fno-signaling-nans -fstrict-aliasing -faligned-new -fvect-cost-model=unlimited -fopenmp -funsafe-math-optimizations -I/capstor/scratch/cscs/lhulsbergen/venv_dace5cf/lib/python3.12/site-packages/dace/runtime/include -c /capstor/scratch/cscs/lhulsbergen/llr40_dace/emit/tsvc_2_s323/canon_old/src/cpu/canon_cpu.cpp -o /dev/null -fopt-info-vec-all=/capstor/scratch/cscs/lhulsbergen/llr40_dace/vec/reports/tsvc_2_s323.canon_old.g++-13.unsafe.all
tsvc_2_s323,canon,old,g++-13,harness,True,6,canon_cpu.cpp:127 canon_cpu.cpp:42 scan.hpp:149 scan.hpp:150 scan.hpp:181 scan.hpp:183,7,canon_cpu.cpp:123 canon_cpu.cpp:35 scan.hpp:277 scan.hpp:284 scan.hpp:292 scan.hpp:360 scan.hpp:364,,g++-13 -march=native -fopenmp -fno-math-errno -fno-trapping-math -fno-signed-zeros -ffp-contract=fast -fstrict-aliasing -include /capstor/scratch/cscs/lhulsbergen/HPCAgent-Bench-dace/hpcagent_bench/envs/vecmath.h -Wall -Wextra -O3 -fPIC -fopenmp -std=c++20 -I/capstor/scratch/cscs/lhulsbergen/venv_dace5cf/lib/python3.12/site-packages/dace/runtime/include -c /capstor/scratch/cscs/lhulsbergen/llr40_dace/emit/tsvc_2_s323/canon_old/src/cpu/canon_cpu.cpp -o /dev/null -fopt-info-vec-all=/capstor/scratch/cscs/lhulsbergen/llr40_dace/vec/reports/tsvc_2_s323.canon_old.g++-13.harness.all
tsvc_2_s323,canon,old,g++-14,bonsall,True,6,canon_cpu.cpp:127 canon_cpu.cpp:42 scan.hpp:149 scan.hpp:150 scan.hpp:181 scan.hpp:183,3,scan.hpp:284 scan.hpp:292 scan.hpp:364,,g++-14 -O3 -std=c++20 -fPIC -fno-math-errno -ffinite-math-only -fno-signaling-nans -fstrict-aliasing -faligned-new -fvect-cost-model=unlimited -fopenmp -I/capstor/scratch/cscs/lhulsbergen/venv_dace5cf/lib/python3.12/site-packages/dace/runtime/include -c /capstor/scratch/cscs/lhulsbergen/llr40_dace/emit/tsvc_2_s323/canon_old/src/cpu/canon_cpu.cpp -o /dev/null -fopt-info-vec-all=/capstor/scratch/cscs/lhulsbergen/llr40_dace/vec/reports/tsvc_2_s323.canon_old.g++-14.bonsall.all
tsvc_2_s323,canon,old,g++-14,unsafe,True,6,canon_cpu.cpp:127 canon_cpu.cpp:42 scan.hpp:149 scan.hpp:150 scan.hpp:181 scan.hpp:183,3,scan.hpp:284 scan.hpp:292 scan.hpp:364,,g++-14 -O3 -std=c++20 -fPIC -fno-math-errno -ffinite-math-only -fno-signaling-nans -fstrict-aliasing -faligned-new -fvect-cost-model=unlimited -fopenmp -funsafe-math-optimizations -I/capstor/scratch/cscs/lhulsbergen/venv_dace5cf/lib/python3.12/site-packages/dace/runtime/include -c /capstor/scratch/cscs/lhulsbergen/llr40_dace/emit/tsvc_2_s323/canon_old/src/cpu/canon_cpu.cpp -o /dev/null -fopt-info-vec-all=/capstor/scratch/cscs/lhulsbergen/llr40_dace/vec/reports/tsvc_2_s323.canon_old.g++-14.unsafe.all
tsvc_2_s323,canon,old,g++-14,harness,True,6,canon_cpu.cpp:127 canon_cpu.cpp:42 scan.hpp:149 scan.hpp:150 scan.hpp:181 scan.hpp:183,7,canon_cpu.cpp:123 canon_cpu.cpp:35 scan.hpp:277 scan.hpp:284 scan.hpp:292 scan.hpp:360 scan.hpp:364,,g++-14 -march=native -fopenmp -fno-math-errno -fno-trapping-math -fno-signed-zeros -ffp-contract=fast -fstrict-aliasing -include /capstor/scratch/cscs/lhulsbergen/HPCAgent-Bench-dace/hpcagent_bench/envs/vecmath.h -Wall -Wextra -O3 -fPIC -fopenmp -std=c++20 -I/capstor/scratch/cscs/lhulsbergen/venv_dace5cf/lib/python3.12/site-packages/dace/runtime/include -c /capstor/scratch/cscs/lhulsbergen/llr40_dace/emit/tsvc_2_s323/canon_old/src/cpu/canon_cpu.cpp -o /dev/null -fopt-info-vec-all=/capstor/scratch/cscs/lhulsbergen/llr40_dace/vec/reports/tsvc_2_s323.canon_old.g++-14.harness.all
tsvc_2_s323,none,legacy,g++-13,bonsall,True,0,,1,canon_cpu.cpp:24,,g++-13 -O3 -std=c++20 -fPIC -fno-math-errno -ffinite-math-only -fno-signaling-nans -fstrict-aliasing -faligned-new -fvect-cost-model=unlimited -fopenmp -I/capstor/scratch/cscs/lhulsbergen/venv_dace5cf/lib/python3.12/site-packages/dace/runtime/include -c /capstor/scratch/cscs/lhulsbergen/llr40_dace/emit/tsvc_2_s323/none_legacy/src/cpu/canon_cpu.cpp -o /dev/null -fopt-info-vec-all=/capstor/scratch/cscs/lhulsbergen/llr40_dace/vec/reports/tsvc_2_s323.none_legacy.g++-13.bonsall.all
tsvc_2_s323,none,legacy,g++-13,unsafe,True,0,,1,canon_cpu.cpp:24,,g++-13 -O3 -std=c++20 -fPIC -fno-math-errno -ffinite-math-only -fno-signaling-nans -fstrict-aliasing -faligned-new -fvect-cost-model=unlimited -fopenmp -funsafe-math-optimizations -I/capstor/scratch/cscs/lhulsbergen/venv_dace5cf/lib/python3.12/site-packages/dace/runtime/include -c /capstor/scratch/cscs/lhulsbergen/llr40_dace/emit/tsvc_2_s323/none_legacy/src/cpu/canon_cpu.cpp -o /dev/null -fopt-info-vec-all=/capstor/scratch/cscs/lhulsbergen/llr40_dace/vec/reports/tsvc_2_s323.none_legacy.g++-13.unsafe.all
tsvc_2_s323,none,legacy,g++-13,harness,True,0,,1,canon_cpu.cpp:24,,g++-13 -march=native -fopenmp -fno-math-errno -fno-trapping-math -fno-signed-zeros -ffp-contract=fast -fstrict-aliasing -include /capstor/scratch/cscs/lhulsbergen/HPCAgent-Bench-dace/hpcagent_bench/envs/vecmath.h -Wall -Wextra -O3 -fPIC -fopenmp -std=c++20 -I/capstor/scratch/cscs/lhulsbergen/venv_dace5cf/lib/python3.12/site-packages/dace/runtime/include -c /capstor/scratch/cscs/lhulsbergen/llr40_dace/emit/tsvc_2_s323/none_legacy/src/cpu/canon_cpu.cpp -o /dev/null -fopt-info-vec-all=/capstor/scratch/cscs/lhulsbergen/llr40_dace/vec/reports/tsvc_2_s323.none_legacy.g++-13.harness.all
tsvc_2_s323,none,legacy,g++-14,bonsall,True,0,,1,canon_cpu.cpp:24,,g++-14 -O3 -std=c++20 -fPIC -fno-math-errno -ffinite-math-only -fno-signaling-nans -fstrict-aliasing -faligned-new -fvect-cost-model=unlimited -fopenmp -I/capstor/scratch/cscs/lhulsbergen/venv_dace5cf/lib/python3.12/site-packages/dace/runtime/include -c /capstor/scratch/cscs/lhulsbergen/llr40_dace/emit/tsvc_2_s323/none_legacy/src/cpu/canon_cpu.cpp -o /dev/null -fopt-info-vec-all=/capstor/scratch/cscs/lhulsbergen/llr40_dace/vec/reports/tsvc_2_s323.none_legacy.g++-14.bonsall.all
tsvc_2_s323,none,legacy,g++-14,unsafe,True,0,,1,canon_cpu.cpp:24,,g++-14 -O3 -std=c++20 -fPIC -fno-math-errno -ffinite-math-only -fno-signaling-nans -fstrict-aliasing -faligned-new -fvect-cost-model=unlimited -fopenmp -funsafe-math-optimizations -I/capstor/scratch/cscs/lhulsbergen/venv_dace5cf/lib/python3.12/site-packages/dace/runtime/include -c /capstor/scratch/cscs/lhulsbergen/llr40_dace/emit/tsvc_2_s323/none_legacy/src/cpu/canon_cpu.cpp -o /dev/null -fopt-info-vec-all=/capstor/scratch/cscs/lhulsbergen/llr40_dace/vec/reports/tsvc_2_s323.none_legacy.g++-14.unsafe.all
tsvc_2_s323,none,legacy,g++-14,harness,True,0,,1,canon_cpu.cpp:24,,g++-14 -march=native -fopenmp -fno-math-errno -fno-trapping-math -fno-signed-zeros -ffp-contract=fast -fstrict-aliasing -include /capstor/scratch/cscs/lhulsbergen/HPCAgent-Bench-dace/hpcagent_bench/envs/vecmath.h -Wall -Wextra -O3 -fPIC -fopenmp -std=c++20 -I/capstor/scratch/cscs/lhulsbergen/venv_dace5cf/lib/python3.12/site-packages/dace/runtime/include -c /capstor/scratch/cscs/lhulsbergen/llr40_dace/emit/tsvc_2_s323/none_legacy/src/cpu/canon_cpu.cpp -o /dev/null -fopt-info-vec-all=/capstor/scratch/cscs/lhulsbergen/llr40_dace/vec/reports/tsvc_2_s323.none_legacy.g++-14.harness.all
tsvc_2_s323,none,new,g++-13,bonsall,True,0,,1,canon_cpu.cpp:28,,g++-13 -O3 -std=c++20 -fPIC -fno-math-errno -ffinite-math-only -fno-signaling-nans -fstrict-aliasing -faligned-new -fvect-cost-model=unlimited -fopenmp -I/capstor/scratch/cscs/lhulsbergen/venv_dace5cf/lib/python3.12/site-packages/dace/runtime/include -c /capstor/scratch/cscs/lhulsbergen/llr40_dace/emit/tsvc_2_s323/none_new/src/cpu/canon_cpu.cpp -o /dev/null -fopt-info-vec-all=/capstor/scratch/cscs/lhulsbergen/llr40_dace/vec/reports/tsvc_2_s323.none_new.g++-13.bonsall.all
tsvc_2_s323,none,new,g++-13,unsafe,True,0,,1,canon_cpu.cpp:28,,g++-13 -O3 -std=c++20 -fPIC -fno-math-errno -ffinite-math-only -fno-signaling-nans -fstrict-aliasing -faligned-new -fvect-cost-model=unlimited -fopenmp -funsafe-math-optimizations -I/capstor/scratch/cscs/lhulsbergen/venv_dace5cf/lib/python3.12/site-packages/dace/runtime/include -c /capstor/scratch/cscs/lhulsbergen/llr40_dace/emit/tsvc_2_s323/none_new/src/cpu/canon_cpu.cpp -o /dev/null -fopt-info-vec-all=/capstor/scratch/cscs/lhulsbergen/llr40_dace/vec/reports/tsvc_2_s323.none_new.g++-13.unsafe.all
tsvc_2_s323,none,new,g++-13,harness,True,0,,1,canon_cpu.cpp:28,,g++-13 -march=native -fopenmp -fno-math-errno -fno-trapping-math -fno-signed-zeros -ffp-contract=fast -fstrict-aliasing -include /capstor/scratch/cscs/lhulsbergen/HPCAgent-Bench-dace/hpcagent_bench/envs/vecmath.h -Wall -Wextra -O3 -fPIC -fopenmp -std=c++20 -I/capstor/scratch/cscs/lhulsbergen/venv_dace5cf/lib/python3.12/site-packages/dace/runtime/include -c /capstor/scratch/cscs/lhulsbergen/llr40_dace/emit/tsvc_2_s323/none_new/src/cpu/canon_cpu.cpp -o /dev/null -fopt-info-vec-all=/capstor/scratch/cscs/lhulsbergen/llr40_dace/vec/reports/tsvc_2_s323.none_new.g++-13.harness.all
tsvc_2_s323,none,new,g++-14,bonsall,True,0,,1,canon_cpu.cpp:28,,g++-14 -O3 -std=c++20 -fPIC -fno-math-errno -ffinite-math-only -fno-signaling-nans -fstrict-aliasing -faligned-new -fvect-cost-model=unlimited -fopenmp -I/capstor/scratch/cscs/lhulsbergen/venv_dace5cf/lib/python3.12/site-packages/dace/runtime/include -c /capstor/scratch/cscs/lhulsbergen/llr40_dace/emit/tsvc_2_s323/none_new/src/cpu/canon_cpu.cpp -o /dev/null -fopt-info-vec-all=/capstor/scratch/cscs/lhulsbergen/llr40_dace/vec/reports/tsvc_2_s323.none_new.g++-14.bonsall.all
tsvc_2_s323,none,new,g++-14,unsafe,True,0,,1,canon_cpu.cpp:28,,g++-14 -O3 -std=c++20 -fPIC -fno-math-errno -ffinite-math-only -fno-signaling-nans -fstrict-aliasing -faligned-new -fvect-cost-model=unlimited -fopenmp -funsafe-math-optimizations -I/capstor/scratch/cscs/lhulsbergen/venv_dace5cf/lib/python3.12/site-packages/dace/runtime/include -c /capstor/scratch/cscs/lhulsbergen/llr40_dace/emit/tsvc_2_s323/none_new/src/cpu/canon_cpu.cpp -o /dev/null -fopt-info-vec-all=/capstor/scratch/cscs/lhulsbergen/llr40_dace/vec/reports/tsvc_2_s323.none_new.g++-14.unsafe.all
tsvc_2_s323,none,new,g++-14,harness,True,0,,1,canon_cpu.cpp:28,,g++-14 -march=native -fopenmp -fno-math-errno -fno-trapping-math -fno-signed-zeros -ffp-contract=fast -fstrict-aliasing -include /capstor/scratch/cscs/lhulsbergen/HPCAgent-Bench-dace/hpcagent_bench/envs/vecmath.h -Wall -Wextra -O3 -fPIC -fopenmp -std=c++20 -I/capstor/scratch/cscs/lhulsbergen/venv_dace5cf/lib/python3.12/site-packages/dace/runtime/include -c /capstor/scratch/cscs/lhulsbergen/llr40_dace/emit/tsvc_2_s323/none_new/src/cpu/canon_cpu.cpp -o /dev/null -fopt-info-vec-all=/capstor/scratch/cscs/lhulsbergen/llr40_dace/vec/reports/tsvc_2_s323.none_new.g++-14.harness.all
tsvc_2_s323,none,old,g++-13,bonsall,True,0,,1,canon_cpu.cpp:24,,g++-13 -O3 -std=c++20 -fPIC -fno-math-errno -ffinite-math-only -fno-signaling-nans -fstrict-aliasing -faligned-new -fvect-cost-model=unlimited -fopenmp -I/capstor/scratch/cscs/lhulsbergen/venv_dace5cf/lib/python3.12/site-packages/dace/runtime/include -c /capstor/scratch/cscs/lhulsbergen/llr40_dace/emit/tsvc_2_s323/none_old/src/cpu/canon_cpu.cpp -o /dev/null -fopt-info-vec-all=/capstor/scratch/cscs/lhulsbergen/llr40_dace/vec/reports/tsvc_2_s323.none_old.g++-13.bonsall.all
tsvc_2_s323,none,old,g++-13,unsafe,True,0,,1,canon_cpu.cpp:24,,g++-13 -O3 -std=c++20 -fPIC -fno-math-errno -ffinite-math-only -fno-signaling-nans -fstrict-aliasing -faligned-new -fvect-cost-model=unlimited -fopenmp -funsafe-math-optimizations -I/capstor/scratch/cscs/lhulsbergen/venv_dace5cf/lib/python3.12/site-packages/dace/runtime/include -c /capstor/scratch/cscs/lhulsbergen/llr40_dace/emit/tsvc_2_s323/none_old/src/cpu/canon_cpu.cpp -o /dev/null -fopt-info-vec-all=/capstor/scratch/cscs/lhulsbergen/llr40_dace/vec/reports/tsvc_2_s323.none_old.g++-13.unsafe.all
tsvc_2_s323,none,old,g++-13,harness,True,0,,1,canon_cpu.cpp:24,,g++-13 -march=native -fopenmp -fno-math-errno -fno-trapping-math -fno-signed-zeros -ffp-contract=fast -fstrict-aliasing -include /capstor/scratch/cscs/lhulsbergen/HPCAgent-Bench-dace/hpcagent_bench/envs/vecmath.h -Wall -Wextra -O3 -fPIC -fopenmp -std=c++20 -I/capstor/scratch/cscs/lhulsbergen/venv_dace5cf/lib/python3.12/site-packages/dace/runtime/include -c /capstor/scratch/cscs/lhulsbergen/llr40_dace/emit/tsvc_2_s323/none_old/src/cpu/canon_cpu.cpp -o /dev/null -fopt-info-vec-all=/capstor/scratch/cscs/lhulsbergen/llr40_dace/vec/reports/tsvc_2_s323.none_old.g++-13.harness.all
tsvc_2_s323,none,old,g++-14,bonsall,True,0,,1,canon_cpu.cpp:24,,g++-14 -O3 -std=c++20 -fPIC -fno-math-errno -ffinite-math-only -fno-signaling-nans -fstrict-aliasing -faligned-new -fvect-cost-model=unlimited -fopenmp -I/capstor/scratch/cscs/lhulsbergen/venv_dace5cf/lib/python3.12/site-packages/dace/runtime/include -c /capstor/scratch/cscs/lhulsbergen/llr40_dace/emit/tsvc_2_s323/none_old/src/cpu/canon_cpu.cpp -o /dev/null -fopt-info-vec-all=/capstor/scratch/cscs/lhulsbergen/llr40_dace/vec/reports/tsvc_2_s323.none_old.g++-14.bonsall.all
tsvc_2_s323,none,old,g++-14,unsafe,True,0,,1,canon_cpu.cpp:24,,g++-14 -O3 -std=c++20 -fPIC -fno-math-errno -ffinite-math-only -fno-signaling-nans -fstrict-aliasing -faligned-new -fvect-cost-model=unlimited -fopenmp -funsafe-math-optimizations -I/capstor/scratch/cscs/lhulsbergen/venv_dace5cf/lib/python3.12/site-packages/dace/runtime/include -c /capstor/scratch/cscs/lhulsbergen/llr40_dace/emit/tsvc_2_s323/none_old/src/cpu/canon_cpu.cpp -o /dev/null -fopt-info-vec-all=/capstor/scratch/cscs/lhulsbergen/llr40_dace/vec/reports/tsvc_2_s323.none_old.g++-14.unsafe.all
tsvc_2_s323,none,old,g++-14,harness,True,0,,1,canon_cpu.cpp:24,,g++-14 -march=native -fopenmp -fno-math-errno -fno-trapping-math -fno-signed-zeros -ffp-contract=fast -fstrict-aliasing -include /capstor/scratch/cscs/lhulsbergen/HPCAgent-Bench-dace/hpcagent_bench/envs/vecmath.h -Wall -Wextra -O3 -fPIC -fopenmp -std=c++20 -I/capstor/scratch/cscs/lhulsbergen/venv_dace5cf/lib/python3.12/site-packages/dace/runtime/include -c /capstor/scratch/cscs/lhulsbergen/llr40_dace/emit/tsvc_2_s323/none_old/src/cpu/canon_cpu.cpp -o /dev/null -fopt-info-vec-all=/capstor/scratch/cscs/lhulsbergen/llr40_dace/vec/reports/tsvc_2_s323.none_old.g++-14.harness.all
tsvc_2_s4112,canon,legacy,g++-13,bonsall,True,0,,1,canon_cpu.cpp:16,,g++-13 -O3 -std=c++20 -fPIC -fno-math-errno -ffinite-math-only -fno-signaling-nans -fstrict-aliasing -faligned-new -fvect-cost-model=unlimited -fopenmp -I/capstor/scratch/cscs/lhulsbergen/venv_dace5cf/lib/python3.12/site-packages/dace/runtime/include -c /capstor/scratch/cscs/lhulsbergen/llr40_dace/emit/tsvc_2_s4112/canon_legacy/src/cpu/canon_cpu.cpp -o /dev/null -fopt-info-vec-all=/capstor/scratch/cscs/lhulsbergen/llr40_dace/vec/reports/tsvc_2_s4112.canon_legacy.g++-13.bonsall.all
tsvc_2_s4112,canon,legacy,g++-13,unsafe,True,0,,1,canon_cpu.cpp:16,,g++-13 -O3 -std=c++20 -fPIC -fno-math-errno -ffinite-math-only -fno-signaling-nans -fstrict-aliasing -faligned-new -fvect-cost-model=unlimited -fopenmp -funsafe-math-optimizations -I/capstor/scratch/cscs/lhulsbergen/venv_dace5cf/lib/python3.12/site-packages/dace/runtime/include -c /capstor/scratch/cscs/lhulsbergen/llr40_dace/emit/tsvc_2_s4112/canon_legacy/src/cpu/canon_cpu.cpp -o /dev/null -fopt-info-vec-all=/capstor/scratch/cscs/lhulsbergen/llr40_dace/vec/reports/tsvc_2_s4112.canon_legacy.g++-13.unsafe.all
tsvc_2_s4112,canon,legacy,g++-13,harness,True,0,,2,canon_cpu.cpp:16 canon_cpu.cpp:79,,g++-13 -march=native -fopenmp -fno-math-errno -fno-trapping-math -fno-signed-zeros -ffp-contract=fast -fstrict-aliasing -include /capstor/scratch/cscs/lhulsbergen/HPCAgent-Bench-dace/hpcagent_bench/envs/vecmath.h -Wall -Wextra -O3 -fPIC -fopenmp -std=c++20 -I/capstor/scratch/cscs/lhulsbergen/venv_dace5cf/lib/python3.12/site-packages/dace/runtime/include -c /capstor/scratch/cscs/lhulsbergen/llr40_dace/emit/tsvc_2_s4112/canon_legacy/src/cpu/canon_cpu.cpp -o /dev/null -fopt-info-vec-all=/capstor/scratch/cscs/lhulsbergen/llr40_dace/vec/reports/tsvc_2_s4112.canon_legacy.g++-13.harness.all
tsvc_2_s4112,canon,legacy,g++-14,bonsall,True,0,,1,canon_cpu.cpp:16,,g++-14 -O3 -std=c++20 -fPIC -fno-math-errno -ffinite-math-only -fno-signaling-nans -fstrict-aliasing -faligned-new -fvect-cost-model=unlimited -fopenmp -I/capstor/scratch/cscs/lhulsbergen/venv_dace5cf/lib/python3.12/site-packages/dace/runtime/include -c /capstor/scratch/cscs/lhulsbergen/llr40_dace/emit/tsvc_2_s4112/canon_legacy/src/cpu/canon_cpu.cpp -o /dev/null -fopt-info-vec-all=/capstor/scratch/cscs/lhulsbergen/llr40_dace/vec/reports/tsvc_2_s4112.canon_legacy.g++-14.bonsall.all
tsvc_2_s4112,canon,legacy,g++-14,unsafe,True,0,,1,canon_cpu.cpp:16,,g++-14 -O3 -std=c++20 -fPIC -fno-math-errno -ffinite-math-only -fno-signaling-nans -fstrict-aliasing -faligned-new -fvect-cost-model=unlimited -fopenmp -funsafe-math-optimizations -I/capstor/scratch/cscs/lhulsbergen/venv_dace5cf/lib/python3.12/site-packages/dace/runtime/include -c /capstor/scratch/cscs/lhulsbergen/llr40_dace/emit/tsvc_2_s4112/canon_legacy/src/cpu/canon_cpu.cpp -o /dev/null -fopt-info-vec-all=/capstor/scratch/cscs/lhulsbergen/llr40_dace/vec/reports/tsvc_2_s4112.canon_legacy.g++-14.unsafe.all
tsvc_2_s4112,canon,legacy,g++-14,harness,True,0,,2,canon_cpu.cpp:16 canon_cpu.cpp:79,,g++-14 -march=native -fopenmp -fno-math-errno -fno-trapping-math -fno-signed-zeros -ffp-contract=fast -fstrict-aliasing -include /capstor/scratch/cscs/lhulsbergen/HPCAgent-Bench-dace/hpcagent_bench/envs/vecmath.h -Wall -Wextra -O3 -fPIC -fopenmp -std=c++20 -I/capstor/scratch/cscs/lhulsbergen/venv_dace5cf/lib/python3.12/site-packages/dace/runtime/include -c /capstor/scratch/cscs/lhulsbergen/llr40_dace/emit/tsvc_2_s4112/canon_legacy/src/cpu/canon_cpu.cpp -o /dev/null -fopt-info-vec-all=/capstor/scratch/cscs/lhulsbergen/llr40_dace/vec/reports/tsvc_2_s4112.canon_legacy.g++-14.harness.all
tsvc_2_s4112,canon,new,g++-13,bonsall,True,0,,1,canon_cpu.cpp:17,,g++-13 -O3 -std=c++20 -fPIC -fno-math-errno -ffinite-math-only -fno-signaling-nans -fstrict-aliasing -faligned-new -fvect-cost-model=unlimited -fopenmp -I/capstor/scratch/cscs/lhulsbergen/venv_dace5cf/lib/python3.12/site-packages/dace/runtime/include -c /capstor/scratch/cscs/lhulsbergen/llr40_dace/emit/tsvc_2_s4112/canon_new/src/cpu/canon_cpu.cpp -o /dev/null -fopt-info-vec-all=/capstor/scratch/cscs/lhulsbergen/llr40_dace/vec/reports/tsvc_2_s4112.canon_new.g++-13.bonsall.all
tsvc_2_s4112,canon,new,g++-13,unsafe,True,0,,1,canon_cpu.cpp:17,,g++-13 -O3 -std=c++20 -fPIC -fno-math-errno -ffinite-math-only -fno-signaling-nans -fstrict-aliasing -faligned-new -fvect-cost-model=unlimited -fopenmp -funsafe-math-optimizations -I/capstor/scratch/cscs/lhulsbergen/venv_dace5cf/lib/python3.12/site-packages/dace/runtime/include -c /capstor/scratch/cscs/lhulsbergen/llr40_dace/emit/tsvc_2_s4112/canon_new/src/cpu/canon_cpu.cpp -o /dev/null -fopt-info-vec-all=/capstor/scratch/cscs/lhulsbergen/llr40_dace/vec/reports/tsvc_2_s4112.canon_new.g++-13.unsafe.all
tsvc_2_s4112,canon,new,g++-13,harness,True,0,,2,canon_cpu.cpp:17 canon_cpu.cpp:43,,g++-13 -march=native -fopenmp -fno-math-errno -fno-trapping-math -fno-signed-zeros -ffp-contract=fast -fstrict-aliasing -include /capstor/scratch/cscs/lhulsbergen/HPCAgent-Bench-dace/hpcagent_bench/envs/vecmath.h -Wall -Wextra -O3 -fPIC -fopenmp -std=c++20 -I/capstor/scratch/cscs/lhulsbergen/venv_dace5cf/lib/python3.12/site-packages/dace/runtime/include -c /capstor/scratch/cscs/lhulsbergen/llr40_dace/emit/tsvc_2_s4112/canon_new/src/cpu/canon_cpu.cpp -o /dev/null -fopt-info-vec-all=/capstor/scratch/cscs/lhulsbergen/llr40_dace/vec/reports/tsvc_2_s4112.canon_new.g++-13.harness.all
tsvc_2_s4112,canon,new,g++-14,bonsall,True,0,,1,canon_cpu.cpp:17,,g++-14 -O3 -std=c++20 -fPIC -fno-math-errno -ffinite-math-only -fno-signaling-nans -fstrict-aliasing -faligned-new -fvect-cost-model=unlimited -fopenmp -I/capstor/scratch/cscs/lhulsbergen/venv_dace5cf/lib/python3.12/site-packages/dace/runtime/include -c /capstor/scratch/cscs/lhulsbergen/llr40_dace/emit/tsvc_2_s4112/canon_new/src/cpu/canon_cpu.cpp -o /dev/null -fopt-info-vec-all=/capstor/scratch/cscs/lhulsbergen/llr40_dace/vec/reports/tsvc_2_s4112.canon_new.g++-14.bonsall.all
tsvc_2_s4112,canon,new,g++-14,unsafe,True,0,,1,canon_cpu.cpp:17,,g++-14 -O3 -std=c++20 -fPIC -fno-math-errno -ffinite-math-only -fno-signaling-nans -fstrict-aliasing -faligned-new -fvect-cost-model=unlimited -fopenmp -funsafe-math-optimizations -I/capstor/scratch/cscs/lhulsbergen/venv_dace5cf/lib/python3.12/site-packages/dace/runtime/include -c /capstor/scratch/cscs/lhulsbergen/llr40_dace/emit/tsvc_2_s4112/canon_new/src/cpu/canon_cpu.cpp -o /dev/null -fopt-info-vec-all=/capstor/scratch/cscs/lhulsbergen/llr40_dace/vec/reports/tsvc_2_s4112.canon_new.g++-14.unsafe.all
tsvc_2_s4112,canon,new,g++-14,harness,True,0,,2,canon_cpu.cpp:17 canon_cpu.cpp:43,,g++-14 -march=native -fopenmp -fno-math-errno -fno-trapping-math -fno-signed-zeros -ffp-contract=fast -fstrict-aliasing -include /capstor/scratch/cscs/lhulsbergen/HPCAgent-Bench-dace/hpcagent_bench/envs/vecmath.h -Wall -Wextra -O3 -fPIC -fopenmp -std=c++20 -I/capstor/scratch/cscs/lhulsbergen/venv_dace5cf/lib/python3.12/site-packages/dace/runtime/include -c /capstor/scratch/cscs/lhulsbergen/llr40_dace/emit/tsvc_2_s4112/canon_new/src/cpu/canon_cpu.cpp -o /dev/null -fopt-info-vec-all=/capstor/scratch/cscs/lhulsbergen/llr40_dace/vec/reports/tsvc_2_s4112.canon_new.g++-14.harness.all
tsvc_2_s4112,canon,old,g++-13,bonsall,True,0,,1,canon_cpu.cpp:16,,g++-13 -O3 -std=c++20 -fPIC -fno-math-errno -ffinite-math-only -fno-signaling-nans -fstrict-aliasing -faligned-new -fvect-cost-model=unlimited -fopenmp -I/capstor/scratch/cscs/lhulsbergen/venv_dace5cf/lib/python3.12/site-packages/dace/runtime/include -c /capstor/scratch/cscs/lhulsbergen/llr40_dace/emit/tsvc_2_s4112/canon_old/src/cpu/canon_cpu.cpp -o /dev/null -fopt-info-vec-all=/capstor/scratch/cscs/lhulsbergen/llr40_dace/vec/reports/tsvc_2_s4112.canon_old.g++-13.bonsall.all
tsvc_2_s4112,canon,old,g++-13,unsafe,True,0,,1,canon_cpu.cpp:16,,g++-13 -O3 -std=c++20 -fPIC -fno-math-errno -ffinite-math-only -fno-signaling-nans -fstrict-aliasing -faligned-new -fvect-cost-model=unlimited -fopenmp -funsafe-math-optimizations -I/capstor/scratch/cscs/lhulsbergen/venv_dace5cf/lib/python3.12/site-packages/dace/runtime/include -c /capstor/scratch/cscs/lhulsbergen/llr40_dace/emit/tsvc_2_s4112/canon_old/src/cpu/canon_cpu.cpp -o /dev/null -fopt-info-vec-all=/capstor/scratch/cscs/lhulsbergen/llr40_dace/vec/reports/tsvc_2_s4112.canon_old.g++-13.unsafe.all
tsvc_2_s4112,canon,old,g++-13,harness,True,0,,2,canon_cpu.cpp:16 canon_cpu.cpp:79,,g++-13 -march=native -fopenmp -fno-math-errno -fno-trapping-math -fno-signed-zeros -ffp-contract=fast -fstrict-aliasing -include /capstor/scratch/cscs/lhulsbergen/HPCAgent-Bench-dace/hpcagent_bench/envs/vecmath.h -Wall -Wextra -O3 -fPIC -fopenmp -std=c++20 -I/capstor/scratch/cscs/lhulsbergen/venv_dace5cf/lib/python3.12/site-packages/dace/runtime/include -c /capstor/scratch/cscs/lhulsbergen/llr40_dace/emit/tsvc_2_s4112/canon_old/src/cpu/canon_cpu.cpp -o /dev/null -fopt-info-vec-all=/capstor/scratch/cscs/lhulsbergen/llr40_dace/vec/reports/tsvc_2_s4112.canon_old.g++-13.harness.all
tsvc_2_s4112,canon,old,g++-14,bonsall,True,0,,1,canon_cpu.cpp:16,,g++-14 -O3 -std=c++20 -fPIC -fno-math-errno -ffinite-math-only -fno-signaling-nans -fstrict-aliasing -faligned-new -fvect-cost-model=unlimited -fopenmp -I/capstor/scratch/cscs/lhulsbergen/venv_dace5cf/lib/python3.12/site-packages/dace/runtime/include -c /capstor/scratch/cscs/lhulsbergen/llr40_dace/emit/tsvc_2_s4112/canon_old/src/cpu/canon_cpu.cpp -o /dev/null -fopt-info-vec-all=/capstor/scratch/cscs/lhulsbergen/llr40_dace/vec/reports/tsvc_2_s4112.canon_old.g++-14.bonsall.all
tsvc_2_s4112,canon,old,g++-14,unsafe,True,0,,1,canon_cpu.cpp:16,,g++-14 -O3 -std=c++20 -fPIC -fno-math-errno -ffinite-math-only -fno-signaling-nans -fstrict-aliasing -faligned-new -fvect-cost-model=unlimited -fopenmp -funsafe-math-optimizations -I/capstor/scratch/cscs/lhulsbergen/venv_dace5cf/lib/python3.12/site-packages/dace/runtime/include -c /capstor/scratch/cscs/lhulsbergen/llr40_dace/emit/tsvc_2_s4112/canon_old/src/cpu/canon_cpu.cpp -o /dev/null -fopt-info-vec-all=/capstor/scratch/cscs/lhulsbergen/llr40_dace/vec/reports/tsvc_2_s4112.canon_old.g++-14.unsafe.all
tsvc_2_s4112,canon,old,g++-14,harness,True,0,,2,canon_cpu.cpp:16 canon_cpu.cpp:79,,g++-14 -march=native -fopenmp -fno-math-errno -fno-trapping-math -fno-signed-zeros -ffp-contract=fast -fstrict-aliasing -include /capstor/scratch/cscs/lhulsbergen/HPCAgent-Bench-dace/hpcagent_bench/envs/vecmath.h -Wall -Wextra -O3 -fPIC -fopenmp -std=c++20 -I/capstor/scratch/cscs/lhulsbergen/venv_dace5cf/lib/python3.12/site-packages/dace/runtime/include -c /capstor/scratch/cscs/lhulsbergen/llr40_dace/emit/tsvc_2_s4112/canon_old/src/cpu/canon_cpu.cpp -o /dev/null -fopt-info-vec-all=/capstor/scratch/cscs/lhulsbergen/llr40_dace/vec/reports/tsvc_2_s4112.canon_old.g++-14.harness.all
tsvc_2_s4112,none,legacy,g++-13,bonsall,True,1,canon_cpu.cpp:19,0,,,g++-13 -O3 -std=c++20 -fPIC -fno-math-errno -ffinite-math-only -fno-signaling-nans -fstrict-aliasing -faligned-new -fvect-cost-model=unlimited -fopenmp -I/capstor/scratch/cscs/lhulsbergen/venv_dace5cf/lib/python3.12/site-packages/dace/runtime/include -c /capstor/scratch/cscs/lhulsbergen/llr40_dace/emit/tsvc_2_s4112/none_legacy/src/cpu/canon_cpu.cpp -o /dev/null -fopt-info-vec-all=/capstor/scratch/cscs/lhulsbergen/llr40_dace/vec/reports/tsvc_2_s4112.none_legacy.g++-13.bonsall.all
tsvc_2_s4112,none,legacy,g++-13,unsafe,True,1,canon_cpu.cpp:19,0,,,g++-13 -O3 -std=c++20 -fPIC -fno-math-errno -ffinite-math-only -fno-signaling-nans -fstrict-aliasing -faligned-new -fvect-cost-model=unlimited -fopenmp -funsafe-math-optimizations -I/capstor/scratch/cscs/lhulsbergen/venv_dace5cf/lib/python3.12/site-packages/dace/runtime/include -c /capstor/scratch/cscs/lhulsbergen/llr40_dace/emit/tsvc_2_s4112/none_legacy/src/cpu/canon_cpu.cpp -o /dev/null -fopt-info-vec-all=/capstor/scratch/cscs/lhulsbergen/llr40_dace/vec/reports/tsvc_2_s4112.none_legacy.g++-13.unsafe.all
tsvc_2_s4112,none,legacy,g++-13,harness,True,1,canon_cpu.cpp:19,0,,,g++-13 -march=native -fopenmp -fno-math-errno -fno-trapping-math -fno-signed-zeros -ffp-contract=fast -fstrict-aliasing -include /capstor/scratch/cscs/lhulsbergen/HPCAgent-Bench-dace/hpcagent_bench/envs/vecmath.h -Wall -Wextra -O3 -fPIC -fopenmp -std=c++20 -I/capstor/scratch/cscs/lhulsbergen/venv_dace5cf/lib/python3.12/site-packages/dace/runtime/include -c /capstor/scratch/cscs/lhulsbergen/llr40_dace/emit/tsvc_2_s4112/none_legacy/src/cpu/canon_cpu.cpp -o /dev/null -fopt-info-vec-all=/capstor/scratch/cscs/lhulsbergen/llr40_dace/vec/reports/tsvc_2_s4112.none_legacy.g++-13.harness.all
tsvc_2_s4112,none,legacy,g++-14,bonsall,True,1,canon_cpu.cpp:19,0,,,g++-14 -O3 -std=c++20 -fPIC -fno-math-errno -ffinite-math-only -fno-signaling-nans -fstrict-aliasing -faligned-new -fvect-cost-model=unlimited -fopenmp -I/capstor/scratch/cscs/lhulsbergen/venv_dace5cf/lib/python3.12/site-packages/dace/runtime/include -c /capstor/scratch/cscs/lhulsbergen/llr40_dace/emit/tsvc_2_s4112/none_legacy/src/cpu/canon_cpu.cpp -o /dev/null -fopt-info-vec-all=/capstor/scratch/cscs/lhulsbergen/llr40_dace/vec/reports/tsvc_2_s4112.none_legacy.g++-14.bonsall.all
tsvc_2_s4112,none,legacy,g++-14,unsafe,True,1,canon_cpu.cpp:19,0,,,g++-14 -O3 -std=c++20 -fPIC -fno-math-errno -ffinite-math-only -fno-signaling-nans -fstrict-aliasing -faligned-new -fvect-cost-model=unlimited -fopenmp -funsafe-math-optimizations -I/capstor/scratch/cscs/lhulsbergen/venv_dace5cf/lib/python3.12/site-packages/dace/runtime/include -c /capstor/scratch/cscs/lhulsbergen/llr40_dace/emit/tsvc_2_s4112/none_legacy/src/cpu/canon_cpu.cpp -o /dev/null -fopt-info-vec-all=/capstor/scratch/cscs/lhulsbergen/llr40_dace/vec/reports/tsvc_2_s4112.none_legacy.g++-14.unsafe.all
tsvc_2_s4112,none,legacy,g++-14,harness,True,1,canon_cpu.cpp:19,0,,,g++-14 -march=native -fopenmp -fno-math-errno -fno-trapping-math -fno-signed-zeros -ffp-contract=fast -fstrict-aliasing -include /capstor/scratch/cscs/lhulsbergen/HPCAgent-Bench-dace/hpcagent_bench/envs/vecmath.h -Wall -Wextra -O3 -fPIC -fopenmp -std=c++20 -I/capstor/scratch/cscs/lhulsbergen/venv_dace5cf/lib/python3.12/site-packages/dace/runtime/include -c /capstor/scratch/cscs/lhulsbergen/llr40_dace/emit/tsvc_2_s4112/none_legacy/src/cpu/canon_cpu.cpp -o /dev/null -fopt-info-vec-all=/capstor/scratch/cscs/lhulsbergen/llr40_dace/vec/reports/tsvc_2_s4112.none_legacy.g++-14.harness.all
tsvc_2_s4112,none,new,g++-13,bonsall,True,1,canon_cpu.cpp:20,0,,,g++-13 -O3 -std=c++20 -fPIC -fno-math-errno -ffinite-math-only -fno-signaling-nans -fstrict-aliasing -faligned-new -fvect-cost-model=unlimited -fopenmp -I/capstor/scratch/cscs/lhulsbergen/venv_dace5cf/lib/python3.12/site-packages/dace/runtime/include -c /capstor/scratch/cscs/lhulsbergen/llr40_dace/emit/tsvc_2_s4112/none_new/src/cpu/canon_cpu.cpp -o /dev/null -fopt-info-vec-all=/capstor/scratch/cscs/lhulsbergen/llr40_dace/vec/reports/tsvc_2_s4112.none_new.g++-13.bonsall.all
tsvc_2_s4112,none,new,g++-13,unsafe,True,1,canon_cpu.cpp:20,0,,,g++-13 -O3 -std=c++20 -fPIC -fno-math-errno -ffinite-math-only -fno-signaling-nans -fstrict-aliasing -faligned-new -fvect-cost-model=unlimited -fopenmp -funsafe-math-optimizations -I/capstor/scratch/cscs/lhulsbergen/venv_dace5cf/lib/python3.12/site-packages/dace/runtime/include -c /capstor/scratch/cscs/lhulsbergen/llr40_dace/emit/tsvc_2_s4112/none_new/src/cpu/canon_cpu.cpp -o /dev/null -fopt-info-vec-all=/capstor/scratch/cscs/lhulsbergen/llr40_dace/vec/reports/tsvc_2_s4112.none_new.g++-13.unsafe.all
tsvc_2_s4112,none,new,g++-13,harness,True,1,canon_cpu.cpp:20,0,,,g++-13 -march=native -fopenmp -fno-math-errno -fno-trapping-math -fno-signed-zeros -ffp-contract=fast -fstrict-aliasing -include /capstor/scratch/cscs/lhulsbergen/HPCAgent-Bench-dace/hpcagent_bench/envs/vecmath.h -Wall -Wextra -O3 -fPIC -fopenmp -std=c++20 -I/capstor/scratch/cscs/lhulsbergen/venv_dace5cf/lib/python3.12/site-packages/dace/runtime/include -c /capstor/scratch/cscs/lhulsbergen/llr40_dace/emit/tsvc_2_s4112/none_new/src/cpu/canon_cpu.cpp -o /dev/null -fopt-info-vec-all=/capstor/scratch/cscs/lhulsbergen/llr40_dace/vec/reports/tsvc_2_s4112.none_new.g++-13.harness.all
tsvc_2_s4112,none,new,g++-14,bonsall,True,1,canon_cpu.cpp:20,0,,,g++-14 -O3 -std=c++20 -fPIC -fno-math-errno -ffinite-math-only -fno-signaling-nans -fstrict-aliasing -faligned-new -fvect-cost-model=unlimited -fopenmp -I/capstor/scratch/cscs/lhulsbergen/venv_dace5cf/lib/python3.12/site-packages/dace/runtime/include -c /capstor/scratch/cscs/lhulsbergen/llr40_dace/emit/tsvc_2_s4112/none_new/src/cpu/canon_cpu.cpp -o /dev/null -fopt-info-vec-all=/capstor/scratch/cscs/lhulsbergen/llr40_dace/vec/reports/tsvc_2_s4112.none_new.g++-14.bonsall.all
tsvc_2_s4112,none,new,g++-14,unsafe,True,1,canon_cpu.cpp:20,0,,,g++-14 -O3 -std=c++20 -fPIC -fno-math-errno -ffinite-math-only -fno-signaling-nans -fstrict-aliasing -faligned-new -fvect-cost-model=unlimited -fopenmp -funsafe-math-optimizations -I/capstor/scratch/cscs/lhulsbergen/venv_dace5cf/lib/python3.12/site-packages/dace/runtime/include -c /capstor/scratch/cscs/lhulsbergen/llr40_dace/emit/tsvc_2_s4112/none_new/src/cpu/canon_cpu.cpp -o /dev/null -fopt-info-vec-all=/capstor/scratch/cscs/lhulsbergen/llr40_dace/vec/reports/tsvc_2_s4112.none_new.g++-14.unsafe.all
tsvc_2_s4112,none,new,g++-14,harness,True,1,canon_cpu.cpp:20,0,,,g++-14 -march=native -fopenmp -fno-math-errno -fno-trapping-math -fno-signed-zeros -ffp-contract=fast -fstrict-aliasing -include /capstor/scratch/cscs/lhulsbergen/HPCAgent-Bench-dace/hpcagent_bench/envs/vecmath.h -Wall -Wextra -O3 -fPIC -fopenmp -std=c++20 -I/capstor/scratch/cscs/lhulsbergen/venv_dace5cf/lib/python3.12/site-packages/dace/runtime/include -c /capstor/scratch/cscs/lhulsbergen/llr40_dace/emit/tsvc_2_s4112/none_new/src/cpu/canon_cpu.cpp -o /dev/null -fopt-info-vec-all=/capstor/scratch/cscs/lhulsbergen/llr40_dace/vec/reports/tsvc_2_s4112.none_new.g++-14.harness.all
tsvc_2_s4112,none,old,g++-13,bonsall,True,1,canon_cpu.cpp:19,0,,,g++-13 -O3 -std=c++20 -fPIC -fno-math-errno -ffinite-math-only -fno-signaling-nans -fstrict-aliasing -faligned-new -fvect-cost-model=unlimited -fopenmp -I/capstor/scratch/cscs/lhulsbergen/venv_dace5cf/lib/python3.12/site-packages/dace/runtime/include -c /capstor/scratch/cscs/lhulsbergen/llr40_dace/emit/tsvc_2_s4112/none_old/src/cpu/canon_cpu.cpp -o /dev/null -fopt-info-vec-all=/capstor/scratch/cscs/lhulsbergen/llr40_dace/vec/reports/tsvc_2_s4112.none_old.g++-13.bonsall.all
tsvc_2_s4112,none,old,g++-13,unsafe,True,1,canon_cpu.cpp:19,0,,,g++-13 -O3 -std=c++20 -fPIC -fno-math-errno -ffinite-math-only -fno-signaling-nans -fstrict-aliasing -faligned-new -fvect-cost-model=unlimited -fopenmp -funsafe-math-optimizations -I/capstor/scratch/cscs/lhulsbergen/venv_dace5cf/lib/python3.12/site-packages/dace/runtime/include -c /capstor/scratch/cscs/lhulsbergen/llr40_dace/emit/tsvc_2_s4112/none_old/src/cpu/canon_cpu.cpp -o /dev/null -fopt-info-vec-all=/capstor/scratch/cscs/lhulsbergen/llr40_dace/vec/reports/tsvc_2_s4112.none_old.g++-13.unsafe.all
tsvc_2_s4112,none,old,g++-13,harness,True,1,canon_cpu.cpp:19,0,,,g++-13 -march=native -fopenmp -fno-math-errno -fno-trapping-math -fno-signed-zeros -ffp-contract=fast -fstrict-aliasing -include /capstor/scratch/cscs/lhulsbergen/HPCAgent-Bench-dace/hpcagent_bench/envs/vecmath.h -Wall -Wextra -O3 -fPIC -fopenmp -std=c++20 -I/capstor/scratch/cscs/lhulsbergen/venv_dace5cf/lib/python3.12/site-packages/dace/runtime/include -c /capstor/scratch/cscs/lhulsbergen/llr40_dace/emit/tsvc_2_s4112/none_old/src/cpu/canon_cpu.cpp -o /dev/null -fopt-info-vec-all=/capstor/scratch/cscs/lhulsbergen/llr40_dace/vec/reports/tsvc_2_s4112.none_old.g++-13.harness.all
tsvc_2_s4112,none,old,g++-14,bonsall,True,1,canon_cpu.cpp:19,0,,,g++-14 -O3 -std=c++20 -fPIC -fno-math-errno -ffinite-math-only -fno-signaling-nans -fstrict-aliasing -faligned-new -fvect-cost-model=unlimited -fopenmp -I/capstor/scratch/cscs/lhulsbergen/venv_dace5cf/lib/python3.12/site-packages/dace/runtime/include -c /capstor/scratch/cscs/lhulsbergen/llr40_dace/emit/tsvc_2_s4112/none_old/src/cpu/canon_cpu.cpp -o /dev/null -fopt-info-vec-all=/capstor/scratch/cscs/lhulsbergen/llr40_dace/vec/reports/tsvc_2_s4112.none_old.g++-14.bonsall.all
tsvc_2_s4112,none,old,g++-14,unsafe,True,1,canon_cpu.cpp:19,0,,,g++-14 -O3 -std=c++20 -fPIC -fno-math-errno -ffinite-math-only -fno-signaling-nans -fstrict-aliasing -faligned-new -fvect-cost-model=unlimited -fopenmp -funsafe-math-optimizations -I/capstor/scratch/cscs/lhulsbergen/venv_dace5cf/lib/python3.12/site-packages/dace/runtime/include -c /capstor/scratch/cscs/lhulsbergen/llr40_dace/emit/tsvc_2_s4112/none_old/src/cpu/canon_cpu.cpp -o /dev/null -fopt-info-vec-all=/capstor/scratch/cscs/lhulsbergen/llr40_dace/vec/reports/tsvc_2_s4112.none_old.g++-14.unsafe.all
tsvc_2_s4112,none,old,g++-14,harness,True,1,canon_cpu.cpp:19,0,,,g++-14 -march=native -fopenmp -fno-math-errno -fno-trapping-math -fno-signed-zeros -ffp-contract=fast -fstrict-aliasing -include /capstor/scratch/cscs/lhulsbergen/HPCAgent-Bench-dace/hpcagent_bench/envs/vecmath.h -Wall -Wextra -O3 -fPIC -fopenmp -std=c++20 -I/capstor/scratch/cscs/lhulsbergen/venv_dace5cf/lib/python3.12/site-packages/dace/runtime/include -c /capstor/scratch/cscs/lhulsbergen/llr40_dace/emit/tsvc_2_s4112/none_old/src/cpu/canon_cpu.cpp -o /dev/null -fopt-info-vec-all=/capstor/scratch/cscs/lhulsbergen/llr40_dace/vec/reports/tsvc_2_s4112.none_old.g++-14.harness.all
tsvc_2_s453,canon,legacy,g++-13,bonsall,True,1,canon_cpu.cpp:44,0,,,g++-13 -O3 -std=c++20 -fPIC -fno-math-errno -ffinite-math-only -fno-signaling-nans -fstrict-aliasing -faligned-new -fvect-cost-model=unlimited -fopenmp -I/capstor/scratch/cscs/lhulsbergen/venv_dace5cf/lib/python3.12/site-packages/dace/runtime/include -c /capstor/scratch/cscs/lhulsbergen/llr40_dace/emit/tsvc_2_s453/canon_legacy/src/cpu/canon_cpu.cpp -o /dev/null -fopt-info-vec-all=/capstor/scratch/cscs/lhulsbergen/llr40_dace/vec/reports/tsvc_2_s453.canon_legacy.g++-13.bonsall.all
tsvc_2_s453,canon,legacy,g++-13,unsafe,True,1,canon_cpu.cpp:44,0,,,g++-13 -O3 -std=c++20 -fPIC -fno-math-errno -ffinite-math-only -fno-signaling-nans -fstrict-aliasing -faligned-new -fvect-cost-model=unlimited -fopenmp -funsafe-math-optimizations -I/capstor/scratch/cscs/lhulsbergen/venv_dace5cf/lib/python3.12/site-packages/dace/runtime/include -c /capstor/scratch/cscs/lhulsbergen/llr40_dace/emit/tsvc_2_s453/canon_legacy/src/cpu/canon_cpu.cpp -o /dev/null -fopt-info-vec-all=/capstor/scratch/cscs/lhulsbergen/llr40_dace/vec/reports/tsvc_2_s453.canon_legacy.g++-13.unsafe.all
tsvc_2_s453,canon,legacy,g++-13,harness,True,1,canon_cpu.cpp:44,1,canon_cpu.cpp:40,,g++-13 -march=native -fopenmp -fno-math-errno -fno-trapping-math -fno-signed-zeros -ffp-contract=fast -fstrict-aliasing -include /capstor/scratch/cscs/lhulsbergen/HPCAgent-Bench-dace/hpcagent_bench/envs/vecmath.h -Wall -Wextra -O3 -fPIC -fopenmp -std=c++20 -I/capstor/scratch/cscs/lhulsbergen/venv_dace5cf/lib/python3.12/site-packages/dace/runtime/include -c /capstor/scratch/cscs/lhulsbergen/llr40_dace/emit/tsvc_2_s453/canon_legacy/src/cpu/canon_cpu.cpp -o /dev/null -fopt-info-vec-all=/capstor/scratch/cscs/lhulsbergen/llr40_dace/vec/reports/tsvc_2_s453.canon_legacy.g++-13.harness.all
tsvc_2_s453,canon,legacy,g++-14,bonsall,True,1,canon_cpu.cpp:44,0,,,g++-14 -O3 -std=c++20 -fPIC -fno-math-errno -ffinite-math-only -fno-signaling-nans -fstrict-aliasing -faligned-new -fvect-cost-model=unlimited -fopenmp -I/capstor/scratch/cscs/lhulsbergen/venv_dace5cf/lib/python3.12/site-packages/dace/runtime/include -c /capstor/scratch/cscs/lhulsbergen/llr40_dace/emit/tsvc_2_s453/canon_legacy/src/cpu/canon_cpu.cpp -o /dev/null -fopt-info-vec-all=/capstor/scratch/cscs/lhulsbergen/llr40_dace/vec/reports/tsvc_2_s453.canon_legacy.g++-14.bonsall.all
tsvc_2_s453,canon,legacy,g++-14,unsafe,True,1,canon_cpu.cpp:44,0,,,g++-14 -O3 -std=c++20 -fPIC -fno-math-errno -ffinite-math-only -fno-signaling-nans -fstrict-aliasing -faligned-new -fvect-cost-model=unlimited -fopenmp -funsafe-math-optimizations -I/capstor/scratch/cscs/lhulsbergen/venv_dace5cf/lib/python3.12/site-packages/dace/runtime/include -c /capstor/scratch/cscs/lhulsbergen/llr40_dace/emit/tsvc_2_s453/canon_legacy/src/cpu/canon_cpu.cpp -o /dev/null -fopt-info-vec-all=/capstor/scratch/cscs/lhulsbergen/llr40_dace/vec/reports/tsvc_2_s453.canon_legacy.g++-14.unsafe.all
tsvc_2_s453,canon,legacy,g++-14,harness,True,1,canon_cpu.cpp:44,1,canon_cpu.cpp:40,,g++-14 -march=native -fopenmp -fno-math-errno -fno-trapping-math -fno-signed-zeros -ffp-contract=fast -fstrict-aliasing -include /capstor/scratch/cscs/lhulsbergen/HPCAgent-Bench-dace/hpcagent_bench/envs/vecmath.h -Wall -Wextra -O3 -fPIC -fopenmp -std=c++20 -I/capstor/scratch/cscs/lhulsbergen/venv_dace5cf/lib/python3.12/site-packages/dace/runtime/include -c /capstor/scratch/cscs/lhulsbergen/llr40_dace/emit/tsvc_2_s453/canon_legacy/src/cpu/canon_cpu.cpp -o /dev/null -fopt-info-vec-all=/capstor/scratch/cscs/lhulsbergen/llr40_dace/vec/reports/tsvc_2_s453.canon_legacy.g++-14.harness.all
tsvc_2_s453,canon,new,g++-13,bonsall,True,1,canon_cpu.cpp:29,0,,,g++-13 -O3 -std=c++20 -fPIC -fno-math-errno -ffinite-math-only -fno-signaling-nans -fstrict-aliasing -faligned-new -fvect-cost-model=unlimited -fopenmp -I/capstor/scratch/cscs/lhulsbergen/venv_dace5cf/lib/python3.12/site-packages/dace/runtime/include -c /capstor/scratch/cscs/lhulsbergen/llr40_dace/emit/tsvc_2_s453/canon_new/src/cpu/canon_cpu.cpp -o /dev/null -fopt-info-vec-all=/capstor/scratch/cscs/lhulsbergen/llr40_dace/vec/reports/tsvc_2_s453.canon_new.g++-13.bonsall.all
tsvc_2_s453,canon,new,g++-13,unsafe,True,1,canon_cpu.cpp:29,0,,,g++-13 -O3 -std=c++20 -fPIC -fno-math-errno -ffinite-math-only -fno-signaling-nans -fstrict-aliasing -faligned-new -fvect-cost-model=unlimited -fopenmp -funsafe-math-optimizations -I/capstor/scratch/cscs/lhulsbergen/venv_dace5cf/lib/python3.12/site-packages/dace/runtime/include -c /capstor/scratch/cscs/lhulsbergen/llr40_dace/emit/tsvc_2_s453/canon_new/src/cpu/canon_cpu.cpp -o /dev/null -fopt-info-vec-all=/capstor/scratch/cscs/lhulsbergen/llr40_dace/vec/reports/tsvc_2_s453.canon_new.g++-13.unsafe.all
tsvc_2_s453,canon,new,g++-13,harness,True,1,canon_cpu.cpp:29,1,canon_cpu.cpp:25,,g++-13 -march=native -fopenmp -fno-math-errno -fno-trapping-math -fno-signed-zeros -ffp-contract=fast -fstrict-aliasing -include /capstor/scratch/cscs/lhulsbergen/HPCAgent-Bench-dace/hpcagent_bench/envs/vecmath.h -Wall -Wextra -O3 -fPIC -fopenmp -std=c++20 -I/capstor/scratch/cscs/lhulsbergen/venv_dace5cf/lib/python3.12/site-packages/dace/runtime/include -c /capstor/scratch/cscs/lhulsbergen/llr40_dace/emit/tsvc_2_s453/canon_new/src/cpu/canon_cpu.cpp -o /dev/null -fopt-info-vec-all=/capstor/scratch/cscs/lhulsbergen/llr40_dace/vec/reports/tsvc_2_s453.canon_new.g++-13.harness.all
tsvc_2_s453,canon,new,g++-14,bonsall,True,1,canon_cpu.cpp:29,0,,,g++-14 -O3 -std=c++20 -fPIC -fno-math-errno -ffinite-math-only -fno-signaling-nans -fstrict-aliasing -faligned-new -fvect-cost-model=unlimited -fopenmp -I/capstor/scratch/cscs/lhulsbergen/venv_dace5cf/lib/python3.12/site-packages/dace/runtime/include -c /capstor/scratch/cscs/lhulsbergen/llr40_dace/emit/tsvc_2_s453/canon_new/src/cpu/canon_cpu.cpp -o /dev/null -fopt-info-vec-all=/capstor/scratch/cscs/lhulsbergen/llr40_dace/vec/reports/tsvc_2_s453.canon_new.g++-14.bonsall.all
tsvc_2_s453,canon,new,g++-14,unsafe,True,1,canon_cpu.cpp:29,0,,,g++-14 -O3 -std=c++20 -fPIC -fno-math-errno -ffinite-math-only -fno-signaling-nans -fstrict-aliasing -faligned-new -fvect-cost-model=unlimited -fopenmp -funsafe-math-optimizations -I/capstor/scratch/cscs/lhulsbergen/venv_dace5cf/lib/python3.12/site-packages/dace/runtime/include -c /capstor/scratch/cscs/lhulsbergen/llr40_dace/emit/tsvc_2_s453/canon_new/src/cpu/canon_cpu.cpp -o /dev/null -fopt-info-vec-all=/capstor/scratch/cscs/lhulsbergen/llr40_dace/vec/reports/tsvc_2_s453.canon_new.g++-14.unsafe.all
tsvc_2_s453,canon,new,g++-14,harness,True,1,canon_cpu.cpp:29,1,canon_cpu.cpp:25,,g++-14 -march=native -fopenmp -fno-math-errno -fno-trapping-math -fno-signed-zeros -ffp-contract=fast -fstrict-aliasing -include /capstor/scratch/cscs/lhulsbergen/HPCAgent-Bench-dace/hpcagent_bench/envs/vecmath.h -Wall -Wextra -O3 -fPIC -fopenmp -std=c++20 -I/capstor/scratch/cscs/lhulsbergen/venv_dace5cf/lib/python3.12/site-packages/dace/runtime/include -c /capstor/scratch/cscs/lhulsbergen/llr40_dace/emit/tsvc_2_s453/canon_new/src/cpu/canon_cpu.cpp -o /dev/null -fopt-info-vec-all=/capstor/scratch/cscs/lhulsbergen/llr40_dace/vec/reports/tsvc_2_s453.canon_new.g++-14.harness.all
tsvc_2_s453,canon,old,g++-13,bonsall,True,1,canon_cpu.cpp:44,0,,,g++-13 -O3 -std=c++20 -fPIC -fno-math-errno -ffinite-math-only -fno-signaling-nans -fstrict-aliasing -faligned-new -fvect-cost-model=unlimited -fopenmp -I/capstor/scratch/cscs/lhulsbergen/venv_dace5cf/lib/python3.12/site-packages/dace/runtime/include -c /capstor/scratch/cscs/lhulsbergen/llr40_dace/emit/tsvc_2_s453/canon_old/src/cpu/canon_cpu.cpp -o /dev/null -fopt-info-vec-all=/capstor/scratch/cscs/lhulsbergen/llr40_dace/vec/reports/tsvc_2_s453.canon_old.g++-13.bonsall.all
tsvc_2_s453,canon,old,g++-13,unsafe,True,1,canon_cpu.cpp:44,0,,,g++-13 -O3 -std=c++20 -fPIC -fno-math-errno -ffinite-math-only -fno-signaling-nans -fstrict-aliasing -faligned-new -fvect-cost-model=unlimited -fopenmp -funsafe-math-optimizations -I/capstor/scratch/cscs/lhulsbergen/venv_dace5cf/lib/python3.12/site-packages/dace/runtime/include -c /capstor/scratch/cscs/lhulsbergen/llr40_dace/emit/tsvc_2_s453/canon_old/src/cpu/canon_cpu.cpp -o /dev/null -fopt-info-vec-all=/capstor/scratch/cscs/lhulsbergen/llr40_dace/vec/reports/tsvc_2_s453.canon_old.g++-13.unsafe.all
tsvc_2_s453,canon,old,g++-13,harness,True,1,canon_cpu.cpp:44,1,canon_cpu.cpp:40,,g++-13 -march=native -fopenmp -fno-math-errno -fno-trapping-math -fno-signed-zeros -ffp-contract=fast -fstrict-aliasing -include /capstor/scratch/cscs/lhulsbergen/HPCAgent-Bench-dace/hpcagent_bench/envs/vecmath.h -Wall -Wextra -O3 -fPIC -fopenmp -std=c++20 -I/capstor/scratch/cscs/lhulsbergen/venv_dace5cf/lib/python3.12/site-packages/dace/runtime/include -c /capstor/scratch/cscs/lhulsbergen/llr40_dace/emit/tsvc_2_s453/canon_old/src/cpu/canon_cpu.cpp -o /dev/null -fopt-info-vec-all=/capstor/scratch/cscs/lhulsbergen/llr40_dace/vec/reports/tsvc_2_s453.canon_old.g++-13.harness.all
tsvc_2_s453,canon,old,g++-14,bonsall,True,1,canon_cpu.cpp:44,0,,,g++-14 -O3 -std=c++20 -fPIC -fno-math-errno -ffinite-math-only -fno-signaling-nans -fstrict-aliasing -faligned-new -fvect-cost-model=unlimited -fopenmp -I/capstor/scratch/cscs/lhulsbergen/venv_dace5cf/lib/python3.12/site-packages/dace/runtime/include -c /capstor/scratch/cscs/lhulsbergen/llr40_dace/emit/tsvc_2_s453/canon_old/src/cpu/canon_cpu.cpp -o /dev/null -fopt-info-vec-all=/capstor/scratch/cscs/lhulsbergen/llr40_dace/vec/reports/tsvc_2_s453.canon_old.g++-14.bonsall.all
tsvc_2_s453,canon,old,g++-14,unsafe,True,1,canon_cpu.cpp:44,0,,,g++-14 -O3 -std=c++20 -fPIC -fno-math-errno -ffinite-math-only -fno-signaling-nans -fstrict-aliasing -faligned-new -fvect-cost-model=unlimited -fopenmp -funsafe-math-optimizations -I/capstor/scratch/cscs/lhulsbergen/venv_dace5cf/lib/python3.12/site-packages/dace/runtime/include -c /capstor/scratch/cscs/lhulsbergen/llr40_dace/emit/tsvc_2_s453/canon_old/src/cpu/canon_cpu.cpp -o /dev/null -fopt-info-vec-all=/capstor/scratch/cscs/lhulsbergen/llr40_dace/vec/reports/tsvc_2_s453.canon_old.g++-14.unsafe.all
tsvc_2_s453,canon,old,g++-14,harness,True,1,canon_cpu.cpp:44,1,canon_cpu.cpp:40,,g++-14 -march=native -fopenmp -fno-math-errno -fno-trapping-math -fno-signed-zeros -ffp-contract=fast -fstrict-aliasing -include /capstor/scratch/cscs/lhulsbergen/HPCAgent-Bench-dace/hpcagent_bench/envs/vecmath.h -Wall -Wextra -O3 -fPIC -fopenmp -std=c++20 -I/capstor/scratch/cscs/lhulsbergen/venv_dace5cf/lib/python3.12/site-packages/dace/runtime/include -c /capstor/scratch/cscs/lhulsbergen/llr40_dace/emit/tsvc_2_s453/canon_old/src/cpu/canon_cpu.cpp -o /dev/null -fopt-info-vec-all=/capstor/scratch/cscs/lhulsbergen/llr40_dace/vec/reports/tsvc_2_s453.canon_old.g++-14.harness.all
tsvc_2_s453,none,legacy,g++-13,bonsall,True,0,,2,canon_cpu.cpp:32 canon_cpu.cpp:41,,g++-13 -O3 -std=c++20 -fPIC -fno-math-errno -ffinite-math-only -fno-signaling-nans -fstrict-aliasing -faligned-new -fvect-cost-model=unlimited -fopenmp -I/capstor/scratch/cscs/lhulsbergen/venv_dace5cf/lib/python3.12/site-packages/dace/runtime/include -c /capstor/scratch/cscs/lhulsbergen/llr40_dace/emit/tsvc_2_s453/none_legacy/src/cpu/canon_cpu.cpp -o /dev/null -fopt-info-vec-all=/capstor/scratch/cscs/lhulsbergen/llr40_dace/vec/reports/tsvc_2_s453.none_legacy.g++-13.bonsall.all
tsvc_2_s453,none,legacy,g++-13,unsafe,True,1,canon_cpu.cpp:32,0,,,g++-13 -O3 -std=c++20 -fPIC -fno-math-errno -ffinite-math-only -fno-signaling-nans -fstrict-aliasing -faligned-new -fvect-cost-model=unlimited -fopenmp -funsafe-math-optimizations -I/capstor/scratch/cscs/lhulsbergen/venv_dace5cf/lib/python3.12/site-packages/dace/runtime/include -c /capstor/scratch/cscs/lhulsbergen/llr40_dace/emit/tsvc_2_s453/none_legacy/src/cpu/canon_cpu.cpp -o /dev/null -fopt-info-vec-all=/capstor/scratch/cscs/lhulsbergen/llr40_dace/vec/reports/tsvc_2_s453.none_legacy.g++-13.unsafe.all
tsvc_2_s453,none,legacy,g++-13,harness,True,0,,2,canon_cpu.cpp:32 canon_cpu.cpp:41,,g++-13 -march=native -fopenmp -fno-math-errno -fno-trapping-math -fno-signed-zeros -ffp-contract=fast -fstrict-aliasing -include /capstor/scratch/cscs/lhulsbergen/HPCAgent-Bench-dace/hpcagent_bench/envs/vecmath.h -Wall -Wextra -O3 -fPIC -fopenmp -std=c++20 -I/capstor/scratch/cscs/lhulsbergen/venv_dace5cf/lib/python3.12/site-packages/dace/runtime/include -c /capstor/scratch/cscs/lhulsbergen/llr40_dace/emit/tsvc_2_s453/none_legacy/src/cpu/canon_cpu.cpp -o /dev/null -fopt-info-vec-all=/capstor/scratch/cscs/lhulsbergen/llr40_dace/vec/reports/tsvc_2_s453.none_legacy.g++-13.harness.all
tsvc_2_s453,none,legacy,g++-14,bonsall,True,0,,2,canon_cpu.cpp:32 canon_cpu.cpp:41,,g++-14 -O3 -std=c++20 -fPIC -fno-math-errno -ffinite-math-only -fno-signaling-nans -fstrict-aliasing -faligned-new -fvect-cost-model=unlimited -fopenmp -I/capstor/scratch/cscs/lhulsbergen/venv_dace5cf/lib/python3.12/site-packages/dace/runtime/include -c /capstor/scratch/cscs/lhulsbergen/llr40_dace/emit/tsvc_2_s453/none_legacy/src/cpu/canon_cpu.cpp -o /dev/null -fopt-info-vec-all=/capstor/scratch/cscs/lhulsbergen/llr40_dace/vec/reports/tsvc_2_s453.none_legacy.g++-14.bonsall.all
tsvc_2_s453,none,legacy,g++-14,unsafe,True,1,canon_cpu.cpp:32,0,,,g++-14 -O3 -std=c++20 -fPIC -fno-math-errno -ffinite-math-only -fno-signaling-nans -fstrict-aliasing -faligned-new -fvect-cost-model=unlimited -fopenmp -funsafe-math-optimizations -I/capstor/scratch/cscs/lhulsbergen/venv_dace5cf/lib/python3.12/site-packages/dace/runtime/include -c /capstor/scratch/cscs/lhulsbergen/llr40_dace/emit/tsvc_2_s453/none_legacy/src/cpu/canon_cpu.cpp -o /dev/null -fopt-info-vec-all=/capstor/scratch/cscs/lhulsbergen/llr40_dace/vec/reports/tsvc_2_s453.none_legacy.g++-14.unsafe.all
tsvc_2_s453,none,legacy,g++-14,harness,True,0,,2,canon_cpu.cpp:32 canon_cpu.cpp:41,,g++-14 -march=native -fopenmp -fno-math-errno -fno-trapping-math -fno-signed-zeros -ffp-contract=fast -fstrict-aliasing -include /capstor/scratch/cscs/lhulsbergen/HPCAgent-Bench-dace/hpcagent_bench/envs/vecmath.h -Wall -Wextra -O3 -fPIC -fopenmp -std=c++20 -I/capstor/scratch/cscs/lhulsbergen/venv_dace5cf/lib/python3.12/site-packages/dace/runtime/include -c /capstor/scratch/cscs/lhulsbergen/llr40_dace/emit/tsvc_2_s453/none_legacy/src/cpu/canon_cpu.cpp -o /dev/null -fopt-info-vec-all=/capstor/scratch/cscs/lhulsbergen/llr40_dace/vec/reports/tsvc_2_s453.none_legacy.g++-14.harness.all
tsvc_2_s453,none,new,g++-13,bonsall,True,0,,2,canon_cpu.cpp:24 canon_cpu.cpp:27,,g++-13 -O3 -std=c++20 -fPIC -fno-math-errno -ffinite-math-only -fno-signaling-nans -fstrict-aliasing -faligned-new -fvect-cost-model=unlimited -fopenmp -I/capstor/scratch/cscs/lhulsbergen/venv_dace5cf/lib/python3.12/site-packages/dace/runtime/include -c /capstor/scratch/cscs/lhulsbergen/llr40_dace/emit/tsvc_2_s453/none_new/src/cpu/canon_cpu.cpp -o /dev/null -fopt-info-vec-all=/capstor/scratch/cscs/lhulsbergen/llr40_dace/vec/reports/tsvc_2_s453.none_new.g++-13.bonsall.all
tsvc_2_s453,none,new,g++-13,unsafe,True,1,canon_cpu.cpp:24,0,,,g++-13 -O3 -std=c++20 -fPIC -fno-math-errno -ffinite-math-only -fno-signaling-nans -fstrict-aliasing -faligned-new -fvect-cost-model=unlimited -fopenmp -funsafe-math-optimizations -I/capstor/scratch/cscs/lhulsbergen/venv_dace5cf/lib/python3.12/site-packages/dace/runtime/include -c /capstor/scratch/cscs/lhulsbergen/llr40_dace/emit/tsvc_2_s453/none_new/src/cpu/canon_cpu.cpp -o /dev/null -fopt-info-vec-all=/capstor/scratch/cscs/lhulsbergen/llr40_dace/vec/reports/tsvc_2_s453.none_new.g++-13.unsafe.all
tsvc_2_s453,none,new,g++-13,harness,True,0,,2,canon_cpu.cpp:24 canon_cpu.cpp:27,,g++-13 -march=native -fopenmp -fno-math-errno -fno-trapping-math -fno-signed-zeros -ffp-contract=fast -fstrict-aliasing -include /capstor/scratch/cscs/lhulsbergen/HPCAgent-Bench-dace/hpcagent_bench/envs/vecmath.h -Wall -Wextra -O3 -fPIC -fopenmp -std=c++20 -I/capstor/scratch/cscs/lhulsbergen/venv_dace5cf/lib/python3.12/site-packages/dace/runtime/include -c /capstor/scratch/cscs/lhulsbergen/llr40_dace/emit/tsvc_2_s453/none_new/src/cpu/canon_cpu.cpp -o /dev/null -fopt-info-vec-all=/capstor/scratch/cscs/lhulsbergen/llr40_dace/vec/reports/tsvc_2_s453.none_new.g++-13.harness.all
tsvc_2_s453,none,new,g++-14,bonsall,True,0,,2,canon_cpu.cpp:24 canon_cpu.cpp:27,,g++-14 -O3 -std=c++20 -fPIC -fno-math-errno -ffinite-math-only -fno-signaling-nans -fstrict-aliasing -faligned-new -fvect-cost-model=unlimited -fopenmp -I/capstor/scratch/cscs/lhulsbergen/venv_dace5cf/lib/python3.12/site-packages/dace/runtime/include -c /capstor/scratch/cscs/lhulsbergen/llr40_dace/emit/tsvc_2_s453/none_new/src/cpu/canon_cpu.cpp -o /dev/null -fopt-info-vec-all=/capstor/scratch/cscs/lhulsbergen/llr40_dace/vec/reports/tsvc_2_s453.none_new.g++-14.bonsall.all
tsvc_2_s453,none,new,g++-14,unsafe,True,1,canon_cpu.cpp:24,0,,,g++-14 -O3 -std=c++20 -fPIC -fno-math-errno -ffinite-math-only -fno-signaling-nans -fstrict-aliasing -faligned-new -fvect-cost-model=unlimited -fopenmp -funsafe-math-optimizations -I/capstor/scratch/cscs/lhulsbergen/venv_dace5cf/lib/python3.12/site-packages/dace/runtime/include -c /capstor/scratch/cscs/lhulsbergen/llr40_dace/emit/tsvc_2_s453/none_new/src/cpu/canon_cpu.cpp -o /dev/null -fopt-info-vec-all=/capstor/scratch/cscs/lhulsbergen/llr40_dace/vec/reports/tsvc_2_s453.none_new.g++-14.unsafe.all
tsvc_2_s453,none,new,g++-14,harness,True,0,,2,canon_cpu.cpp:24 canon_cpu.cpp:27,,g++-14 -march=native -fopenmp -fno-math-errno -fno-trapping-math -fno-signed-zeros -ffp-contract=fast -fstrict-aliasing -include /capstor/scratch/cscs/lhulsbergen/HPCAgent-Bench-dace/hpcagent_bench/envs/vecmath.h -Wall -Wextra -O3 -fPIC -fopenmp -std=c++20 -I/capstor/scratch/cscs/lhulsbergen/venv_dace5cf/lib/python3.12/site-packages/dace/runtime/include -c /capstor/scratch/cscs/lhulsbergen/llr40_dace/emit/tsvc_2_s453/none_new/src/cpu/canon_cpu.cpp -o /dev/null -fopt-info-vec-all=/capstor/scratch/cscs/lhulsbergen/llr40_dace/vec/reports/tsvc_2_s453.none_new.g++-14.harness.all
tsvc_2_s453,none,old,g++-13,bonsall,True,0,,2,canon_cpu.cpp:32 canon_cpu.cpp:41,,g++-13 -O3 -std=c++20 -fPIC -fno-math-errno -ffinite-math-only -fno-signaling-nans -fstrict-aliasing -faligned-new -fvect-cost-model=unlimited -fopenmp -I/capstor/scratch/cscs/lhulsbergen/venv_dace5cf/lib/python3.12/site-packages/dace/runtime/include -c /capstor/scratch/cscs/lhulsbergen/llr40_dace/emit/tsvc_2_s453/none_old/src/cpu/canon_cpu.cpp -o /dev/null -fopt-info-vec-all=/capstor/scratch/cscs/lhulsbergen/llr40_dace/vec/reports/tsvc_2_s453.none_old.g++-13.bonsall.all
tsvc_2_s453,none,old,g++-13,unsafe,True,1,canon_cpu.cpp:32,0,,,g++-13 -O3 -std=c++20 -fPIC -fno-math-errno -ffinite-math-only -fno-signaling-nans -fstrict-aliasing -faligned-new -fvect-cost-model=unlimited -fopenmp -funsafe-math-optimizations -I/capstor/scratch/cscs/lhulsbergen/venv_dace5cf/lib/python3.12/site-packages/dace/runtime/include -c /capstor/scratch/cscs/lhulsbergen/llr40_dace/emit/tsvc_2_s453/none_old/src/cpu/canon_cpu.cpp -o /dev/null -fopt-info-vec-all=/capstor/scratch/cscs/lhulsbergen/llr40_dace/vec/reports/tsvc_2_s453.none_old.g++-13.unsafe.all
tsvc_2_s453,none,old,g++-13,harness,True,0,,2,canon_cpu.cpp:32 canon_cpu.cpp:41,,g++-13 -march=native -fopenmp -fno-math-errno -fno-trapping-math -fno-signed-zeros -ffp-contract=fast -fstrict-aliasing -include /capstor/scratch/cscs/lhulsbergen/HPCAgent-Bench-dace/hpcagent_bench/envs/vecmath.h -Wall -Wextra -O3 -fPIC -fopenmp -std=c++20 -I/capstor/scratch/cscs/lhulsbergen/venv_dace5cf/lib/python3.12/site-packages/dace/runtime/include -c /capstor/scratch/cscs/lhulsbergen/llr40_dace/emit/tsvc_2_s453/none_old/src/cpu/canon_cpu.cpp -o /dev/null -fopt-info-vec-all=/capstor/scratch/cscs/lhulsbergen/llr40_dace/vec/reports/tsvc_2_s453.none_old.g++-13.harness.all
tsvc_2_s453,none,old,g++-14,bonsall,True,0,,2,canon_cpu.cpp:32 canon_cpu.cpp:41,,g++-14 -O3 -std=c++20 -fPIC -fno-math-errno -ffinite-math-only -fno-signaling-nans -fstrict-aliasing -faligned-new -fvect-cost-model=unlimited -fopenmp -I/capstor/scratch/cscs/lhulsbergen/venv_dace5cf/lib/python3.12/site-packages/dace/runtime/include -c /capstor/scratch/cscs/lhulsbergen/llr40_dace/emit/tsvc_2_s453/none_old/src/cpu/canon_cpu.cpp -o /dev/null -fopt-info-vec-all=/capstor/scratch/cscs/lhulsbergen/llr40_dace/vec/reports/tsvc_2_s453.none_old.g++-14.bonsall.all
tsvc_2_s453,none,old,g++-14,unsafe,True,1,canon_cpu.cpp:32,0,,,g++-14 -O3 -std=c++20 -fPIC -fno-math-errno -ffinite-math-only -fno-signaling-nans -fstrict-aliasing -faligned-new -fvect-cost-model=unlimited -fopenmp -funsafe-math-optimizations -I/capstor/scratch/cscs/lhulsbergen/venv_dace5cf/lib/python3.12/site-packages/dace/runtime/include -c /capstor/scratch/cscs/lhulsbergen/llr40_dace/emit/tsvc_2_s453/none_old/src/cpu/canon_cpu.cpp -o /dev/null -fopt-info-vec-all=/capstor/scratch/cscs/lhulsbergen/llr40_dace/vec/reports/tsvc_2_s453.none_old.g++-14.unsafe.all
tsvc_2_s453,none,old,g++-14,harness,True,0,,2,canon_cpu.cpp:32 canon_cpu.cpp:41,,g++-14 -march=native -fopenmp -fno-math-errno -fno-trapping-math -fno-signed-zeros -ffp-contract=fast -fstrict-aliasing -include /capstor/scratch/cscs/lhulsbergen/HPCAgent-Bench-dace/hpcagent_bench/envs/vecmath.h -Wall -Wextra -O3 -fPIC -fopenmp -std=c++20 -I/capstor/scratch/cscs/lhulsbergen/venv_dace5cf/lib/python3.12/site-packages/dace/runtime/include -c /capstor/scratch/cscs/lhulsbergen/llr40_dace/emit/tsvc_2_s453/none_old/src/cpu/canon_cpu.cpp -o /dev/null -fopt-info-vec-all=/capstor/scratch/cscs/lhulsbergen/llr40_dace/vec/reports/tsvc_2_s453.none_old.g++-14.harness.all
tsvc_2_vag,canon,legacy,g++-13,bonsall,True,0,,1,canon_cpu.cpp:13,,g++-13 -O3 -std=c++20 -fPIC -fno-math-errno -ffinite-math-only -fno-signaling-nans -fstrict-aliasing -faligned-new -fvect-cost-model=unlimited -fopenmp -I/capstor/scratch/cscs/lhulsbergen/venv_dace5cf/lib/python3.12/site-packages/dace/runtime/include -c /capstor/scratch/cscs/lhulsbergen/llr40_dace/emit/tsvc_2_vag/canon_legacy/src/cpu/canon_cpu.cpp -o /dev/null -fopt-info-vec-all=/capstor/scratch/cscs/lhulsbergen/llr40_dace/vec/reports/tsvc_2_vag.canon_legacy.g++-13.bonsall.all
tsvc_2_vag,canon,legacy,g++-13,unsafe,True,0,,1,canon_cpu.cpp:13,,g++-13 -O3 -std=c++20 -fPIC -fno-math-errno -ffinite-math-only -fno-signaling-nans -fstrict-aliasing -faligned-new -fvect-cost-model=unlimited -fopenmp -funsafe-math-optimizations -I/capstor/scratch/cscs/lhulsbergen/venv_dace5cf/lib/python3.12/site-packages/dace/runtime/include -c /capstor/scratch/cscs/lhulsbergen/llr40_dace/emit/tsvc_2_vag/canon_legacy/src/cpu/canon_cpu.cpp -o /dev/null -fopt-info-vec-all=/capstor/scratch/cscs/lhulsbergen/llr40_dace/vec/reports/tsvc_2_vag.canon_legacy.g++-13.unsafe.all
tsvc_2_vag,canon,legacy,g++-13,harness,True,0,,2,canon_cpu.cpp:13 canon_cpu.cpp:51,,g++-13 -march=native -fopenmp -fno-math-errno -fno-trapping-math -fno-signed-zeros -ffp-contract=fast -fstrict-aliasing -include /capstor/scratch/cscs/lhulsbergen/HPCAgent-Bench-dace/hpcagent_bench/envs/vecmath.h -Wall -Wextra -O3 -fPIC -fopenmp -std=c++20 -I/capstor/scratch/cscs/lhulsbergen/venv_dace5cf/lib/python3.12/site-packages/dace/runtime/include -c /capstor/scratch/cscs/lhulsbergen/llr40_dace/emit/tsvc_2_vag/canon_legacy/src/cpu/canon_cpu.cpp -o /dev/null -fopt-info-vec-all=/capstor/scratch/cscs/lhulsbergen/llr40_dace/vec/reports/tsvc_2_vag.canon_legacy.g++-13.harness.all
tsvc_2_vag,canon,legacy,g++-14,bonsall,True,0,,1,canon_cpu.cpp:13,,g++-14 -O3 -std=c++20 -fPIC -fno-math-errno -ffinite-math-only -fno-signaling-nans -fstrict-aliasing -faligned-new -fvect-cost-model=unlimited -fopenmp -I/capstor/scratch/cscs/lhulsbergen/venv_dace5cf/lib/python3.12/site-packages/dace/runtime/include -c /capstor/scratch/cscs/lhulsbergen/llr40_dace/emit/tsvc_2_vag/canon_legacy/src/cpu/canon_cpu.cpp -o /dev/null -fopt-info-vec-all=/capstor/scratch/cscs/lhulsbergen/llr40_dace/vec/reports/tsvc_2_vag.canon_legacy.g++-14.bonsall.all
tsvc_2_vag,canon,legacy,g++-14,unsafe,True,0,,1,canon_cpu.cpp:13,,g++-14 -O3 -std=c++20 -fPIC -fno-math-errno -ffinite-math-only -fno-signaling-nans -fstrict-aliasing -faligned-new -fvect-cost-model=unlimited -fopenmp -funsafe-math-optimizations -I/capstor/scratch/cscs/lhulsbergen/venv_dace5cf/lib/python3.12/site-packages/dace/runtime/include -c /capstor/scratch/cscs/lhulsbergen/llr40_dace/emit/tsvc_2_vag/canon_legacy/src/cpu/canon_cpu.cpp -o /dev/null -fopt-info-vec-all=/capstor/scratch/cscs/lhulsbergen/llr40_dace/vec/reports/tsvc_2_vag.canon_legacy.g++-14.unsafe.all
tsvc_2_vag,canon,legacy,g++-14,harness,True,0,,2,canon_cpu.cpp:13 canon_cpu.cpp:51,,g++-14 -march=native -fopenmp -fno-math-errno -fno-trapping-math -fno-signed-zeros -ffp-contract=fast -fstrict-aliasing -include /capstor/scratch/cscs/lhulsbergen/HPCAgent-Bench-dace/hpcagent_bench/envs/vecmath.h -Wall -Wextra -O3 -fPIC -fopenmp -std=c++20 -I/capstor/scratch/cscs/lhulsbergen/venv_dace5cf/lib/python3.12/site-packages/dace/runtime/include -c /capstor/scratch/cscs/lhulsbergen/llr40_dace/emit/tsvc_2_vag/canon_legacy/src/cpu/canon_cpu.cpp -o /dev/null -fopt-info-vec-all=/capstor/scratch/cscs/lhulsbergen/llr40_dace/vec/reports/tsvc_2_vag.canon_legacy.g++-14.harness.all
tsvc_2_vag,canon,new,g++-13,bonsall,True,0,,1,canon_cpu.cpp:15,,g++-13 -O3 -std=c++20 -fPIC -fno-math-errno -ffinite-math-only -fno-signaling-nans -fstrict-aliasing -faligned-new -fvect-cost-model=unlimited -fopenmp -I/capstor/scratch/cscs/lhulsbergen/venv_dace5cf/lib/python3.12/site-packages/dace/runtime/include -c /capstor/scratch/cscs/lhulsbergen/llr40_dace/emit/tsvc_2_vag/canon_new/src/cpu/canon_cpu.cpp -o /dev/null -fopt-info-vec-all=/capstor/scratch/cscs/lhulsbergen/llr40_dace/vec/reports/tsvc_2_vag.canon_new.g++-13.bonsall.all
tsvc_2_vag,canon,new,g++-13,unsafe,True,0,,1,canon_cpu.cpp:15,,g++-13 -O3 -std=c++20 -fPIC -fno-math-errno -ffinite-math-only -fno-signaling-nans -fstrict-aliasing -faligned-new -fvect-cost-model=unlimited -fopenmp -funsafe-math-optimizations -I/capstor/scratch/cscs/lhulsbergen/venv_dace5cf/lib/python3.12/site-packages/dace/runtime/include -c /capstor/scratch/cscs/lhulsbergen/llr40_dace/emit/tsvc_2_vag/canon_new/src/cpu/canon_cpu.cpp -o /dev/null -fopt-info-vec-all=/capstor/scratch/cscs/lhulsbergen/llr40_dace/vec/reports/tsvc_2_vag.canon_new.g++-13.unsafe.all
tsvc_2_vag,canon,new,g++-13,harness,True,0,,2,canon_cpu.cpp:15 canon_cpu.cpp:36,,g++-13 -march=native -fopenmp -fno-math-errno -fno-trapping-math -fno-signed-zeros -ffp-contract=fast -fstrict-aliasing -include /capstor/scratch/cscs/lhulsbergen/HPCAgent-Bench-dace/hpcagent_bench/envs/vecmath.h -Wall -Wextra -O3 -fPIC -fopenmp -std=c++20 -I/capstor/scratch/cscs/lhulsbergen/venv_dace5cf/lib/python3.12/site-packages/dace/runtime/include -c /capstor/scratch/cscs/lhulsbergen/llr40_dace/emit/tsvc_2_vag/canon_new/src/cpu/canon_cpu.cpp -o /dev/null -fopt-info-vec-all=/capstor/scratch/cscs/lhulsbergen/llr40_dace/vec/reports/tsvc_2_vag.canon_new.g++-13.harness.all
tsvc_2_vag,canon,new,g++-14,bonsall,True,0,,1,canon_cpu.cpp:15,,g++-14 -O3 -std=c++20 -fPIC -fno-math-errno -ffinite-math-only -fno-signaling-nans -fstrict-aliasing -faligned-new -fvect-cost-model=unlimited -fopenmp -I/capstor/scratch/cscs/lhulsbergen/venv_dace5cf/lib/python3.12/site-packages/dace/runtime/include -c /capstor/scratch/cscs/lhulsbergen/llr40_dace/emit/tsvc_2_vag/canon_new/src/cpu/canon_cpu.cpp -o /dev/null -fopt-info-vec-all=/capstor/scratch/cscs/lhulsbergen/llr40_dace/vec/reports/tsvc_2_vag.canon_new.g++-14.bonsall.all
tsvc_2_vag,canon,new,g++-14,unsafe,True,0,,1,canon_cpu.cpp:15,,g++-14 -O3 -std=c++20 -fPIC -fno-math-errno -ffinite-math-only -fno-signaling-nans -fstrict-aliasing -faligned-new -fvect-cost-model=unlimited -fopenmp -funsafe-math-optimizations -I/capstor/scratch/cscs/lhulsbergen/venv_dace5cf/lib/python3.12/site-packages/dace/runtime/include -c /capstor/scratch/cscs/lhulsbergen/llr40_dace/emit/tsvc_2_vag/canon_new/src/cpu/canon_cpu.cpp -o /dev/null -fopt-info-vec-all=/capstor/scratch/cscs/lhulsbergen/llr40_dace/vec/reports/tsvc_2_vag.canon_new.g++-14.unsafe.all
tsvc_2_vag,canon,new,g++-14,harness,True,0,,2,canon_cpu.cpp:15 canon_cpu.cpp:36,,g++-14 -march=native -fopenmp -fno-math-errno -fno-trapping-math -fno-signed-zeros -ffp-contract=fast -fstrict-aliasing -include /capstor/scratch/cscs/lhulsbergen/HPCAgent-Bench-dace/hpcagent_bench/envs/vecmath.h -Wall -Wextra -O3 -fPIC -fopenmp -std=c++20 -I/capstor/scratch/cscs/lhulsbergen/venv_dace5cf/lib/python3.12/site-packages/dace/runtime/include -c /capstor/scratch/cscs/lhulsbergen/llr40_dace/emit/tsvc_2_vag/canon_new/src/cpu/canon_cpu.cpp -o /dev/null -fopt-info-vec-all=/capstor/scratch/cscs/lhulsbergen/llr40_dace/vec/reports/tsvc_2_vag.canon_new.g++-14.harness.all
tsvc_2_vag,canon,old,g++-13,bonsall,True,0,,1,canon_cpu.cpp:13,,g++-13 -O3 -std=c++20 -fPIC -fno-math-errno -ffinite-math-only -fno-signaling-nans -fstrict-aliasing -faligned-new -fvect-cost-model=unlimited -fopenmp -I/capstor/scratch/cscs/lhulsbergen/venv_dace5cf/lib/python3.12/site-packages/dace/runtime/include -c /capstor/scratch/cscs/lhulsbergen/llr40_dace/emit/tsvc_2_vag/canon_old/src/cpu/canon_cpu.cpp -o /dev/null -fopt-info-vec-all=/capstor/scratch/cscs/lhulsbergen/llr40_dace/vec/reports/tsvc_2_vag.canon_old.g++-13.bonsall.all
tsvc_2_vag,canon,old,g++-13,unsafe,True,0,,1,canon_cpu.cpp:13,,g++-13 -O3 -std=c++20 -fPIC -fno-math-errno -ffinite-math-only -fno-signaling-nans -fstrict-aliasing -faligned-new -fvect-cost-model=unlimited -fopenmp -funsafe-math-optimizations -I/capstor/scratch/cscs/lhulsbergen/venv_dace5cf/lib/python3.12/site-packages/dace/runtime/include -c /capstor/scratch/cscs/lhulsbergen/llr40_dace/emit/tsvc_2_vag/canon_old/src/cpu/canon_cpu.cpp -o /dev/null -fopt-info-vec-all=/capstor/scratch/cscs/lhulsbergen/llr40_dace/vec/reports/tsvc_2_vag.canon_old.g++-13.unsafe.all
tsvc_2_vag,canon,old,g++-13,harness,True,0,,2,canon_cpu.cpp:13 canon_cpu.cpp:51,,g++-13 -march=native -fopenmp -fno-math-errno -fno-trapping-math -fno-signed-zeros -ffp-contract=fast -fstrict-aliasing -include /capstor/scratch/cscs/lhulsbergen/HPCAgent-Bench-dace/hpcagent_bench/envs/vecmath.h -Wall -Wextra -O3 -fPIC -fopenmp -std=c++20 -I/capstor/scratch/cscs/lhulsbergen/venv_dace5cf/lib/python3.12/site-packages/dace/runtime/include -c /capstor/scratch/cscs/lhulsbergen/llr40_dace/emit/tsvc_2_vag/canon_old/src/cpu/canon_cpu.cpp -o /dev/null -fopt-info-vec-all=/capstor/scratch/cscs/lhulsbergen/llr40_dace/vec/reports/tsvc_2_vag.canon_old.g++-13.harness.all
tsvc_2_vag,canon,old,g++-14,bonsall,True,0,,1,canon_cpu.cpp:13,,g++-14 -O3 -std=c++20 -fPIC -fno-math-errno -ffinite-math-only -fno-signaling-nans -fstrict-aliasing -faligned-new -fvect-cost-model=unlimited -fopenmp -I/capstor/scratch/cscs/lhulsbergen/venv_dace5cf/lib/python3.12/site-packages/dace/runtime/include -c /capstor/scratch/cscs/lhulsbergen/llr40_dace/emit/tsvc_2_vag/canon_old/src/cpu/canon_cpu.cpp -o /dev/null -fopt-info-vec-all=/capstor/scratch/cscs/lhulsbergen/llr40_dace/vec/reports/tsvc_2_vag.canon_old.g++-14.bonsall.all
tsvc_2_vag,canon,old,g++-14,unsafe,True,0,,1,canon_cpu.cpp:13,,g++-14 -O3 -std=c++20 -fPIC -fno-math-errno -ffinite-math-only -fno-signaling-nans -fstrict-aliasing -faligned-new -fvect-cost-model=unlimited -fopenmp -funsafe-math-optimizations -I/capstor/scratch/cscs/lhulsbergen/venv_dace5cf/lib/python3.12/site-packages/dace/runtime/include -c /capstor/scratch/cscs/lhulsbergen/llr40_dace/emit/tsvc_2_vag/canon_old/src/cpu/canon_cpu.cpp -o /dev/null -fopt-info-vec-all=/capstor/scratch/cscs/lhulsbergen/llr40_dace/vec/reports/tsvc_2_vag.canon_old.g++-14.unsafe.all
tsvc_2_vag,canon,old,g++-14,harness,True,0,,2,canon_cpu.cpp:13 canon_cpu.cpp:51,,g++-14 -march=native -fopenmp -fno-math-errno -fno-trapping-math -fno-signed-zeros -ffp-contract=fast -fstrict-aliasing -include /capstor/scratch/cscs/lhulsbergen/HPCAgent-Bench-dace/hpcagent_bench/envs/vecmath.h -Wall -Wextra -O3 -fPIC -fopenmp -std=c++20 -I/capstor/scratch/cscs/lhulsbergen/venv_dace5cf/lib/python3.12/site-packages/dace/runtime/include -c /capstor/scratch/cscs/lhulsbergen/llr40_dace/emit/tsvc_2_vag/canon_old/src/cpu/canon_cpu.cpp -o /dev/null -fopt-info-vec-all=/capstor/scratch/cscs/lhulsbergen/llr40_dace/vec/reports/tsvc_2_vag.canon_old.g++-14.harness.all
tsvc_2_vag,none,legacy,g++-13,bonsall,True,1,canon_cpu.cpp:16,0,,,g++-13 -O3 -std=c++20 -fPIC -fno-math-errno -ffinite-math-only -fno-signaling-nans -fstrict-aliasing -faligned-new -fvect-cost-model=unlimited -fopenmp -I/capstor/scratch/cscs/lhulsbergen/venv_dace5cf/lib/python3.12/site-packages/dace/runtime/include -c /capstor/scratch/cscs/lhulsbergen/llr40_dace/emit/tsvc_2_vag/none_legacy/src/cpu/canon_cpu.cpp -o /dev/null -fopt-info-vec-all=/capstor/scratch/cscs/lhulsbergen/llr40_dace/vec/reports/tsvc_2_vag.none_legacy.g++-13.bonsall.all
tsvc_2_vag,none,legacy,g++-13,unsafe,True,1,canon_cpu.cpp:16,0,,,g++-13 -O3 -std=c++20 -fPIC -fno-math-errno -ffinite-math-only -fno-signaling-nans -fstrict-aliasing -faligned-new -fvect-cost-model=unlimited -fopenmp -funsafe-math-optimizations -I/capstor/scratch/cscs/lhulsbergen/venv_dace5cf/lib/python3.12/site-packages/dace/runtime/include -c /capstor/scratch/cscs/lhulsbergen/llr40_dace/emit/tsvc_2_vag/none_legacy/src/cpu/canon_cpu.cpp -o /dev/null -fopt-info-vec-all=/capstor/scratch/cscs/lhulsbergen/llr40_dace/vec/reports/tsvc_2_vag.none_legacy.g++-13.unsafe.all
tsvc_2_vag,none,legacy,g++-13,harness,True,0,,1,canon_cpu.cpp:16,,g++-13 -march=native -fopenmp -fno-math-errno -fno-trapping-math -fno-signed-zeros -ffp-contract=fast -fstrict-aliasing -include /capstor/scratch/cscs/lhulsbergen/HPCAgent-Bench-dace/hpcagent_bench/envs/vecmath.h -Wall -Wextra -O3 -fPIC -fopenmp -std=c++20 -I/capstor/scratch/cscs/lhulsbergen/venv_dace5cf/lib/python3.12/site-packages/dace/runtime/include -c /capstor/scratch/cscs/lhulsbergen/llr40_dace/emit/tsvc_2_vag/none_legacy/src/cpu/canon_cpu.cpp -o /dev/null -fopt-info-vec-all=/capstor/scratch/cscs/lhulsbergen/llr40_dace/vec/reports/tsvc_2_vag.none_legacy.g++-13.harness.all
tsvc_2_vag,none,legacy,g++-14,bonsall,True,1,canon_cpu.cpp:16,0,,,g++-14 -O3 -std=c++20 -fPIC -fno-math-errno -ffinite-math-only -fno-signaling-nans -fstrict-aliasing -faligned-new -fvect-cost-model=unlimited -fopenmp -I/capstor/scratch/cscs/lhulsbergen/venv_dace5cf/lib/python3.12/site-packages/dace/runtime/include -c /capstor/scratch/cscs/lhulsbergen/llr40_dace/emit/tsvc_2_vag/none_legacy/src/cpu/canon_cpu.cpp -o /dev/null -fopt-info-vec-all=/capstor/scratch/cscs/lhulsbergen/llr40_dace/vec/reports/tsvc_2_vag.none_legacy.g++-14.bonsall.all
tsvc_2_vag,none,legacy,g++-14,unsafe,True,1,canon_cpu.cpp:16,0,,,g++-14 -O3 -std=c++20 -fPIC -fno-math-errno -ffinite-math-only -fno-signaling-nans -fstrict-aliasing -faligned-new -fvect-cost-model=unlimited -fopenmp -funsafe-math-optimizations -I/capstor/scratch/cscs/lhulsbergen/venv_dace5cf/lib/python3.12/site-packages/dace/runtime/include -c /capstor/scratch/cscs/lhulsbergen/llr40_dace/emit/tsvc_2_vag/none_legacy/src/cpu/canon_cpu.cpp -o /dev/null -fopt-info-vec-all=/capstor/scratch/cscs/lhulsbergen/llr40_dace/vec/reports/tsvc_2_vag.none_legacy.g++-14.unsafe.all
tsvc_2_vag,none,legacy,g++-14,harness,True,0,,1,canon_cpu.cpp:16,,g++-14 -march=native -fopenmp -fno-math-errno -fno-trapping-math -fno-signed-zeros -ffp-contract=fast -fstrict-aliasing -include /capstor/scratch/cscs/lhulsbergen/HPCAgent-Bench-dace/hpcagent_bench/envs/vecmath.h -Wall -Wextra -O3 -fPIC -fopenmp -std=c++20 -I/capstor/scratch/cscs/lhulsbergen/venv_dace5cf/lib/python3.12/site-packages/dace/runtime/include -c /capstor/scratch/cscs/lhulsbergen/llr40_dace/emit/tsvc_2_vag/none_legacy/src/cpu/canon_cpu.cpp -o /dev/null -fopt-info-vec-all=/capstor/scratch/cscs/lhulsbergen/llr40_dace/vec/reports/tsvc_2_vag.none_legacy.g++-14.harness.all
tsvc_2_vag,none,new,g++-13,bonsall,True,1,canon_cpu.cpp:17,0,,,g++-13 -O3 -std=c++20 -fPIC -fno-math-errno -ffinite-math-only -fno-signaling-nans -fstrict-aliasing -faligned-new -fvect-cost-model=unlimited -fopenmp -I/capstor/scratch/cscs/lhulsbergen/venv_dace5cf/lib/python3.12/site-packages/dace/runtime/include -c /capstor/scratch/cscs/lhulsbergen/llr40_dace/emit/tsvc_2_vag/none_new/src/cpu/canon_cpu.cpp -o /dev/null -fopt-info-vec-all=/capstor/scratch/cscs/lhulsbergen/llr40_dace/vec/reports/tsvc_2_vag.none_new.g++-13.bonsall.all
tsvc_2_vag,none,new,g++-13,unsafe,True,1,canon_cpu.cpp:17,0,,,g++-13 -O3 -std=c++20 -fPIC -fno-math-errno -ffinite-math-only -fno-signaling-nans -fstrict-aliasing -faligned-new -fvect-cost-model=unlimited -fopenmp -funsafe-math-optimizations -I/capstor/scratch/cscs/lhulsbergen/venv_dace5cf/lib/python3.12/site-packages/dace/runtime/include -c /capstor/scratch/cscs/lhulsbergen/llr40_dace/emit/tsvc_2_vag/none_new/src/cpu/canon_cpu.cpp -o /dev/null -fopt-info-vec-all=/capstor/scratch/cscs/lhulsbergen/llr40_dace/vec/reports/tsvc_2_vag.none_new.g++-13.unsafe.all
tsvc_2_vag,none,new,g++-13,harness,True,0,,1,canon_cpu.cpp:17,,g++-13 -march=native -fopenmp -fno-math-errno -fno-trapping-math -fno-signed-zeros -ffp-contract=fast -fstrict-aliasing -include /capstor/scratch/cscs/lhulsbergen/HPCAgent-Bench-dace/hpcagent_bench/envs/vecmath.h -Wall -Wextra -O3 -fPIC -fopenmp -std=c++20 -I/capstor/scratch/cscs/lhulsbergen/venv_dace5cf/lib/python3.12/site-packages/dace/runtime/include -c /capstor/scratch/cscs/lhulsbergen/llr40_dace/emit/tsvc_2_vag/none_new/src/cpu/canon_cpu.cpp -o /dev/null -fopt-info-vec-all=/capstor/scratch/cscs/lhulsbergen/llr40_dace/vec/reports/tsvc_2_vag.none_new.g++-13.harness.all
tsvc_2_vag,none,new,g++-14,bonsall,True,1,canon_cpu.cpp:17,0,,,g++-14 -O3 -std=c++20 -fPIC -fno-math-errno -ffinite-math-only -fno-signaling-nans -fstrict-aliasing -faligned-new -fvect-cost-model=unlimited -fopenmp -I/capstor/scratch/cscs/lhulsbergen/venv_dace5cf/lib/python3.12/site-packages/dace/runtime/include -c /capstor/scratch/cscs/lhulsbergen/llr40_dace/emit/tsvc_2_vag/none_new/src/cpu/canon_cpu.cpp -o /dev/null -fopt-info-vec-all=/capstor/scratch/cscs/lhulsbergen/llr40_dace/vec/reports/tsvc_2_vag.none_new.g++-14.bonsall.all
tsvc_2_vag,none,new,g++-14,unsafe,True,1,canon_cpu.cpp:17,0,,,g++-14 -O3 -std=c++20 -fPIC -fno-math-errno -ffinite-math-only -fno-signaling-nans -fstrict-aliasing -faligned-new -fvect-cost-model=unlimited -fopenmp -funsafe-math-optimizations -I/capstor/scratch/cscs/lhulsbergen/venv_dace5cf/lib/python3.12/site-packages/dace/runtime/include -c /capstor/scratch/cscs/lhulsbergen/llr40_dace/emit/tsvc_2_vag/none_new/src/cpu/canon_cpu.cpp -o /dev/null -fopt-info-vec-all=/capstor/scratch/cscs/lhulsbergen/llr40_dace/vec/reports/tsvc_2_vag.none_new.g++-14.unsafe.all
tsvc_2_vag,none,new,g++-14,harness,True,0,,1,canon_cpu.cpp:17,,g++-14 -march=native -fopenmp -fno-math-errno -fno-trapping-math -fno-signed-zeros -ffp-contract=fast -fstrict-aliasing -include /capstor/scratch/cscs/lhulsbergen/HPCAgent-Bench-dace/hpcagent_bench/envs/vecmath.h -Wall -Wextra -O3 -fPIC -fopenmp -std=c++20 -I/capstor/scratch/cscs/lhulsbergen/venv_dace5cf/lib/python3.12/site-packages/dace/runtime/include -c /capstor/scratch/cscs/lhulsbergen/llr40_dace/emit/tsvc_2_vag/none_new/src/cpu/canon_cpu.cpp -o /dev/null -fopt-info-vec-all=/capstor/scratch/cscs/lhulsbergen/llr40_dace/vec/reports/tsvc_2_vag.none_new.g++-14.harness.all
tsvc_2_vag,none,old,g++-13,bonsall,True,1,canon_cpu.cpp:16,0,,,g++-13 -O3 -std=c++20 -fPIC -fno-math-errno -ffinite-math-only -fno-signaling-nans -fstrict-aliasing -faligned-new -fvect-cost-model=unlimited -fopenmp -I/capstor/scratch/cscs/lhulsbergen/venv_dace5cf/lib/python3.12/site-packages/dace/runtime/include -c /capstor/scratch/cscs/lhulsbergen/llr40_dace/emit/tsvc_2_vag/none_old/src/cpu/canon_cpu.cpp -o /dev/null -fopt-info-vec-all=/capstor/scratch/cscs/lhulsbergen/llr40_dace/vec/reports/tsvc_2_vag.none_old.g++-13.bonsall.all
tsvc_2_vag,none,old,g++-13,unsafe,True,1,canon_cpu.cpp:16,0,,,g++-13 -O3 -std=c++20 -fPIC -fno-math-errno -ffinite-math-only -fno-signaling-nans -fstrict-aliasing -faligned-new -fvect-cost-model=unlimited -fopenmp -funsafe-math-optimizations -I/capstor/scratch/cscs/lhulsbergen/venv_dace5cf/lib/python3.12/site-packages/dace/runtime/include -c /capstor/scratch/cscs/lhulsbergen/llr40_dace/emit/tsvc_2_vag/none_old/src/cpu/canon_cpu.cpp -o /dev/null -fopt-info-vec-all=/capstor/scratch/cscs/lhulsbergen/llr40_dace/vec/reports/tsvc_2_vag.none_old.g++-13.unsafe.all
tsvc_2_vag,none,old,g++-13,harness,True,0,,1,canon_cpu.cpp:16,,g++-13 -march=native -fopenmp -fno-math-errno -fno-trapping-math -fno-signed-zeros -ffp-contract=fast -fstrict-aliasing -include /capstor/scratch/cscs/lhulsbergen/HPCAgent-Bench-dace/hpcagent_bench/envs/vecmath.h -Wall -Wextra -O3 -fPIC -fopenmp -std=c++20 -I/capstor/scratch/cscs/lhulsbergen/venv_dace5cf/lib/python3.12/site-packages/dace/runtime/include -c /capstor/scratch/cscs/lhulsbergen/llr40_dace/emit/tsvc_2_vag/none_old/src/cpu/canon_cpu.cpp -o /dev/null -fopt-info-vec-all=/capstor/scratch/cscs/lhulsbergen/llr40_dace/vec/reports/tsvc_2_vag.none_old.g++-13.harness.all
tsvc_2_vag,none,old,g++-14,bonsall,True,1,canon_cpu.cpp:16,0,,,g++-14 -O3 -std=c++20 -fPIC -fno-math-errno -ffinite-math-only -fno-signaling-nans -fstrict-aliasing -faligned-new -fvect-cost-model=unlimited -fopenmp -I/capstor/scratch/cscs/lhulsbergen/venv_dace5cf/lib/python3.12/site-packages/dace/runtime/include -c /capstor/scratch/cscs/lhulsbergen/llr40_dace/emit/tsvc_2_vag/none_old/src/cpu/canon_cpu.cpp -o /dev/null -fopt-info-vec-all=/capstor/scratch/cscs/lhulsbergen/llr40_dace/vec/reports/tsvc_2_vag.none_old.g++-14.bonsall.all
tsvc_2_vag,none,old,g++-14,unsafe,True,1,canon_cpu.cpp:16,0,,,g++-14 -O3 -std=c++20 -fPIC -fno-math-errno -ffinite-math-only -fno-signaling-nans -fstrict-aliasing -faligned-new -fvect-cost-model=unlimited -fopenmp -funsafe-math-optimizations -I/capstor/scratch/cscs/lhulsbergen/venv_dace5cf/lib/python3.12/site-packages/dace/runtime/include -c /capstor/scratch/cscs/lhulsbergen/llr40_dace/emit/tsvc_2_vag/none_old/src/cpu/canon_cpu.cpp -o /dev/null -fopt-info-vec-all=/capstor/scratch/cscs/lhulsbergen/llr40_dace/vec/reports/tsvc_2_vag.none_old.g++-14.unsafe.all
tsvc_2_vag,none,old,g++-14,harness,True,0,,1,canon_cpu.cpp:16,,g++-14 -march=native -fopenmp -fno-math-errno -fno-trapping-math -fno-signed-zeros -ffp-contract=fast -fstrict-aliasing -include /capstor/scratch/cscs/lhulsbergen/HPCAgent-Bench-dace/hpcagent_bench/envs/vecmath.h -Wall -Wextra -O3 -fPIC -fopenmp -std=c++20 -I/capstor/scratch/cscs/lhulsbergen/venv_dace5cf/lib/python3.12/site-packages/dace/runtime/include -c /capstor/scratch/cscs/lhulsbergen/llr40_dace/emit/tsvc_2_vag/none_old/src/cpu/canon_cpu.cpp -o /dev/null -fopt-info-vec-all=/capstor/scratch/cscs/lhulsbergen/llr40_dace/vec/reports/tsvc_2_vag.none_old.g++-14.harness.all
tsvc_2_vdotr,canon,legacy,g++-13,bonsall,True,1,canon_cpu.cpp:70,1,canon_cpu.cpp:65,,g++-13 -O3 -std=c++20 -fPIC -fno-math-errno -ffinite-math-only -fno-signaling-nans -fstrict-aliasing -faligned-new -fvect-cost-model=unlimited -fopenmp -I/capstor/scratch/cscs/lhulsbergen/venv_dace5cf/lib/python3.12/site-packages/dace/runtime/include -c /capstor/scratch/cscs/lhulsbergen/llr40_dace/emit/tsvc_2_vdotr/canon_legacy/src/cpu/canon_cpu.cpp -o /dev/null -fopt-info-vec-all=/capstor/scratch/cscs/lhulsbergen/llr40_dace/vec/reports/tsvc_2_vdotr.canon_legacy.g++-13.bonsall.all
tsvc_2_vdotr,canon,legacy,g++-13,unsafe,True,1,canon_cpu.cpp:70,1,canon_cpu.cpp:65,,g++-13 -O3 -std=c++20 -fPIC -fno-math-errno -ffinite-math-only -fno-signaling-nans -fstrict-aliasing -faligned-new -fvect-cost-model=unlimited -fopenmp -funsafe-math-optimizations -I/capstor/scratch/cscs/lhulsbergen/venv_dace5cf/lib/python3.12/site-packages/dace/runtime/include -c /capstor/scratch/cscs/lhulsbergen/llr40_dace/emit/tsvc_2_vdotr/canon_legacy/src/cpu/canon_cpu.cpp -o /dev/null -fopt-info-vec-all=/capstor/scratch/cscs/lhulsbergen/llr40_dace/vec/reports/tsvc_2_vdotr.canon_legacy.g++-13.unsafe.all
tsvc_2_vdotr,canon,legacy,g++-13,harness,True,1,canon_cpu.cpp:70,1,canon_cpu.cpp:65,,g++-13 -march=native -fopenmp -fno-math-errno -fno-trapping-math -fno-signed-zeros -ffp-contract=fast -fstrict-aliasing -include /capstor/scratch/cscs/lhulsbergen/HPCAgent-Bench-dace/hpcagent_bench/envs/vecmath.h -Wall -Wextra -O3 -fPIC -fopenmp -std=c++20 -I/capstor/scratch/cscs/lhulsbergen/venv_dace5cf/lib/python3.12/site-packages/dace/runtime/include -c /capstor/scratch/cscs/lhulsbergen/llr40_dace/emit/tsvc_2_vdotr/canon_legacy/src/cpu/canon_cpu.cpp -o /dev/null -fopt-info-vec-all=/capstor/scratch/cscs/lhulsbergen/llr40_dace/vec/reports/tsvc_2_vdotr.canon_legacy.g++-13.harness.all
tsvc_2_vdotr,canon,legacy,g++-14,bonsall,True,1,canon_cpu.cpp:70,1,canon_cpu.cpp:65,,g++-14 -O3 -std=c++20 -fPIC -fno-math-errno -ffinite-math-only -fno-signaling-nans -fstrict-aliasing -faligned-new -fvect-cost-model=unlimited -fopenmp -I/capstor/scratch/cscs/lhulsbergen/venv_dace5cf/lib/python3.12/site-packages/dace/runtime/include -c /capstor/scratch/cscs/lhulsbergen/llr40_dace/emit/tsvc_2_vdotr/canon_legacy/src/cpu/canon_cpu.cpp -o /dev/null -fopt-info-vec-all=/capstor/scratch/cscs/lhulsbergen/llr40_dace/vec/reports/tsvc_2_vdotr.canon_legacy.g++-14.bonsall.all
tsvc_2_vdotr,canon,legacy,g++-14,unsafe,True,1,canon_cpu.cpp:70,1,canon_cpu.cpp:65,,g++-14 -O3 -std=c++20 -fPIC -fno-math-errno -ffinite-math-only -fno-signaling-nans -fstrict-aliasing -faligned-new -fvect-cost-model=unlimited -fopenmp -funsafe-math-optimizations -I/capstor/scratch/cscs/lhulsbergen/venv_dace5cf/lib/python3.12/site-packages/dace/runtime/include -c /capstor/scratch/cscs/lhulsbergen/llr40_dace/emit/tsvc_2_vdotr/canon_legacy/src/cpu/canon_cpu.cpp -o /dev/null -fopt-info-vec-all=/capstor/scratch/cscs/lhulsbergen/llr40_dace/vec/reports/tsvc_2_vdotr.canon_legacy.g++-14.unsafe.all
tsvc_2_vdotr,canon,legacy,g++-14,harness,True,1,canon_cpu.cpp:70,1,canon_cpu.cpp:65,,g++-14 -march=native -fopenmp -fno-math-errno -fno-trapping-math -fno-signed-zeros -ffp-contract=fast -fstrict-aliasing -include /capstor/scratch/cscs/lhulsbergen/HPCAgent-Bench-dace/hpcagent_bench/envs/vecmath.h -Wall -Wextra -O3 -fPIC -fopenmp -std=c++20 -I/capstor/scratch/cscs/lhulsbergen/venv_dace5cf/lib/python3.12/site-packages/dace/runtime/include -c /capstor/scratch/cscs/lhulsbergen/llr40_dace/emit/tsvc_2_vdotr/canon_legacy/src/cpu/canon_cpu.cpp -o /dev/null -fopt-info-vec-all=/capstor/scratch/cscs/lhulsbergen/llr40_dace/vec/reports/tsvc_2_vdotr.canon_legacy.g++-14.harness.all
tsvc_2_vdotr,canon,new,g++-13,bonsall,True,1,canon_cpu.cpp:42,1,canon_cpu.cpp:38,,g++-13 -O3 -std=c++20 -fPIC -fno-math-errno -ffinite-math-only -fno-signaling-nans -fstrict-aliasing -faligned-new -fvect-cost-model=unlimited -fopenmp -I/capstor/scratch/cscs/lhulsbergen/venv_dace5cf/lib/python3.12/site-packages/dace/runtime/include -c /capstor/scratch/cscs/lhulsbergen/llr40_dace/emit/tsvc_2_vdotr/canon_new/src/cpu/canon_cpu.cpp -o /dev/null -fopt-info-vec-all=/capstor/scratch/cscs/lhulsbergen/llr40_dace/vec/reports/tsvc_2_vdotr.canon_new.g++-13.bonsall.all
tsvc_2_vdotr,canon,new,g++-13,unsafe,True,1,canon_cpu.cpp:42,1,canon_cpu.cpp:38,,g++-13 -O3 -std=c++20 -fPIC -fno-math-errno -ffinite-math-only -fno-signaling-nans -fstrict-aliasing -faligned-new -fvect-cost-model=unlimited -fopenmp -funsafe-math-optimizations -I/capstor/scratch/cscs/lhulsbergen/venv_dace5cf/lib/python3.12/site-packages/dace/runtime/include -c /capstor/scratch/cscs/lhulsbergen/llr40_dace/emit/tsvc_2_vdotr/canon_new/src/cpu/canon_cpu.cpp -o /dev/null -fopt-info-vec-all=/capstor/scratch/cscs/lhulsbergen/llr40_dace/vec/reports/tsvc_2_vdotr.canon_new.g++-13.unsafe.all
tsvc_2_vdotr,canon,new,g++-13,harness,True,1,canon_cpu.cpp:42,1,canon_cpu.cpp:38,,g++-13 -march=native -fopenmp -fno-math-errno -fno-trapping-math -fno-signed-zeros -ffp-contract=fast -fstrict-aliasing -include /capstor/scratch/cscs/lhulsbergen/HPCAgent-Bench-dace/hpcagent_bench/envs/vecmath.h -Wall -Wextra -O3 -fPIC -fopenmp -std=c++20 -I/capstor/scratch/cscs/lhulsbergen/venv_dace5cf/lib/python3.12/site-packages/dace/runtime/include -c /capstor/scratch/cscs/lhulsbergen/llr40_dace/emit/tsvc_2_vdotr/canon_new/src/cpu/canon_cpu.cpp -o /dev/null -fopt-info-vec-all=/capstor/scratch/cscs/lhulsbergen/llr40_dace/vec/reports/tsvc_2_vdotr.canon_new.g++-13.harness.all
tsvc_2_vdotr,canon,new,g++-14,bonsall,True,1,canon_cpu.cpp:42,1,canon_cpu.cpp:38,,g++-14 -O3 -std=c++20 -fPIC -fno-math-errno -ffinite-math-only -fno-signaling-nans -fstrict-aliasing -faligned-new -fvect-cost-model=unlimited -fopenmp -I/capstor/scratch/cscs/lhulsbergen/venv_dace5cf/lib/python3.12/site-packages/dace/runtime/include -c /capstor/scratch/cscs/lhulsbergen/llr40_dace/emit/tsvc_2_vdotr/canon_new/src/cpu/canon_cpu.cpp -o /dev/null -fopt-info-vec-all=/capstor/scratch/cscs/lhulsbergen/llr40_dace/vec/reports/tsvc_2_vdotr.canon_new.g++-14.bonsall.all
tsvc_2_vdotr,canon,new,g++-14,unsafe,True,1,canon_cpu.cpp:42,1,canon_cpu.cpp:38,,g++-14 -O3 -std=c++20 -fPIC -fno-math-errno -ffinite-math-only -fno-signaling-nans -fstrict-aliasing -faligned-new -fvect-cost-model=unlimited -fopenmp -funsafe-math-optimizations -I/capstor/scratch/cscs/lhulsbergen/venv_dace5cf/lib/python3.12/site-packages/dace/runtime/include -c /capstor/scratch/cscs/lhulsbergen/llr40_dace/emit/tsvc_2_vdotr/canon_new/src/cpu/canon_cpu.cpp -o /dev/null -fopt-info-vec-all=/capstor/scratch/cscs/lhulsbergen/llr40_dace/vec/reports/tsvc_2_vdotr.canon_new.g++-14.unsafe.all
tsvc_2_vdotr,canon,new,g++-14,harness,True,1,canon_cpu.cpp:42,1,canon_cpu.cpp:38,,g++-14 -march=native -fopenmp -fno-math-errno -fno-trapping-math -fno-signed-zeros -ffp-contract=fast -fstrict-aliasing -include /capstor/scratch/cscs/lhulsbergen/HPCAgent-Bench-dace/hpcagent_bench/envs/vecmath.h -Wall -Wextra -O3 -fPIC -fopenmp -std=c++20 -I/capstor/scratch/cscs/lhulsbergen/venv_dace5cf/lib/python3.12/site-packages/dace/runtime/include -c /capstor/scratch/cscs/lhulsbergen/llr40_dace/emit/tsvc_2_vdotr/canon_new/src/cpu/canon_cpu.cpp -o /dev/null -fopt-info-vec-all=/capstor/scratch/cscs/lhulsbergen/llr40_dace/vec/reports/tsvc_2_vdotr.canon_new.g++-14.harness.all
tsvc_2_vdotr,canon,old,g++-13,bonsall,True,0,,3,canon_cpu.cpp:57 canon_cpu.cpp:62 reduction.h:216,,g++-13 -O3 -std=c++20 -fPIC -fno-math-errno -ffinite-math-only -fno-signaling-nans -fstrict-aliasing -faligned-new -fvect-cost-model=unlimited -fopenmp -I/capstor/scratch/cscs/lhulsbergen/venv_dace5cf/lib/python3.12/site-packages/dace/runtime/include -c /capstor/scratch/cscs/lhulsbergen/llr40_dace/emit/tsvc_2_vdotr/canon_old/src/cpu/canon_cpu.cpp -o /dev/null -fopt-info-vec-all=/capstor/scratch/cscs/lhulsbergen/llr40_dace/vec/reports/tsvc_2_vdotr.canon_old.g++-13.bonsall.all
tsvc_2_vdotr,canon,old,g++-13,unsafe,True,0,,3,canon_cpu.cpp:57 canon_cpu.cpp:62 reduction.h:216,,g++-13 -O3 -std=c++20 -fPIC -fno-math-errno -ffinite-math-only -fno-signaling-nans -fstrict-aliasing -faligned-new -fvect-cost-model=unlimited -fopenmp -funsafe-math-optimizations -I/capstor/scratch/cscs/lhulsbergen/venv_dace5cf/lib/python3.12/site-packages/dace/runtime/include -c /capstor/scratch/cscs/lhulsbergen/llr40_dace/emit/tsvc_2_vdotr/canon_old/src/cpu/canon_cpu.cpp -o /dev/null -fopt-info-vec-all=/capstor/scratch/cscs/lhulsbergen/llr40_dace/vec/reports/tsvc_2_vdotr.canon_old.g++-13.unsafe.all
tsvc_2_vdotr,canon,old,g++-13,harness,True,0,,3,canon_cpu.cpp:57 canon_cpu.cpp:62 reduction.h:216,,g++-13 -march=native -fopenmp -fno-math-errno -fno-trapping-math -fno-signed-zeros -ffp-contract=fast -fstrict-aliasing -include /capstor/scratch/cscs/lhulsbergen/HPCAgent-Bench-dace/hpcagent_bench/envs/vecmath.h -Wall -Wextra -O3 -fPIC -fopenmp -std=c++20 -I/capstor/scratch/cscs/lhulsbergen/venv_dace5cf/lib/python3.12/site-packages/dace/runtime/include -c /capstor/scratch/cscs/lhulsbergen/llr40_dace/emit/tsvc_2_vdotr/canon_old/src/cpu/canon_cpu.cpp -o /dev/null -fopt-info-vec-all=/capstor/scratch/cscs/lhulsbergen/llr40_dace/vec/reports/tsvc_2_vdotr.canon_old.g++-13.harness.all
tsvc_2_vdotr,canon,old,g++-14,bonsall,True,0,,3,canon_cpu.cpp:57 canon_cpu.cpp:62 reduction.h:216,,g++-14 -O3 -std=c++20 -fPIC -fno-math-errno -ffinite-math-only -fno-signaling-nans -fstrict-aliasing -faligned-new -fvect-cost-model=unlimited -fopenmp -I/capstor/scratch/cscs/lhulsbergen/venv_dace5cf/lib/python3.12/site-packages/dace/runtime/include -c /capstor/scratch/cscs/lhulsbergen/llr40_dace/emit/tsvc_2_vdotr/canon_old/src/cpu/canon_cpu.cpp -o /dev/null -fopt-info-vec-all=/capstor/scratch/cscs/lhulsbergen/llr40_dace/vec/reports/tsvc_2_vdotr.canon_old.g++-14.bonsall.all
tsvc_2_vdotr,canon,old,g++-14,unsafe,True,0,,3,canon_cpu.cpp:57 canon_cpu.cpp:62 reduction.h:216,,g++-14 -O3 -std=c++20 -fPIC -fno-math-errno -ffinite-math-only -fno-signaling-nans -fstrict-aliasing -faligned-new -fvect-cost-model=unlimited -fopenmp -funsafe-math-optimizations -I/capstor/scratch/cscs/lhulsbergen/venv_dace5cf/lib/python3.12/site-packages/dace/runtime/include -c /capstor/scratch/cscs/lhulsbergen/llr40_dace/emit/tsvc_2_vdotr/canon_old/src/cpu/canon_cpu.cpp -o /dev/null -fopt-info-vec-all=/capstor/scratch/cscs/lhulsbergen/llr40_dace/vec/reports/tsvc_2_vdotr.canon_old.g++-14.unsafe.all
tsvc_2_vdotr,canon,old,g++-14,harness,True,0,,3,canon_cpu.cpp:57 canon_cpu.cpp:62 reduction.h:216,,g++-14 -march=native -fopenmp -fno-math-errno -fno-trapping-math -fno-signed-zeros -ffp-contract=fast -fstrict-aliasing -include /capstor/scratch/cscs/lhulsbergen/HPCAgent-Bench-dace/hpcagent_bench/envs/vecmath.h -Wall -Wextra -O3 -fPIC -fopenmp -std=c++20 -I/capstor/scratch/cscs/lhulsbergen/venv_dace5cf/lib/python3.12/site-packages/dace/runtime/include -c /capstor/scratch/cscs/lhulsbergen/llr40_dace/emit/tsvc_2_vdotr/canon_old/src/cpu/canon_cpu.cpp -o /dev/null -fopt-info-vec-all=/capstor/scratch/cscs/lhulsbergen/llr40_dace/vec/reports/tsvc_2_vdotr.canon_old.g++-14.harness.all
tsvc_2_vdotr,none,legacy,g++-13,bonsall,True,1,canon_cpu.cpp:43,0,,,g++-13 -O3 -std=c++20 -fPIC -fno-math-errno -ffinite-math-only -fno-signaling-nans -fstrict-aliasing -faligned-new -fvect-cost-model=unlimited -fopenmp -I/capstor/scratch/cscs/lhulsbergen/venv_dace5cf/lib/python3.12/site-packages/dace/runtime/include -c /capstor/scratch/cscs/lhulsbergen/llr40_dace/emit/tsvc_2_vdotr/none_legacy/src/cpu/canon_cpu.cpp -o /dev/null -fopt-info-vec-all=/capstor/scratch/cscs/lhulsbergen/llr40_dace/vec/reports/tsvc_2_vdotr.none_legacy.g++-13.bonsall.all
tsvc_2_vdotr,none,legacy,g++-13,unsafe,True,1,canon_cpu.cpp:43,0,,,g++-13 -O3 -std=c++20 -fPIC -fno-math-errno -ffinite-math-only -fno-signaling-nans -fstrict-aliasing -faligned-new -fvect-cost-model=unlimited -fopenmp -funsafe-math-optimizations -I/capstor/scratch/cscs/lhulsbergen/venv_dace5cf/lib/python3.12/site-packages/dace/runtime/include -c /capstor/scratch/cscs/lhulsbergen/llr40_dace/emit/tsvc_2_vdotr/none_legacy/src/cpu/canon_cpu.cpp -o /dev/null -fopt-info-vec-all=/capstor/scratch/cscs/lhulsbergen/llr40_dace/vec/reports/tsvc_2_vdotr.none_legacy.g++-13.unsafe.all
tsvc_2_vdotr,none,legacy,g++-13,harness,True,1,canon_cpu.cpp:43,0,,,g++-13 -march=native -fopenmp -fno-math-errno -fno-trapping-math -fno-signed-zeros -ffp-contract=fast -fstrict-aliasing -include /capstor/scratch/cscs/lhulsbergen/HPCAgent-Bench-dace/hpcagent_bench/envs/vecmath.h -Wall -Wextra -O3 -fPIC -fopenmp -std=c++20 -I/capstor/scratch/cscs/lhulsbergen/venv_dace5cf/lib/python3.12/site-packages/dace/runtime/include -c /capstor/scratch/cscs/lhulsbergen/llr40_dace/emit/tsvc_2_vdotr/none_legacy/src/cpu/canon_cpu.cpp -o /dev/null -fopt-info-vec-all=/capstor/scratch/cscs/lhulsbergen/llr40_dace/vec/reports/tsvc_2_vdotr.none_legacy.g++-13.harness.all
tsvc_2_vdotr,none,legacy,g++-14,bonsall,True,1,canon_cpu.cpp:43,0,,,g++-14 -O3 -std=c++20 -fPIC -fno-math-errno -ffinite-math-only -fno-signaling-nans -fstrict-aliasing -faligned-new -fvect-cost-model=unlimited -fopenmp -I/capstor/scratch/cscs/lhulsbergen/venv_dace5cf/lib/python3.12/site-packages/dace/runtime/include -c /capstor/scratch/cscs/lhulsbergen/llr40_dace/emit/tsvc_2_vdotr/none_legacy/src/cpu/canon_cpu.cpp -o /dev/null -fopt-info-vec-all=/capstor/scratch/cscs/lhulsbergen/llr40_dace/vec/reports/tsvc_2_vdotr.none_legacy.g++-14.bonsall.all
tsvc_2_vdotr,none,legacy,g++-14,unsafe,True,1,canon_cpu.cpp:43,0,,,g++-14 -O3 -std=c++20 -fPIC -fno-math-errno -ffinite-math-only -fno-signaling-nans -fstrict-aliasing -faligned-new -fvect-cost-model=unlimited -fopenmp -funsafe-math-optimizations -I/capstor/scratch/cscs/lhulsbergen/venv_dace5cf/lib/python3.12/site-packages/dace/runtime/include -c /capstor/scratch/cscs/lhulsbergen/llr40_dace/emit/tsvc_2_vdotr/none_legacy/src/cpu/canon_cpu.cpp -o /dev/null -fopt-info-vec-all=/capstor/scratch/cscs/lhulsbergen/llr40_dace/vec/reports/tsvc_2_vdotr.none_legacy.g++-14.unsafe.all
tsvc_2_vdotr,none,legacy,g++-14,harness,True,1,canon_cpu.cpp:43,0,,,g++-14 -march=native -fopenmp -fno-math-errno -fno-trapping-math -fno-signed-zeros -ffp-contract=fast -fstrict-aliasing -include /capstor/scratch/cscs/lhulsbergen/HPCAgent-Bench-dace/hpcagent_bench/envs/vecmath.h -Wall -Wextra -O3 -fPIC -fopenmp -std=c++20 -I/capstor/scratch/cscs/lhulsbergen/venv_dace5cf/lib/python3.12/site-packages/dace/runtime/include -c /capstor/scratch/cscs/lhulsbergen/llr40_dace/emit/tsvc_2_vdotr/none_legacy/src/cpu/canon_cpu.cpp -o /dev/null -fopt-info-vec-all=/capstor/scratch/cscs/lhulsbergen/llr40_dace/vec/reports/tsvc_2_vdotr.none_legacy.g++-14.harness.all
tsvc_2_vdotr,none,new,g++-13,bonsall,True,1,canon_cpu.cpp:27,0,,,g++-13 -O3 -std=c++20 -fPIC -fno-math-errno -ffinite-math-only -fno-signaling-nans -fstrict-aliasing -faligned-new -fvect-cost-model=unlimited -fopenmp -I/capstor/scratch/cscs/lhulsbergen/venv_dace5cf/lib/python3.12/site-packages/dace/runtime/include -c /capstor/scratch/cscs/lhulsbergen/llr40_dace/emit/tsvc_2_vdotr/none_new/src/cpu/canon_cpu.cpp -o /dev/null -fopt-info-vec-all=/capstor/scratch/cscs/lhulsbergen/llr40_dace/vec/reports/tsvc_2_vdotr.none_new.g++-13.bonsall.all
tsvc_2_vdotr,none,new,g++-13,unsafe,True,1,canon_cpu.cpp:27,0,,,g++-13 -O3 -std=c++20 -fPIC -fno-math-errno -ffinite-math-only -fno-signaling-nans -fstrict-aliasing -faligned-new -fvect-cost-model=unlimited -fopenmp -funsafe-math-optimizations -I/capstor/scratch/cscs/lhulsbergen/venv_dace5cf/lib/python3.12/site-packages/dace/runtime/include -c /capstor/scratch/cscs/lhulsbergen/llr40_dace/emit/tsvc_2_vdotr/none_new/src/cpu/canon_cpu.cpp -o /dev/null -fopt-info-vec-all=/capstor/scratch/cscs/lhulsbergen/llr40_dace/vec/reports/tsvc_2_vdotr.none_new.g++-13.unsafe.all
tsvc_2_vdotr,none,new,g++-13,harness,True,1,canon_cpu.cpp:27,0,,,g++-13 -march=native -fopenmp -fno-math-errno -fno-trapping-math -fno-signed-zeros -ffp-contract=fast -fstrict-aliasing -include /capstor/scratch/cscs/lhulsbergen/HPCAgent-Bench-dace/hpcagent_bench/envs/vecmath.h -Wall -Wextra -O3 -fPIC -fopenmp -std=c++20 -I/capstor/scratch/cscs/lhulsbergen/venv_dace5cf/lib/python3.12/site-packages/dace/runtime/include -c /capstor/scratch/cscs/lhulsbergen/llr40_dace/emit/tsvc_2_vdotr/none_new/src/cpu/canon_cpu.cpp -o /dev/null -fopt-info-vec-all=/capstor/scratch/cscs/lhulsbergen/llr40_dace/vec/reports/tsvc_2_vdotr.none_new.g++-13.harness.all
tsvc_2_vdotr,none,new,g++-14,bonsall,True,1,canon_cpu.cpp:27,0,,,g++-14 -O3 -std=c++20 -fPIC -fno-math-errno -ffinite-math-only -fno-signaling-nans -fstrict-aliasing -faligned-new -fvect-cost-model=unlimited -fopenmp -I/capstor/scratch/cscs/lhulsbergen/venv_dace5cf/lib/python3.12/site-packages/dace/runtime/include -c /capstor/scratch/cscs/lhulsbergen/llr40_dace/emit/tsvc_2_vdotr/none_new/src/cpu/canon_cpu.cpp -o /dev/null -fopt-info-vec-all=/capstor/scratch/cscs/lhulsbergen/llr40_dace/vec/reports/tsvc_2_vdotr.none_new.g++-14.bonsall.all
tsvc_2_vdotr,none,new,g++-14,unsafe,True,1,canon_cpu.cpp:27,0,,,g++-14 -O3 -std=c++20 -fPIC -fno-math-errno -ffinite-math-only -fno-signaling-nans -fstrict-aliasing -faligned-new -fvect-cost-model=unlimited -fopenmp -funsafe-math-optimizations -I/capstor/scratch/cscs/lhulsbergen/venv_dace5cf/lib/python3.12/site-packages/dace/runtime/include -c /capstor/scratch/cscs/lhulsbergen/llr40_dace/emit/tsvc_2_vdotr/none_new/src/cpu/canon_cpu.cpp -o /dev/null -fopt-info-vec-all=/capstor/scratch/cscs/lhulsbergen/llr40_dace/vec/reports/tsvc_2_vdotr.none_new.g++-14.unsafe.all
tsvc_2_vdotr,none,new,g++-14,harness,True,1,canon_cpu.cpp:27,0,,,g++-14 -march=native -fopenmp -fno-math-errno -fno-trapping-math -fno-signed-zeros -ffp-contract=fast -fstrict-aliasing -include /capstor/scratch/cscs/lhulsbergen/HPCAgent-Bench-dace/hpcagent_bench/envs/vecmath.h -Wall -Wextra -O3 -fPIC -fopenmp -std=c++20 -I/capstor/scratch/cscs/lhulsbergen/venv_dace5cf/lib/python3.12/site-packages/dace/runtime/include -c /capstor/scratch/cscs/lhulsbergen/llr40_dace/emit/tsvc_2_vdotr/none_new/src/cpu/canon_cpu.cpp -o /dev/null -fopt-info-vec-all=/capstor/scratch/cscs/lhulsbergen/llr40_dace/vec/reports/tsvc_2_vdotr.none_new.g++-14.harness.all
tsvc_2_vdotr,none,old,g++-13,bonsall,True,0,,2,canon_cpu.cpp:43 canon_cpu.cpp:88,,g++-13 -O3 -std=c++20 -fPIC -fno-math-errno -ffinite-math-only -fno-signaling-nans -fstrict-aliasing -faligned-new -fvect-cost-model=unlimited -fopenmp -I/capstor/scratch/cscs/lhulsbergen/venv_dace5cf/lib/python3.12/site-packages/dace/runtime/include -c /capstor/scratch/cscs/lhulsbergen/llr40_dace/emit/tsvc_2_vdotr/none_old/src/cpu/canon_cpu.cpp -o /dev/null -fopt-info-vec-all=/capstor/scratch/cscs/lhulsbergen/llr40_dace/vec/reports/tsvc_2_vdotr.none_old.g++-13.bonsall.all
tsvc_2_vdotr,none,old,g++-13,unsafe,True,0,,2,canon_cpu.cpp:43 canon_cpu.cpp:88,,g++-13 -O3 -std=c++20 -fPIC -fno-math-errno -ffinite-math-only -fno-signaling-nans -fstrict-aliasing -faligned-new -fvect-cost-model=unlimited -fopenmp -funsafe-math-optimizations -I/capstor/scratch/cscs/lhulsbergen/venv_dace5cf/lib/python3.12/site-packages/dace/runtime/include -c /capstor/scratch/cscs/lhulsbergen/llr40_dace/emit/tsvc_2_vdotr/none_old/src/cpu/canon_cpu.cpp -o /dev/null -fopt-info-vec-all=/capstor/scratch/cscs/lhulsbergen/llr40_dace/vec/reports/tsvc_2_vdotr.none_old.g++-13.unsafe.all
tsvc_2_vdotr,none,old,g++-13,harness,True,0,,2,canon_cpu.cpp:43 canon_cpu.cpp:88,,g++-13 -march=native -fopenmp -fno-math-errno -fno-trapping-math -fno-signed-zeros -ffp-contract=fast -fstrict-aliasing -include /capstor/scratch/cscs/lhulsbergen/HPCAgent-Bench-dace/hpcagent_bench/envs/vecmath.h -Wall -Wextra -O3 -fPIC -fopenmp -std=c++20 -I/capstor/scratch/cscs/lhulsbergen/venv_dace5cf/lib/python3.12/site-packages/dace/runtime/include -c /capstor/scratch/cscs/lhulsbergen/llr40_dace/emit/tsvc_2_vdotr/none_old/src/cpu/canon_cpu.cpp -o /dev/null -fopt-info-vec-all=/capstor/scratch/cscs/lhulsbergen/llr40_dace/vec/reports/tsvc_2_vdotr.none_old.g++-13.harness.all
tsvc_2_vdotr,none,old,g++-14,bonsall,True,0,,2,canon_cpu.cpp:43 canon_cpu.cpp:88,,g++-14 -O3 -std=c++20 -fPIC -fno-math-errno -ffinite-math-only -fno-signaling-nans -fstrict-aliasing -faligned-new -fvect-cost-model=unlimited -fopenmp -I/capstor/scratch/cscs/lhulsbergen/venv_dace5cf/lib/python3.12/site-packages/dace/runtime/include -c /capstor/scratch/cscs/lhulsbergen/llr40_dace/emit/tsvc_2_vdotr/none_old/src/cpu/canon_cpu.cpp -o /dev/null -fopt-info-vec-all=/capstor/scratch/cscs/lhulsbergen/llr40_dace/vec/reports/tsvc_2_vdotr.none_old.g++-14.bonsall.all
tsvc_2_vdotr,none,old,g++-14,unsafe,True,0,,2,canon_cpu.cpp:43 canon_cpu.cpp:88,,g++-14 -O3 -std=c++20 -fPIC -fno-math-errno -ffinite-math-only -fno-signaling-nans -fstrict-aliasing -faligned-new -fvect-cost-model=unlimited -fopenmp -funsafe-math-optimizations -I/capstor/scratch/cscs/lhulsbergen/venv_dace5cf/lib/python3.12/site-packages/dace/runtime/include -c /capstor/scratch/cscs/lhulsbergen/llr40_dace/emit/tsvc_2_vdotr/none_old/src/cpu/canon_cpu.cpp -o /dev/null -fopt-info-vec-all=/capstor/scratch/cscs/lhulsbergen/llr40_dace/vec/reports/tsvc_2_vdotr.none_old.g++-14.unsafe.all
tsvc_2_vdotr,none,old,g++-14,harness,True,0,,2,canon_cpu.cpp:43 canon_cpu.cpp:88,,g++-14 -march=native -fopenmp -fno-math-errno -fno-trapping-math -fno-signed-zeros -ffp-contract=fast -fstrict-aliasing -include /capstor/scratch/cscs/lhulsbergen/HPCAgent-Bench-dace/hpcagent_bench/envs/vecmath.h -Wall -Wextra -O3 -fPIC -fopenmp -std=c++20 -I/capstor/scratch/cscs/lhulsbergen/venv_dace5cf/lib/python3.12/site-packages/dace/runtime/include -c /capstor/scratch/cscs/lhulsbergen/llr40_dace/emit/tsvc_2_vdotr/none_old/src/cpu/canon_cpu.cpp -o /dev/null -fopt-info-vec-all=/capstor/scratch/cscs/lhulsbergen/llr40_dace/vec/reports/tsvc_2_vdotr.none_old.g++-14.harness.all
tsvc_2_vpvts,canon,legacy,g++-13,bonsall,True,1,canon_cpu.cpp:34,0,,,g++-13 -O3 -std=c++20 -fPIC -fno-math-errno -ffinite-math-only -fno-signaling-nans -fstrict-aliasing -faligned-new -fvect-cost-model=unlimited -fopenmp -I/capstor/scratch/cscs/lhulsbergen/venv_dace5cf/lib/python3.12/site-packages/dace/runtime/include -c /capstor/scratch/cscs/lhulsbergen/llr40_dace/emit/tsvc_2_vpvts/canon_legacy/src/cpu/canon_cpu.cpp -o /dev/null -fopt-info-vec-all=/capstor/scratch/cscs/lhulsbergen/llr40_dace/vec/reports/tsvc_2_vpvts.canon_legacy.g++-13.bonsall.all
tsvc_2_vpvts,canon,legacy,g++-13,unsafe,True,1,canon_cpu.cpp:34,0,,,g++-13 -O3 -std=c++20 -fPIC -fno-math-errno -ffinite-math-only -fno-signaling-nans -fstrict-aliasing -faligned-new -fvect-cost-model=unlimited -fopenmp -funsafe-math-optimizations -I/capstor/scratch/cscs/lhulsbergen/venv_dace5cf/lib/python3.12/site-packages/dace/runtime/include -c /capstor/scratch/cscs/lhulsbergen/llr40_dace/emit/tsvc_2_vpvts/canon_legacy/src/cpu/canon_cpu.cpp -o /dev/null -fopt-info-vec-all=/capstor/scratch/cscs/lhulsbergen/llr40_dace/vec/reports/tsvc_2_vpvts.canon_legacy.g++-13.unsafe.all
tsvc_2_vpvts,canon,legacy,g++-13,harness,True,1,canon_cpu.cpp:34,1,canon_cpu.cpp:29,,g++-13 -march=native -fopenmp -fno-math-errno -fno-trapping-math -fno-signed-zeros -ffp-contract=fast -fstrict-aliasing -include /capstor/scratch/cscs/lhulsbergen/HPCAgent-Bench-dace/hpcagent_bench/envs/vecmath.h -Wall -Wextra -O3 -fPIC -fopenmp -std=c++20 -I/capstor/scratch/cscs/lhulsbergen/venv_dace5cf/lib/python3.12/site-packages/dace/runtime/include -c /capstor/scratch/cscs/lhulsbergen/llr40_dace/emit/tsvc_2_vpvts/canon_legacy/src/cpu/canon_cpu.cpp -o /dev/null -fopt-info-vec-all=/capstor/scratch/cscs/lhulsbergen/llr40_dace/vec/reports/tsvc_2_vpvts.canon_legacy.g++-13.harness.all
tsvc_2_vpvts,canon,legacy,g++-14,bonsall,True,1,canon_cpu.cpp:34,0,,,g++-14 -O3 -std=c++20 -fPIC -fno-math-errno -ffinite-math-only -fno-signaling-nans -fstrict-aliasing -faligned-new -fvect-cost-model=unlimited -fopenmp -I/capstor/scratch/cscs/lhulsbergen/venv_dace5cf/lib/python3.12/site-packages/dace/runtime/include -c /capstor/scratch/cscs/lhulsbergen/llr40_dace/emit/tsvc_2_vpvts/canon_legacy/src/cpu/canon_cpu.cpp -o /dev/null -fopt-info-vec-all=/capstor/scratch/cscs/lhulsbergen/llr40_dace/vec/reports/tsvc_2_vpvts.canon_legacy.g++-14.bonsall.all
tsvc_2_vpvts,canon,legacy,g++-14,unsafe,True,1,canon_cpu.cpp:34,0,,,g++-14 -O3 -std=c++20 -fPIC -fno-math-errno -ffinite-math-only -fno-signaling-nans -fstrict-aliasing -faligned-new -fvect-cost-model=unlimited -fopenmp -funsafe-math-optimizations -I/capstor/scratch/cscs/lhulsbergen/venv_dace5cf/lib/python3.12/site-packages/dace/runtime/include -c /capstor/scratch/cscs/lhulsbergen/llr40_dace/emit/tsvc_2_vpvts/canon_legacy/src/cpu/canon_cpu.cpp -o /dev/null -fopt-info-vec-all=/capstor/scratch/cscs/lhulsbergen/llr40_dace/vec/reports/tsvc_2_vpvts.canon_legacy.g++-14.unsafe.all
tsvc_2_vpvts,canon,legacy,g++-14,harness,True,1,canon_cpu.cpp:34,1,canon_cpu.cpp:29,,g++-14 -march=native -fopenmp -fno-math-errno -fno-trapping-math -fno-signed-zeros -ffp-contract=fast -fstrict-aliasing -include /capstor/scratch/cscs/lhulsbergen/HPCAgent-Bench-dace/hpcagent_bench/envs/vecmath.h -Wall -Wextra -O3 -fPIC -fopenmp -std=c++20 -I/capstor/scratch/cscs/lhulsbergen/venv_dace5cf/lib/python3.12/site-packages/dace/runtime/include -c /capstor/scratch/cscs/lhulsbergen/llr40_dace/emit/tsvc_2_vpvts/canon_legacy/src/cpu/canon_cpu.cpp -o /dev/null -fopt-info-vec-all=/capstor/scratch/cscs/lhulsbergen/llr40_dace/vec/reports/tsvc_2_vpvts.canon_legacy.g++-14.harness.all
tsvc_2_vpvts,canon,new,g++-13,bonsall,True,1,canon_cpu.cpp:28,0,,,g++-13 -O3 -std=c++20 -fPIC -fno-math-errno -ffinite-math-only -fno-signaling-nans -fstrict-aliasing -faligned-new -fvect-cost-model=unlimited -fopenmp -I/capstor/scratch/cscs/lhulsbergen/venv_dace5cf/lib/python3.12/site-packages/dace/runtime/include -c /capstor/scratch/cscs/lhulsbergen/llr40_dace/emit/tsvc_2_vpvts/canon_new/src/cpu/canon_cpu.cpp -o /dev/null -fopt-info-vec-all=/capstor/scratch/cscs/lhulsbergen/llr40_dace/vec/reports/tsvc_2_vpvts.canon_new.g++-13.bonsall.all
tsvc_2_vpvts,canon,new,g++-13,unsafe,True,1,canon_cpu.cpp:28,0,,,g++-13 -O3 -std=c++20 -fPIC -fno-math-errno -ffinite-math-only -fno-signaling-nans -fstrict-aliasing -faligned-new -fvect-cost-model=unlimited -fopenmp -funsafe-math-optimizations -I/capstor/scratch/cscs/lhulsbergen/venv_dace5cf/lib/python3.12/site-packages/dace/runtime/include -c /capstor/scratch/cscs/lhulsbergen/llr40_dace/emit/tsvc_2_vpvts/canon_new/src/cpu/canon_cpu.cpp -o /dev/null -fopt-info-vec-all=/capstor/scratch/cscs/lhulsbergen/llr40_dace/vec/reports/tsvc_2_vpvts.canon_new.g++-13.unsafe.all
tsvc_2_vpvts,canon,new,g++-13,harness,True,1,canon_cpu.cpp:28,1,canon_cpu.cpp:24,,g++-13 -march=native -fopenmp -fno-math-errno -fno-trapping-math -fno-signed-zeros -ffp-contract=fast -fstrict-aliasing -include /capstor/scratch/cscs/lhulsbergen/HPCAgent-Bench-dace/hpcagent_bench/envs/vecmath.h -Wall -Wextra -O3 -fPIC -fopenmp -std=c++20 -I/capstor/scratch/cscs/lhulsbergen/venv_dace5cf/lib/python3.12/site-packages/dace/runtime/include -c /capstor/scratch/cscs/lhulsbergen/llr40_dace/emit/tsvc_2_vpvts/canon_new/src/cpu/canon_cpu.cpp -o /dev/null -fopt-info-vec-all=/capstor/scratch/cscs/lhulsbergen/llr40_dace/vec/reports/tsvc_2_vpvts.canon_new.g++-13.harness.all
tsvc_2_vpvts,canon,new,g++-14,bonsall,True,1,canon_cpu.cpp:28,0,,,g++-14 -O3 -std=c++20 -fPIC -fno-math-errno -ffinite-math-only -fno-signaling-nans -fstrict-aliasing -faligned-new -fvect-cost-model=unlimited -fopenmp -I/capstor/scratch/cscs/lhulsbergen/venv_dace5cf/lib/python3.12/site-packages/dace/runtime/include -c /capstor/scratch/cscs/lhulsbergen/llr40_dace/emit/tsvc_2_vpvts/canon_new/src/cpu/canon_cpu.cpp -o /dev/null -fopt-info-vec-all=/capstor/scratch/cscs/lhulsbergen/llr40_dace/vec/reports/tsvc_2_vpvts.canon_new.g++-14.bonsall.all
tsvc_2_vpvts,canon,new,g++-14,unsafe,True,1,canon_cpu.cpp:28,0,,,g++-14 -O3 -std=c++20 -fPIC -fno-math-errno -ffinite-math-only -fno-signaling-nans -fstrict-aliasing -faligned-new -fvect-cost-model=unlimited -fopenmp -funsafe-math-optimizations -I/capstor/scratch/cscs/lhulsbergen/venv_dace5cf/lib/python3.12/site-packages/dace/runtime/include -c /capstor/scratch/cscs/lhulsbergen/llr40_dace/emit/tsvc_2_vpvts/canon_new/src/cpu/canon_cpu.cpp -o /dev/null -fopt-info-vec-all=/capstor/scratch/cscs/lhulsbergen/llr40_dace/vec/reports/tsvc_2_vpvts.canon_new.g++-14.unsafe.all
tsvc_2_vpvts,canon,new,g++-14,harness,True,1,canon_cpu.cpp:28,1,canon_cpu.cpp:24,,g++-14 -march=native -fopenmp -fno-math-errno -fno-trapping-math -fno-signed-zeros -ffp-contract=fast -fstrict-aliasing -include /capstor/scratch/cscs/lhulsbergen/HPCAgent-Bench-dace/hpcagent_bench/envs/vecmath.h -Wall -Wextra -O3 -fPIC -fopenmp -std=c++20 -I/capstor/scratch/cscs/lhulsbergen/venv_dace5cf/lib/python3.12/site-packages/dace/runtime/include -c /capstor/scratch/cscs/lhulsbergen/llr40_dace/emit/tsvc_2_vpvts/canon_new/src/cpu/canon_cpu.cpp -o /dev/null -fopt-info-vec-all=/capstor/scratch/cscs/lhulsbergen/llr40_dace/vec/reports/tsvc_2_vpvts.canon_new.g++-14.harness.all
tsvc_2_vpvts,canon,old,g++-13,bonsall,True,1,canon_cpu.cpp:34,0,,,g++-13 -O3 -std=c++20 -fPIC -fno-math-errno -ffinite-math-only -fno-signaling-nans -fstrict-aliasing -faligned-new -fvect-cost-model=unlimited -fopenmp -I/capstor/scratch/cscs/lhulsbergen/venv_dace5cf/lib/python3.12/site-packages/dace/runtime/include -c /capstor/scratch/cscs/lhulsbergen/llr40_dace/emit/tsvc_2_vpvts/canon_old/src/cpu/canon_cpu.cpp -o /dev/null -fopt-info-vec-all=/capstor/scratch/cscs/lhulsbergen/llr40_dace/vec/reports/tsvc_2_vpvts.canon_old.g++-13.bonsall.all
tsvc_2_vpvts,canon,old,g++-13,unsafe,True,1,canon_cpu.cpp:34,0,,,g++-13 -O3 -std=c++20 -fPIC -fno-math-errno -ffinite-math-only -fno-signaling-nans -fstrict-aliasing -faligned-new -fvect-cost-model=unlimited -fopenmp -funsafe-math-optimizations -I/capstor/scratch/cscs/lhulsbergen/venv_dace5cf/lib/python3.12/site-packages/dace/runtime/include -c /capstor/scratch/cscs/lhulsbergen/llr40_dace/emit/tsvc_2_vpvts/canon_old/src/cpu/canon_cpu.cpp -o /dev/null -fopt-info-vec-all=/capstor/scratch/cscs/lhulsbergen/llr40_dace/vec/reports/tsvc_2_vpvts.canon_old.g++-13.unsafe.all
tsvc_2_vpvts,canon,old,g++-13,harness,True,1,canon_cpu.cpp:34,1,canon_cpu.cpp:29,,g++-13 -march=native -fopenmp -fno-math-errno -fno-trapping-math -fno-signed-zeros -ffp-contract=fast -fstrict-aliasing -include /capstor/scratch/cscs/lhulsbergen/HPCAgent-Bench-dace/hpcagent_bench/envs/vecmath.h -Wall -Wextra -O3 -fPIC -fopenmp -std=c++20 -I/capstor/scratch/cscs/lhulsbergen/venv_dace5cf/lib/python3.12/site-packages/dace/runtime/include -c /capstor/scratch/cscs/lhulsbergen/llr40_dace/emit/tsvc_2_vpvts/canon_old/src/cpu/canon_cpu.cpp -o /dev/null -fopt-info-vec-all=/capstor/scratch/cscs/lhulsbergen/llr40_dace/vec/reports/tsvc_2_vpvts.canon_old.g++-13.harness.all
tsvc_2_vpvts,canon,old,g++-14,bonsall,True,1,canon_cpu.cpp:34,0,,,g++-14 -O3 -std=c++20 -fPIC -fno-math-errno -ffinite-math-only -fno-signaling-nans -fstrict-aliasing -faligned-new -fvect-cost-model=unlimited -fopenmp -I/capstor/scratch/cscs/lhulsbergen/venv_dace5cf/lib/python3.12/site-packages/dace/runtime/include -c /capstor/scratch/cscs/lhulsbergen/llr40_dace/emit/tsvc_2_vpvts/canon_old/src/cpu/canon_cpu.cpp -o /dev/null -fopt-info-vec-all=/capstor/scratch/cscs/lhulsbergen/llr40_dace/vec/reports/tsvc_2_vpvts.canon_old.g++-14.bonsall.all
tsvc_2_vpvts,canon,old,g++-14,unsafe,True,1,canon_cpu.cpp:34,0,,,g++-14 -O3 -std=c++20 -fPIC -fno-math-errno -ffinite-math-only -fno-signaling-nans -fstrict-aliasing -faligned-new -fvect-cost-model=unlimited -fopenmp -funsafe-math-optimizations -I/capstor/scratch/cscs/lhulsbergen/venv_dace5cf/lib/python3.12/site-packages/dace/runtime/include -c /capstor/scratch/cscs/lhulsbergen/llr40_dace/emit/tsvc_2_vpvts/canon_old/src/cpu/canon_cpu.cpp -o /dev/null -fopt-info-vec-all=/capstor/scratch/cscs/lhulsbergen/llr40_dace/vec/reports/tsvc_2_vpvts.canon_old.g++-14.unsafe.all
tsvc_2_vpvts,canon,old,g++-14,harness,True,1,canon_cpu.cpp:34,1,canon_cpu.cpp:29,,g++-14 -march=native -fopenmp -fno-math-errno -fno-trapping-math -fno-signed-zeros -ffp-contract=fast -fstrict-aliasing -include /capstor/scratch/cscs/lhulsbergen/HPCAgent-Bench-dace/hpcagent_bench/envs/vecmath.h -Wall -Wextra -O3 -fPIC -fopenmp -std=c++20 -I/capstor/scratch/cscs/lhulsbergen/venv_dace5cf/lib/python3.12/site-packages/dace/runtime/include -c /capstor/scratch/cscs/lhulsbergen/llr40_dace/emit/tsvc_2_vpvts/canon_old/src/cpu/canon_cpu.cpp -o /dev/null -fopt-info-vec-all=/capstor/scratch/cscs/lhulsbergen/llr40_dace/vec/reports/tsvc_2_vpvts.canon_old.g++-14.harness.all
tsvc_2_vpvts,none,legacy,g++-13,bonsall,True,1,canon_cpu.cpp:18,0,,,g++-13 -O3 -std=c++20 -fPIC -fno-math-errno -ffinite-math-only -fno-signaling-nans -fstrict-aliasing -faligned-new -fvect-cost-model=unlimited -fopenmp -I/capstor/scratch/cscs/lhulsbergen/venv_dace5cf/lib/python3.12/site-packages/dace/runtime/include -c /capstor/scratch/cscs/lhulsbergen/llr40_dace/emit/tsvc_2_vpvts/none_legacy/src/cpu/canon_cpu.cpp -o /dev/null -fopt-info-vec-all=/capstor/scratch/cscs/lhulsbergen/llr40_dace/vec/reports/tsvc_2_vpvts.none_legacy.g++-13.bonsall.all
tsvc_2_vpvts,none,legacy,g++-13,unsafe,True,1,canon_cpu.cpp:18,0,,,g++-13 -O3 -std=c++20 -fPIC -fno-math-errno -ffinite-math-only -fno-signaling-nans -fstrict-aliasing -faligned-new -fvect-cost-model=unlimited -fopenmp -funsafe-math-optimizations -I/capstor/scratch/cscs/lhulsbergen/venv_dace5cf/lib/python3.12/site-packages/dace/runtime/include -c /capstor/scratch/cscs/lhulsbergen/llr40_dace/emit/tsvc_2_vpvts/none_legacy/src/cpu/canon_cpu.cpp -o /dev/null -fopt-info-vec-all=/capstor/scratch/cscs/lhulsbergen/llr40_dace/vec/reports/tsvc_2_vpvts.none_legacy.g++-13.unsafe.all
tsvc_2_vpvts,none,legacy,g++-13,harness,True,1,canon_cpu.cpp:18,0,,,g++-13 -march=native -fopenmp -fno-math-errno -fno-trapping-math -fno-signed-zeros -ffp-contract=fast -fstrict-aliasing -include /capstor/scratch/cscs/lhulsbergen/HPCAgent-Bench-dace/hpcagent_bench/envs/vecmath.h -Wall -Wextra -O3 -fPIC -fopenmp -std=c++20 -I/capstor/scratch/cscs/lhulsbergen/venv_dace5cf/lib/python3.12/site-packages/dace/runtime/include -c /capstor/scratch/cscs/lhulsbergen/llr40_dace/emit/tsvc_2_vpvts/none_legacy/src/cpu/canon_cpu.cpp -o /dev/null -fopt-info-vec-all=/capstor/scratch/cscs/lhulsbergen/llr40_dace/vec/reports/tsvc_2_vpvts.none_legacy.g++-13.harness.all
tsvc_2_vpvts,none,legacy,g++-14,bonsall,True,1,canon_cpu.cpp:18,0,,,g++-14 -O3 -std=c++20 -fPIC -fno-math-errno -ffinite-math-only -fno-signaling-nans -fstrict-aliasing -faligned-new -fvect-cost-model=unlimited -fopenmp -I/capstor/scratch/cscs/lhulsbergen/venv_dace5cf/lib/python3.12/site-packages/dace/runtime/include -c /capstor/scratch/cscs/lhulsbergen/llr40_dace/emit/tsvc_2_vpvts/none_legacy/src/cpu/canon_cpu.cpp -o /dev/null -fopt-info-vec-all=/capstor/scratch/cscs/lhulsbergen/llr40_dace/vec/reports/tsvc_2_vpvts.none_legacy.g++-14.bonsall.all
tsvc_2_vpvts,none,legacy,g++-14,unsafe,True,1,canon_cpu.cpp:18,0,,,g++-14 -O3 -std=c++20 -fPIC -fno-math-errno -ffinite-math-only -fno-signaling-nans -fstrict-aliasing -faligned-new -fvect-cost-model=unlimited -fopenmp -funsafe-math-optimizations -I/capstor/scratch/cscs/lhulsbergen/venv_dace5cf/lib/python3.12/site-packages/dace/runtime/include -c /capstor/scratch/cscs/lhulsbergen/llr40_dace/emit/tsvc_2_vpvts/none_legacy/src/cpu/canon_cpu.cpp -o /dev/null -fopt-info-vec-all=/capstor/scratch/cscs/lhulsbergen/llr40_dace/vec/reports/tsvc_2_vpvts.none_legacy.g++-14.unsafe.all
tsvc_2_vpvts,none,legacy,g++-14,harness,True,1,canon_cpu.cpp:18,0,,,g++-14 -march=native -fopenmp -fno-math-errno -fno-trapping-math -fno-signed-zeros -ffp-contract=fast -fstrict-aliasing -include /capstor/scratch/cscs/lhulsbergen/HPCAgent-Bench-dace/hpcagent_bench/envs/vecmath.h -Wall -Wextra -O3 -fPIC -fopenmp -std=c++20 -I/capstor/scratch/cscs/lhulsbergen/venv_dace5cf/lib/python3.12/site-packages/dace/runtime/include -c /capstor/scratch/cscs/lhulsbergen/llr40_dace/emit/tsvc_2_vpvts/none_legacy/src/cpu/canon_cpu.cpp -o /dev/null -fopt-info-vec-all=/capstor/scratch/cscs/lhulsbergen/llr40_dace/vec/reports/tsvc_2_vpvts.none_legacy.g++-14.harness.all
tsvc_2_vpvts,none,new,g++-13,bonsall,True,1,canon_cpu.cpp:19,0,,,g++-13 -O3 -std=c++20 -fPIC -fno-math-errno -ffinite-math-only -fno-signaling-nans -fstrict-aliasing -faligned-new -fvect-cost-model=unlimited -fopenmp -I/capstor/scratch/cscs/lhulsbergen/venv_dace5cf/lib/python3.12/site-packages/dace/runtime/include -c /capstor/scratch/cscs/lhulsbergen/llr40_dace/emit/tsvc_2_vpvts/none_new/src/cpu/canon_cpu.cpp -o /dev/null -fopt-info-vec-all=/capstor/scratch/cscs/lhulsbergen/llr40_dace/vec/reports/tsvc_2_vpvts.none_new.g++-13.bonsall.all
tsvc_2_vpvts,none,new,g++-13,unsafe,True,1,canon_cpu.cpp:19,0,,,g++-13 -O3 -std=c++20 -fPIC -fno-math-errno -ffinite-math-only -fno-signaling-nans -fstrict-aliasing -faligned-new -fvect-cost-model=unlimited -fopenmp -funsafe-math-optimizations -I/capstor/scratch/cscs/lhulsbergen/venv_dace5cf/lib/python3.12/site-packages/dace/runtime/include -c /capstor/scratch/cscs/lhulsbergen/llr40_dace/emit/tsvc_2_vpvts/none_new/src/cpu/canon_cpu.cpp -o /dev/null -fopt-info-vec-all=/capstor/scratch/cscs/lhulsbergen/llr40_dace/vec/reports/tsvc_2_vpvts.none_new.g++-13.unsafe.all
tsvc_2_vpvts,none,new,g++-13,harness,True,1,canon_cpu.cpp:19,0,,,g++-13 -march=native -fopenmp -fno-math-errno -fno-trapping-math -fno-signed-zeros -ffp-contract=fast -fstrict-aliasing -include /capstor/scratch/cscs/lhulsbergen/HPCAgent-Bench-dace/hpcagent_bench/envs/vecmath.h -Wall -Wextra -O3 -fPIC -fopenmp -std=c++20 -I/capstor/scratch/cscs/lhulsbergen/venv_dace5cf/lib/python3.12/site-packages/dace/runtime/include -c /capstor/scratch/cscs/lhulsbergen/llr40_dace/emit/tsvc_2_vpvts/none_new/src/cpu/canon_cpu.cpp -o /dev/null -fopt-info-vec-all=/capstor/scratch/cscs/lhulsbergen/llr40_dace/vec/reports/tsvc_2_vpvts.none_new.g++-13.harness.all
tsvc_2_vpvts,none,new,g++-14,bonsall,True,1,canon_cpu.cpp:19,0,,,g++-14 -O3 -std=c++20 -fPIC -fno-math-errno -ffinite-math-only -fno-signaling-nans -fstrict-aliasing -faligned-new -fvect-cost-model=unlimited -fopenmp -I/capstor/scratch/cscs/lhulsbergen/venv_dace5cf/lib/python3.12/site-packages/dace/runtime/include -c /capstor/scratch/cscs/lhulsbergen/llr40_dace/emit/tsvc_2_vpvts/none_new/src/cpu/canon_cpu.cpp -o /dev/null -fopt-info-vec-all=/capstor/scratch/cscs/lhulsbergen/llr40_dace/vec/reports/tsvc_2_vpvts.none_new.g++-14.bonsall.all
tsvc_2_vpvts,none,new,g++-14,unsafe,True,1,canon_cpu.cpp:19,0,,,g++-14 -O3 -std=c++20 -fPIC -fno-math-errno -ffinite-math-only -fno-signaling-nans -fstrict-aliasing -faligned-new -fvect-cost-model=unlimited -fopenmp -funsafe-math-optimizations -I/capstor/scratch/cscs/lhulsbergen/venv_dace5cf/lib/python3.12/site-packages/dace/runtime/include -c /capstor/scratch/cscs/lhulsbergen/llr40_dace/emit/tsvc_2_vpvts/none_new/src/cpu/canon_cpu.cpp -o /dev/null -fopt-info-vec-all=/capstor/scratch/cscs/lhulsbergen/llr40_dace/vec/reports/tsvc_2_vpvts.none_new.g++-14.unsafe.all
tsvc_2_vpvts,none,new,g++-14,harness,True,1,canon_cpu.cpp:19,0,,,g++-14 -march=native -fopenmp -fno-math-errno -fno-trapping-math -fno-signed-zeros -ffp-contract=fast -fstrict-aliasing -include /capstor/scratch/cscs/lhulsbergen/HPCAgent-Bench-dace/hpcagent_bench/envs/vecmath.h -Wall -Wextra -O3 -fPIC -fopenmp -std=c++20 -I/capstor/scratch/cscs/lhulsbergen/venv_dace5cf/lib/python3.12/site-packages/dace/runtime/include -c /capstor/scratch/cscs/lhulsbergen/llr40_dace/emit/tsvc_2_vpvts/none_new/src/cpu/canon_cpu.cpp -o /dev/null -fopt-info-vec-all=/capstor/scratch/cscs/lhulsbergen/llr40_dace/vec/reports/tsvc_2_vpvts.none_new.g++-14.harness.all
tsvc_2_vpvts,none,old,g++-13,bonsall,True,1,canon_cpu.cpp:18,0,,,g++-13 -O3 -std=c++20 -fPIC -fno-math-errno -ffinite-math-only -fno-signaling-nans -fstrict-aliasing -faligned-new -fvect-cost-model=unlimited -fopenmp -I/capstor/scratch/cscs/lhulsbergen/venv_dace5cf/lib/python3.12/site-packages/dace/runtime/include -c /capstor/scratch/cscs/lhulsbergen/llr40_dace/emit/tsvc_2_vpvts/none_old/src/cpu/canon_cpu.cpp -o /dev/null -fopt-info-vec-all=/capstor/scratch/cscs/lhulsbergen/llr40_dace/vec/reports/tsvc_2_vpvts.none_old.g++-13.bonsall.all
tsvc_2_vpvts,none,old,g++-13,unsafe,True,1,canon_cpu.cpp:18,0,,,g++-13 -O3 -std=c++20 -fPIC -fno-math-errno -ffinite-math-only -fno-signaling-nans -fstrict-aliasing -faligned-new -fvect-cost-model=unlimited -fopenmp -funsafe-math-optimizations -I/capstor/scratch/cscs/lhulsbergen/venv_dace5cf/lib/python3.12/site-packages/dace/runtime/include -c /capstor/scratch/cscs/lhulsbergen/llr40_dace/emit/tsvc_2_vpvts/none_old/src/cpu/canon_cpu.cpp -o /dev/null -fopt-info-vec-all=/capstor/scratch/cscs/lhulsbergen/llr40_dace/vec/reports/tsvc_2_vpvts.none_old.g++-13.unsafe.all
tsvc_2_vpvts,none,old,g++-13,harness,True,1,canon_cpu.cpp:18,0,,,g++-13 -march=native -fopenmp -fno-math-errno -fno-trapping-math -fno-signed-zeros -ffp-contract=fast -fstrict-aliasing -include /capstor/scratch/cscs/lhulsbergen/HPCAgent-Bench-dace/hpcagent_bench/envs/vecmath.h -Wall -Wextra -O3 -fPIC -fopenmp -std=c++20 -I/capstor/scratch/cscs/lhulsbergen/venv_dace5cf/lib/python3.12/site-packages/dace/runtime/include -c /capstor/scratch/cscs/lhulsbergen/llr40_dace/emit/tsvc_2_vpvts/none_old/src/cpu/canon_cpu.cpp -o /dev/null -fopt-info-vec-all=/capstor/scratch/cscs/lhulsbergen/llr40_dace/vec/reports/tsvc_2_vpvts.none_old.g++-13.harness.all
tsvc_2_vpvts,none,old,g++-14,bonsall,True,1,canon_cpu.cpp:18,0,,,g++-14 -O3 -std=c++20 -fPIC -fno-math-errno -ffinite-math-only -fno-signaling-nans -fstrict-aliasing -faligned-new -fvect-cost-model=unlimited -fopenmp -I/capstor/scratch/cscs/lhulsbergen/venv_dace5cf/lib/python3.12/site-packages/dace/runtime/include -c /capstor/scratch/cscs/lhulsbergen/llr40_dace/emit/tsvc_2_vpvts/none_old/src/cpu/canon_cpu.cpp -o /dev/null -fopt-info-vec-all=/capstor/scratch/cscs/lhulsbergen/llr40_dace/vec/reports/tsvc_2_vpvts.none_old.g++-14.bonsall.all
tsvc_2_vpvts,none,old,g++-14,unsafe,True,1,canon_cpu.cpp:18,0,,,g++-14 -O3 -std=c++20 -fPIC -fno-math-errno -ffinite-math-only -fno-signaling-nans -fstrict-aliasing -faligned-new -fvect-cost-model=unlimited -fopenmp -funsafe-math-optimizations -I/capstor/scratch/cscs/lhulsbergen/venv_dace5cf/lib/python3.12/site-packages/dace/runtime/include -c /capstor/scratch/cscs/lhulsbergen/llr40_dace/emit/tsvc_2_vpvts/none_old/src/cpu/canon_cpu.cpp -o /dev/null -fopt-info-vec-all=/capstor/scratch/cscs/lhulsbergen/llr40_dace/vec/reports/tsvc_2_vpvts.none_old.g++-14.unsafe.all
tsvc_2_vpvts,none,old,g++-14,harness,True,1,canon_cpu.cpp:18,0,,,g++-14 -march=native -fopenmp -fno-math-errno -fno-trapping-math -fno-signed-zeros -ffp-contract=fast -fstrict-aliasing -include /capstor/scratch/cscs/lhulsbergen/HPCAgent-Bench-dace/hpcagent_bench/envs/vecmath.h -Wall -Wextra -O3 -fPIC -fopenmp -std=c++20 -I/capstor/scratch/cscs/lhulsbergen/venv_dace5cf/lib/python3.12/site-packages/dace/runtime/include -c /capstor/scratch/cscs/lhulsbergen/llr40_dace/emit/tsvc_2_vpvts/none_old/src/cpu/canon_cpu.cpp -o /dev/null -fopt-info-vec-all=/capstor/scratch/cscs/lhulsbergen/llr40_dace/vec/reports/tsvc_2_vpvts.none_old.g++-14.harness.all
tsvc_2_vtvtv,canon,legacy,g++-13,bonsall,True,1,canon_cpu.cpp:35,0,,,g++-13 -O3 -std=c++20 -fPIC -fno-math-errno -ffinite-math-only -fno-signaling-nans -fstrict-aliasing -faligned-new -fvect-cost-model=unlimited -fopenmp -I/capstor/scratch/cscs/lhulsbergen/venv_dace5cf/lib/python3.12/site-packages/dace/runtime/include -c /capstor/scratch/cscs/lhulsbergen/llr40_dace/emit/tsvc_2_vtvtv/canon_legacy/src/cpu/canon_cpu.cpp -o /dev/null -fopt-info-vec-all=/capstor/scratch/cscs/lhulsbergen/llr40_dace/vec/reports/tsvc_2_vtvtv.canon_legacy.g++-13.bonsall.all
tsvc_2_vtvtv,canon,legacy,g++-13,unsafe,True,1,canon_cpu.cpp:35,0,,,g++-13 -O3 -std=c++20 -fPIC -fno-math-errno -ffinite-math-only -fno-signaling-nans -fstrict-aliasing -faligned-new -fvect-cost-model=unlimited -fopenmp -funsafe-math-optimizations -I/capstor/scratch/cscs/lhulsbergen/venv_dace5cf/lib/python3.12/site-packages/dace/runtime/include -c /capstor/scratch/cscs/lhulsbergen/llr40_dace/emit/tsvc_2_vtvtv/canon_legacy/src/cpu/canon_cpu.cpp -o /dev/null -fopt-info-vec-all=/capstor/scratch/cscs/lhulsbergen/llr40_dace/vec/reports/tsvc_2_vtvtv.canon_legacy.g++-13.unsafe.all
tsvc_2_vtvtv,canon,legacy,g++-13,harness,True,1,canon_cpu.cpp:35,1,canon_cpu.cpp:29,,g++-13 -march=native -fopenmp -fno-math-errno -fno-trapping-math -fno-signed-zeros -ffp-contract=fast -fstrict-aliasing -include /capstor/scratch/cscs/lhulsbergen/HPCAgent-Bench-dace/hpcagent_bench/envs/vecmath.h -Wall -Wextra -O3 -fPIC -fopenmp -std=c++20 -I/capstor/scratch/cscs/lhulsbergen/venv_dace5cf/lib/python3.12/site-packages/dace/runtime/include -c /capstor/scratch/cscs/lhulsbergen/llr40_dace/emit/tsvc_2_vtvtv/canon_legacy/src/cpu/canon_cpu.cpp -o /dev/null -fopt-info-vec-all=/capstor/scratch/cscs/lhulsbergen/llr40_dace/vec/reports/tsvc_2_vtvtv.canon_legacy.g++-13.harness.all
tsvc_2_vtvtv,canon,legacy,g++-14,bonsall,True,1,canon_cpu.cpp:35,0,,,g++-14 -O3 -std=c++20 -fPIC -fno-math-errno -ffinite-math-only -fno-signaling-nans -fstrict-aliasing -faligned-new -fvect-cost-model=unlimited -fopenmp -I/capstor/scratch/cscs/lhulsbergen/venv_dace5cf/lib/python3.12/site-packages/dace/runtime/include -c /capstor/scratch/cscs/lhulsbergen/llr40_dace/emit/tsvc_2_vtvtv/canon_legacy/src/cpu/canon_cpu.cpp -o /dev/null -fopt-info-vec-all=/capstor/scratch/cscs/lhulsbergen/llr40_dace/vec/reports/tsvc_2_vtvtv.canon_legacy.g++-14.bonsall.all
tsvc_2_vtvtv,canon,legacy,g++-14,unsafe,True,1,canon_cpu.cpp:35,0,,,g++-14 -O3 -std=c++20 -fPIC -fno-math-errno -ffinite-math-only -fno-signaling-nans -fstrict-aliasing -faligned-new -fvect-cost-model=unlimited -fopenmp -funsafe-math-optimizations -I/capstor/scratch/cscs/lhulsbergen/venv_dace5cf/lib/python3.12/site-packages/dace/runtime/include -c /capstor/scratch/cscs/lhulsbergen/llr40_dace/emit/tsvc_2_vtvtv/canon_legacy/src/cpu/canon_cpu.cpp -o /dev/null -fopt-info-vec-all=/capstor/scratch/cscs/lhulsbergen/llr40_dace/vec/reports/tsvc_2_vtvtv.canon_legacy.g++-14.unsafe.all
tsvc_2_vtvtv,canon,legacy,g++-14,harness,True,1,canon_cpu.cpp:35,1,canon_cpu.cpp:29,,g++-14 -march=native -fopenmp -fno-math-errno -fno-trapping-math -fno-signed-zeros -ffp-contract=fast -fstrict-aliasing -include /capstor/scratch/cscs/lhulsbergen/HPCAgent-Bench-dace/hpcagent_bench/envs/vecmath.h -Wall -Wextra -O3 -fPIC -fopenmp -std=c++20 -I/capstor/scratch/cscs/lhulsbergen/venv_dace5cf/lib/python3.12/site-packages/dace/runtime/include -c /capstor/scratch/cscs/lhulsbergen/llr40_dace/emit/tsvc_2_vtvtv/canon_legacy/src/cpu/canon_cpu.cpp -o /dev/null -fopt-info-vec-all=/capstor/scratch/cscs/lhulsbergen/llr40_dace/vec/reports/tsvc_2_vtvtv.canon_legacy.g++-14.harness.all
tsvc_2_vtvtv,canon,new,g++-13,bonsall,True,1,canon_cpu.cpp:30,0,,,g++-13 -O3 -std=c++20 -fPIC -fno-math-errno -ffinite-math-only -fno-signaling-nans -fstrict-aliasing -faligned-new -fvect-cost-model=unlimited -fopenmp -I/capstor/scratch/cscs/lhulsbergen/venv_dace5cf/lib/python3.12/site-packages/dace/runtime/include -c /capstor/scratch/cscs/lhulsbergen/llr40_dace/emit/tsvc_2_vtvtv/canon_new/src/cpu/canon_cpu.cpp -o /dev/null -fopt-info-vec-all=/capstor/scratch/cscs/lhulsbergen/llr40_dace/vec/reports/tsvc_2_vtvtv.canon_new.g++-13.bonsall.all
tsvc_2_vtvtv,canon,new,g++-13,unsafe,True,1,canon_cpu.cpp:30,0,,,g++-13 -O3 -std=c++20 -fPIC -fno-math-errno -ffinite-math-only -fno-signaling-nans -fstrict-aliasing -faligned-new -fvect-cost-model=unlimited -fopenmp -funsafe-math-optimizations -I/capstor/scratch/cscs/lhulsbergen/venv_dace5cf/lib/python3.12/site-packages/dace/runtime/include -c /capstor/scratch/cscs/lhulsbergen/llr40_dace/emit/tsvc_2_vtvtv/canon_new/src/cpu/canon_cpu.cpp -o /dev/null -fopt-info-vec-all=/capstor/scratch/cscs/lhulsbergen/llr40_dace/vec/reports/tsvc_2_vtvtv.canon_new.g++-13.unsafe.all
tsvc_2_vtvtv,canon,new,g++-13,harness,True,1,canon_cpu.cpp:30,1,canon_cpu.cpp:25,,g++-13 -march=native -fopenmp -fno-math-errno -fno-trapping-math -fno-signed-zeros -ffp-contract=fast -fstrict-aliasing -include /capstor/scratch/cscs/lhulsbergen/HPCAgent-Bench-dace/hpcagent_bench/envs/vecmath.h -Wall -Wextra -O3 -fPIC -fopenmp -std=c++20 -I/capstor/scratch/cscs/lhulsbergen/venv_dace5cf/lib/python3.12/site-packages/dace/runtime/include -c /capstor/scratch/cscs/lhulsbergen/llr40_dace/emit/tsvc_2_vtvtv/canon_new/src/cpu/canon_cpu.cpp -o /dev/null -fopt-info-vec-all=/capstor/scratch/cscs/lhulsbergen/llr40_dace/vec/reports/tsvc_2_vtvtv.canon_new.g++-13.harness.all
tsvc_2_vtvtv,canon,new,g++-14,bonsall,True,1,canon_cpu.cpp:30,0,,,g++-14 -O3 -std=c++20 -fPIC -fno-math-errno -ffinite-math-only -fno-signaling-nans -fstrict-aliasing -faligned-new -fvect-cost-model=unlimited -fopenmp -I/capstor/scratch/cscs/lhulsbergen/venv_dace5cf/lib/python3.12/site-packages/dace/runtime/include -c /capstor/scratch/cscs/lhulsbergen/llr40_dace/emit/tsvc_2_vtvtv/canon_new/src/cpu/canon_cpu.cpp -o /dev/null -fopt-info-vec-all=/capstor/scratch/cscs/lhulsbergen/llr40_dace/vec/reports/tsvc_2_vtvtv.canon_new.g++-14.bonsall.all
tsvc_2_vtvtv,canon,new,g++-14,unsafe,True,1,canon_cpu.cpp:30,0,,,g++-14 -O3 -std=c++20 -fPIC -fno-math-errno -ffinite-math-only -fno-signaling-nans -fstrict-aliasing -faligned-new -fvect-cost-model=unlimited -fopenmp -funsafe-math-optimizations -I/capstor/scratch/cscs/lhulsbergen/venv_dace5cf/lib/python3.12/site-packages/dace/runtime/include -c /capstor/scratch/cscs/lhulsbergen/llr40_dace/emit/tsvc_2_vtvtv/canon_new/src/cpu/canon_cpu.cpp -o /dev/null -fopt-info-vec-all=/capstor/scratch/cscs/lhulsbergen/llr40_dace/vec/reports/tsvc_2_vtvtv.canon_new.g++-14.unsafe.all
tsvc_2_vtvtv,canon,new,g++-14,harness,True,1,canon_cpu.cpp:30,1,canon_cpu.cpp:25,,g++-14 -march=native -fopenmp -fno-math-errno -fno-trapping-math -fno-signed-zeros -ffp-contract=fast -fstrict-aliasing -include /capstor/scratch/cscs/lhulsbergen/HPCAgent-Bench-dace/hpcagent_bench/envs/vecmath.h -Wall -Wextra -O3 -fPIC -fopenmp -std=c++20 -I/capstor/scratch/cscs/lhulsbergen/venv_dace5cf/lib/python3.12/site-packages/dace/runtime/include -c /capstor/scratch/cscs/lhulsbergen/llr40_dace/emit/tsvc_2_vtvtv/canon_new/src/cpu/canon_cpu.cpp -o /dev/null -fopt-info-vec-all=/capstor/scratch/cscs/lhulsbergen/llr40_dace/vec/reports/tsvc_2_vtvtv.canon_new.g++-14.harness.all
tsvc_2_vtvtv,canon,old,g++-13,bonsall,True,1,canon_cpu.cpp:35,0,,,g++-13 -O3 -std=c++20 -fPIC -fno-math-errno -ffinite-math-only -fno-signaling-nans -fstrict-aliasing -faligned-new -fvect-cost-model=unlimited -fopenmp -I/capstor/scratch/cscs/lhulsbergen/venv_dace5cf/lib/python3.12/site-packages/dace/runtime/include -c /capstor/scratch/cscs/lhulsbergen/llr40_dace/emit/tsvc_2_vtvtv/canon_old/src/cpu/canon_cpu.cpp -o /dev/null -fopt-info-vec-all=/capstor/scratch/cscs/lhulsbergen/llr40_dace/vec/reports/tsvc_2_vtvtv.canon_old.g++-13.bonsall.all
tsvc_2_vtvtv,canon,old,g++-13,unsafe,True,1,canon_cpu.cpp:35,0,,,g++-13 -O3 -std=c++20 -fPIC -fno-math-errno -ffinite-math-only -fno-signaling-nans -fstrict-aliasing -faligned-new -fvect-cost-model=unlimited -fopenmp -funsafe-math-optimizations -I/capstor/scratch/cscs/lhulsbergen/venv_dace5cf/lib/python3.12/site-packages/dace/runtime/include -c /capstor/scratch/cscs/lhulsbergen/llr40_dace/emit/tsvc_2_vtvtv/canon_old/src/cpu/canon_cpu.cpp -o /dev/null -fopt-info-vec-all=/capstor/scratch/cscs/lhulsbergen/llr40_dace/vec/reports/tsvc_2_vtvtv.canon_old.g++-13.unsafe.all
tsvc_2_vtvtv,canon,old,g++-13,harness,True,1,canon_cpu.cpp:35,1,canon_cpu.cpp:29,,g++-13 -march=native -fopenmp -fno-math-errno -fno-trapping-math -fno-signed-zeros -ffp-contract=fast -fstrict-aliasing -include /capstor/scratch/cscs/lhulsbergen/HPCAgent-Bench-dace/hpcagent_bench/envs/vecmath.h -Wall -Wextra -O3 -fPIC -fopenmp -std=c++20 -I/capstor/scratch/cscs/lhulsbergen/venv_dace5cf/lib/python3.12/site-packages/dace/runtime/include -c /capstor/scratch/cscs/lhulsbergen/llr40_dace/emit/tsvc_2_vtvtv/canon_old/src/cpu/canon_cpu.cpp -o /dev/null -fopt-info-vec-all=/capstor/scratch/cscs/lhulsbergen/llr40_dace/vec/reports/tsvc_2_vtvtv.canon_old.g++-13.harness.all
tsvc_2_vtvtv,canon,old,g++-14,bonsall,True,1,canon_cpu.cpp:35,0,,,g++-14 -O3 -std=c++20 -fPIC -fno-math-errno -ffinite-math-only -fno-signaling-nans -fstrict-aliasing -faligned-new -fvect-cost-model=unlimited -fopenmp -I/capstor/scratch/cscs/lhulsbergen/venv_dace5cf/lib/python3.12/site-packages/dace/runtime/include -c /capstor/scratch/cscs/lhulsbergen/llr40_dace/emit/tsvc_2_vtvtv/canon_old/src/cpu/canon_cpu.cpp -o /dev/null -fopt-info-vec-all=/capstor/scratch/cscs/lhulsbergen/llr40_dace/vec/reports/tsvc_2_vtvtv.canon_old.g++-14.bonsall.all
tsvc_2_vtvtv,canon,old,g++-14,unsafe,True,1,canon_cpu.cpp:35,0,,,g++-14 -O3 -std=c++20 -fPIC -fno-math-errno -ffinite-math-only -fno-signaling-nans -fstrict-aliasing -faligned-new -fvect-cost-model=unlimited -fopenmp -funsafe-math-optimizations -I/capstor/scratch/cscs/lhulsbergen/venv_dace5cf/lib/python3.12/site-packages/dace/runtime/include -c /capstor/scratch/cscs/lhulsbergen/llr40_dace/emit/tsvc_2_vtvtv/canon_old/src/cpu/canon_cpu.cpp -o /dev/null -fopt-info-vec-all=/capstor/scratch/cscs/lhulsbergen/llr40_dace/vec/reports/tsvc_2_vtvtv.canon_old.g++-14.unsafe.all
tsvc_2_vtvtv,canon,old,g++-14,harness,True,1,canon_cpu.cpp:35,1,canon_cpu.cpp:29,,g++-14 -march=native -fopenmp -fno-math-errno -fno-trapping-math -fno-signed-zeros -ffp-contract=fast -fstrict-aliasing -include /capstor/scratch/cscs/lhulsbergen/HPCAgent-Bench-dace/hpcagent_bench/envs/vecmath.h -Wall -Wextra -O3 -fPIC -fopenmp -std=c++20 -I/capstor/scratch/cscs/lhulsbergen/venv_dace5cf/lib/python3.12/site-packages/dace/runtime/include -c /capstor/scratch/cscs/lhulsbergen/llr40_dace/emit/tsvc_2_vtvtv/canon_old/src/cpu/canon_cpu.cpp -o /dev/null -fopt-info-vec-all=/capstor/scratch/cscs/lhulsbergen/llr40_dace/vec/reports/tsvc_2_vtvtv.canon_old.g++-14.harness.all
tsvc_2_vtvtv,none,legacy,g++-13,bonsall,True,1,canon_cpu.cpp:19,0,,,g++-13 -O3 -std=c++20 -fPIC -fno-math-errno -ffinite-math-only -fno-signaling-nans -fstrict-aliasing -faligned-new -fvect-cost-model=unlimited -fopenmp -I/capstor/scratch/cscs/lhulsbergen/venv_dace5cf/lib/python3.12/site-packages/dace/runtime/include -c /capstor/scratch/cscs/lhulsbergen/llr40_dace/emit/tsvc_2_vtvtv/none_legacy/src/cpu/canon_cpu.cpp -o /dev/null -fopt-info-vec-all=/capstor/scratch/cscs/lhulsbergen/llr40_dace/vec/reports/tsvc_2_vtvtv.none_legacy.g++-13.bonsall.all
tsvc_2_vtvtv,none,legacy,g++-13,unsafe,True,1,canon_cpu.cpp:19,0,,,g++-13 -O3 -std=c++20 -fPIC -fno-math-errno -ffinite-math-only -fno-signaling-nans -fstrict-aliasing -faligned-new -fvect-cost-model=unlimited -fopenmp -funsafe-math-optimizations -I/capstor/scratch/cscs/lhulsbergen/venv_dace5cf/lib/python3.12/site-packages/dace/runtime/include -c /capstor/scratch/cscs/lhulsbergen/llr40_dace/emit/tsvc_2_vtvtv/none_legacy/src/cpu/canon_cpu.cpp -o /dev/null -fopt-info-vec-all=/capstor/scratch/cscs/lhulsbergen/llr40_dace/vec/reports/tsvc_2_vtvtv.none_legacy.g++-13.unsafe.all
tsvc_2_vtvtv,none,legacy,g++-13,harness,True,1,canon_cpu.cpp:19,0,,,g++-13 -march=native -fopenmp -fno-math-errno -fno-trapping-math -fno-signed-zeros -ffp-contract=fast -fstrict-aliasing -include /capstor/scratch/cscs/lhulsbergen/HPCAgent-Bench-dace/hpcagent_bench/envs/vecmath.h -Wall -Wextra -O3 -fPIC -fopenmp -std=c++20 -I/capstor/scratch/cscs/lhulsbergen/venv_dace5cf/lib/python3.12/site-packages/dace/runtime/include -c /capstor/scratch/cscs/lhulsbergen/llr40_dace/emit/tsvc_2_vtvtv/none_legacy/src/cpu/canon_cpu.cpp -o /dev/null -fopt-info-vec-all=/capstor/scratch/cscs/lhulsbergen/llr40_dace/vec/reports/tsvc_2_vtvtv.none_legacy.g++-13.harness.all
tsvc_2_vtvtv,none,legacy,g++-14,bonsall,True,1,canon_cpu.cpp:19,0,,,g++-14 -O3 -std=c++20 -fPIC -fno-math-errno -ffinite-math-only -fno-signaling-nans -fstrict-aliasing -faligned-new -fvect-cost-model=unlimited -fopenmp -I/capstor/scratch/cscs/lhulsbergen/venv_dace5cf/lib/python3.12/site-packages/dace/runtime/include -c /capstor/scratch/cscs/lhulsbergen/llr40_dace/emit/tsvc_2_vtvtv/none_legacy/src/cpu/canon_cpu.cpp -o /dev/null -fopt-info-vec-all=/capstor/scratch/cscs/lhulsbergen/llr40_dace/vec/reports/tsvc_2_vtvtv.none_legacy.g++-14.bonsall.all
tsvc_2_vtvtv,none,legacy,g++-14,unsafe,True,1,canon_cpu.cpp:19,0,,,g++-14 -O3 -std=c++20 -fPIC -fno-math-errno -ffinite-math-only -fno-signaling-nans -fstrict-aliasing -faligned-new -fvect-cost-model=unlimited -fopenmp -funsafe-math-optimizations -I/capstor/scratch/cscs/lhulsbergen/venv_dace5cf/lib/python3.12/site-packages/dace/runtime/include -c /capstor/scratch/cscs/lhulsbergen/llr40_dace/emit/tsvc_2_vtvtv/none_legacy/src/cpu/canon_cpu.cpp -o /dev/null -fopt-info-vec-all=/capstor/scratch/cscs/lhulsbergen/llr40_dace/vec/reports/tsvc_2_vtvtv.none_legacy.g++-14.unsafe.all
tsvc_2_vtvtv,none,legacy,g++-14,harness,True,1,canon_cpu.cpp:19,0,,,g++-14 -march=native -fopenmp -fno-math-errno -fno-trapping-math -fno-signed-zeros -ffp-contract=fast -fstrict-aliasing -include /capstor/scratch/cscs/lhulsbergen/HPCAgent-Bench-dace/hpcagent_bench/envs/vecmath.h -Wall -Wextra -O3 -fPIC -fopenmp -std=c++20 -I/capstor/scratch/cscs/lhulsbergen/venv_dace5cf/lib/python3.12/site-packages/dace/runtime/include -c /capstor/scratch/cscs/lhulsbergen/llr40_dace/emit/tsvc_2_vtvtv/none_legacy/src/cpu/canon_cpu.cpp -o /dev/null -fopt-info-vec-all=/capstor/scratch/cscs/lhulsbergen/llr40_dace/vec/reports/tsvc_2_vtvtv.none_legacy.g++-14.harness.all
tsvc_2_vtvtv,none,new,g++-13,bonsall,True,1,canon_cpu.cpp:21,0,,,g++-13 -O3 -std=c++20 -fPIC -fno-math-errno -ffinite-math-only -fno-signaling-nans -fstrict-aliasing -faligned-new -fvect-cost-model=unlimited -fopenmp -I/capstor/scratch/cscs/lhulsbergen/venv_dace5cf/lib/python3.12/site-packages/dace/runtime/include -c /capstor/scratch/cscs/lhulsbergen/llr40_dace/emit/tsvc_2_vtvtv/none_new/src/cpu/canon_cpu.cpp -o /dev/null -fopt-info-vec-all=/capstor/scratch/cscs/lhulsbergen/llr40_dace/vec/reports/tsvc_2_vtvtv.none_new.g++-13.bonsall.all
tsvc_2_vtvtv,none,new,g++-13,unsafe,True,1,canon_cpu.cpp:21,0,,,g++-13 -O3 -std=c++20 -fPIC -fno-math-errno -ffinite-math-only -fno-signaling-nans -fstrict-aliasing -faligned-new -fvect-cost-model=unlimited -fopenmp -funsafe-math-optimizations -I/capstor/scratch/cscs/lhulsbergen/venv_dace5cf/lib/python3.12/site-packages/dace/runtime/include -c /capstor/scratch/cscs/lhulsbergen/llr40_dace/emit/tsvc_2_vtvtv/none_new/src/cpu/canon_cpu.cpp -o /dev/null -fopt-info-vec-all=/capstor/scratch/cscs/lhulsbergen/llr40_dace/vec/reports/tsvc_2_vtvtv.none_new.g++-13.unsafe.all
tsvc_2_vtvtv,none,new,g++-13,harness,True,1,canon_cpu.cpp:21,0,,,g++-13 -march=native -fopenmp -fno-math-errno -fno-trapping-math -fno-signed-zeros -ffp-contract=fast -fstrict-aliasing -include /capstor/scratch/cscs/lhulsbergen/HPCAgent-Bench-dace/hpcagent_bench/envs/vecmath.h -Wall -Wextra -O3 -fPIC -fopenmp -std=c++20 -I/capstor/scratch/cscs/lhulsbergen/venv_dace5cf/lib/python3.12/site-packages/dace/runtime/include -c /capstor/scratch/cscs/lhulsbergen/llr40_dace/emit/tsvc_2_vtvtv/none_new/src/cpu/canon_cpu.cpp -o /dev/null -fopt-info-vec-all=/capstor/scratch/cscs/lhulsbergen/llr40_dace/vec/reports/tsvc_2_vtvtv.none_new.g++-13.harness.all
tsvc_2_vtvtv,none,new,g++-14,bonsall,True,1,canon_cpu.cpp:21,0,,,g++-14 -O3 -std=c++20 -fPIC -fno-math-errno -ffinite-math-only -fno-signaling-nans -fstrict-aliasing -faligned-new -fvect-cost-model=unlimited -fopenmp -I/capstor/scratch/cscs/lhulsbergen/venv_dace5cf/lib/python3.12/site-packages/dace/runtime/include -c /capstor/scratch/cscs/lhulsbergen/llr40_dace/emit/tsvc_2_vtvtv/none_new/src/cpu/canon_cpu.cpp -o /dev/null -fopt-info-vec-all=/capstor/scratch/cscs/lhulsbergen/llr40_dace/vec/reports/tsvc_2_vtvtv.none_new.g++-14.bonsall.all
tsvc_2_vtvtv,none,new,g++-14,unsafe,True,1,canon_cpu.cpp:21,0,,,g++-14 -O3 -std=c++20 -fPIC -fno-math-errno -ffinite-math-only -fno-signaling-nans -fstrict-aliasing -faligned-new -fvect-cost-model=unlimited -fopenmp -funsafe-math-optimizations -I/capstor/scratch/cscs/lhulsbergen/venv_dace5cf/lib/python3.12/site-packages/dace/runtime/include -c /capstor/scratch/cscs/lhulsbergen/llr40_dace/emit/tsvc_2_vtvtv/none_new/src/cpu/canon_cpu.cpp -o /dev/null -fopt-info-vec-all=/capstor/scratch/cscs/lhulsbergen/llr40_dace/vec/reports/tsvc_2_vtvtv.none_new.g++-14.unsafe.all
tsvc_2_vtvtv,none,new,g++-14,harness,True,1,canon_cpu.cpp:21,0,,,g++-14 -march=native -fopenmp -fno-math-errno -fno-trapping-math -fno-signed-zeros -ffp-contract=fast -fstrict-aliasing -include /capstor/scratch/cscs/lhulsbergen/HPCAgent-Bench-dace/hpcagent_bench/envs/vecmath.h -Wall -Wextra -O3 -fPIC -fopenmp -std=c++20 -I/capstor/scratch/cscs/lhulsbergen/venv_dace5cf/lib/python3.12/site-packages/dace/runtime/include -c /capstor/scratch/cscs/lhulsbergen/llr40_dace/emit/tsvc_2_vtvtv/none_new/src/cpu/canon_cpu.cpp -o /dev/null -fopt-info-vec-all=/capstor/scratch/cscs/lhulsbergen/llr40_dace/vec/reports/tsvc_2_vtvtv.none_new.g++-14.harness.all
tsvc_2_vtvtv,none,old,g++-13,bonsall,True,1,canon_cpu.cpp:19,0,,,g++-13 -O3 -std=c++20 -fPIC -fno-math-errno -ffinite-math-only -fno-signaling-nans -fstrict-aliasing -faligned-new -fvect-cost-model=unlimited -fopenmp -I/capstor/scratch/cscs/lhulsbergen/venv_dace5cf/lib/python3.12/site-packages/dace/runtime/include -c /capstor/scratch/cscs/lhulsbergen/llr40_dace/emit/tsvc_2_vtvtv/none_old/src/cpu/canon_cpu.cpp -o /dev/null -fopt-info-vec-all=/capstor/scratch/cscs/lhulsbergen/llr40_dace/vec/reports/tsvc_2_vtvtv.none_old.g++-13.bonsall.all
tsvc_2_vtvtv,none,old,g++-13,unsafe,True,1,canon_cpu.cpp:19,0,,,g++-13 -O3 -std=c++20 -fPIC -fno-math-errno -ffinite-math-only -fno-signaling-nans -fstrict-aliasing -faligned-new -fvect-cost-model=unlimited -fopenmp -funsafe-math-optimizations -I/capstor/scratch/cscs/lhulsbergen/venv_dace5cf/lib/python3.12/site-packages/dace/runtime/include -c /capstor/scratch/cscs/lhulsbergen/llr40_dace/emit/tsvc_2_vtvtv/none_old/src/cpu/canon_cpu.cpp -o /dev/null -fopt-info-vec-all=/capstor/scratch/cscs/lhulsbergen/llr40_dace/vec/reports/tsvc_2_vtvtv.none_old.g++-13.unsafe.all
tsvc_2_vtvtv,none,old,g++-13,harness,True,1,canon_cpu.cpp:19,0,,,g++-13 -march=native -fopenmp -fno-math-errno -fno-trapping-math -fno-signed-zeros -ffp-contract=fast -fstrict-aliasing -include /capstor/scratch/cscs/lhulsbergen/HPCAgent-Bench-dace/hpcagent_bench/envs/vecmath.h -Wall -Wextra -O3 -fPIC -fopenmp -std=c++20 -I/capstor/scratch/cscs/lhulsbergen/venv_dace5cf/lib/python3.12/site-packages/dace/runtime/include -c /capstor/scratch/cscs/lhulsbergen/llr40_dace/emit/tsvc_2_vtvtv/none_old/src/cpu/canon_cpu.cpp -o /dev/null -fopt-info-vec-all=/capstor/scratch/cscs/lhulsbergen/llr40_dace/vec/reports/tsvc_2_vtvtv.none_old.g++-13.harness.all
tsvc_2_vtvtv,none,old,g++-14,bonsall,True,1,canon_cpu.cpp:19,0,,,g++-14 -O3 -std=c++20 -fPIC -fno-math-errno -ffinite-math-only -fno-signaling-nans -fstrict-aliasing -faligned-new -fvect-cost-model=unlimited -fopenmp -I/capstor/scratch/cscs/lhulsbergen/venv_dace5cf/lib/python3.12/site-packages/dace/runtime/include -c /capstor/scratch/cscs/lhulsbergen/llr40_dace/emit/tsvc_2_vtvtv/none_old/src/cpu/canon_cpu.cpp -o /dev/null -fopt-info-vec-all=/capstor/scratch/cscs/lhulsbergen/llr40_dace/vec/reports/tsvc_2_vtvtv.none_old.g++-14.bonsall.all
tsvc_2_vtvtv,none,old,g++-14,unsafe,True,1,canon_cpu.cpp:19,0,,,g++-14 -O3 -std=c++20 -fPIC -fno-math-errno -ffinite-math-only -fno-signaling-nans -fstrict-aliasing -faligned-new -fvect-cost-model=unlimited -fopenmp -funsafe-math-optimizations -I/capstor/scratch/cscs/lhulsbergen/venv_dace5cf/lib/python3.12/site-packages/dace/runtime/include -c /capstor/scratch/cscs/lhulsbergen/llr40_dace/emit/tsvc_2_vtvtv/none_old/src/cpu/canon_cpu.cpp -o /dev/null -fopt-info-vec-all=/capstor/scratch/cscs/lhulsbergen/llr40_dace/vec/reports/tsvc_2_vtvtv.none_old.g++-14.unsafe.all
tsvc_2_vtvtv,none,old,g++-14,harness,True,1,canon_cpu.cpp:19,0,,,g++-14 -march=native -fopenmp -fno-math-errno -fno-trapping-math -fno-signed-zeros -ffp-contract=fast -fstrict-aliasing -include /capstor/scratch/cscs/lhulsbergen/HPCAgent-Bench-dace/hpcagent_bench/envs/vecmath.h -Wall -Wextra -O3 -fPIC -fopenmp -std=c++20 -I/capstor/scratch/cscs/lhulsbergen/venv_dace5cf/lib/python3.12/site-packages/dace/runtime/include -c /capstor/scratch/cscs/lhulsbergen/llr40_dace/emit/tsvc_2_vtvtv/none_old/src/cpu/canon_cpu.cpp -o /dev/null -fopt-info-vec-all=/capstor/scratch/cscs/lhulsbergen/llr40_dace/vec/reports/tsvc_2_vtvtv.none_old.g++-14.harness.all
versioned_distance_update,canon,legacy,g++-13,bonsall,True,3,canon_cpu.cpp:132 canon_cpu.cpp:24 canon_cpu.cpp:89,8,scan.hpp:284 scan.hpp:292 scan.hpp:322 scan.hpp:330 scan.hpp:332 scan.hpp:344 scan.hpp:345 scan.hpp:672,,g++-13 -O3 -std=c++20 -fPIC -fno-math-errno -ffinite-math-only -fno-signaling-nans -fstrict-aliasing -faligned-new -fvect-cost-model=unlimited -fopenmp -I/capstor/scratch/cscs/lhulsbergen/venv_dace5cf/lib/python3.12/site-packages/dace/runtime/include -c /capstor/scratch/cscs/lhulsbergen/llr40_dace/emit/versioned_distance_update/canon_legacy/src/cpu/canon_cpu.cpp -o /dev/null -fopt-info-vec-all=/capstor/scratch/cscs/lhulsbergen/llr40_dace/vec/reports/versioned_distance_update.canon_legacy.g++-13.bonsall.all
versioned_distance_update,canon,legacy,g++-13,unsafe,True,3,canon_cpu.cpp:132 canon_cpu.cpp:24 canon_cpu.cpp:89,8,scan.hpp:284 scan.hpp:292 scan.hpp:322 scan.hpp:330 scan.hpp:332 scan.hpp:344 scan.hpp:345 scan.hpp:672,,g++-13 -O3 -std=c++20 -fPIC -fno-math-errno -ffinite-math-only -fno-signaling-nans -fstrict-aliasing -faligned-new -fvect-cost-model=unlimited -fopenmp -funsafe-math-optimizations -I/capstor/scratch/cscs/lhulsbergen/venv_dace5cf/lib/python3.12/site-packages/dace/runtime/include -c /capstor/scratch/cscs/lhulsbergen/llr40_dace/emit/versioned_distance_update/canon_legacy/src/cpu/canon_cpu.cpp -o /dev/null -fopt-info-vec-all=/capstor/scratch/cscs/lhulsbergen/llr40_dace/vec/reports/versioned_distance_update.canon_legacy.g++-13.unsafe.all
versioned_distance_update,canon,legacy,g++-13,harness,True,3,canon_cpu.cpp:132 canon_cpu.cpp:24 canon_cpu.cpp:89,12,canon_cpu.cpp:86 scan.hpp:277 scan.hpp:284 scan.hpp:292 scan.hpp:322 scan.hpp:330 scan.hpp:332 scan.hpp:344 scan.hpp:345 scan.hpp:609 scan.hpp:670 scan.hpp:672,,g++-13 -march=native -fopenmp -fno-math-errno -fno-trapping-math -fno-signed-zeros -ffp-contract=fast -fstrict-aliasing -include /capstor/scratch/cscs/lhulsbergen/HPCAgent-Bench-dace/hpcagent_bench/envs/vecmath.h -Wall -Wextra -O3 -fPIC -fopenmp -std=c++20 -I/capstor/scratch/cscs/lhulsbergen/venv_dace5cf/lib/python3.12/site-packages/dace/runtime/include -c /capstor/scratch/cscs/lhulsbergen/llr40_dace/emit/versioned_distance_update/canon_legacy/src/cpu/canon_cpu.cpp -o /dev/null -fopt-info-vec-all=/capstor/scratch/cscs/lhulsbergen/llr40_dace/vec/reports/versioned_distance_update.canon_legacy.g++-13.harness.all
versioned_distance_update,canon,legacy,g++-14,bonsall,True,3,canon_cpu.cpp:132 canon_cpu.cpp:24 canon_cpu.cpp:89,8,scan.hpp:284 scan.hpp:292 scan.hpp:322 scan.hpp:330 scan.hpp:332 scan.hpp:344 scan.hpp:345 scan.hpp:672,,g++-14 -O3 -std=c++20 -fPIC -fno-math-errno -ffinite-math-only -fno-signaling-nans -fstrict-aliasing -faligned-new -fvect-cost-model=unlimited -fopenmp -I/capstor/scratch/cscs/lhulsbergen/venv_dace5cf/lib/python3.12/site-packages/dace/runtime/include -c /capstor/scratch/cscs/lhulsbergen/llr40_dace/emit/versioned_distance_update/canon_legacy/src/cpu/canon_cpu.cpp -o /dev/null -fopt-info-vec-all=/capstor/scratch/cscs/lhulsbergen/llr40_dace/vec/reports/versioned_distance_update.canon_legacy.g++-14.bonsall.all
versioned_distance_update,canon,legacy,g++-14,unsafe,True,3,canon_cpu.cpp:132 canon_cpu.cpp:24 canon_cpu.cpp:89,8,scan.hpp:284 scan.hpp:292 scan.hpp:322 scan.hpp:330 scan.hpp:332 scan.hpp:344 scan.hpp:345 scan.hpp:672,,g++-14 -O3 -std=c++20 -fPIC -fno-math-errno -ffinite-math-only -fno-signaling-nans -fstrict-aliasing -faligned-new -fvect-cost-model=unlimited -fopenmp -funsafe-math-optimizations -I/capstor/scratch/cscs/lhulsbergen/venv_dace5cf/lib/python3.12/site-packages/dace/runtime/include -c /capstor/scratch/cscs/lhulsbergen/llr40_dace/emit/versioned_distance_update/canon_legacy/src/cpu/canon_cpu.cpp -o /dev/null -fopt-info-vec-all=/capstor/scratch/cscs/lhulsbergen/llr40_dace/vec/reports/versioned_distance_update.canon_legacy.g++-14.unsafe.all
versioned_distance_update,canon,legacy,g++-14,harness,True,3,canon_cpu.cpp:132 canon_cpu.cpp:24 canon_cpu.cpp:89,12,canon_cpu.cpp:86 scan.hpp:277 scan.hpp:284 scan.hpp:292 scan.hpp:322 scan.hpp:330 scan.hpp:332 scan.hpp:344 scan.hpp:345 scan.hpp:609 scan.hpp:670 scan.hpp:672,,g++-14 -march=native -fopenmp -fno-math-errno -fno-trapping-math -fno-signed-zeros -ffp-contract=fast -fstrict-aliasing -include /capstor/scratch/cscs/lhulsbergen/HPCAgent-Bench-dace/hpcagent_bench/envs/vecmath.h -Wall -Wextra -O3 -fPIC -fopenmp -std=c++20 -I/capstor/scratch/cscs/lhulsbergen/venv_dace5cf/lib/python3.12/site-packages/dace/runtime/include -c /capstor/scratch/cscs/lhulsbergen/llr40_dace/emit/versioned_distance_update/canon_legacy/src/cpu/canon_cpu.cpp -o /dev/null -fopt-info-vec-all=/capstor/scratch/cscs/lhulsbergen/llr40_dace/vec/reports/versioned_distance_update.canon_legacy.g++-14.harness.all
versioned_distance_update,canon,new,g++-13,bonsall,True,3,canon_cpu.cpp:30 canon_cpu.cpp:70 canon_cpu.cpp:85,8,scan.hpp:284 scan.hpp:292 scan.hpp:322 scan.hpp:330 scan.hpp:332 scan.hpp:344 scan.hpp:345 scan.hpp:672,,g++-13 -O3 -std=c++20 -fPIC -fno-math-errno -ffinite-math-only -fno-signaling-nans -fstrict-aliasing -faligned-new -fvect-cost-model=unlimited -fopenmp -I/capstor/scratch/cscs/lhulsbergen/venv_dace5cf/lib/python3.12/site-packages/dace/runtime/include -c /capstor/scratch/cscs/lhulsbergen/llr40_dace/emit/versioned_distance_update/canon_new/src/cpu/canon_cpu.cpp -o /dev/null -fopt-info-vec-all=/capstor/scratch/cscs/lhulsbergen/llr40_dace/vec/reports/versioned_distance_update.canon_new.g++-13.bonsall.all
versioned_distance_update,canon,new,g++-13,unsafe,True,3,canon_cpu.cpp:30 canon_cpu.cpp:70 canon_cpu.cpp:85,8,scan.hpp:284 scan.hpp:292 scan.hpp:322 scan.hpp:330 scan.hpp:332 scan.hpp:344 scan.hpp:345 scan.hpp:672,,g++-13 -O3 -std=c++20 -fPIC -fno-math-errno -ffinite-math-only -fno-signaling-nans -fstrict-aliasing -faligned-new -fvect-cost-model=unlimited -fopenmp -funsafe-math-optimizations -I/capstor/scratch/cscs/lhulsbergen/venv_dace5cf/lib/python3.12/site-packages/dace/runtime/include -c /capstor/scratch/cscs/lhulsbergen/llr40_dace/emit/versioned_distance_update/canon_new/src/cpu/canon_cpu.cpp -o /dev/null -fopt-info-vec-all=/capstor/scratch/cscs/lhulsbergen/llr40_dace/vec/reports/versioned_distance_update.canon_new.g++-13.unsafe.all
versioned_distance_update,canon,new,g++-13,harness,True,3,canon_cpu.cpp:30 canon_cpu.cpp:70 canon_cpu.cpp:85,12,canon_cpu.cpp:68 scan.hpp:277 scan.hpp:284 scan.hpp:292 scan.hpp:322 scan.hpp:330 scan.hpp:332 scan.hpp:344 scan.hpp:345 scan.hpp:609 scan.hpp:670 scan.hpp:672,,g++-13 -march=native -fopenmp -fno-math-errno -fno-trapping-math -fno-signed-zeros -ffp-contract=fast -fstrict-aliasing -include /capstor/scratch/cscs/lhulsbergen/HPCAgent-Bench-dace/hpcagent_bench/envs/vecmath.h -Wall -Wextra -O3 -fPIC -fopenmp -std=c++20 -I/capstor/scratch/cscs/lhulsbergen/venv_dace5cf/lib/python3.12/site-packages/dace/runtime/include -c /capstor/scratch/cscs/lhulsbergen/llr40_dace/emit/versioned_distance_update/canon_new/src/cpu/canon_cpu.cpp -o /dev/null -fopt-info-vec-all=/capstor/scratch/cscs/lhulsbergen/llr40_dace/vec/reports/versioned_distance_update.canon_new.g++-13.harness.all
versioned_distance_update,canon,new,g++-14,bonsall,True,3,canon_cpu.cpp:30 canon_cpu.cpp:70 canon_cpu.cpp:85,8,scan.hpp:284 scan.hpp:292 scan.hpp:322 scan.hpp:330 scan.hpp:332 scan.hpp:344 scan.hpp:345 scan.hpp:672,,g++-14 -O3 -std=c++20 -fPIC -fno-math-errno -ffinite-math-only -fno-signaling-nans -fstrict-aliasing -faligned-new -fvect-cost-model=unlimited -fopenmp -I/capstor/scratch/cscs/lhulsbergen/venv_dace5cf/lib/python3.12/site-packages/dace/runtime/include -c /capstor/scratch/cscs/lhulsbergen/llr40_dace/emit/versioned_distance_update/canon_new/src/cpu/canon_cpu.cpp -o /dev/null -fopt-info-vec-all=/capstor/scratch/cscs/lhulsbergen/llr40_dace/vec/reports/versioned_distance_update.canon_new.g++-14.bonsall.all
versioned_distance_update,canon,new,g++-14,unsafe,True,3,canon_cpu.cpp:30 canon_cpu.cpp:70 canon_cpu.cpp:85,8,scan.hpp:284 scan.hpp:292 scan.hpp:322 scan.hpp:330 scan.hpp:332 scan.hpp:344 scan.hpp:345 scan.hpp:672,,g++-14 -O3 -std=c++20 -fPIC -fno-math-errno -ffinite-math-only -fno-signaling-nans -fstrict-aliasing -faligned-new -fvect-cost-model=unlimited -fopenmp -funsafe-math-optimizations -I/capstor/scratch/cscs/lhulsbergen/venv_dace5cf/lib/python3.12/site-packages/dace/runtime/include -c /capstor/scratch/cscs/lhulsbergen/llr40_dace/emit/versioned_distance_update/canon_new/src/cpu/canon_cpu.cpp -o /dev/null -fopt-info-vec-all=/capstor/scratch/cscs/lhulsbergen/llr40_dace/vec/reports/versioned_distance_update.canon_new.g++-14.unsafe.all
versioned_distance_update,canon,new,g++-14,harness,True,3,canon_cpu.cpp:30 canon_cpu.cpp:70 canon_cpu.cpp:85,12,canon_cpu.cpp:68 scan.hpp:277 scan.hpp:284 scan.hpp:292 scan.hpp:322 scan.hpp:330 scan.hpp:332 scan.hpp:344 scan.hpp:345 scan.hpp:609 scan.hpp:670 scan.hpp:672,,g++-14 -march=native -fopenmp -fno-math-errno -fno-trapping-math -fno-signed-zeros -ffp-contract=fast -fstrict-aliasing -include /capstor/scratch/cscs/lhulsbergen/HPCAgent-Bench-dace/hpcagent_bench/envs/vecmath.h -Wall -Wextra -O3 -fPIC -fopenmp -std=c++20 -I/capstor/scratch/cscs/lhulsbergen/venv_dace5cf/lib/python3.12/site-packages/dace/runtime/include -c /capstor/scratch/cscs/lhulsbergen/llr40_dace/emit/versioned_distance_update/canon_new/src/cpu/canon_cpu.cpp -o /dev/null -fopt-info-vec-all=/capstor/scratch/cscs/lhulsbergen/llr40_dace/vec/reports/versioned_distance_update.canon_new.g++-14.harness.all
versioned_distance_update,canon,old,g++-13,bonsall,True,2,canon_cpu.cpp:108 canon_cpu.cpp:63,8,scan.hpp:284 scan.hpp:292 scan.hpp:322 scan.hpp:330 scan.hpp:332 scan.hpp:344 scan.hpp:345 scan.hpp:672,,g++-13 -O3 -std=c++20 -fPIC -fno-math-errno -ffinite-math-only -fno-signaling-nans -fstrict-aliasing -faligned-new -fvect-cost-model=unlimited -fopenmp -I/capstor/scratch/cscs/lhulsbergen/venv_dace5cf/lib/python3.12/site-packages/dace/runtime/include -c /capstor/scratch/cscs/lhulsbergen/llr40_dace/emit/versioned_distance_update/canon_old/src/cpu/canon_cpu.cpp -o /dev/null -fopt-info-vec-all=/capstor/scratch/cscs/lhulsbergen/llr40_dace/vec/reports/versioned_distance_update.canon_old.g++-13.bonsall.all
versioned_distance_update,canon,old,g++-13,unsafe,True,2,canon_cpu.cpp:108 canon_cpu.cpp:63,8,scan.hpp:284 scan.hpp:292 scan.hpp:322 scan.hpp:330 scan.hpp:332 scan.hpp:344 scan.hpp:345 scan.hpp:672,,g++-13 -O3 -std=c++20 -fPIC -fno-math-errno -ffinite-math-only -fno-signaling-nans -fstrict-aliasing -faligned-new -fvect-cost-model=unlimited -fopenmp -funsafe-math-optimizations -I/capstor/scratch/cscs/lhulsbergen/venv_dace5cf/lib/python3.12/site-packages/dace/runtime/include -c /capstor/scratch/cscs/lhulsbergen/llr40_dace/emit/versioned_distance_update/canon_old/src/cpu/canon_cpu.cpp -o /dev/null -fopt-info-vec-all=/capstor/scratch/cscs/lhulsbergen/llr40_dace/vec/reports/versioned_distance_update.canon_old.g++-13.unsafe.all
versioned_distance_update,canon,old,g++-13,harness,True,2,canon_cpu.cpp:108 canon_cpu.cpp:63,12,canon_cpu.cpp:60 scan.hpp:277 scan.hpp:284 scan.hpp:292 scan.hpp:322 scan.hpp:330 scan.hpp:332 scan.hpp:344 scan.hpp:345 scan.hpp:609 scan.hpp:670 scan.hpp:672,,g++-13 -march=native -fopenmp -fno-math-errno -fno-trapping-math -fno-signed-zeros -ffp-contract=fast -fstrict-aliasing -include /capstor/scratch/cscs/lhulsbergen/HPCAgent-Bench-dace/hpcagent_bench/envs/vecmath.h -Wall -Wextra -O3 -fPIC -fopenmp -std=c++20 -I/capstor/scratch/cscs/lhulsbergen/venv_dace5cf/lib/python3.12/site-packages/dace/runtime/include -c /capstor/scratch/cscs/lhulsbergen/llr40_dace/emit/versioned_distance_update/canon_old/src/cpu/canon_cpu.cpp -o /dev/null -fopt-info-vec-all=/capstor/scratch/cscs/lhulsbergen/llr40_dace/vec/reports/versioned_distance_update.canon_old.g++-13.harness.all
versioned_distance_update,canon,old,g++-14,bonsall,True,2,canon_cpu.cpp:108 canon_cpu.cpp:63,8,scan.hpp:284 scan.hpp:292 scan.hpp:322 scan.hpp:330 scan.hpp:332 scan.hpp:344 scan.hpp:345 scan.hpp:672,,g++-14 -O3 -std=c++20 -fPIC -fno-math-errno -ffinite-math-only -fno-signaling-nans -fstrict-aliasing -faligned-new -fvect-cost-model=unlimited -fopenmp -I/capstor/scratch/cscs/lhulsbergen/venv_dace5cf/lib/python3.12/site-packages/dace/runtime/include -c /capstor/scratch/cscs/lhulsbergen/llr40_dace/emit/versioned_distance_update/canon_old/src/cpu/canon_cpu.cpp -o /dev/null -fopt-info-vec-all=/capstor/scratch/cscs/lhulsbergen/llr40_dace/vec/reports/versioned_distance_update.canon_old.g++-14.bonsall.all
versioned_distance_update,canon,old,g++-14,unsafe,True,2,canon_cpu.cpp:108 canon_cpu.cpp:63,8,scan.hpp:284 scan.hpp:292 scan.hpp:322 scan.hpp:330 scan.hpp:332 scan.hpp:344 scan.hpp:345 scan.hpp:672,,g++-14 -O3 -std=c++20 -fPIC -fno-math-errno -ffinite-math-only -fno-signaling-nans -fstrict-aliasing -faligned-new -fvect-cost-model=unlimited -fopenmp -funsafe-math-optimizations -I/capstor/scratch/cscs/lhulsbergen/venv_dace5cf/lib/python3.12/site-packages/dace/runtime/include -c /capstor/scratch/cscs/lhulsbergen/llr40_dace/emit/versioned_distance_update/canon_old/src/cpu/canon_cpu.cpp -o /dev/null -fopt-info-vec-all=/capstor/scratch/cscs/lhulsbergen/llr40_dace/vec/reports/versioned_distance_update.canon_old.g++-14.unsafe.all
versioned_distance_update,canon,old,g++-14,harness,True,2,canon_cpu.cpp:108 canon_cpu.cpp:63,12,canon_cpu.cpp:60 scan.hpp:277 scan.hpp:284 scan.hpp:292 scan.hpp:322 scan.hpp:330 scan.hpp:332 scan.hpp:344 scan.hpp:345 scan.hpp:609 scan.hpp:670 scan.hpp:672,,g++-14 -march=native -fopenmp -fno-math-errno -fno-trapping-math -fno-signed-zeros -ffp-contract=fast -fstrict-aliasing -include /capstor/scratch/cscs/lhulsbergen/HPCAgent-Bench-dace/hpcagent_bench/envs/vecmath.h -Wall -Wextra -O3 -fPIC -fopenmp -std=c++20 -I/capstor/scratch/cscs/lhulsbergen/venv_dace5cf/lib/python3.12/site-packages/dace/runtime/include -c /capstor/scratch/cscs/lhulsbergen/llr40_dace/emit/versioned_distance_update/canon_old/src/cpu/canon_cpu.cpp -o /dev/null -fopt-info-vec-all=/capstor/scratch/cscs/lhulsbergen/llr40_dace/vec/reports/versioned_distance_update.canon_old.g++-14.harness.all
versioned_distance_update,none,legacy,g++-13,bonsall,True,1,canon_cpu.cpp:20,0,,,g++-13 -O3 -std=c++20 -fPIC -fno-math-errno -ffinite-math-only -fno-signaling-nans -fstrict-aliasing -faligned-new -fvect-cost-model=unlimited -fopenmp -I/capstor/scratch/cscs/lhulsbergen/venv_dace5cf/lib/python3.12/site-packages/dace/runtime/include -c /capstor/scratch/cscs/lhulsbergen/llr40_dace/emit/versioned_distance_update/none_legacy/src/cpu/canon_cpu.cpp -o /dev/null -fopt-info-vec-all=/capstor/scratch/cscs/lhulsbergen/llr40_dace/vec/reports/versioned_distance_update.none_legacy.g++-13.bonsall.all
versioned_distance_update,none,legacy,g++-13,unsafe,True,1,canon_cpu.cpp:20,0,,,g++-13 -O3 -std=c++20 -fPIC -fno-math-errno -ffinite-math-only -fno-signaling-nans -fstrict-aliasing -faligned-new -fvect-cost-model=unlimited -fopenmp -funsafe-math-optimizations -I/capstor/scratch/cscs/lhulsbergen/venv_dace5cf/lib/python3.12/site-packages/dace/runtime/include -c /capstor/scratch/cscs/lhulsbergen/llr40_dace/emit/versioned_distance_update/none_legacy/src/cpu/canon_cpu.cpp -o /dev/null -fopt-info-vec-all=/capstor/scratch/cscs/lhulsbergen/llr40_dace/vec/reports/versioned_distance_update.none_legacy.g++-13.unsafe.all
versioned_distance_update,none,legacy,g++-13,harness,True,1,canon_cpu.cpp:20,0,,,g++-13 -march=native -fopenmp -fno-math-errno -fno-trapping-math -fno-signed-zeros -ffp-contract=fast -fstrict-aliasing -include /capstor/scratch/cscs/lhulsbergen/HPCAgent-Bench-dace/hpcagent_bench/envs/vecmath.h -Wall -Wextra -O3 -fPIC -fopenmp -std=c++20 -I/capstor/scratch/cscs/lhulsbergen/venv_dace5cf/lib/python3.12/site-packages/dace/runtime/include -c /capstor/scratch/cscs/lhulsbergen/llr40_dace/emit/versioned_distance_update/none_legacy/src/cpu/canon_cpu.cpp -o /dev/null -fopt-info-vec-all=/capstor/scratch/cscs/lhulsbergen/llr40_dace/vec/reports/versioned_distance_update.none_legacy.g++-13.harness.all
versioned_distance_update,none,legacy,g++-14,bonsall,True,1,canon_cpu.cpp:20,0,,,g++-14 -O3 -std=c++20 -fPIC -fno-math-errno -ffinite-math-only -fno-signaling-nans -fstrict-aliasing -faligned-new -fvect-cost-model=unlimited -fopenmp -I/capstor/scratch/cscs/lhulsbergen/venv_dace5cf/lib/python3.12/site-packages/dace/runtime/include -c /capstor/scratch/cscs/lhulsbergen/llr40_dace/emit/versioned_distance_update/none_legacy/src/cpu/canon_cpu.cpp -o /dev/null -fopt-info-vec-all=/capstor/scratch/cscs/lhulsbergen/llr40_dace/vec/reports/versioned_distance_update.none_legacy.g++-14.bonsall.all
versioned_distance_update,none,legacy,g++-14,unsafe,True,1,canon_cpu.cpp:20,0,,,g++-14 -O3 -std=c++20 -fPIC -fno-math-errno -ffinite-math-only -fno-signaling-nans -fstrict-aliasing -faligned-new -fvect-cost-model=unlimited -fopenmp -funsafe-math-optimizations -I/capstor/scratch/cscs/lhulsbergen/venv_dace5cf/lib/python3.12/site-packages/dace/runtime/include -c /capstor/scratch/cscs/lhulsbergen/llr40_dace/emit/versioned_distance_update/none_legacy/src/cpu/canon_cpu.cpp -o /dev/null -fopt-info-vec-all=/capstor/scratch/cscs/lhulsbergen/llr40_dace/vec/reports/versioned_distance_update.none_legacy.g++-14.unsafe.all
versioned_distance_update,none,legacy,g++-14,harness,True,1,canon_cpu.cpp:20,0,,,g++-14 -march=native -fopenmp -fno-math-errno -fno-trapping-math -fno-signed-zeros -ffp-contract=fast -fstrict-aliasing -include /capstor/scratch/cscs/lhulsbergen/HPCAgent-Bench-dace/hpcagent_bench/envs/vecmath.h -Wall -Wextra -O3 -fPIC -fopenmp -std=c++20 -I/capstor/scratch/cscs/lhulsbergen/venv_dace5cf/lib/python3.12/site-packages/dace/runtime/include -c /capstor/scratch/cscs/lhulsbergen/llr40_dace/emit/versioned_distance_update/none_legacy/src/cpu/canon_cpu.cpp -o /dev/null -fopt-info-vec-all=/capstor/scratch/cscs/lhulsbergen/llr40_dace/vec/reports/versioned_distance_update.none_legacy.g++-14.harness.all
versioned_distance_update,none,new,g++-13,bonsall,True,1,canon_cpu.cpp:22,0,,,g++-13 -O3 -std=c++20 -fPIC -fno-math-errno -ffinite-math-only -fno-signaling-nans -fstrict-aliasing -faligned-new -fvect-cost-model=unlimited -fopenmp -I/capstor/scratch/cscs/lhulsbergen/venv_dace5cf/lib/python3.12/site-packages/dace/runtime/include -c /capstor/scratch/cscs/lhulsbergen/llr40_dace/emit/versioned_distance_update/none_new/src/cpu/canon_cpu.cpp -o /dev/null -fopt-info-vec-all=/capstor/scratch/cscs/lhulsbergen/llr40_dace/vec/reports/versioned_distance_update.none_new.g++-13.bonsall.all
versioned_distance_update,none,new,g++-13,unsafe,True,1,canon_cpu.cpp:22,0,,,g++-13 -O3 -std=c++20 -fPIC -fno-math-errno -ffinite-math-only -fno-signaling-nans -fstrict-aliasing -faligned-new -fvect-cost-model=unlimited -fopenmp -funsafe-math-optimizations -I/capstor/scratch/cscs/lhulsbergen/venv_dace5cf/lib/python3.12/site-packages/dace/runtime/include -c /capstor/scratch/cscs/lhulsbergen/llr40_dace/emit/versioned_distance_update/none_new/src/cpu/canon_cpu.cpp -o /dev/null -fopt-info-vec-all=/capstor/scratch/cscs/lhulsbergen/llr40_dace/vec/reports/versioned_distance_update.none_new.g++-13.unsafe.all
versioned_distance_update,none,new,g++-13,harness,True,1,canon_cpu.cpp:22,0,,,g++-13 -march=native -fopenmp -fno-math-errno -fno-trapping-math -fno-signed-zeros -ffp-contract=fast -fstrict-aliasing -include /capstor/scratch/cscs/lhulsbergen/HPCAgent-Bench-dace/hpcagent_bench/envs/vecmath.h -Wall -Wextra -O3 -fPIC -fopenmp -std=c++20 -I/capstor/scratch/cscs/lhulsbergen/venv_dace5cf/lib/python3.12/site-packages/dace/runtime/include -c /capstor/scratch/cscs/lhulsbergen/llr40_dace/emit/versioned_distance_update/none_new/src/cpu/canon_cpu.cpp -o /dev/null -fopt-info-vec-all=/capstor/scratch/cscs/lhulsbergen/llr40_dace/vec/reports/versioned_distance_update.none_new.g++-13.harness.all
versioned_distance_update,none,new,g++-14,bonsall,True,1,canon_cpu.cpp:22,0,,,g++-14 -O3 -std=c++20 -fPIC -fno-math-errno -ffinite-math-only -fno-signaling-nans -fstrict-aliasing -faligned-new -fvect-cost-model=unlimited -fopenmp -I/capstor/scratch/cscs/lhulsbergen/venv_dace5cf/lib/python3.12/site-packages/dace/runtime/include -c /capstor/scratch/cscs/lhulsbergen/llr40_dace/emit/versioned_distance_update/none_new/src/cpu/canon_cpu.cpp -o /dev/null -fopt-info-vec-all=/capstor/scratch/cscs/lhulsbergen/llr40_dace/vec/reports/versioned_distance_update.none_new.g++-14.bonsall.all
versioned_distance_update,none,new,g++-14,unsafe,True,1,canon_cpu.cpp:22,0,,,g++-14 -O3 -std=c++20 -fPIC -fno-math-errno -ffinite-math-only -fno-signaling-nans -fstrict-aliasing -faligned-new -fvect-cost-model=unlimited -fopenmp -funsafe-math-optimizations -I/capstor/scratch/cscs/lhulsbergen/venv_dace5cf/lib/python3.12/site-packages/dace/runtime/include -c /capstor/scratch/cscs/lhulsbergen/llr40_dace/emit/versioned_distance_update/none_new/src/cpu/canon_cpu.cpp -o /dev/null -fopt-info-vec-all=/capstor/scratch/cscs/lhulsbergen/llr40_dace/vec/reports/versioned_distance_update.none_new.g++-14.unsafe.all
versioned_distance_update,none,new,g++-14,harness,True,1,canon_cpu.cpp:22,0,,,g++-14 -march=native -fopenmp -fno-math-errno -fno-trapping-math -fno-signed-zeros -ffp-contract=fast -fstrict-aliasing -include /capstor/scratch/cscs/lhulsbergen/HPCAgent-Bench-dace/hpcagent_bench/envs/vecmath.h -Wall -Wextra -O3 -fPIC -fopenmp -std=c++20 -I/capstor/scratch/cscs/lhulsbergen/venv_dace5cf/lib/python3.12/site-packages/dace/runtime/include -c /capstor/scratch/cscs/lhulsbergen/llr40_dace/emit/versioned_distance_update/none_new/src/cpu/canon_cpu.cpp -o /dev/null -fopt-info-vec-all=/capstor/scratch/cscs/lhulsbergen/llr40_dace/vec/reports/versioned_distance_update.none_new.g++-14.harness.all
versioned_distance_update,none,old,g++-13,bonsall,True,1,canon_cpu.cpp:20,0,,,g++-13 -O3 -std=c++20 -fPIC -fno-math-errno -ffinite-math-only -fno-signaling-nans -fstrict-aliasing -faligned-new -fvect-cost-model=unlimited -fopenmp -I/capstor/scratch/cscs/lhulsbergen/venv_dace5cf/lib/python3.12/site-packages/dace/runtime/include -c /capstor/scratch/cscs/lhulsbergen/llr40_dace/emit/versioned_distance_update/none_old/src/cpu/canon_cpu.cpp -o /dev/null -fopt-info-vec-all=/capstor/scratch/cscs/lhulsbergen/llr40_dace/vec/reports/versioned_distance_update.none_old.g++-13.bonsall.all
versioned_distance_update,none,old,g++-13,unsafe,True,1,canon_cpu.cpp:20,0,,,g++-13 -O3 -std=c++20 -fPIC -fno-math-errno -ffinite-math-only -fno-signaling-nans -fstrict-aliasing -faligned-new -fvect-cost-model=unlimited -fopenmp -funsafe-math-optimizations -I/capstor/scratch/cscs/lhulsbergen/venv_dace5cf/lib/python3.12/site-packages/dace/runtime/include -c /capstor/scratch/cscs/lhulsbergen/llr40_dace/emit/versioned_distance_update/none_old/src/cpu/canon_cpu.cpp -o /dev/null -fopt-info-vec-all=/capstor/scratch/cscs/lhulsbergen/llr40_dace/vec/reports/versioned_distance_update.none_old.g++-13.unsafe.all
versioned_distance_update,none,old,g++-13,harness,True,1,canon_cpu.cpp:20,0,,,g++-13 -march=native -fopenmp -fno-math-errno -fno-trapping-math -fno-signed-zeros -ffp-contract=fast -fstrict-aliasing -include /capstor/scratch/cscs/lhulsbergen/HPCAgent-Bench-dace/hpcagent_bench/envs/vecmath.h -Wall -Wextra -O3 -fPIC -fopenmp -std=c++20 -I/capstor/scratch/cscs/lhulsbergen/venv_dace5cf/lib/python3.12/site-packages/dace/runtime/include -c /capstor/scratch/cscs/lhulsbergen/llr40_dace/emit/versioned_distance_update/none_old/src/cpu/canon_cpu.cpp -o /dev/null -fopt-info-vec-all=/capstor/scratch/cscs/lhulsbergen/llr40_dace/vec/reports/versioned_distance_update.none_old.g++-13.harness.all
versioned_distance_update,none,old,g++-14,bonsall,True,1,canon_cpu.cpp:20,0,,,g++-14 -O3 -std=c++20 -fPIC -fno-math-errno -ffinite-math-only -fno-signaling-nans -fstrict-aliasing -faligned-new -fvect-cost-model=unlimited -fopenmp -I/capstor/scratch/cscs/lhulsbergen/venv_dace5cf/lib/python3.12/site-packages/dace/runtime/include -c /capstor/scratch/cscs/lhulsbergen/llr40_dace/emit/versioned_distance_update/none_old/src/cpu/canon_cpu.cpp -o /dev/null -fopt-info-vec-all=/capstor/scratch/cscs/lhulsbergen/llr40_dace/vec/reports/versioned_distance_update.none_old.g++-14.bonsall.all
versioned_distance_update,none,old,g++-14,unsafe,True,1,canon_cpu.cpp:20,0,,,g++-14 -O3 -std=c++20 -fPIC -fno-math-errno -ffinite-math-only -fno-signaling-nans -fstrict-aliasing -faligned-new -fvect-cost-model=unlimited -fopenmp -funsafe-math-optimizations -I/capstor/scratch/cscs/lhulsbergen/venv_dace5cf/lib/python3.12/site-packages/dace/runtime/include -c /capstor/scratch/cscs/lhulsbergen/llr40_dace/emit/versioned_distance_update/none_old/src/cpu/canon_cpu.cpp -o /dev/null -fopt-info-vec-all=/capstor/scratch/cscs/lhulsbergen/llr40_dace/vec/reports/versioned_distance_update.none_old.g++-14.unsafe.all
versioned_distance_update,none,old,g++-14,harness,True,1,canon_cpu.cpp:20,0,,,g++-14 -march=native -fopenmp -fno-math-errno -fno-trapping-math -fno-signed-zeros -ffp-contract=fast -fstrict-aliasing -include /capstor/scratch/cscs/lhulsbergen/HPCAgent-Bench-dace/hpcagent_bench/envs/vecmath.h -Wall -Wextra -O3 -fPIC -fopenmp -std=c++20 -I/capstor/scratch/cscs/lhulsbergen/venv_dace5cf/lib/python3.12/site-packages/dace/runtime/include -c /capstor/scratch/cscs/lhulsbergen/llr40_dace/emit/versioned_distance_update/none_old/src/cpu/canon_cpu.cpp -o /dev/null -fopt-info-vec-all=/capstor/scratch/cscs/lhulsbergen/llr40_dace/vec/reports/versioned_distance_update.none_old.g++-14.harness.all
wf_diff_skew,canon,legacy,g++-13,bonsall,True,1,canon_cpu.cpp:24,1,canon_cpu.cpp:12,,g++-13 -O3 -std=c++20 -fPIC -fno-math-errno -ffinite-math-only -fno-signaling-nans -fstrict-aliasing -faligned-new -fvect-cost-model=unlimited -fopenmp -I/capstor/scratch/cscs/lhulsbergen/venv_dace5cf/lib/python3.12/site-packages/dace/runtime/include -c /capstor/scratch/cscs/lhulsbergen/llr40_dace/emit/wf_diff_skew/canon_legacy/src/cpu/canon_cpu.cpp -o /dev/null -fopt-info-vec-all=/capstor/scratch/cscs/lhulsbergen/llr40_dace/vec/reports/wf_diff_skew.canon_legacy.g++-13.bonsall.all
wf_diff_skew,canon,legacy,g++-13,unsafe,True,1,canon_cpu.cpp:24,1,canon_cpu.cpp:12,,g++-13 -O3 -std=c++20 -fPIC -fno-math-errno -ffinite-math-only -fno-signaling-nans -fstrict-aliasing -faligned-new -fvect-cost-model=unlimited -fopenmp -funsafe-math-optimizations -I/capstor/scratch/cscs/lhulsbergen/venv_dace5cf/lib/python3.12/site-packages/dace/runtime/include -c /capstor/scratch/cscs/lhulsbergen/llr40_dace/emit/wf_diff_skew/canon_legacy/src/cpu/canon_cpu.cpp -o /dev/null -fopt-info-vec-all=/capstor/scratch/cscs/lhulsbergen/llr40_dace/vec/reports/wf_diff_skew.canon_legacy.g++-13.unsafe.all
wf_diff_skew,canon,legacy,g++-13,harness,True,1,canon_cpu.cpp:24,2,canon_cpu.cpp:119 canon_cpu.cpp:12,,g++-13 -march=native -fopenmp -fno-math-errno -fno-trapping-math -fno-signed-zeros -ffp-contract=fast -fstrict-aliasing -include /capstor/scratch/cscs/lhulsbergen/HPCAgent-Bench-dace/hpcagent_bench/envs/vecmath.h -Wall -Wextra -O3 -fPIC -fopenmp -std=c++20 -I/capstor/scratch/cscs/lhulsbergen/venv_dace5cf/lib/python3.12/site-packages/dace/runtime/include -c /capstor/scratch/cscs/lhulsbergen/llr40_dace/emit/wf_diff_skew/canon_legacy/src/cpu/canon_cpu.cpp -o /dev/null -fopt-info-vec-all=/capstor/scratch/cscs/lhulsbergen/llr40_dace/vec/reports/wf_diff_skew.canon_legacy.g++-13.harness.all
wf_diff_skew,canon,legacy,g++-14,bonsall,True,1,canon_cpu.cpp:24,1,canon_cpu.cpp:12,,g++-14 -O3 -std=c++20 -fPIC -fno-math-errno -ffinite-math-only -fno-signaling-nans -fstrict-aliasing -faligned-new -fvect-cost-model=unlimited -fopenmp -I/capstor/scratch/cscs/lhulsbergen/venv_dace5cf/lib/python3.12/site-packages/dace/runtime/include -c /capstor/scratch/cscs/lhulsbergen/llr40_dace/emit/wf_diff_skew/canon_legacy/src/cpu/canon_cpu.cpp -o /dev/null -fopt-info-vec-all=/capstor/scratch/cscs/lhulsbergen/llr40_dace/vec/reports/wf_diff_skew.canon_legacy.g++-14.bonsall.all
wf_diff_skew,canon,legacy,g++-14,unsafe,True,1,canon_cpu.cpp:24,1,canon_cpu.cpp:12,,g++-14 -O3 -std=c++20 -fPIC -fno-math-errno -ffinite-math-only -fno-signaling-nans -fstrict-aliasing -faligned-new -fvect-cost-model=unlimited -fopenmp -funsafe-math-optimizations -I/capstor/scratch/cscs/lhulsbergen/venv_dace5cf/lib/python3.12/site-packages/dace/runtime/include -c /capstor/scratch/cscs/lhulsbergen/llr40_dace/emit/wf_diff_skew/canon_legacy/src/cpu/canon_cpu.cpp -o /dev/null -fopt-info-vec-all=/capstor/scratch/cscs/lhulsbergen/llr40_dace/vec/reports/wf_diff_skew.canon_legacy.g++-14.unsafe.all
wf_diff_skew,canon,legacy,g++-14,harness,True,1,canon_cpu.cpp:24,2,canon_cpu.cpp:119 canon_cpu.cpp:12,,g++-14 -march=native -fopenmp -fno-math-errno -fno-trapping-math -fno-signed-zeros -ffp-contract=fast -fstrict-aliasing -include /capstor/scratch/cscs/lhulsbergen/HPCAgent-Bench-dace/hpcagent_bench/envs/vecmath.h -Wall -Wextra -O3 -fPIC -fopenmp -std=c++20 -I/capstor/scratch/cscs/lhulsbergen/venv_dace5cf/lib/python3.12/site-packages/dace/runtime/include -c /capstor/scratch/cscs/lhulsbergen/llr40_dace/emit/wf_diff_skew/canon_legacy/src/cpu/canon_cpu.cpp -o /dev/null -fopt-info-vec-all=/capstor/scratch/cscs/lhulsbergen/llr40_dace/vec/reports/wf_diff_skew.canon_legacy.g++-14.harness.all
wf_diff_skew,canon,new,g++-13,bonsall,True,1,canon_cpu.cpp:9,1,canon_cpu.cpp:12,,g++-13 -O3 -std=c++20 -fPIC -fno-math-errno -ffinite-math-only -fno-signaling-nans -fstrict-aliasing -faligned-new -fvect-cost-model=unlimited -fopenmp -I/capstor/scratch/cscs/lhulsbergen/venv_dace5cf/lib/python3.12/site-packages/dace/runtime/include -c /capstor/scratch/cscs/lhulsbergen/llr40_dace/emit/wf_diff_skew/canon_new/src/cpu/canon_cpu.cpp -o /dev/null -fopt-info-vec-all=/capstor/scratch/cscs/lhulsbergen/llr40_dace/vec/reports/wf_diff_skew.canon_new.g++-13.bonsall.all
wf_diff_skew,canon,new,g++-13,unsafe,True,1,canon_cpu.cpp:9,1,canon_cpu.cpp:12,,g++-13 -O3 -std=c++20 -fPIC -fno-math-errno -ffinite-math-only -fno-signaling-nans -fstrict-aliasing -faligned-new -fvect-cost-model=unlimited -fopenmp -funsafe-math-optimizations -I/capstor/scratch/cscs/lhulsbergen/venv_dace5cf/lib/python3.12/site-packages/dace/runtime/include -c /capstor/scratch/cscs/lhulsbergen/llr40_dace/emit/wf_diff_skew/canon_new/src/cpu/canon_cpu.cpp -o /dev/null -fopt-info-vec-all=/capstor/scratch/cscs/lhulsbergen/llr40_dace/vec/reports/wf_diff_skew.canon_new.g++-13.unsafe.all
wf_diff_skew,canon,new,g++-13,harness,True,1,canon_cpu.cpp:9,2,canon_cpu.cpp:12 canon_cpu.cpp:46,,g++-13 -march=native -fopenmp -fno-math-errno -fno-trapping-math -fno-signed-zeros -ffp-contract=fast -fstrict-aliasing -include /capstor/scratch/cscs/lhulsbergen/HPCAgent-Bench-dace/hpcagent_bench/envs/vecmath.h -Wall -Wextra -O3 -fPIC -fopenmp -std=c++20 -I/capstor/scratch/cscs/lhulsbergen/venv_dace5cf/lib/python3.12/site-packages/dace/runtime/include -c /capstor/scratch/cscs/lhulsbergen/llr40_dace/emit/wf_diff_skew/canon_new/src/cpu/canon_cpu.cpp -o /dev/null -fopt-info-vec-all=/capstor/scratch/cscs/lhulsbergen/llr40_dace/vec/reports/wf_diff_skew.canon_new.g++-13.harness.all
wf_diff_skew,canon,new,g++-14,bonsall,True,1,canon_cpu.cpp:9,1,canon_cpu.cpp:12,,g++-14 -O3 -std=c++20 -fPIC -fno-math-errno -ffinite-math-only -fno-signaling-nans -fstrict-aliasing -faligned-new -fvect-cost-model=unlimited -fopenmp -I/capstor/scratch/cscs/lhulsbergen/venv_dace5cf/lib/python3.12/site-packages/dace/runtime/include -c /capstor/scratch/cscs/lhulsbergen/llr40_dace/emit/wf_diff_skew/canon_new/src/cpu/canon_cpu.cpp -o /dev/null -fopt-info-vec-all=/capstor/scratch/cscs/lhulsbergen/llr40_dace/vec/reports/wf_diff_skew.canon_new.g++-14.bonsall.all
wf_diff_skew,canon,new,g++-14,unsafe,True,1,canon_cpu.cpp:9,1,canon_cpu.cpp:12,,g++-14 -O3 -std=c++20 -fPIC -fno-math-errno -ffinite-math-only -fno-signaling-nans -fstrict-aliasing -faligned-new -fvect-cost-model=unlimited -fopenmp -funsafe-math-optimizations -I/capstor/scratch/cscs/lhulsbergen/venv_dace5cf/lib/python3.12/site-packages/dace/runtime/include -c /capstor/scratch/cscs/lhulsbergen/llr40_dace/emit/wf_diff_skew/canon_new/src/cpu/canon_cpu.cpp -o /dev/null -fopt-info-vec-all=/capstor/scratch/cscs/lhulsbergen/llr40_dace/vec/reports/wf_diff_skew.canon_new.g++-14.unsafe.all
wf_diff_skew,canon,new,g++-14,harness,True,1,canon_cpu.cpp:9,2,canon_cpu.cpp:12 canon_cpu.cpp:46,,g++-14 -march=native -fopenmp -fno-math-errno -fno-trapping-math -fno-signed-zeros -ffp-contract=fast -fstrict-aliasing -include /capstor/scratch/cscs/lhulsbergen/HPCAgent-Bench-dace/hpcagent_bench/envs/vecmath.h -Wall -Wextra -O3 -fPIC -fopenmp -std=c++20 -I/capstor/scratch/cscs/lhulsbergen/venv_dace5cf/lib/python3.12/site-packages/dace/runtime/include -c /capstor/scratch/cscs/lhulsbergen/llr40_dace/emit/wf_diff_skew/canon_new/src/cpu/canon_cpu.cpp -o /dev/null -fopt-info-vec-all=/capstor/scratch/cscs/lhulsbergen/llr40_dace/vec/reports/wf_diff_skew.canon_new.g++-14.harness.all
wf_diff_skew,canon,old,g++-13,bonsall,True,1,canon_cpu.cpp:24,1,canon_cpu.cpp:12,,g++-13 -O3 -std=c++20 -fPIC -fno-math-errno -ffinite-math-only -fno-signaling-nans -fstrict-aliasing -faligned-new -fvect-cost-model=unlimited -fopenmp -I/capstor/scratch/cscs/lhulsbergen/venv_dace5cf/lib/python3.12/site-packages/dace/runtime/include -c /capstor/scratch/cscs/lhulsbergen/llr40_dace/emit/wf_diff_skew/canon_old/src/cpu/canon_cpu.cpp -o /dev/null -fopt-info-vec-all=/capstor/scratch/cscs/lhulsbergen/llr40_dace/vec/reports/wf_diff_skew.canon_old.g++-13.bonsall.all
wf_diff_skew,canon,old,g++-13,unsafe,True,1,canon_cpu.cpp:24,1,canon_cpu.cpp:12,,g++-13 -O3 -std=c++20 -fPIC -fno-math-errno -ffinite-math-only -fno-signaling-nans -fstrict-aliasing -faligned-new -fvect-cost-model=unlimited -fopenmp -funsafe-math-optimizations -I/capstor/scratch/cscs/lhulsbergen/venv_dace5cf/lib/python3.12/site-packages/dace/runtime/include -c /capstor/scratch/cscs/lhulsbergen/llr40_dace/emit/wf_diff_skew/canon_old/src/cpu/canon_cpu.cpp -o /dev/null -fopt-info-vec-all=/capstor/scratch/cscs/lhulsbergen/llr40_dace/vec/reports/wf_diff_skew.canon_old.g++-13.unsafe.all
wf_diff_skew,canon,old,g++-13,harness,True,1,canon_cpu.cpp:24,2,canon_cpu.cpp:119 canon_cpu.cpp:12,,g++-13 -march=native -fopenmp -fno-math-errno -fno-trapping-math -fno-signed-zeros -ffp-contract=fast -fstrict-aliasing -include /capstor/scratch/cscs/lhulsbergen/HPCAgent-Bench-dace/hpcagent_bench/envs/vecmath.h -Wall -Wextra -O3 -fPIC -fopenmp -std=c++20 -I/capstor/scratch/cscs/lhulsbergen/venv_dace5cf/lib/python3.12/site-packages/dace/runtime/include -c /capstor/scratch/cscs/lhulsbergen/llr40_dace/emit/wf_diff_skew/canon_old/src/cpu/canon_cpu.cpp -o /dev/null -fopt-info-vec-all=/capstor/scratch/cscs/lhulsbergen/llr40_dace/vec/reports/wf_diff_skew.canon_old.g++-13.harness.all
wf_diff_skew,canon,old,g++-14,bonsall,True,1,canon_cpu.cpp:24,1,canon_cpu.cpp:12,,g++-14 -O3 -std=c++20 -fPIC -fno-math-errno -ffinite-math-only -fno-signaling-nans -fstrict-aliasing -faligned-new -fvect-cost-model=unlimited -fopenmp -I/capstor/scratch/cscs/lhulsbergen/venv_dace5cf/lib/python3.12/site-packages/dace/runtime/include -c /capstor/scratch/cscs/lhulsbergen/llr40_dace/emit/wf_diff_skew/canon_old/src/cpu/canon_cpu.cpp -o /dev/null -fopt-info-vec-all=/capstor/scratch/cscs/lhulsbergen/llr40_dace/vec/reports/wf_diff_skew.canon_old.g++-14.bonsall.all
wf_diff_skew,canon,old,g++-14,unsafe,True,1,canon_cpu.cpp:24,1,canon_cpu.cpp:12,,g++-14 -O3 -std=c++20 -fPIC -fno-math-errno -ffinite-math-only -fno-signaling-nans -fstrict-aliasing -faligned-new -fvect-cost-model=unlimited -fopenmp -funsafe-math-optimizations -I/capstor/scratch/cscs/lhulsbergen/venv_dace5cf/lib/python3.12/site-packages/dace/runtime/include -c /capstor/scratch/cscs/lhulsbergen/llr40_dace/emit/wf_diff_skew/canon_old/src/cpu/canon_cpu.cpp -o /dev/null -fopt-info-vec-all=/capstor/scratch/cscs/lhulsbergen/llr40_dace/vec/reports/wf_diff_skew.canon_old.g++-14.unsafe.all
wf_diff_skew,canon,old,g++-14,harness,True,1,canon_cpu.cpp:24,2,canon_cpu.cpp:119 canon_cpu.cpp:12,,g++-14 -march=native -fopenmp -fno-math-errno -fno-trapping-math -fno-signed-zeros -ffp-contract=fast -fstrict-aliasing -include /capstor/scratch/cscs/lhulsbergen/HPCAgent-Bench-dace/hpcagent_bench/envs/vecmath.h -Wall -Wextra -O3 -fPIC -fopenmp -std=c++20 -I/capstor/scratch/cscs/lhulsbergen/venv_dace5cf/lib/python3.12/site-packages/dace/runtime/include -c /capstor/scratch/cscs/lhulsbergen/llr40_dace/emit/wf_diff_skew/canon_old/src/cpu/canon_cpu.cpp -o /dev/null -fopt-info-vec-all=/capstor/scratch/cscs/lhulsbergen/llr40_dace/vec/reports/wf_diff_skew.canon_old.g++-14.harness.all
wf_diff_skew,none,legacy,g++-13,bonsall,True,1,canon_cpu.cpp:22,2,canon_cpu.cpp:20 canon_cpu.cpp:26,,g++-13 -O3 -std=c++20 -fPIC -fno-math-errno -ffinite-math-only -fno-signaling-nans -fstrict-aliasing -faligned-new -fvect-cost-model=unlimited -fopenmp -I/capstor/scratch/cscs/lhulsbergen/venv_dace5cf/lib/python3.12/site-packages/dace/runtime/include -c /capstor/scratch/cscs/lhulsbergen/llr40_dace/emit/wf_diff_skew/none_legacy/src/cpu/canon_cpu.cpp -o /dev/null -fopt-info-vec-all=/capstor/scratch/cscs/lhulsbergen/llr40_dace/vec/reports/wf_diff_skew.none_legacy.g++-13.bonsall.all
wf_diff_skew,none,legacy,g++-13,unsafe,True,1,canon_cpu.cpp:22,2,canon_cpu.cpp:20 canon_cpu.cpp:26,,g++-13 -O3 -std=c++20 -fPIC -fno-math-errno -ffinite-math-only -fno-signaling-nans -fstrict-aliasing -faligned-new -fvect-cost-model=unlimited -fopenmp -funsafe-math-optimizations -I/capstor/scratch/cscs/lhulsbergen/venv_dace5cf/lib/python3.12/site-packages/dace/runtime/include -c /capstor/scratch/cscs/lhulsbergen/llr40_dace/emit/wf_diff_skew/none_legacy/src/cpu/canon_cpu.cpp -o /dev/null -fopt-info-vec-all=/capstor/scratch/cscs/lhulsbergen/llr40_dace/vec/reports/wf_diff_skew.none_legacy.g++-13.unsafe.all
wf_diff_skew,none,legacy,g++-13,harness,True,1,canon_cpu.cpp:22,2,canon_cpu.cpp:20 canon_cpu.cpp:26,,g++-13 -march=native -fopenmp -fno-math-errno -fno-trapping-math -fno-signed-zeros -ffp-contract=fast -fstrict-aliasing -include /capstor/scratch/cscs/lhulsbergen/HPCAgent-Bench-dace/hpcagent_bench/envs/vecmath.h -Wall -Wextra -O3 -fPIC -fopenmp -std=c++20 -I/capstor/scratch/cscs/lhulsbergen/venv_dace5cf/lib/python3.12/site-packages/dace/runtime/include -c /capstor/scratch/cscs/lhulsbergen/llr40_dace/emit/wf_diff_skew/none_legacy/src/cpu/canon_cpu.cpp -o /dev/null -fopt-info-vec-all=/capstor/scratch/cscs/lhulsbergen/llr40_dace/vec/reports/wf_diff_skew.none_legacy.g++-13.harness.all
wf_diff_skew,none,legacy,g++-14,bonsall,True,1,canon_cpu.cpp:22,2,canon_cpu.cpp:20 canon_cpu.cpp:26,,g++-14 -O3 -std=c++20 -fPIC -fno-math-errno -ffinite-math-only -fno-signaling-nans -fstrict-aliasing -faligned-new -fvect-cost-model=unlimited -fopenmp -I/capstor/scratch/cscs/lhulsbergen/venv_dace5cf/lib/python3.12/site-packages/dace/runtime/include -c /capstor/scratch/cscs/lhulsbergen/llr40_dace/emit/wf_diff_skew/none_legacy/src/cpu/canon_cpu.cpp -o /dev/null -fopt-info-vec-all=/capstor/scratch/cscs/lhulsbergen/llr40_dace/vec/reports/wf_diff_skew.none_legacy.g++-14.bonsall.all
wf_diff_skew,none,legacy,g++-14,unsafe,True,1,canon_cpu.cpp:22,2,canon_cpu.cpp:20 canon_cpu.cpp:26,,g++-14 -O3 -std=c++20 -fPIC -fno-math-errno -ffinite-math-only -fno-signaling-nans -fstrict-aliasing -faligned-new -fvect-cost-model=unlimited -fopenmp -funsafe-math-optimizations -I/capstor/scratch/cscs/lhulsbergen/venv_dace5cf/lib/python3.12/site-packages/dace/runtime/include -c /capstor/scratch/cscs/lhulsbergen/llr40_dace/emit/wf_diff_skew/none_legacy/src/cpu/canon_cpu.cpp -o /dev/null -fopt-info-vec-all=/capstor/scratch/cscs/lhulsbergen/llr40_dace/vec/reports/wf_diff_skew.none_legacy.g++-14.unsafe.all
wf_diff_skew,none,legacy,g++-14,harness,True,1,canon_cpu.cpp:22,2,canon_cpu.cpp:20 canon_cpu.cpp:26,,g++-14 -march=native -fopenmp -fno-math-errno -fno-trapping-math -fno-signed-zeros -ffp-contract=fast -fstrict-aliasing -include /capstor/scratch/cscs/lhulsbergen/HPCAgent-Bench-dace/hpcagent_bench/envs/vecmath.h -Wall -Wextra -O3 -fPIC -fopenmp -std=c++20 -I/capstor/scratch/cscs/lhulsbergen/venv_dace5cf/lib/python3.12/site-packages/dace/runtime/include -c /capstor/scratch/cscs/lhulsbergen/llr40_dace/emit/wf_diff_skew/none_legacy/src/cpu/canon_cpu.cpp -o /dev/null -fopt-info-vec-all=/capstor/scratch/cscs/lhulsbergen/llr40_dace/vec/reports/wf_diff_skew.none_legacy.g++-14.harness.all
wf_diff_skew,none,new,g++-13,bonsall,True,1,canon_cpu.cpp:21,2,canon_cpu.cpp:19 canon_cpu.cpp:25,,g++-13 -O3 -std=c++20 -fPIC -fno-math-errno -ffinite-math-only -fno-signaling-nans -fstrict-aliasing -faligned-new -fvect-cost-model=unlimited -fopenmp -I/capstor/scratch/cscs/lhulsbergen/venv_dace5cf/lib/python3.12/site-packages/dace/runtime/include -c /capstor/scratch/cscs/lhulsbergen/llr40_dace/emit/wf_diff_skew/none_new/src/cpu/canon_cpu.cpp -o /dev/null -fopt-info-vec-all=/capstor/scratch/cscs/lhulsbergen/llr40_dace/vec/reports/wf_diff_skew.none_new.g++-13.bonsall.all
wf_diff_skew,none,new,g++-13,unsafe,True,1,canon_cpu.cpp:21,2,canon_cpu.cpp:19 canon_cpu.cpp:25,,g++-13 -O3 -std=c++20 -fPIC -fno-math-errno -ffinite-math-only -fno-signaling-nans -fstrict-aliasing -faligned-new -fvect-cost-model=unlimited -fopenmp -funsafe-math-optimizations -I/capstor/scratch/cscs/lhulsbergen/venv_dace5cf/lib/python3.12/site-packages/dace/runtime/include -c /capstor/scratch/cscs/lhulsbergen/llr40_dace/emit/wf_diff_skew/none_new/src/cpu/canon_cpu.cpp -o /dev/null -fopt-info-vec-all=/capstor/scratch/cscs/lhulsbergen/llr40_dace/vec/reports/wf_diff_skew.none_new.g++-13.unsafe.all
wf_diff_skew,none,new,g++-13,harness,True,1,canon_cpu.cpp:21,2,canon_cpu.cpp:19 canon_cpu.cpp:25,,g++-13 -march=native -fopenmp -fno-math-errno -fno-trapping-math -fno-signed-zeros -ffp-contract=fast -fstrict-aliasing -include /capstor/scratch/cscs/lhulsbergen/HPCAgent-Bench-dace/hpcagent_bench/envs/vecmath.h -Wall -Wextra -O3 -fPIC -fopenmp -std=c++20 -I/capstor/scratch/cscs/lhulsbergen/venv_dace5cf/lib/python3.12/site-packages/dace/runtime/include -c /capstor/scratch/cscs/lhulsbergen/llr40_dace/emit/wf_diff_skew/none_new/src/cpu/canon_cpu.cpp -o /dev/null -fopt-info-vec-all=/capstor/scratch/cscs/lhulsbergen/llr40_dace/vec/reports/wf_diff_skew.none_new.g++-13.harness.all
wf_diff_skew,none,new,g++-14,bonsall,True,1,canon_cpu.cpp:21,2,canon_cpu.cpp:19 canon_cpu.cpp:25,,g++-14 -O3 -std=c++20 -fPIC -fno-math-errno -ffinite-math-only -fno-signaling-nans -fstrict-aliasing -faligned-new -fvect-cost-model=unlimited -fopenmp -I/capstor/scratch/cscs/lhulsbergen/venv_dace5cf/lib/python3.12/site-packages/dace/runtime/include -c /capstor/scratch/cscs/lhulsbergen/llr40_dace/emit/wf_diff_skew/none_new/src/cpu/canon_cpu.cpp -o /dev/null -fopt-info-vec-all=/capstor/scratch/cscs/lhulsbergen/llr40_dace/vec/reports/wf_diff_skew.none_new.g++-14.bonsall.all
wf_diff_skew,none,new,g++-14,unsafe,True,1,canon_cpu.cpp:21,2,canon_cpu.cpp:19 canon_cpu.cpp:25,,g++-14 -O3 -std=c++20 -fPIC -fno-math-errno -ffinite-math-only -fno-signaling-nans -fstrict-aliasing -faligned-new -fvect-cost-model=unlimited -fopenmp -funsafe-math-optimizations -I/capstor/scratch/cscs/lhulsbergen/venv_dace5cf/lib/python3.12/site-packages/dace/runtime/include -c /capstor/scratch/cscs/lhulsbergen/llr40_dace/emit/wf_diff_skew/none_new/src/cpu/canon_cpu.cpp -o /dev/null -fopt-info-vec-all=/capstor/scratch/cscs/lhulsbergen/llr40_dace/vec/reports/wf_diff_skew.none_new.g++-14.unsafe.all
wf_diff_skew,none,new,g++-14,harness,True,1,canon_cpu.cpp:21,2,canon_cpu.cpp:19 canon_cpu.cpp:25,,g++-14 -march=native -fopenmp -fno-math-errno -fno-trapping-math -fno-signed-zeros -ffp-contract=fast -fstrict-aliasing -include /capstor/scratch/cscs/lhulsbergen/HPCAgent-Bench-dace/hpcagent_bench/envs/vecmath.h -Wall -Wextra -O3 -fPIC -fopenmp -std=c++20 -I/capstor/scratch/cscs/lhulsbergen/venv_dace5cf/lib/python3.12/site-packages/dace/runtime/include -c /capstor/scratch/cscs/lhulsbergen/llr40_dace/emit/wf_diff_skew/none_new/src/cpu/canon_cpu.cpp -o /dev/null -fopt-info-vec-all=/capstor/scratch/cscs/lhulsbergen/llr40_dace/vec/reports/wf_diff_skew.none_new.g++-14.harness.all
wf_diff_skew,none,old,g++-13,bonsall,True,1,canon_cpu.cpp:22,2,canon_cpu.cpp:20 copy.h:26,,g++-13 -O3 -std=c++20 -fPIC -fno-math-errno -ffinite-math-only -fno-signaling-nans -fstrict-aliasing -faligned-new -fvect-cost-model=unlimited -fopenmp -I/capstor/scratch/cscs/lhulsbergen/venv_dace5cf/lib/python3.12/site-packages/dace/runtime/include -c /capstor/scratch/cscs/lhulsbergen/llr40_dace/emit/wf_diff_skew/none_old/src/cpu/canon_cpu.cpp -o /dev/null -fopt-info-vec-all=/capstor/scratch/cscs/lhulsbergen/llr40_dace/vec/reports/wf_diff_skew.none_old.g++-13.bonsall.all
wf_diff_skew,none,old,g++-13,unsafe,True,1,canon_cpu.cpp:22,2,canon_cpu.cpp:20 copy.h:26,,g++-13 -O3 -std=c++20 -fPIC -fno-math-errno -ffinite-math-only -fno-signaling-nans -fstrict-aliasing -faligned-new -fvect-cost-model=unlimited -fopenmp -funsafe-math-optimizations -I/capstor/scratch/cscs/lhulsbergen/venv_dace5cf/lib/python3.12/site-packages/dace/runtime/include -c /capstor/scratch/cscs/lhulsbergen/llr40_dace/emit/wf_diff_skew/none_old/src/cpu/canon_cpu.cpp -o /dev/null -fopt-info-vec-all=/capstor/scratch/cscs/lhulsbergen/llr40_dace/vec/reports/wf_diff_skew.none_old.g++-13.unsafe.all
wf_diff_skew,none,old,g++-13,harness,True,1,canon_cpu.cpp:22,2,canon_cpu.cpp:20 copy.h:26,,g++-13 -march=native -fopenmp -fno-math-errno -fno-trapping-math -fno-signed-zeros -ffp-contract=fast -fstrict-aliasing -include /capstor/scratch/cscs/lhulsbergen/HPCAgent-Bench-dace/hpcagent_bench/envs/vecmath.h -Wall -Wextra -O3 -fPIC -fopenmp -std=c++20 -I/capstor/scratch/cscs/lhulsbergen/venv_dace5cf/lib/python3.12/site-packages/dace/runtime/include -c /capstor/scratch/cscs/lhulsbergen/llr40_dace/emit/wf_diff_skew/none_old/src/cpu/canon_cpu.cpp -o /dev/null -fopt-info-vec-all=/capstor/scratch/cscs/lhulsbergen/llr40_dace/vec/reports/wf_diff_skew.none_old.g++-13.harness.all
wf_diff_skew,none,old,g++-14,bonsall,True,1,canon_cpu.cpp:22,2,canon_cpu.cpp:20 copy.h:26,,g++-14 -O3 -std=c++20 -fPIC -fno-math-errno -ffinite-math-only -fno-signaling-nans -fstrict-aliasing -faligned-new -fvect-cost-model=unlimited -fopenmp -I/capstor/scratch/cscs/lhulsbergen/venv_dace5cf/lib/python3.12/site-packages/dace/runtime/include -c /capstor/scratch/cscs/lhulsbergen/llr40_dace/emit/wf_diff_skew/none_old/src/cpu/canon_cpu.cpp -o /dev/null -fopt-info-vec-all=/capstor/scratch/cscs/lhulsbergen/llr40_dace/vec/reports/wf_diff_skew.none_old.g++-14.bonsall.all
wf_diff_skew,none,old,g++-14,unsafe,True,1,canon_cpu.cpp:22,2,canon_cpu.cpp:20 copy.h:26,,g++-14 -O3 -std=c++20 -fPIC -fno-math-errno -ffinite-math-only -fno-signaling-nans -fstrict-aliasing -faligned-new -fvect-cost-model=unlimited -fopenmp -funsafe-math-optimizations -I/capstor/scratch/cscs/lhulsbergen/venv_dace5cf/lib/python3.12/site-packages/dace/runtime/include -c /capstor/scratch/cscs/lhulsbergen/llr40_dace/emit/wf_diff_skew/none_old/src/cpu/canon_cpu.cpp -o /dev/null -fopt-info-vec-all=/capstor/scratch/cscs/lhulsbergen/llr40_dace/vec/reports/wf_diff_skew.none_old.g++-14.unsafe.all
wf_diff_skew,none,old,g++-14,harness,True,1,canon_cpu.cpp:22,2,canon_cpu.cpp:20 copy.h:26,,g++-14 -march=native -fopenmp -fno-math-errno -fno-trapping-math -fno-signed-zeros -ffp-contract=fast -fstrict-aliasing -include /capstor/scratch/cscs/lhulsbergen/HPCAgent-Bench-dace/hpcagent_bench/envs/vecmath.h -Wall -Wextra -O3 -fPIC -fopenmp -std=c++20 -I/capstor/scratch/cscs/lhulsbergen/venv_dace5cf/lib/python3.12/site-packages/dace/runtime/include -c /capstor/scratch/cscs/lhulsbergen/llr40_dace/emit/wf_diff_skew/none_old/src/cpu/canon_cpu.cpp -o /dev/null -fopt-info-vec-all=/capstor/scratch/cscs/lhulsbergen/llr40_dace/vec/reports/wf_diff_skew.none_old.g++-14.harness.all
wf_triangular,canon,legacy,g++-13,bonsall,True,0,,3,canon_cpu.cpp:113 canon_cpu.cpp:13 canon_cpu.cpp:14,,g++-13 -O3 -std=c++20 -fPIC -fno-math-errno -ffinite-math-only -fno-signaling-nans -fstrict-aliasing -faligned-new -fvect-cost-model=unlimited -fopenmp -I/capstor/scratch/cscs/lhulsbergen/venv_dace5cf/lib/python3.12/site-packages/dace/runtime/include -c /capstor/scratch/cscs/lhulsbergen/llr40_dace/emit/wf_triangular/canon_legacy/src/cpu/canon_cpu.cpp -o /dev/null -fopt-info-vec-all=/capstor/scratch/cscs/lhulsbergen/llr40_dace/vec/reports/wf_triangular.canon_legacy.g++-13.bonsall.all
wf_triangular,canon,legacy,g++-13,unsafe,True,0,,3,canon_cpu.cpp:113 canon_cpu.cpp:13 canon_cpu.cpp:14,,g++-13 -O3 -std=c++20 -fPIC -fno-math-errno -ffinite-math-only -fno-signaling-nans -fstrict-aliasing -faligned-new -fvect-cost-model=unlimited -fopenmp -funsafe-math-optimizations -I/capstor/scratch/cscs/lhulsbergen/venv_dace5cf/lib/python3.12/site-packages/dace/runtime/include -c /capstor/scratch/cscs/lhulsbergen/llr40_dace/emit/wf_triangular/canon_legacy/src/cpu/canon_cpu.cpp -o /dev/null -fopt-info-vec-all=/capstor/scratch/cscs/lhulsbergen/llr40_dace/vec/reports/wf_triangular.canon_legacy.g++-13.unsafe.all
wf_triangular,canon,legacy,g++-13,harness,True,0,,4,canon_cpu.cpp:113 canon_cpu.cpp:13 canon_cpu.cpp:14 canon_cpu.cpp:148,,g++-13 -march=native -fopenmp -fno-math-errno -fno-trapping-math -fno-signed-zeros -ffp-contract=fast -fstrict-aliasing -include /capstor/scratch/cscs/lhulsbergen/HPCAgent-Bench-dace/hpcagent_bench/envs/vecmath.h -Wall -Wextra -O3 -fPIC -fopenmp -std=c++20 -I/capstor/scratch/cscs/lhulsbergen/venv_dace5cf/lib/python3.12/site-packages/dace/runtime/include -c /capstor/scratch/cscs/lhulsbergen/llr40_dace/emit/wf_triangular/canon_legacy/src/cpu/canon_cpu.cpp -o /dev/null -fopt-info-vec-all=/capstor/scratch/cscs/lhulsbergen/llr40_dace/vec/reports/wf_triangular.canon_legacy.g++-13.harness.all
wf_triangular,canon,legacy,g++-14,bonsall,True,0,,3,canon_cpu.cpp:113 canon_cpu.cpp:13 canon_cpu.cpp:14,,g++-14 -O3 -std=c++20 -fPIC -fno-math-errno -ffinite-math-only -fno-signaling-nans -fstrict-aliasing -faligned-new -fvect-cost-model=unlimited -fopenmp -I/capstor/scratch/cscs/lhulsbergen/venv_dace5cf/lib/python3.12/site-packages/dace/runtime/include -c /capstor/scratch/cscs/lhulsbergen/llr40_dace/emit/wf_triangular/canon_legacy/src/cpu/canon_cpu.cpp -o /dev/null -fopt-info-vec-all=/capstor/scratch/cscs/lhulsbergen/llr40_dace/vec/reports/wf_triangular.canon_legacy.g++-14.bonsall.all
wf_triangular,canon,legacy,g++-14,unsafe,True,0,,3,canon_cpu.cpp:113 canon_cpu.cpp:13 canon_cpu.cpp:14,,g++-14 -O3 -std=c++20 -fPIC -fno-math-errno -ffinite-math-only -fno-signaling-nans -fstrict-aliasing -faligned-new -fvect-cost-model=unlimited -fopenmp -funsafe-math-optimizations -I/capstor/scratch/cscs/lhulsbergen/venv_dace5cf/lib/python3.12/site-packages/dace/runtime/include -c /capstor/scratch/cscs/lhulsbergen/llr40_dace/emit/wf_triangular/canon_legacy/src/cpu/canon_cpu.cpp -o /dev/null -fopt-info-vec-all=/capstor/scratch/cscs/lhulsbergen/llr40_dace/vec/reports/wf_triangular.canon_legacy.g++-14.unsafe.all
wf_triangular,canon,legacy,g++-14,harness,True,0,,4,canon_cpu.cpp:113 canon_cpu.cpp:13 canon_cpu.cpp:14 canon_cpu.cpp:148,,g++-14 -march=native -fopenmp -fno-math-errno -fno-trapping-math -fno-signed-zeros -ffp-contract=fast -fstrict-aliasing -include /capstor/scratch/cscs/lhulsbergen/HPCAgent-Bench-dace/hpcagent_bench/envs/vecmath.h -Wall -Wextra -O3 -fPIC -fopenmp -std=c++20 -I/capstor/scratch/cscs/lhulsbergen/venv_dace5cf/lib/python3.12/site-packages/dace/runtime/include -c /capstor/scratch/cscs/lhulsbergen/llr40_dace/emit/wf_triangular/canon_legacy/src/cpu/canon_cpu.cpp -o /dev/null -fopt-info-vec-all=/capstor/scratch/cscs/lhulsbergen/llr40_dace/vec/reports/wf_triangular.canon_legacy.g++-14.harness.all
wf_triangular,canon,new,g++-13,bonsall,True,0,,3,canon_cpu.cpp:12 canon_cpu.cpp:13 canon_cpu.cpp:39,,g++-13 -O3 -std=c++20 -fPIC -fno-math-errno -ffinite-math-only -fno-signaling-nans -fstrict-aliasing -faligned-new -fvect-cost-model=unlimited -fopenmp -I/capstor/scratch/cscs/lhulsbergen/venv_dace5cf/lib/python3.12/site-packages/dace/runtime/include -c /capstor/scratch/cscs/lhulsbergen/llr40_dace/emit/wf_triangular/canon_new/src/cpu/canon_cpu.cpp -o /dev/null -fopt-info-vec-all=/capstor/scratch/cscs/lhulsbergen/llr40_dace/vec/reports/wf_triangular.canon_new.g++-13.bonsall.all
wf_triangular,canon,new,g++-13,unsafe,True,0,,3,canon_cpu.cpp:12 canon_cpu.cpp:13 canon_cpu.cpp:39,,g++-13 -O3 -std=c++20 -fPIC -fno-math-errno -ffinite-math-only -fno-signaling-nans -fstrict-aliasing -faligned-new -fvect-cost-model=unlimited -fopenmp -funsafe-math-optimizations -I/capstor/scratch/cscs/lhulsbergen/venv_dace5cf/lib/python3.12/site-packages/dace/runtime/include -c /capstor/scratch/cscs/lhulsbergen/llr40_dace/emit/wf_triangular/canon_new/src/cpu/canon_cpu.cpp -o /dev/null -fopt-info-vec-all=/capstor/scratch/cscs/lhulsbergen/llr40_dace/vec/reports/wf_triangular.canon_new.g++-13.unsafe.all
wf_triangular,canon,new,g++-13,harness,True,0,,4,canon_cpu.cpp:12 canon_cpu.cpp:13 canon_cpu.cpp:39 canon_cpu.cpp:63,,g++-13 -march=native -fopenmp -fno-math-errno -fno-trapping-math -fno-signed-zeros -ffp-contract=fast -fstrict-aliasing -include /capstor/scratch/cscs/lhulsbergen/HPCAgent-Bench-dace/hpcagent_bench/envs/vecmath.h -Wall -Wextra -O3 -fPIC -fopenmp -std=c++20 -I/capstor/scratch/cscs/lhulsbergen/venv_dace5cf/lib/python3.12/site-packages/dace/runtime/include -c /capstor/scratch/cscs/lhulsbergen/llr40_dace/emit/wf_triangular/canon_new/src/cpu/canon_cpu.cpp -o /dev/null -fopt-info-vec-all=/capstor/scratch/cscs/lhulsbergen/llr40_dace/vec/reports/wf_triangular.canon_new.g++-13.harness.all
wf_triangular,canon,new,g++-14,bonsall,True,0,,3,canon_cpu.cpp:12 canon_cpu.cpp:13 canon_cpu.cpp:39,,g++-14 -O3 -std=c++20 -fPIC -fno-math-errno -ffinite-math-only -fno-signaling-nans -fstrict-aliasing -faligned-new -fvect-cost-model=unlimited -fopenmp -I/capstor/scratch/cscs/lhulsbergen/venv_dace5cf/lib/python3.12/site-packages/dace/runtime/include -c /capstor/scratch/cscs/lhulsbergen/llr40_dace/emit/wf_triangular/canon_new/src/cpu/canon_cpu.cpp -o /dev/null -fopt-info-vec-all=/capstor/scratch/cscs/lhulsbergen/llr40_dace/vec/reports/wf_triangular.canon_new.g++-14.bonsall.all
wf_triangular,canon,new,g++-14,unsafe,True,0,,3,canon_cpu.cpp:12 canon_cpu.cpp:13 canon_cpu.cpp:39,,g++-14 -O3 -std=c++20 -fPIC -fno-math-errno -ffinite-math-only -fno-signaling-nans -fstrict-aliasing -faligned-new -fvect-cost-model=unlimited -fopenmp -funsafe-math-optimizations -I/capstor/scratch/cscs/lhulsbergen/venv_dace5cf/lib/python3.12/site-packages/dace/runtime/include -c /capstor/scratch/cscs/lhulsbergen/llr40_dace/emit/wf_triangular/canon_new/src/cpu/canon_cpu.cpp -o /dev/null -fopt-info-vec-all=/capstor/scratch/cscs/lhulsbergen/llr40_dace/vec/reports/wf_triangular.canon_new.g++-14.unsafe.all
wf_triangular,canon,new,g++-14,harness,True,0,,4,canon_cpu.cpp:12 canon_cpu.cpp:13 canon_cpu.cpp:39 canon_cpu.cpp:63,,g++-14 -march=native -fopenmp -fno-math-errno -fno-trapping-math -fno-signed-zeros -ffp-contract=fast -fstrict-aliasing -include /capstor/scratch/cscs/lhulsbergen/HPCAgent-Bench-dace/hpcagent_bench/envs/vecmath.h -Wall -Wextra -O3 -fPIC -fopenmp -std=c++20 -I/capstor/scratch/cscs/lhulsbergen/venv_dace5cf/lib/python3.12/site-packages/dace/runtime/include -c /capstor/scratch/cscs/lhulsbergen/llr40_dace/emit/wf_triangular/canon_new/src/cpu/canon_cpu.cpp -o /dev/null -fopt-info-vec-all=/capstor/scratch/cscs/lhulsbergen/llr40_dace/vec/reports/wf_triangular.canon_new.g++-14.harness.all
wf_triangular,canon,old,g++-13,bonsall,True,0,,3,canon_cpu.cpp:113 canon_cpu.cpp:13 canon_cpu.cpp:14,,g++-13 -O3 -std=c++20 -fPIC -fno-math-errno -ffinite-math-only -fno-signaling-nans -fstrict-aliasing -faligned-new -fvect-cost-model=unlimited -fopenmp -I/capstor/scratch/cscs/lhulsbergen/venv_dace5cf/lib/python3.12/site-packages/dace/runtime/include -c /capstor/scratch/cscs/lhulsbergen/llr40_dace/emit/wf_triangular/canon_old/src/cpu/canon_cpu.cpp -o /dev/null -fopt-info-vec-all=/capstor/scratch/cscs/lhulsbergen/llr40_dace/vec/reports/wf_triangular.canon_old.g++-13.bonsall.all
wf_triangular,canon,old,g++-13,unsafe,True,0,,3,canon_cpu.cpp:113 canon_cpu.cpp:13 canon_cpu.cpp:14,,g++-13 -O3 -std=c++20 -fPIC -fno-math-errno -ffinite-math-only -fno-signaling-nans -fstrict-aliasing -faligned-new -fvect-cost-model=unlimited -fopenmp -funsafe-math-optimizations -I/capstor/scratch/cscs/lhulsbergen/venv_dace5cf/lib/python3.12/site-packages/dace/runtime/include -c /capstor/scratch/cscs/lhulsbergen/llr40_dace/emit/wf_triangular/canon_old/src/cpu/canon_cpu.cpp -o /dev/null -fopt-info-vec-all=/capstor/scratch/cscs/lhulsbergen/llr40_dace/vec/reports/wf_triangular.canon_old.g++-13.unsafe.all
wf_triangular,canon,old,g++-13,harness,True,0,,4,canon_cpu.cpp:113 canon_cpu.cpp:13 canon_cpu.cpp:14 canon_cpu.cpp:148,,g++-13 -march=native -fopenmp -fno-math-errno -fno-trapping-math -fno-signed-zeros -ffp-contract=fast -fstrict-aliasing -include /capstor/scratch/cscs/lhulsbergen/HPCAgent-Bench-dace/hpcagent_bench/envs/vecmath.h -Wall -Wextra -O3 -fPIC -fopenmp -std=c++20 -I/capstor/scratch/cscs/lhulsbergen/venv_dace5cf/lib/python3.12/site-packages/dace/runtime/include -c /capstor/scratch/cscs/lhulsbergen/llr40_dace/emit/wf_triangular/canon_old/src/cpu/canon_cpu.cpp -o /dev/null -fopt-info-vec-all=/capstor/scratch/cscs/lhulsbergen/llr40_dace/vec/reports/wf_triangular.canon_old.g++-13.harness.all
wf_triangular,canon,old,g++-14,bonsall,True,0,,3,canon_cpu.cpp:113 canon_cpu.cpp:13 canon_cpu.cpp:14,,g++-14 -O3 -std=c++20 -fPIC -fno-math-errno -ffinite-math-only -fno-signaling-nans -fstrict-aliasing -faligned-new -fvect-cost-model=unlimited -fopenmp -I/capstor/scratch/cscs/lhulsbergen/venv_dace5cf/lib/python3.12/site-packages/dace/runtime/include -c /capstor/scratch/cscs/lhulsbergen/llr40_dace/emit/wf_triangular/canon_old/src/cpu/canon_cpu.cpp -o /dev/null -fopt-info-vec-all=/capstor/scratch/cscs/lhulsbergen/llr40_dace/vec/reports/wf_triangular.canon_old.g++-14.bonsall.all
wf_triangular,canon,old,g++-14,unsafe,True,0,,3,canon_cpu.cpp:113 canon_cpu.cpp:13 canon_cpu.cpp:14,,g++-14 -O3 -std=c++20 -fPIC -fno-math-errno -ffinite-math-only -fno-signaling-nans -fstrict-aliasing -faligned-new -fvect-cost-model=unlimited -fopenmp -funsafe-math-optimizations -I/capstor/scratch/cscs/lhulsbergen/venv_dace5cf/lib/python3.12/site-packages/dace/runtime/include -c /capstor/scratch/cscs/lhulsbergen/llr40_dace/emit/wf_triangular/canon_old/src/cpu/canon_cpu.cpp -o /dev/null -fopt-info-vec-all=/capstor/scratch/cscs/lhulsbergen/llr40_dace/vec/reports/wf_triangular.canon_old.g++-14.unsafe.all
wf_triangular,canon,old,g++-14,harness,True,0,,4,canon_cpu.cpp:113 canon_cpu.cpp:13 canon_cpu.cpp:14 canon_cpu.cpp:148,,g++-14 -march=native -fopenmp -fno-math-errno -fno-trapping-math -fno-signed-zeros -ffp-contract=fast -fstrict-aliasing -include /capstor/scratch/cscs/lhulsbergen/HPCAgent-Bench-dace/hpcagent_bench/envs/vecmath.h -Wall -Wextra -O3 -fPIC -fopenmp -std=c++20 -I/capstor/scratch/cscs/lhulsbergen/venv_dace5cf/lib/python3.12/site-packages/dace/runtime/include -c /capstor/scratch/cscs/lhulsbergen/llr40_dace/emit/wf_triangular/canon_old/src/cpu/canon_cpu.cpp -o /dev/null -fopt-info-vec-all=/capstor/scratch/cscs/lhulsbergen/llr40_dace/vec/reports/wf_triangular.canon_old.g++-14.harness.all
wf_triangular,none,legacy,g++-13,bonsall,True,0,,2,canon_cpu.cpp:21 canon_cpu.cpp:23,,g++-13 -O3 -std=c++20 -fPIC -fno-math-errno -ffinite-math-only -fno-signaling-nans -fstrict-aliasing -faligned-new -fvect-cost-model=unlimited -fopenmp -I/capstor/scratch/cscs/lhulsbergen/venv_dace5cf/lib/python3.12/site-packages/dace/runtime/include -c /capstor/scratch/cscs/lhulsbergen/llr40_dace/emit/wf_triangular/none_legacy/src/cpu/canon_cpu.cpp -o /dev/null -fopt-info-vec-all=/capstor/scratch/cscs/lhulsbergen/llr40_dace/vec/reports/wf_triangular.none_legacy.g++-13.bonsall.all
wf_triangular,none,legacy,g++-13,unsafe,True,0,,2,canon_cpu.cpp:21 canon_cpu.cpp:23,,g++-13 -O3 -std=c++20 -fPIC -fno-math-errno -ffinite-math-only -fno-signaling-nans -fstrict-aliasing -faligned-new -fvect-cost-model=unlimited -fopenmp -funsafe-math-optimizations -I/capstor/scratch/cscs/lhulsbergen/venv_dace5cf/lib/python3.12/site-packages/dace/runtime/include -c /capstor/scratch/cscs/lhulsbergen/llr40_dace/emit/wf_triangular/none_legacy/src/cpu/canon_cpu.cpp -o /dev/null -fopt-info-vec-all=/capstor/scratch/cscs/lhulsbergen/llr40_dace/vec/reports/wf_triangular.none_legacy.g++-13.unsafe.all
wf_triangular,none,legacy,g++-13,harness,True,0,,3,canon_cpu.cpp:21 canon_cpu.cpp:23 canon_cpu.cpp:9,,g++-13 -march=native -fopenmp -fno-math-errno -fno-trapping-math -fno-signed-zeros -ffp-contract=fast -fstrict-aliasing -include /capstor/scratch/cscs/lhulsbergen/HPCAgent-Bench-dace/hpcagent_bench/envs/vecmath.h -Wall -Wextra -O3 -fPIC -fopenmp -std=c++20 -I/capstor/scratch/cscs/lhulsbergen/venv_dace5cf/lib/python3.12/site-packages/dace/runtime/include -c /capstor/scratch/cscs/lhulsbergen/llr40_dace/emit/wf_triangular/none_legacy/src/cpu/canon_cpu.cpp -o /dev/null -fopt-info-vec-all=/capstor/scratch/cscs/lhulsbergen/llr40_dace/vec/reports/wf_triangular.none_legacy.g++-13.harness.all
wf_triangular,none,legacy,g++-14,bonsall,True,0,,2,canon_cpu.cpp:21 canon_cpu.cpp:23,,g++-14 -O3 -std=c++20 -fPIC -fno-math-errno -ffinite-math-only -fno-signaling-nans -fstrict-aliasing -faligned-new -fvect-cost-model=unlimited -fopenmp -I/capstor/scratch/cscs/lhulsbergen/venv_dace5cf/lib/python3.12/site-packages/dace/runtime/include -c /capstor/scratch/cscs/lhulsbergen/llr40_dace/emit/wf_triangular/none_legacy/src/cpu/canon_cpu.cpp -o /dev/null -fopt-info-vec-all=/capstor/scratch/cscs/lhulsbergen/llr40_dace/vec/reports/wf_triangular.none_legacy.g++-14.bonsall.all
wf_triangular,none,legacy,g++-14,unsafe,True,0,,2,canon_cpu.cpp:21 canon_cpu.cpp:23,,g++-14 -O3 -std=c++20 -fPIC -fno-math-errno -ffinite-math-only -fno-signaling-nans -fstrict-aliasing -faligned-new -fvect-cost-model=unlimited -fopenmp -funsafe-math-optimizations -I/capstor/scratch/cscs/lhulsbergen/venv_dace5cf/lib/python3.12/site-packages/dace/runtime/include -c /capstor/scratch/cscs/lhulsbergen/llr40_dace/emit/wf_triangular/none_legacy/src/cpu/canon_cpu.cpp -o /dev/null -fopt-info-vec-all=/capstor/scratch/cscs/lhulsbergen/llr40_dace/vec/reports/wf_triangular.none_legacy.g++-14.unsafe.all
wf_triangular,none,legacy,g++-14,harness,True,0,,3,canon_cpu.cpp:21 canon_cpu.cpp:23 canon_cpu.cpp:9,,g++-14 -march=native -fopenmp -fno-math-errno -fno-trapping-math -fno-signed-zeros -ffp-contract=fast -fstrict-aliasing -include /capstor/scratch/cscs/lhulsbergen/HPCAgent-Bench-dace/hpcagent_bench/envs/vecmath.h -Wall -Wextra -O3 -fPIC -fopenmp -std=c++20 -I/capstor/scratch/cscs/lhulsbergen/venv_dace5cf/lib/python3.12/site-packages/dace/runtime/include -c /capstor/scratch/cscs/lhulsbergen/llr40_dace/emit/wf_triangular/none_legacy/src/cpu/canon_cpu.cpp -o /dev/null -fopt-info-vec-all=/capstor/scratch/cscs/lhulsbergen/llr40_dace/vec/reports/wf_triangular.none_legacy.g++-14.harness.all
wf_triangular,none,new,g++-13,bonsall,True,0,,2,canon_cpu.cpp:20 canon_cpu.cpp:22,,g++-13 -O3 -std=c++20 -fPIC -fno-math-errno -ffinite-math-only -fno-signaling-nans -fstrict-aliasing -faligned-new -fvect-cost-model=unlimited -fopenmp -I/capstor/scratch/cscs/lhulsbergen/venv_dace5cf/lib/python3.12/site-packages/dace/runtime/include -c /capstor/scratch/cscs/lhulsbergen/llr40_dace/emit/wf_triangular/none_new/src/cpu/canon_cpu.cpp -o /dev/null -fopt-info-vec-all=/capstor/scratch/cscs/lhulsbergen/llr40_dace/vec/reports/wf_triangular.none_new.g++-13.bonsall.all
wf_triangular,none,new,g++-13,unsafe,True,0,,2,canon_cpu.cpp:20 canon_cpu.cpp:22,,g++-13 -O3 -std=c++20 -fPIC -fno-math-errno -ffinite-math-only -fno-signaling-nans -fstrict-aliasing -faligned-new -fvect-cost-model=unlimited -fopenmp -funsafe-math-optimizations -I/capstor/scratch/cscs/lhulsbergen/venv_dace5cf/lib/python3.12/site-packages/dace/runtime/include -c /capstor/scratch/cscs/lhulsbergen/llr40_dace/emit/wf_triangular/none_new/src/cpu/canon_cpu.cpp -o /dev/null -fopt-info-vec-all=/capstor/scratch/cscs/lhulsbergen/llr40_dace/vec/reports/wf_triangular.none_new.g++-13.unsafe.all
wf_triangular,none,new,g++-13,harness,True,0,,3,canon_cpu.cpp:10 canon_cpu.cpp:20 canon_cpu.cpp:22,,g++-13 -march=native -fopenmp -fno-math-errno -fno-trapping-math -fno-signed-zeros -ffp-contract=fast -fstrict-aliasing -include /capstor/scratch/cscs/lhulsbergen/HPCAgent-Bench-dace/hpcagent_bench/envs/vecmath.h -Wall -Wextra -O3 -fPIC -fopenmp -std=c++20 -I/capstor/scratch/cscs/lhulsbergen/venv_dace5cf/lib/python3.12/site-packages/dace/runtime/include -c /capstor/scratch/cscs/lhulsbergen/llr40_dace/emit/wf_triangular/none_new/src/cpu/canon_cpu.cpp -o /dev/null -fopt-info-vec-all=/capstor/scratch/cscs/lhulsbergen/llr40_dace/vec/reports/wf_triangular.none_new.g++-13.harness.all
wf_triangular,none,new,g++-14,bonsall,True,0,,2,canon_cpu.cpp:20 canon_cpu.cpp:22,,g++-14 -O3 -std=c++20 -fPIC -fno-math-errno -ffinite-math-only -fno-signaling-nans -fstrict-aliasing -faligned-new -fvect-cost-model=unlimited -fopenmp -I/capstor/scratch/cscs/lhulsbergen/venv_dace5cf/lib/python3.12/site-packages/dace/runtime/include -c /capstor/scratch/cscs/lhulsbergen/llr40_dace/emit/wf_triangular/none_new/src/cpu/canon_cpu.cpp -o /dev/null -fopt-info-vec-all=/capstor/scratch/cscs/lhulsbergen/llr40_dace/vec/reports/wf_triangular.none_new.g++-14.bonsall.all
wf_triangular,none,new,g++-14,unsafe,True,0,,2,canon_cpu.cpp:20 canon_cpu.cpp:22,,g++-14 -O3 -std=c++20 -fPIC -fno-math-errno -ffinite-math-only -fno-signaling-nans -fstrict-aliasing -faligned-new -fvect-cost-model=unlimited -fopenmp -funsafe-math-optimizations -I/capstor/scratch/cscs/lhulsbergen/venv_dace5cf/lib/python3.12/site-packages/dace/runtime/include -c /capstor/scratch/cscs/lhulsbergen/llr40_dace/emit/wf_triangular/none_new/src/cpu/canon_cpu.cpp -o /dev/null -fopt-info-vec-all=/capstor/scratch/cscs/lhulsbergen/llr40_dace/vec/reports/wf_triangular.none_new.g++-14.unsafe.all
wf_triangular,none,new,g++-14,harness,True,0,,3,canon_cpu.cpp:10 canon_cpu.cpp:20 canon_cpu.cpp:22,,g++-14 -march=native -fopenmp -fno-math-errno -fno-trapping-math -fno-signed-zeros -ffp-contract=fast -fstrict-aliasing -include /capstor/scratch/cscs/lhulsbergen/HPCAgent-Bench-dace/hpcagent_bench/envs/vecmath.h -Wall -Wextra -O3 -fPIC -fopenmp -std=c++20 -I/capstor/scratch/cscs/lhulsbergen/venv_dace5cf/lib/python3.12/site-packages/dace/runtime/include -c /capstor/scratch/cscs/lhulsbergen/llr40_dace/emit/wf_triangular/none_new/src/cpu/canon_cpu.cpp -o /dev/null -fopt-info-vec-all=/capstor/scratch/cscs/lhulsbergen/llr40_dace/vec/reports/wf_triangular.none_new.g++-14.harness.all
wf_triangular,none,old,g++-13,bonsall,True,0,,2,canon_cpu.cpp:21 canon_cpu.cpp:23,,g++-13 -O3 -std=c++20 -fPIC -fno-math-errno -ffinite-math-only -fno-signaling-nans -fstrict-aliasing -faligned-new -fvect-cost-model=unlimited -fopenmp -I/capstor/scratch/cscs/lhulsbergen/venv_dace5cf/lib/python3.12/site-packages/dace/runtime/include -c /capstor/scratch/cscs/lhulsbergen/llr40_dace/emit/wf_triangular/none_old/src/cpu/canon_cpu.cpp -o /dev/null -fopt-info-vec-all=/capstor/scratch/cscs/lhulsbergen/llr40_dace/vec/reports/wf_triangular.none_old.g++-13.bonsall.all
wf_triangular,none,old,g++-13,unsafe,True,0,,2,canon_cpu.cpp:21 canon_cpu.cpp:23,,g++-13 -O3 -std=c++20 -fPIC -fno-math-errno -ffinite-math-only -fno-signaling-nans -fstrict-aliasing -faligned-new -fvect-cost-model=unlimited -fopenmp -funsafe-math-optimizations -I/capstor/scratch/cscs/lhulsbergen/venv_dace5cf/lib/python3.12/site-packages/dace/runtime/include -c /capstor/scratch/cscs/lhulsbergen/llr40_dace/emit/wf_triangular/none_old/src/cpu/canon_cpu.cpp -o /dev/null -fopt-info-vec-all=/capstor/scratch/cscs/lhulsbergen/llr40_dace/vec/reports/wf_triangular.none_old.g++-13.unsafe.all
wf_triangular,none,old,g++-13,harness,True,0,,2,canon_cpu.cpp:21 canon_cpu.cpp:23,,g++-13 -march=native -fopenmp -fno-math-errno -fno-trapping-math -fno-signed-zeros -ffp-contract=fast -fstrict-aliasing -include /capstor/scratch/cscs/lhulsbergen/HPCAgent-Bench-dace/hpcagent_bench/envs/vecmath.h -Wall -Wextra -O3 -fPIC -fopenmp -std=c++20 -I/capstor/scratch/cscs/lhulsbergen/venv_dace5cf/lib/python3.12/site-packages/dace/runtime/include -c /capstor/scratch/cscs/lhulsbergen/llr40_dace/emit/wf_triangular/none_old/src/cpu/canon_cpu.cpp -o /dev/null -fopt-info-vec-all=/capstor/scratch/cscs/lhulsbergen/llr40_dace/vec/reports/wf_triangular.none_old.g++-13.harness.all
wf_triangular,none,old,g++-14,bonsall,True,0,,2,canon_cpu.cpp:21 canon_cpu.cpp:23,,g++-14 -O3 -std=c++20 -fPIC -fno-math-errno -ffinite-math-only -fno-signaling-nans -fstrict-aliasing -faligned-new -fvect-cost-model=unlimited -fopenmp -I/capstor/scratch/cscs/lhulsbergen/venv_dace5cf/lib/python3.12/site-packages/dace/runtime/include -c /capstor/scratch/cscs/lhulsbergen/llr40_dace/emit/wf_triangular/none_old/src/cpu/canon_cpu.cpp -o /dev/null -fopt-info-vec-all=/capstor/scratch/cscs/lhulsbergen/llr40_dace/vec/reports/wf_triangular.none_old.g++-14.bonsall.all
wf_triangular,none,old,g++-14,unsafe,True,0,,2,canon_cpu.cpp:21 canon_cpu.cpp:23,,g++-14 -O3 -std=c++20 -fPIC -fno-math-errno -ffinite-math-only -fno-signaling-nans -fstrict-aliasing -faligned-new -fvect-cost-model=unlimited -fopenmp -funsafe-math-optimizations -I/capstor/scratch/cscs/lhulsbergen/venv_dace5cf/lib/python3.12/site-packages/dace/runtime/include -c /capstor/scratch/cscs/lhulsbergen/llr40_dace/emit/wf_triangular/none_old/src/cpu/canon_cpu.cpp -o /dev/null -fopt-info-vec-all=/capstor/scratch/cscs/lhulsbergen/llr40_dace/vec/reports/wf_triangular.none_old.g++-14.unsafe.all
wf_triangular,none,old,g++-14,harness,True,0,,2,canon_cpu.cpp:21 canon_cpu.cpp:23,,g++-14 -march=native -fopenmp -fno-math-errno -fno-trapping-math -fno-signed-zeros -ffp-contract=fast -fstrict-aliasing -include /capstor/scratch/cscs/lhulsbergen/HPCAgent-Bench-dace/hpcagent_bench/envs/vecmath.h -Wall -Wextra -O3 -fPIC -fopenmp -std=c++20 -I/capstor/scratch/cscs/lhulsbergen/venv_dace5cf/lib/python3.12/site-packages/dace/runtime/include -c /capstor/scratch/cscs/lhulsbergen/llr40_dace/emit/wf_triangular/none_old/src/cpu/canon_cpu.cpp -o /dev/null -fopt-info-vec-all=/capstor/scratch/cscs/lhulsbergen/llr40_dace/vec/reports/wf_triangular.none_old.g++-14.harness.all
